# OBJ File
v -0.04974505677819252 -0.015518044121563435 0.03835289925336838
v -0.04976372793316841 -0.015287595801055431 -0.004167878534644842
v 0.049168381839990616 -0.015215705148875713 -0.004169520456343889
v 0.049203477799892426 -0.015125242993235588 0.038393534719944
v -0.04982578754425049 0.015157842077314854 0.03847522288560867
v 0.04895412176847458 0.0159921795129776 0.038325581699609756
v 0.048421405255794525 0.01541588269174099 -0.003865146078169346
v -0.04979193955659866 0.016265761107206345 -0.0037634395994246006
v -0.04968584328889847 -0.009599410928785801 -0.04167411848902702
v -0.04970297962427139 0.010442573577165604 -0.04140627384185791
v 0.048879582434892654 0.01022703293710947 -0.041471242904663086
v 0.04892384260892868 -0.00933858286589384 -0.04197202995419502
v 0.049064602702856064 -0.00942661426961422 0.04152225703001022
v 0.048922281712293625 0.010585940442979336 0.04168066382408142
v -0.04967759549617767 0.00955546461045742 0.042260780930519104
v -0.04955572262406349 -0.010103747248649597 0.042522624135017395
v -0.0573190376162529 0.006176939234137535 0.04485173523426056
v -0.05722552910447121 -0.00677079102024436 0.04511398449540138
v -0.05735958740115166 0.011133079417049885 -0.0037285499274730682
v -0.05735958740115166 0.011133079417049885 -0.0037285499274730682
v -0.057562295347452164 0.010275984182953835 0.041663359850645065
v -0.057562295347452164 0.010275984182953835 0.041663359850645065
v -0.05711652338504791 -0.006107631139457226 -0.04470161348581314
v -0.057071276009082794 0.007027987390756607 -0.04468051716685295
v 0.05666322633624077 -0.009993337094783783 -0.004130380228161812
v 0.05666322633624077 -0.009993337094783783 -0.004130380228161812
v 0.05669886991381645 -0.009932564571499825 0.041634708642959595
v 0.05669886991381645 -0.009932564571499825 0.041634708642959595
v 0.05637423321604729 0.00705688027665019 -0.04473773017525673
v 0.05645303428173065 -0.005972722545266151 -0.04496502876281738
v 0.0490364134311676 0.016210060566663742 -0.03839953988790512
v 0.048584114760160446 0.01564299315214157 -0.011301793158054352
v 0.05638619512319565 0.010906335897743702 -0.011305354535579681
v 0.05638619512319565 0.010906335897743702 -0.011305354535579681
v 0.05660511180758476 0.011124400421977043 -0.041629694402217865
v 0.05660511180758476 0.011124400421977043 -0.041629694402217865
v 0.056403640657663345 -0.00594101008027792 0.044831790030002594
v 0.05630607157945633 0.007185529451817274 0.04488923400640488
v -0.049783527851104736 -0.014341829344630241 -0.040678709745407104
v -0.049783527851104736 -0.014341829344630241 -0.040678709745407104
v -0.049795713275671005 -0.014722735621035099 -0.03853100165724754
v -0.05736425518989563 -0.010001488029956818 -0.041692305356264114
v -0.05736425518989563 -0.010001488029956818 -0.041692305356264114
v -0.05729508399963379 -0.009468472562730312 -0.04392986372113228
v -0.05729508399963379 -0.009468472562730312 -0.04392986372113228
v 0.04918195307254791 -0.014333668164908886 0.04067433997988701
v 0.04918195307254791 -0.014333668164908886 0.04067433997988701
v -0.049725208431482315 -0.014632603153586388 0.04056091979146004
v -0.049725208431482315 -0.014632603153586388 0.04056091979146004
v -0.04983433708548546 0.014273323118686676 0.040701236575841904
v -0.04983433708548546 0.014273323118686676 0.040701236575841904
v 0.04896463081240654 0.015242802910506725 0.040604766458272934
v 0.04896463081240654 0.015242802910506725 0.040604766458272934
v -0.04983906447887421 0.01621461659669876 -0.038440532982349396
v 0.04903150722384453 0.014988351613283157 -0.039970435202121735
v -0.04981609433889389 0.01538979634642601 -0.040589652955532074
v -0.04981609433889389 0.01538979634642601 -0.040589652955532074
v 0.049128640443086624 -0.014089739881455898 -0.04049332067370415
v 0.049128640443086624 -0.014089739881455898 -0.04049332067370415
v -0.057403501123189926 -0.010056200437247753 0.04391653463244438
v -0.057403501123189926 -0.010056200437247753 0.04391653463244438
v -0.06455201655626297 -0.002336907899007201 0.04728178307414055
v -0.06497615575790405 -0.0029141250997781754 0.04502157121896744
v -0.06497615575790405 -0.0029141250997781754 0.04502157121896744
v -0.05749161168932915 -0.010691105388104916 0.04160919785499573
v -0.05749161168932915 -0.010691105388104916 0.04160919785499573
v -0.05748670548200607 0.009579864330589771 0.04393615201115608
v -0.05748670548200607 0.009579864330589771 0.04393615201115608
v -0.06473405659198761 0.0018915566615760326 0.04716991260647774
v -0.06473405659198761 0.0018915566615760326 0.04716991260647774
v -0.06445273011922836 0.0008637749124318361 0.04764300584793091
v -0.05727557837963104 0.010428359732031822 -0.043888263404369354
v -0.05727557837963104 0.010428359732031822 -0.043888263404369354
v -0.06421010196208954 0.002540810266509652 -0.0473109595477581
v -0.06421010196208954 0.002540810266509652 -0.0473109595477581
v -0.06421010196208954 0.002540810266509652 -0.0473109595477581
v -0.06436698883771896 0.002821987960487604 -0.045023851096630096
v -0.06436698883771896 0.002821987960487604 -0.045023851096630096
v -0.05737233906984329 0.011057564988732338 -0.04166450351476669
v -0.05737233906984329 0.011057564988732338 -0.04166450351476669
v -0.0642508938908577 -0.0016029591206461191 -0.047335945069789886
v -0.0642508938908577 -0.0016029591206461191 -0.047335945069789886
v -0.0642508938908577 -0.0016029591206461191 -0.047335945069789886
v -0.06398437917232513 -0.0006769526517018676 -0.04789292812347412
v 0.0566563718020916 -0.009309152141213417 -0.04390335455536842
v 0.0566563718020916 -0.009309152141213417 -0.04390335455536842
v 0.06364675611257553 -0.0014730002731084824 -0.04732942581176758
v 0.06364675611257553 -0.0014730002731084824 -0.04732942581176758
v 0.06371165812015533 -0.0017024690750986338 -0.04502948001027107
v 0.06371165812015533 -0.0017024690750986338 -0.04502948001027107
v 0.05670977011322975 -0.009918972849845886 -0.04167276248335838
v 0.05670977011322975 -0.009918972849845886 -0.04167276248335838
v 0.056624092161655426 -0.00930844061076641 0.04394197836518288
v 0.056624092161655426 -0.00930844061076641 0.04394197836518288
v 0.0564882829785347 0.010438981465995312 -0.0438273586332798
v 0.0564882829785347 0.010438981465995312 -0.0438273586332798
v 0.06363335996866226 0.002763730240985751 -0.04730220511555672
v 0.06363335996866226 0.002763730240985751 -0.04730220511555672
v 0.0634123757481575 0.0017977484967559576 -0.04786074906587601
v 0.05648060142993927 0.010474901646375656 0.04385405406355858
v 0.05648060142993927 0.010474901646375656 0.04385405406355858
v 0.06350573897361755 0.002721956232562661 0.04733867943286896
v 0.0636177808046341 0.0029608961194753647 0.04498995840549469
v 0.0636177808046341 0.0029608961194753647 0.04498995840549469
v 0.056436970829963684 0.01093935314565897 0.041526537388563156
v 0.056436970829963684 0.01093935314565897 0.041526537388563156
v 0.06347177922725677 -0.0013408355880528688 0.047348570078611374
v 0.06347177922725677 -0.0013408355880528688 0.047348570078611374
v 0.06326016038656235 -0.0005051816115155816 0.04809463396668434
v -0.06880351901054382 0.0007724802126176655 0.0511188767850399
v -0.06880351901054382 0.0007724802126176655 0.0511188767850399
v -0.06868373602628708 0.0002597755519673228 0.05192289873957634
v -0.06868373602628708 0.0002597755519673228 0.05192289873957634
v -0.06882849335670471 -0.00020570072229020298 -0.05117775872349739
v -0.06865447014570236 0.0002674915303941816 -0.05198787897825241
v -0.06865447014570236 0.0002674915303941816 -0.05198787897825241
v 0.06808050721883774 -0.00013426775694824755 -0.051392581313848495
v 0.06817122548818588 -0.0003945930802728981 -0.04887719079852104
v 0.06810404360294342 0.001358802430331707 -0.05139574036002159
v 0.06794992834329605 0.0008651632815599442 -0.0521901436150074
v 0.06794992834329605 0.0008651632815599442 -0.0521901436150074
v 0.06794992834329605 0.0008651632815599442 -0.0521901436150074
v 0.06807030737400055 0.0014060763642191887 0.05141635611653328
v 0.06813900917768478 0.0015370720066130161 0.04885755479335785
v 0.06805719435214996 -0.00012996658915653825 0.05141559988260269
v 0.06792107969522476 0.0003968233650084585 0.052196137607097626
v 0.06792107969522476 0.0003968233650084585 0.052196137607097626
v 0.06792107969522476 0.0003968233650084585 0.052196137607097626
v -0.06433358788490295 -0.0018055434338748455 -0.004082345869392157
v -0.06433358788490295 -0.0018055434338748455 -0.004082345869392157
v -0.05720285698771477 -0.00996794831007719 -0.004136804491281509
v -0.05720285698771477 -0.00996794831007719 -0.004136804491281509
v -0.06442084163427353 -0.0014732717536389828 0.04778147488832474
v -0.06436261534690857 0.0028671377804130316 -0.011444805189967155
v -0.06436261534690857 0.0028671377804130316 -0.011444805189967155
v -0.0573684498667717 0.011143754236400127 -0.01134229265153408
v -0.0573684498667717 0.011143754236400127 -0.01134229265153408
v -0.06394320726394653 0.001658598193898797 -0.047967784106731415
v 0.06387265026569366 -0.0020791110582649708 -0.011005457490682602
v 0.056937724351882935 -0.010415192693471909 -0.010925889015197754
v 0.056937724351882935 -0.010415192693471909 -0.010925889015197754
v 0.0634646862745285 -0.0005403244867920876 -0.04785652831196785
v 0.06380760669708252 0.003053845837712288 -0.0036691944114863873
v 0.06380760669708252 0.003053845837712288 -0.0036691944114863873
v 0.05630955100059509 0.010832895524799824 -0.003739769570529461
v 0.0632801204919815 0.0018198848702013493 0.048010170459747314
v -0.06437317281961441 -0.0018459560815244913 -0.045040398836135864
v -0.06437317281961441 -0.0018459560815244913 -0.045040398836135864
v -0.06490309536457062 0.002293678466230631 0.04493275657296181
v 0.04916471242904663 -0.015044663101434708 -0.03845645859837532
v 0.06357819586992264 -0.0016097920015454292 0.044997815042734146
v 0.06357819586992264 -0.0016097920015454292 0.044997815042734146
v 0.06379477679729462 0.003083441872149706 -0.045026954263448715
v 0.06379477679729462 0.003083441872149706 -0.045026954263448715
v -0.049789562821388245 0.01626291498541832 -0.011241279542446136
v -0.0643640011548996 0.0028655119240283966 -0.00368700223043561
v -0.0643640011548996 0.0028655119240283966 -0.00368700223043561
v 0.06368924677371979 -0.0017612639348953962 -0.0040757558308541775
v 0.06368924677371979 -0.0017612639348953962 -0.0040757558308541775
v 0.06377411633729935 0.0030185093637555838 -0.011429494246840477
v 0.06377411633729935 0.0030185093637555838 -0.011429494246840477
v 0.049191027879714966 -0.015299598686397076 -0.010795943439006805
v -0.06450800597667694 -0.002262877067551017 -0.011005131527781487
v -0.06450800597667694 -0.002262877067551017 -0.011005131527781487
v -0.05748444050550461 -0.010425128974020481 -0.010931016877293587
v -0.05748444050550461 -0.010425128974020481 -0.010931016877293587
v -0.049835335463285446 -0.015463939867913723 -0.010811366140842438
v 0.049126140773296356 -0.015298816375434399 -0.0090987179428339
v 0.049126140773296356 -0.015298816375434399 -0.0090987179428339
v -0.04976752772927284 -0.015464591793715954 -0.009109282866120338
v -0.04976752772927284 -0.015464591793715954 -0.009109282866120338
v 0.05664831027388573 -0.010118713602423668 -0.009106097742915154
v 0.05664831027388573 -0.010118713602423668 -0.009106097742915154
v 0.05664831027388573 -0.010118713602423668 -0.009106097742915154
v 0.05664831027388573 -0.010118713602423668 -0.009106097742915154
v -0.06433163583278656 -0.0019539371132850647 -0.009107755497097969
v -0.06433163583278656 -0.0019539371132850647 -0.009107755497097969
v -0.06433163583278656 -0.0019539371132850647 -0.009107755497097969
v -0.06433163583278656 -0.0019539371132850647 -0.009107755497097969
v -0.068975068628788 -0.000425645470386371 -0.0040337564423680305
v -0.0689534917473793 -0.00041475865873508155 -0.00903879851102829
v -0.0689534917473793 -0.00041475865873508155 -0.00903879851102829
v -0.05720760300755501 -0.010123559273779392 -0.009110579267144203
v -0.05720760300755501 -0.010123559273779392 -0.009110579267144203
v -0.05720760300755501 -0.010123559273779392 -0.009110579267144203
v -0.05720760300755501 -0.010123559273779392 -0.009110579267144203
v 0.06376563757658005 -0.0019191228784620762 -0.009104818105697632
v 0.06376563757658005 -0.0019191228784620762 -0.009104818105697632
v 0.06376563757658005 -0.0019191228784620762 -0.009104818105697632
v -0.049857739359140396 -0.016298744827508926 -0.005744741763919592
v -0.049857739359140396 -0.016298744827508926 -0.005744741763919592
v 0.04918545112013817 -0.016097497195005417 -0.005728680174797773
v 0.04918545112013817 -0.016097497195005417 -0.005728680174797773
v 0.05690668895840645 -0.011063876561820507 -0.005780557170510292
v 0.05690668895840645 -0.011063876561820507 -0.005780557170510292
v 0.05690668895840645 -0.011063876561820507 -0.005780557170510292
v 0.05690668895840645 -0.011063876561820507 -0.005780557170510292
v -0.06450973451137543 -0.002936167176812887 -0.005772916600108147
v -0.06450973451137543 -0.002936167176812887 -0.005772916600108147
v -0.06450973451137543 -0.002936167176812887 -0.005772916600108147
v -0.06450973451137543 -0.002936167176812887 -0.005772916600108147
v -0.05745299905538559 -0.011112394742667675 -0.005784470587968826
v -0.05745299905538559 -0.011112394742667675 -0.005784470587968826
v -0.05745299905538559 -0.011112394742667675 -0.005784470587968826
v -0.05745299905538559 -0.011112394742667675 -0.005784470587968826
v 0.06408938020467758 -0.002699699252843857 -0.005806317552924156
v 0.06408938020467758 -0.002699699252843857 -0.005806317552924156
v -0.0691017210483551 -0.0009978024754673243 -0.00570626650005579
v -0.0691017210483551 -0.0009978024754673243 -0.00570626650005579
v -0.06907117366790771 -0.0007077169138938189 -0.011104971170425415
v -0.06914003938436508 -0.0005883784033358097 0.048653725534677505
v -0.06877349317073822 -0.00022913035354577005 0.052072685211896896
v -0.06877349317073822 -0.00022913035354577005 0.052072685211896896
v -0.06898324936628342 0.0015079963486641645 -0.011562930420041084
v -0.06893946975469589 0.0014729925896972418 -0.04866013675928116
v -0.06864690035581589 0.0007772167446091771 -0.051986489444971085
v -0.06864690035581589 0.0007772167446091771 -0.051986489444971085
v -0.06907183676958084 -0.0005054178182035685 0.05121079832315445
v -0.06907183676958084 -0.0005054178182035685 0.05121079832315445
v -0.06892988085746765 -0.00043023176840506494 -0.04867088794708252
v -0.06882697343826294 0.0012328727170825005 -0.05116681382060051
v -0.06888718158006668 0.001280584605410695 0.048614583909511566
v -0.06898050010204315 0.0015085760969668627 -0.0036440957337617874
v 0.06822873651981354 -0.0006235075416043401 -0.01110033318400383
v 0.0679393783211708 0.0003703049442265183 -0.05218463018536568
v 0.0679393783211708 0.0003703049442265183 -0.05218463018536568
v 0.0679393783211708 0.0003703049442265183 -0.05218463018536568
v 0.06815849989652634 0.001470385817810893 -0.003635130822658539
v 0.06792677193880081 0.0008919892134144902 0.052200548350811005
v 0.06792677193880081 0.0008919892134144902 0.052200548350811005
v 0.06792677193880081 0.0008919892134144902 0.052200548350811005
v 0.06813479959964752 -0.0004003648355137557 0.048864152282476425
v 0.06817591190338135 0.0015247827395796776 -0.04887314885854721
v 0.06818647682666779 -0.00042439039680175483 -0.0040267216973006725
v 0.06816654652357101 0.0014608381316065788 -0.011551601812243462
v 0.06818060576915741 -0.0003960146277677268 -0.00903061032295227
v 0.06818060576915741 -0.0003960146277677268 -0.00903061032295227
v 0.06827467679977417 -0.0009971412364393473 -0.005687002092599869
v 0.06827467679977417 -0.0009971412364393473 -0.005687002092599869
v 0.07605459541082382 0.00042854849016293883 -0.048911791294813156
v 0.07610203325748444 0.0002872619079425931 -0.011114314198493958
v 0.07586783915758133 0.00036541311419568956 -0.05214253440499306
v 0.07586722820997238 0.0003536540025379509 -0.052143655717372894
v 0.07604073733091354 0.00040397755219601095 0.04890381917357445
v 0.0760902687907219 0.0004210984334349632 -0.0036361985839903355
v 0.07584818452596664 0.0004189653554931283 0.05217386782169342
v 0.07584798336029053 0.0004270983627066016 0.052175261080265045
v 0.07598943263292313 0.000399524811655283 -0.05139768496155739
v 0.07604745775461197 0.0004341180028859526 0.04890112578868866
v 0.07597731798887253 0.000439847179222852 0.05142706632614136
v 0.07599226385354996 0.0003779762773774564 -0.05139532312750816
v 0.07597243785858154 0.0003809691115748137 0.05142921581864357
v 0.07606114447116852 0.000411996734328568 -0.048909422010183334
v 0.07607006281614304 0.00029599887784570456 -0.004038673825562
v 0.07609032839536667 0.0004210850747767836 -0.011559618636965752
v 0.07609032839536667 0.0004210850747767836 -0.011559618636965752
v 0.07607840746641159 0.00037677455111406744 -0.009108316153287888
v 0.07607840746641159 0.00037677455111406744 -0.009108316153287888
v 0.07607840746641159 0.00037677455111406744 -0.009108316153287888
v 0.07614993304014206 -0.00017128800391219556 -0.005788933020085096
v 0.07614993304014206 -0.00017128800391219556 -0.005788933020085096
v 0.07614993304014206 -0.00017128800391219556 -0.005788933020085096
v -0.07600749284029007 0.0004811636754311621 0.048671599477529526
v -0.07605932652950287 0.0005428957520052791 -0.004046560265123844
v -0.07575161755084991 0.0006629909621551633 0.05192505940794945
v -0.07575393468141556 0.000630534312222153 0.05192091315984726
v -0.07599794864654541 0.0006345088477246463 -0.04871916025876999
v -0.07607537508010864 0.0005602005403488874 -0.011590603739023209
v -0.07607537508010864 0.0005602005403488874 -0.011590603739023209
v -0.07575089484453201 0.0005272682756185532 -0.05193372443318367
v -0.07575023919343948 0.0005678579909726977 -0.05192693695425987
v -0.07592839747667313 0.0005377954221330583 0.05118829756975174
v -0.07600394636392593 0.0005503215943463147 -0.048720624297857285
v -0.07591833919286728 0.0005472953198477626 -0.05119352042675018
v -0.07591173052787781 0.0006334340432658792 0.05118527635931969
v -0.0759185180068016 0.0006542644696310163 -0.051191914826631546
v -0.07599349319934845 0.0005605240003205836 0.04867255315184593
v -0.07605496793985367 0.000562545785214752 -0.0036503244191408157
v -0.07613132148981094 0.0001988461153814569 -0.011153863742947578
v -0.07604631036520004 0.00047630781773477793 -0.009143959730863571
v -0.07604631036520004 0.00047630781773477793 -0.009143959730863571
v -0.0761389285326004 -0.0003890782536473125 -0.005827618297189474
v -0.0761389285326004 -0.0003890782536473125 -0.005827618297189474
v -0.0761389285326004 -0.0003890782536473125 -0.005827618297189474
v 0.07013420760631561 -0.00019840311142615974 -0.04891389608383179
v 0.07214190810918808 0.00008729915134608746 -0.048907194286584854
v 0.07407864183187485 0.00025250104954466224 -0.048909422010183334
v 0.0741460993885994 -0.00003927075886167586 -0.01111995056271553
v 0.07221578806638718 -0.00025053785066120327 -0.011117637157440186
v 0.07020478695631027 -0.00045670391409657896 -0.011103732511401176
v 0.06995153427124023 0.000749788770917803 -0.05223153531551361
v 0.06995153427124023 0.000749788770917803 -0.05223153531551361
v 0.07196080684661865 0.0005812128074467182 -0.05214507505297661
v 0.07196080684661865 0.0005812128074467182 -0.05214507505297661
v 0.07389360666275024 0.00046393374213948846 -0.05214283615350723
v 0.07389197498559952 0.00036831857869401574 -0.05214621126651764
v 0.07195709645748138 0.0003860379511024803 -0.052145812660455704
v 0.07195709645748138 0.0003860379511024803 -0.052145812660455704
v 0.06994307786226273 0.00035198606201447546 -0.05223149061203003
v 0.06994307786226273 0.00035198606201447546 -0.05223149061203003
v 0.07013184577226639 0.0012878732522949576 0.04889986291527748
v 0.07214070856571198 0.0009567019296810031 0.048898473381996155
v 0.07407137751579285 0.0006853153463453054 0.048901211470365524
v 0.07411356270313263 0.0006619803607463837 -0.0036363997496664524
v 0.07411356270313263 0.0006619803607463837 -0.0036363997496664524
v 0.07411356270313263 0.0006619803607463837 -0.0036363997496664524
v 0.07411356270313263 0.0006619803607463837 -0.0036363997496664524
v 0.07411356270313263 0.0006619803607463837 -0.0036363997496664524
v 0.07411356270313263 0.0006619803607463837 -0.0036363997496664524
v 0.07217532396316528 0.0008981900755316019 -0.003636455163359642
v 0.07217532396316528 0.0008981900755316019 -0.003636455163359642
v 0.07016638666391373 0.0012473886599764228 -0.003635556437075138
v 0.06992191821336746 0.0003879503929056227 0.05223593860864639
v 0.06992191821336746 0.0003879503929056227 0.05223593860864639
v 0.07193709909915924 0.0004262904403731227 0.05216560140252113
v 0.07193709909915924 0.0004262904403731227 0.05216560140252113
v 0.07387253642082214 0.0004253353108651936 0.052173785865306854
v 0.0738731250166893 0.000513628008775413 0.05217568948864937
v 0.07193949073553085 0.0006280674133449793 0.05216461792588234
v 0.07193949073553085 0.0006280674133449793 0.05216461792588234
v 0.0699293464422226 0.000790685648098588 0.05223878100514412
v 0.0699293464422226 0.000790685648098588 0.05223878100514412
v 0.07006882131099701 -0.000023349450202658772 -0.05142878741025925
v 0.07207802683115005 0.00018951058154925704 -0.05139311030507088
v 0.07401370257139206 0.0002926748711615801 -0.05139554664492607
v 0.07012718170881271 -0.00022359329159371555 0.048901304602622986
v 0.0721345767378807 0.00009576842421665788 0.048892054706811905
v 0.07406829297542572 0.00029608336626552045 0.04889494180679321
v 0.07399837672710419 0.0003738668456207961 0.05142011493444443
v 0.07206462323665619 0.0002221378672402352 0.05141700431704521
v 0.07005511969327927 -0.000023760192561894655 0.05145318806171417
v 0.07009123265743256 0.0011285830987617373 -0.051430169492959976
v 0.07208795845508575 0.000788422767072916 -0.05139213055372238
v 0.07401854544878006 0.0005701978807337582 -0.051392726600170135
v 0.07007163017988205 0.0012030848301947117 0.051456350833177567
v 0.0720747634768486 0.0008654197445139289 0.05142328515648842
v 0.07400257885456085 0.0006150027038529515 0.0514255091547966
v 0.07015437632799149 0.0012671626172959805 -0.048912182450294495
v 0.07215278595685959 0.0008947410387918353 -0.048906110227108
v 0.07408655434846878 0.0006513963453471661 -0.048907529562711716
v 0.07016138732433319 -0.00021535981795750558 -0.004027374554425478
v 0.07216446846723557 0.00011704042844939977 -0.00404068548232317
v 0.07409738004207611 0.0003404376038815826 -0.00403971690684557
v 0.0741128996014595 0.0006621169159188867 -0.011559512466192245
v 0.0741128996014595 0.0006621169159188867 -0.011559512466192245
v 0.0741128996014595 0.0006621169159188867 -0.011559512466192245
v 0.0741128996014595 0.0006621169159188867 -0.011559512466192245
v 0.07217428088188171 0.0008993468945845962 -0.011558987200260162
v 0.07217428088188171 0.0008993468945845962 -0.011558987200260162
v 0.0701666921377182 0.001246121944859624 -0.01155785657465458
v 0.07016634196043015 -0.00018995112623088062 -0.009030025452375412
v 0.07016634196043015 -0.00018995112623088062 -0.009030025452375412
v 0.07217439264059067 0.00006350042531266809 -0.00912141241133213
v 0.07217439264059067 0.00006350042531266809 -0.00912141241133213
v 0.07410742342472076 0.0002831431047525257 -0.009116815403103828
v 0.07410742342472076 0.0002831431047525257 -0.009116815403103828
v 0.07026398181915283 -0.000822448986582458 -0.00569529365748167
v 0.07026398181915283 -0.000822448986582458 -0.00569529365748167
v 0.07225676625967026 -0.0006607203977182508 -0.005799047648906708
v 0.07225676625967026 -0.0006607203977182508 -0.005799047648906708
v 0.07418886572122574 -0.00045781242079101503 -0.005800218787044287
v 0.07418886572122574 -0.00045781242079101503 -0.005800218787044287
v -0.07074204832315445 -0.0003311207692604512 0.04867716506123543
v -0.07251334935426712 0.00006917913560755551 0.04866722226142883
v -0.074239581823349 0.0002805301919579506 0.04866914823651314
v -0.07428339123725891 0.0003711273311637342 -0.0040466561913490295
v -0.07254870980978012 0.00017468814621679485 -0.004046468064188957
v -0.07075807452201843 -0.00018873377121053636 -0.004034353885799646
v -0.07044259458780289 0.0005408045253716409 0.05201566591858864
v -0.07044259458780289 0.0005408045253716409 0.05201566591858864
v -0.0722511038184166 0.0005518975667655468 0.05191027745604515
v -0.0722511038184166 0.0005518975667655468 0.05191027745604515
v -0.07398084551095963 0.000617432757280767 0.051919806748628616
v -0.07398084551095963 0.000617432757280767 0.051919806748628616
v -0.07398875802755356 0.000494582811370492 0.0519196018576622
v -0.07398875802755356 0.000494582811370492 0.0519196018576622
v -0.07226704806089401 0.00033264016383327544 0.05194222927093506
v -0.07226704806089401 0.00033264016383327544 0.05194222927093506
v -0.07046116888523102 0.00016284490993712097 0.05202703922986984
v -0.07046116888523102 0.00016284490993712097 0.05202703922986984
v -0.07046116888523102 0.00016284490993712097 0.05202703922986984
v -0.07046116888523102 0.00016284490993712097 0.05202703922986984
v -0.07068523019552231 0.0012876009568572044 -0.04870229214429855
v -0.07249725610017776 0.0010442181956022978 -0.04870583117008209
v -0.07422944903373718 0.000856450293213129 -0.04871302470564842
v -0.07430297136306763 0.0007694491650909185 -0.011591760441660881
v -0.07430297136306763 0.0007694491650909185 -0.011591760441660881
v -0.07430297136306763 0.0007694491650909185 -0.011591760441660881
v -0.07430297136306763 0.0007694491650909185 -0.011591760441660881
v -0.07256919145584106 0.0009743679547682405 -0.011587727814912796
v -0.07256919145584106 0.0009743679547682405 -0.011587727814912796
v -0.07256919145584106 0.0009743679547682405 -0.011587727814912796
v -0.07256919145584106 0.0009743679547682405 -0.011587727814912796
v -0.07076603919267654 0.0012986294459551573 -0.011575998738408089
v -0.07044549286365509 0.0003251128946430981 -0.05200212076306343
v -0.07044549286365509 0.0003251128946430981 -0.05200212076306343
v -0.07225116342306137 0.0004309185897000134 -0.05190601572394371
v -0.07225116342306137 0.0004309185897000134 -0.05190601572394371
v -0.07398026436567307 0.0004899605410173535 -0.05191301554441452
v -0.07397942990064621 0.0006142440252006054 -0.051914166659116745
v -0.07397942990064621 0.0006142440252006054 -0.051914166659116745
v -0.07224942743778229 0.0006467311759479344 -0.05190615728497505
v -0.07224942743778229 0.0006467311759479344 -0.05190615728497505
v -0.07044698297977448 0.0007344745099544525 -0.052009016275405884
v -0.07044698297977448 0.0007344745099544525 -0.052009016275405884
v -0.07067426294088364 -0.00020873869652859867 0.05122819170355797
v -0.0724271684885025 0.0002249429380754009 0.05118103697896004
v -0.07415662705898285 0.0003917634312529117 0.051184505224227905
v -0.07070630043745041 -0.0002592535165604204 -0.04871639609336853
v -0.07250743359327316 0.00006955835851840675 -0.04871406406164169
v -0.07423652708530426 0.0003023564349859953 -0.04871746152639389
v -0.07415256649255753 0.000334120646584779 -0.051190540194511414
v -0.07242132723331451 0.00017710821703076363 -0.05118529498577118
v -0.07061537355184555 -0.00007026907405816019 -0.051216669380664825
v -0.07057812064886093 0.00090781319886446 0.051196761429309845
v -0.0724000334739685 0.00079611677210778 0.05117466673254967
v -0.07413691282272339 0.0007376160938292742 0.051179900765419006
v -0.07060013711452484 0.0011231841053813696 -0.05120797082781792
v -0.07241305708885193 0.0009262185776606202 -0.05117900297045708
v -0.07414650171995163 0.0008029351010918617 -0.05118666961789131
v -0.07069262117147446 0.0012085805647075176 0.04866599664092064
v -0.07248181104660034 0.0008608613861724734 0.0486581027507782
v -0.0742168128490448 0.0007015273440629244 0.048664726316928864
v -0.07075528800487518 0.0013012579875066876 -0.0036486336030066013
v -0.07255452126264572 0.0009759006788954139 -0.003652238752692938
v -0.07255452126264572 0.0009759006788954139 -0.003652238752692938
v -0.07428503781557083 0.000771505176089704 -0.00365260848775506
v -0.07083649188280106 -0.0004915699828416109 -0.011115936562418938
v -0.07262452691793442 -0.00020108473836444318 -0.011137615889310837
v -0.07435772567987442 -0.000008576345862820745 -0.01114756241440773
v -0.07427336275577545 0.00030690242419950664 -0.009135188534855843
v -0.07427336275577545 0.00030690242419950664 -0.009135188534855843
v -0.07254189997911453 0.00010519228817429394 -0.009131893515586853
v -0.07254189997911453 0.00010519228817429394 -0.009131893515586853
v -0.07076206058263779 -0.000175634486367926 -0.009040549397468567
v -0.07076206058263779 -0.000175634486367926 -0.009040549397468567
v -0.07436749339103699 -0.0005263504572212696 -0.005822121165692806
v -0.07436749339103699 -0.0005263504572212696 -0.005822121165692806
v -0.07263892143964767 -0.0006714350311085582 -0.00581523310393095
v -0.07263892143964767 -0.0006714350311085582 -0.00581523310393095
v -0.07087928056716919 -0.0008420193335041404 -0.005716019310057163
v -0.07087928056716919 -0.0008420193335041404 -0.005716019310057163
v -0.06672701984643936 0.0004606559523381293 0.04868161305785179
v -0.06773635745048523 0.0004809639067389071 0.049926869571208954
v -0.06773635745048523 0.0004809639067389071 0.049926869571208954
v -0.06754238158464432 -0.00002881803084164858 0.05070725455880165
v -0.06754238158464432 -0.00002881803084164858 0.05070725455880165
v -0.06754238158464432 -0.00002881803084164858 0.05070725455880165
v -0.06637990474700928 0.000029669783543795347 0.049352552741765976
v -0.06637990474700928 0.000029669783543795347 0.049352552741765976
v -0.06627550721168518 -0.0002542343863751739 -0.04878593608736992
v -0.06755322962999344 -0.00025011211982928216 -0.05002734437584877
v -0.0672677680850029 0.00020679744193330407 -0.05080427601933479
v -0.0672677680850029 0.00020679744193330407 -0.05080427601933479
v -0.0672677680850029 0.00020679744193330407 -0.05080427601933479
v -0.06598114967346191 0.00020225916523486376 -0.04947750270366669
v -0.06598114967346191 0.00020225916523486376 -0.04947750270366669
v 0.06564780324697495 -0.00016473556752316654 -0.04882624000310898
v 0.06683853268623352 -0.00017861774540506303 -0.05015220865607262
v 0.06698016077280045 -0.000522781047038734 -0.04772769659757614
v 0.06573481857776642 -0.0005061189876869321 -0.046488888561725616
v 0.06561513990163803 0.001454514916986227 -0.04884520545601845
v 0.0668424516916275 0.0014525156002491713 -0.05017268285155296
v 0.06662849336862564 0.0009483217727392912 -0.050920743495225906
v 0.06662849336862564 0.0009483217727392912 -0.050920743495225906
v 0.06539011001586914 0.000966194667853415 -0.04952140897512436
v 0.06539011001586914 0.000966194667853415 -0.04952140897512436
v 0.06554405391216278 0.0014840129297226667 0.048879336565732956
v 0.06679479777812958 0.0014951769262552261 0.05019538849592209
v 0.06689723581075668 0.0015873108059167862 0.04769982397556305
v 0.06563354283571243 0.0016162327956408262 0.04646454378962517
v 0.06554603576660156 -0.0001628397440072149 0.048876650631427765
v 0.06678950041532516 -0.00019975806935690343 0.05019726976752281
v 0.06661291420459747 0.00037371364305727184 0.05091419816017151
v 0.06661291420459747 0.00037371364305727184 0.05091419816017151
v 0.06537046283483505 0.00037550649722106755 0.04953071475028992
v -0.06639496982097626 -0.0004920725477859378 -0.004067352507263422
v -0.06769982725381851 -0.0005111206555739045 -0.004046124871820211
v -0.06766292452812195 -0.0005195736885070801 -0.009042885154485703
v -0.06766292452812195 -0.0005195736885070801 -0.009042885154485703
v -0.06639352440834045 -0.0006164063233882189 -0.009119797497987747
v -0.06639352440834045 -0.0006164063233882189 -0.009119797497987747
v -0.06785303354263306 -0.0012116848956793547 -0.005700182169675827
v -0.06785303354263306 -0.0012116848956793547 -0.005700182169675827
v -0.06654877960681915 -0.001479525351896882 -0.005784390959888697
v -0.06654877960681915 -0.001479525351896882 -0.005784390959888697
v -0.06784147769212723 -0.0008430638117715716 -0.011072689667344093
v -0.06654442846775055 -0.0009029069915413857 -0.011048885062336922
v -0.06692621856927872 -0.001494601834565401 0.046432387083768845
v -0.06812427937984467 -0.0009497235296294093 0.04758024960756302
v -0.06812427937984467 -0.0009497235296294093 0.04758024960756302
v -0.06744857132434845 -0.0005805469118058681 0.050858501344919205
v -0.06744857132434845 -0.0005805469118058681 0.050858501344919205
v -0.06744857132434845 -0.0005805469118058681 0.050858501344919205
v -0.06634916365146637 -0.000591703224927187 0.049365777522325516
v -0.06634916365146637 -0.000591703224927187 0.049365777522325516
v -0.06771617382764816 0.0015814327634871006 -0.011523991823196411
v -0.06640657037496567 0.001541793579235673 -0.011487575247883797
v -0.06641114503145218 0.0015017930418252945 -0.046423282474279404
v -0.06771186739206314 0.0015240253414958715 -0.04757804796099663
v -0.06729010492563248 0.0007874510483816266 -0.05077739432454109
v -0.06729010492563248 0.0007874510483816266 -0.05077739432454109
v -0.06729010492563248 0.0007874510483816266 -0.05077739432454109
v -0.06601255387067795 0.000783722847700119 -0.0494498573243618
v -0.06601255387067795 0.000783722847700119 -0.0494498573243618
v -0.06670378148555756 -0.00115809659473598 0.04878762364387512
v -0.06788580119609833 -0.0008579022251069546 0.05006229132413864
v -0.0664052814245224 -0.0004640357510652393 -0.046434011310338974
v -0.06769679486751556 -0.0004719651478808373 -0.0475878082215786
v -0.06629089266061783 0.001278858631849289 -0.04877404496073723
v -0.06757160276174545 0.001276310533285141 -0.0500154048204422
v -0.06652320176362991 0.0004950399743393064 0.04629657045006752
v -0.06762789189815521 0.0010918709449470043 0.04750466346740723
v -0.06762789189815521 0.0010918709449470043 0.04750466346740723
v -0.0664072036743164 0.0015401802957057953 -0.003669560421258211
v -0.06771524995565414 0.0015818218234926462 -0.0036550071090459824
v 0.06702390313148499 -0.0006872508674860001 -0.011068187654018402
v 0.06577123701572418 -0.0006475792033597827 -0.01104048453271389
v 0.0666438415646553 0.00036973116220906377 -0.050884000957012177
v 0.0666438415646553 0.00036973116220906377 -0.050884000957012177
v 0.06544175744056702 0.00038419029442593455 -0.04947546124458313
v 0.06544175744056702 0.00038419029442593455 -0.04947546124458313
v 0.06692248582839966 0.0015421633142977953 -0.003643085714429617
v 0.06573604792356491 0.0016739522106945515 -0.0036443788558244705
v 0.06660433858633041 0.0009590302361175418 0.05092819035053253
v 0.06660433858633041 0.0009590302361175418 0.05092819035053253
v 0.06535037606954575 0.0009793458739295602 0.04954752326011658
v 0.06564349681138992 -0.000404274178436026 0.04647074639797211
v 0.06689515709877014 -0.00046447684871964157 0.04771125316619873
v 0.06571921706199646 0.0016202416736632586 -0.046487417072057724
v 0.06696426123380661 0.001610118430107832 -0.04772188141942024
v 0.0657128095626831 -0.0004586100985761732 -0.00405940692871809
v 0.06696724146604538 -0.00048338211490772665 -0.00403697369620204
v 0.06695909798145294 0.0015764208510518074 -0.011509645730257034
v 0.06573375314474106 0.0017154875677078962 -0.011473726481199265
v 0.06569793820381165 -0.0004965952830389142 -0.009110841900110245
v 0.06569793820381165 -0.0004965952830389142 -0.009110841900110245
v 0.06695535778999329 -0.00045683709322474897 -0.009024351835250854
v 0.06695535778999329 -0.00045683709322474897 -0.009024351835250854
v 0.06583669781684875 -0.0010792098473757505 -0.005760408006608486
v 0.06583669781684875 -0.0010792098473757505 -0.005760408006608486
v 0.06706804037094116 -0.001065641874447465 -0.005680623464286327
v 0.06706804037094116 -0.001065641874447465 -0.005680623464286327
v -0.06855473667383194 0.00006668252171948552 0.05153380706906319
v -0.06793668866157532 -0.000136111571919173 0.05086668208241463
v -0.06793668866157532 -0.000136111571919173 0.05086668208241463
v -0.06833165884017944 0.00028751156060025096 -0.05166700482368469
v -0.06833165884017944 0.00028751156060025096 -0.05166700482368469
v -0.06833165884017944 0.00028751156060025096 -0.05166700482368469
v -0.06763111799955368 0.00025873660342767835 -0.05104411020874977
v -0.06763111799955368 0.00025873660342767835 -0.05104411020874977
v 0.06783406436443329 -0.00028837667196057737 -0.048565831035375595
v 0.06731798499822617 -0.0003824903105851263 -0.048055775463581085
v 0.0676543265581131 0.0008550946367904544 -0.05183517560362816
v 0.0676543265581131 0.0008550946367904544 -0.05183517560362816
v 0.06699725240468979 0.0008952899370342493 -0.051165614277124405
v 0.06777779012918472 0.001515587791800499 0.04855113849043846
v 0.06725244969129562 0.0015243343077600002 0.048036202788352966
v 0.06763949245214462 0.000430991844041273 0.05183182284235954
v 0.06763949245214462 0.000430991844041273 0.05183182284235954
v 0.06698215007781982 0.00041905182297341526 0.051160190254449844
v 0.06698215007781982 0.00041905182297341526 0.051160190254449844
v -0.06860195845365524 -0.000431794993346557 -0.00911656767129898
v -0.06860195845365524 -0.000431794993346557 -0.00911656767129898
v -0.06804884970188141 -0.0004709225322585553 -0.009115606546401978
v -0.06804884970188141 -0.0004709225322585553 -0.009115606546401978
v -0.06871425360441208 -0.001037841197103262 -0.005774698220193386
v -0.06871425360441208 -0.001037841197103262 -0.005774698220193386
v -0.06817124783992767 -0.0011243359185755253 -0.005770658142864704
v -0.06817124783992767 -0.0011243359185755253 -0.005770658142864704
v -0.06870556622743607 -0.000653232797048986 -0.01110176183283329
v -0.06817372888326645 -0.0007101796800270677 -0.011085959151387215
v -0.06844472140073776 -0.0003348926256876439 0.051776476204395294
v -0.06844472140073776 -0.0003348926256876439 0.051776476204395294
v -0.06777912378311157 -0.000546817434951663 0.05114911124110222
v -0.06777912378311157 -0.000546817434951663 0.05114911124110222
v -0.06777912378311157 -0.000546817434951663 0.05114911124110222
v -0.06861769407987595 0.001437437254935503 -0.01155155897140503
v -0.06806885451078415 0.0014683040790259838 -0.011534364894032478
v -0.06832104921340942 0.0007479969062842429 -0.051669009029865265
v -0.06832104921340942 0.0007479969062842429 -0.051669009029865265
v -0.06832104921340942 0.0007479969062842429 -0.051669009029865265
v -0.06766147166490555 0.0007200006511993706 -0.05100136250257492
v -0.06766147166490555 0.0007200006511993706 -0.05100136250257492
v 0.06787485629320145 -0.0005446859868243337 -0.011096889153122902
v 0.06736741214990616 -0.000573877478018403 -0.011083677411079407
v 0.06765234470367432 0.000403294776333496 -0.051824185997247696
v 0.06765234470367432 0.000403294776333496 -0.051824185997247696
v 0.06700673699378967 0.00040595256723463535 -0.051140692085027695
v 0.06700673699378967 0.00040595256723463535 -0.051140692085027695
v 0.06778720021247864 0.0014176422264426947 -0.0036372379399836063
v 0.06726972758769989 0.0014531605411320925 -0.0036395066417753696
v 0.06763440370559692 0.0008762490469962358 0.0518428198993206
v 0.06763440370559692 0.0008762490469962358 0.0518428198993206
v 0.06697031110525131 0.0009129547979682684 0.05117906630039215
v 0.06697031110525131 0.0009129547979682684 0.05117906630039215
v 0.06780187040567398 0.001426168018952012 -0.011540926992893219
v 0.06728964298963547 0.0014315051957964897 -0.01152276061475277
v 0.0686042383313179 -0.00023467346909455955 -0.048905424773693085
v 0.06968482583761215 -0.00011407435522414744 -0.04890650138258934
v 0.06841535866260529 0.0008015419589355588 -0.052150625735521317
v 0.06841535866260529 0.0008015419589355588 -0.052150625735521317
v 0.06949907541275024 0.0007373029366135597 -0.052154917269945145
v 0.06949907541275024 0.0007373029366135597 -0.052154917269945145
v 0.06858670711517334 0.0014196080155670643 0.048892416059970856
v 0.06967344880104065 0.0012959924060851336 0.048894982784986496
v 0.06838825345039368 0.0004346786008682102 0.0521497018635273
v 0.06838825345039368 0.0004346786008682102 0.0521497018635273
v 0.06947252154350281 0.0004305543552618474 0.052151940762996674
v 0.06947252154350281 0.0004305543552618474 0.052151940762996674
v 0.06853369623422623 -0.000026977068046107888 -0.05139672011137009
v 0.06961636245250702 0.000037319055991247296 -0.05139787867665291
v 0.06858604401350021 -0.00030182834598235786 0.04889532923698425
v 0.06967050582170486 -0.0001992245379369706 0.04889611899852753
v 0.06855397671461105 0.001232112292200327 -0.05140071362257004
v 0.06963500380516052 0.0011009072186425328 -0.05139966309070587
v 0.06852678209543228 0.0012994795106351376 0.05142301693558693
v 0.06961295753717422 0.0011924277059733868 0.05142764002084732
v 0.06861471384763718 0.0013771418016403913 -0.048905905336141586
v 0.06969781219959259 0.001232024747878313 -0.04890662804245949
v 0.06862550973892212 -0.00029726544744335115 -0.004037526436150074
v 0.06970730423927307 -0.00017511783516965806 -0.0040390524081885815
v 0.06862705945968628 -0.0003367798344697803 -0.009111620485782623
v 0.06862705945968628 -0.0003367798344697803 -0.009111620485782623
v 0.0697111040353775 -0.00021265223040245473 -0.009111126884818077
v 0.0697111040353775 -0.00021265223040245473 -0.009111126884818077
v 0.06871151924133301 -0.0009501060703769326 -0.0057691121473908424
v 0.06871151924133301 -0.0009501060703769326 -0.0057691121473908424
v 0.06979607790708542 -0.0008370765717700124 -0.0057708872482180595
v 0.06979607790708542 -0.0008370765717700124 -0.0057708872482180595
v -0.0694471225142479 -0.00028309071785770357 0.04867323115468025
v -0.0694471225142479 -0.00028309071785770357 0.04867323115468025
v -0.07034055143594742 -0.00016872267588041723 0.048671603202819824
v -0.06912005692720413 0.0002544259186834097 0.05187036469578743
v -0.06912005692720413 0.0002544259186834097 0.05187036469578743
v -0.07003715634346008 0.00041211655479855835 0.051923539489507675
v -0.06933901458978653 0.0012954003177583218 -0.04868686944246292
v -0.07026688009500504 0.0011779756750911474 -0.04869084060192108
v -0.06909170746803284 0.00032871327130123973 -0.051934387534856796
v -0.06909170746803284 0.00032871327130123973 -0.051934387534856796
v -0.07001905143260956 0.0003628848062362522 -0.05192149803042412
v -0.07001905143260956 0.0003628848062362522 -0.05192149803042412
v -0.06934552639722824 -0.00016099607455544174 0.051194075495004654
v -0.06934552639722824 -0.00016099607455544174 0.051194075495004654
v -0.07026476413011551 -0.00008934104698710144 0.05119359493255615
v -0.0693431943655014 -0.0002873054181691259 -0.04870064929127693
v -0.07027756422758102 -0.00019682731362991035 -0.048706162720918655
v -0.06924036890268326 0.0007094419561326504 0.051121678203344345
v -0.07016892731189728 0.0007693783845752478 0.05114302411675453
v -0.06924724578857422 0.0010989992879331112 -0.05116698890924454
v -0.07017664611339569 0.0010353091638535261 -0.05117206275463104
v -0.06932243704795837 0.0012436099350452423 0.048649683594703674
v -0.07026000320911407 0.0012260875664651394 0.04865757375955582
v -0.06939181685447693 0.0013682865537703037 -0.0036460813134908676
v -0.07032309472560883 0.0012584647629410028 -0.0036496473476290703
v -0.06947392970323563 -0.0005746381357312202 -0.011112472042441368
v -0.07040533423423767 -0.00046784416190348566 -0.011117825284600258
v 0.07061348855495453 -0.00006394294905476272 -0.04890678450465202
v 0.07068631798028946 -0.0003635021566879004 -0.011111358180642128
v 0.06975116580724716 -0.00039952443330548704 -0.011107521131634712
v 0.06866919994354248 -0.0005099428817629814 -0.011108074337244034
v 0.07043656706809998 0.0006823398871347308 -0.05216100066900253
v 0.07043656706809998 0.0006823398871347308 -0.05216100066900253
v 0.07043120265007019 0.0003894645196851343 -0.05216006562113762
v 0.07043120265007019 0.0003894645196851343 -0.05216006562113762
v 0.06949201226234436 0.0003934730775654316 -0.05215632915496826
v 0.06949201226234436 0.0003934730775654316 -0.05215632915496826
v 0.06840779632329941 0.0004035549354739487 -0.052147410809993744
v 0.06840779632329941 0.0004035549354739487 -0.052147410809993744
v 0.07061268389225006 0.0011577000841498375 0.04889675974845886
v 0.07064469903707504 0.0011012417962774634 -0.0036358837969601154
v 0.06970476359128952 0.0012158380122855306 -0.00363520672544837
v 0.06861058622598648 0.0013444225769490004 -0.003634203225374222
v 0.07041065394878387 0.0004227583413012326 0.052166394889354706
v 0.07041065394878387 0.0004227583413012326 0.052166394889354706
v 0.07041440904140472 0.0007250981288962066 0.05216483026742935
v 0.07041440904140472 0.0007250981288962066 0.05216483026742935
v 0.06947718560695648 0.0007789004594087601 0.05215730145573616
v 0.06947718560695648 0.0007789004594087601 0.05215730145573616
v 0.0683923289179802 0.000833157217130065 0.052153971046209335
v 0.07055070251226425 0.00009515468263998628 -0.05139685049653053
v 0.07061172276735306 -0.00010802806355059147 0.0488935187458992
v 0.07053861767053604 0.00009212910663336515 0.05142077058553696
v 0.06959939748048782 0.000017591286450624466 0.0514211542904377
v 0.06851398199796677 -0.000034089694963768125 0.05141759663820267
v 0.07056613266468048 0.0009829383343458176 -0.05139853060245514
v 0.07055339962244034 0.0010761076118797064 0.05142749473452568
v 0.07062754780054092 0.0011110886698588729 -0.048906438052654266
v 0.07064036279916763 -0.0000872094533406198 -0.004037798848003149
v 0.07064380496740341 0.0011015529744327068 -0.01155841164290905
v 0.06970474123954773 0.0012239182833582163 -0.011556943878531456
v 0.06861411035060883 0.0013443492352962494 -0.011554859578609467
v 0.07064903527498245 -0.00012476975098252296 -0.009110042825341225
v 0.07064903527498245 -0.00012476975098252296 -0.009110042825341225
v 0.07072953134775162 -0.0007842312334105372 -0.005776305682957172
v 0.07072953134775162 -0.0007842312334105372 -0.005776305682957172
v -0.07117275893688202 -0.00013882285566069186 0.04866812378168106
v -0.07120143622159958 -0.000032032112358137965 -0.004044311121106148
v -0.0703243836760521 -0.0001712743833195418 -0.004045532550662756
v -0.06939030438661575 -0.0002883707347791642 -0.00404503894969821
v -0.07090771943330765 0.0005274761933833361 0.05194269120693207
v -0.07090771943330765 0.0005274761933833361 0.05194269120693207
v -0.0709294006228447 0.00019303734006825835 0.051983799785375595
v -0.0709294006228447 0.00019303734006825835 0.051983799785375595
v -0.07009381800889969 0.0001538747310405597 0.05198981612920761
v -0.07009381800889969 0.0001538747310405597 0.05198981612920761
v -0.06920276582241058 -0.00011205108603462577 0.05207188054919243
v -0.06920276582241058 -0.00011205108603462577 0.05207188054919243
v -0.07114358246326447 0.0011703874915838242 -0.048699840903282166
v -0.07121823728084564 0.0011533149518072605 -0.011579401791095734
v -0.07032991945743561 0.0012577988673001528 -0.01156977191567421
v -0.06939626485109329 0.0013680984266102314 -0.011566082015633583
v -0.07090616226196289 0.00038138838135637343 -0.051922038197517395
v -0.07090616226196289 0.00038138838135637343 -0.051922038197517395
v -0.07090389728546143 0.0006726713618263602 -0.05191658064723015
v -0.07090389728546143 0.0006726713618263602 -0.05191658064723015
v -0.07001633197069168 0.0007164932321757078 -0.05195111408829689
v -0.07001633197069168 0.0007164932321757078 -0.05195111408829689
v -0.06908836960792542 0.0007343330653384328 -0.05195103958249092
v -0.06908836960792542 0.0007343330653384328 -0.05195103958249092
v -0.07109364867210388 0.000008041708497330546 0.05118902027606964
v -0.07115942239761353 -0.00012257331400178373 -0.04871225357055664
v -0.07107330858707428 0.00004740114673040807 -0.051185715943574905
v -0.07018506526947021 -0.000024379492970183492 -0.05118299275636673
v -0.06925484538078308 -0.00009197145118378103 -0.05117728188633919
v -0.07104575634002686 0.0008291222620755434 0.051172226667404175
v -0.07106272131204605 0.0010249444749206305 -0.0511789545416832
v -0.07113425433635712 0.0010391934774816036 0.048656102269887924
v -0.07120540738105774 0.0011544624576345086 -0.003653152845799923
v -0.07127436250448227 -0.0003494828415568918 -0.01112484373152256
v -0.07119753956794739 -0.00008615604019723833 -0.009116364642977715
v -0.07119753956794739 -0.00008615604019723833 -0.009116364642977715
v -0.07031826674938202 -0.0002210222592111677 -0.009119141846895218
v -0.07031826674938202 -0.0002210222592111677 -0.009119141846895218
v -0.0693809762597084 -0.00033835446811281145 -0.009116681292653084
v -0.0693809762597084 -0.00033835446811281145 -0.009116681292653084
v -0.07129942625761032 -0.0007842007325962186 -0.005789624527096748
v -0.07129942625761032 -0.0007842007325962186 -0.005789624527096748
v -0.07041805237531662 -0.0008694479474797845 -0.005785469897091389
v -0.07041805237531662 -0.0008694479474797845 -0.005785469897091389
v -0.06948667019605637 -0.0009438080014660954 -0.005779675208032131
v -0.06948667019605637 -0.0009438080014660954 -0.005779675208032131
v -0.0675150603055954 0.00025346162146888673 0.049532655626535416
v -0.0675150603055954 0.00025346162146888673 0.049532655626535416
v -0.06811361759901047 0.00031690343166701496 0.05012834072113037
v -0.06859664618968964 0.0005646568024531007 0.05076514557003975
v -0.06733252108097076 -0.0001446664973627776 0.050315387547016144
v -0.06733252108097076 -0.0001446664973627776 0.050315387547016144
v -0.06722203642129898 -0.00015362966223619878 -0.0496588796377182
v -0.0679008737206459 -0.00012771153706125915 -0.05030005797743797
v -0.06852157413959503 -0.0000784096191637218 -0.05086332559585571
v -0.06695736199617386 0.00022280841949395835 -0.05043629929423332
v -0.06695736199617386 0.00022280841949395835 -0.05043629929423332
v -0.06695736199617386 0.00022280841949395835 -0.05043629929423332
v 0.06657004356384277 -0.000054157309932634234 -0.049727488309144974
v 0.06718391180038452 -0.00009806541493162513 -0.05046195164322853
v 0.06775777041912079 -0.00007209079922176898 -0.051060520112514496
v 0.06659793853759766 -0.0004660584672819823 -0.04734410345554352
v 0.06651149690151215 0.0013824750203639269 -0.04977796599268913
v 0.06718719750642776 0.0013489983975887299 -0.0504770427942276
v 0.06777132302522659 0.0013128564460203052 -0.05106790363788605
v 0.06632213294506073 0.0009449371136724949 -0.05053694546222687
v 0.06632213294506073 0.0009449371136724949 -0.05053694546222687
v 0.06645026057958603 0.0014473646879196167 0.0498063750565052
v 0.06714732199907303 0.0014094689395278692 0.050498560070991516
v 0.067733034491539 0.0013715170789510012 0.051089756190776825
v 0.06650581955909729 0.0015790578909218311 0.04731759428977966
v 0.06645143777132034 -0.00015052067465148866 0.04980471357703209
v 0.06714522838592529 -0.00011083704885095358 0.05049372464418411
v 0.06773093342781067 -0.00007896393071860075 0.0510827898979187
v 0.06634083390235901 0.0004042157670482993 0.050507377833127975
v -0.0673014372587204 -0.0004542756068985909 -0.004058335442095995
v -0.0680599957704544 -0.00040917223668657243 -0.004053271841257811
v -0.0686102956533432 -0.0003751038748305291 -0.004047548398375511
v -0.0672917440533638 -0.0005338595947250724 -0.009111681953072548
v -0.0672917440533638 -0.0005338595947250724 -0.009111681953072548
v -0.06743566691875458 -0.0012766052968800068 -0.005770565941929817
v -0.06743566691875458 -0.0012766052968800068 -0.005770565941929817
v -0.06743360310792923 -0.000810547498986125 -0.01106962002813816
v -0.06775122135877609 -0.0010868106037378311 0.04723244160413742
v -0.06828895211219788 -0.0006187959806993604 0.04788227379322052
v -0.06828895211219788 -0.0006187959806993604 0.04788227379322052
v -0.06879779696464539 -0.0004495531029533595 0.04837559536099434
v -0.06716842204332352 -0.0005758795887231827 0.05046342313289642
v -0.06716842204332352 -0.0005758795887231827 0.05046342313289642
v -0.06731335818767548 0.0015101218596100807 -0.011512391269207
v -0.06732414662837982 0.0014603415038436651 -0.04722697660326958
v -0.06805194169282913 0.0013763806782662868 -0.047877293080091476
v -0.0686102882027626 0.0013309328351169825 -0.0483708530664444
v -0.06700203567743301 0.0007454506703652442 -0.05039415508508682
v -0.06700203567743301 0.0007454506703652442 -0.05039415508508682
v -0.06700203567743301 0.0007454506703652442 -0.05039415508508682
v -0.0675714761018753 -0.0008117699762806296 0.049679771065711975
v -0.06815682351589203 -0.000624417676590383 0.050348445773124695
v -0.06815682351589203 -0.000624417676590383 0.050348445773124695
v -0.06872430443763733 -0.0004627597227226943 0.050913430750370026
v -0.06731576472520828 -0.000378789467504248 -0.04723546653985977
v -0.06803159415721893 -0.0003151242563035339 -0.04788672551512718
v -0.06858965754508972 -0.00031017043511383235 -0.048382848501205444
v -0.06724399328231812 0.0011930619366467 -0.04964161664247513
v -0.06791889667510986 0.0011558711994439363 -0.05028979480266571
v -0.06854371726512909 0.001074477331712842 -0.05084574222564697
v -0.06732502579689026 0.0008713637944310904 0.047131940722465515
v -0.06732502579689026 0.0008713637944310904 0.047131940722465515
v -0.06798004359006882 0.0011700713075697422 0.04781769961118698
v -0.06852968782186508 0.0012493864633142948 0.04832383617758751
v -0.067313052713871 0.0015102291945368052 -0.0036595105193555355
v -0.0680675208568573 0.0014682933688163757 -0.0036526285111904144
v -0.06861583143472672 0.0014375755563378334 -0.0036475155502557755
v 0.06663068383932114 -0.000620346050709486 -0.011063698679208755
v 0.06637899577617645 0.00041392864659428596 -0.050480008125305176
v 0.06637899577617645 0.00041392864659428596 -0.050480008125305176
v 0.06654643267393112 0.0015120164025574923 -0.0036412286572158337
v 0.06631220132112503 0.000947528169490397 0.05053408443927765
v 0.06631220132112503 0.000947528169490397 0.05053408443927765
v 0.06651041656732559 -0.0004054555611219257 0.04732802137732506
v 0.06725270301103592 -0.00039277560426853597 0.048042889684438705
v 0.06777767837047577 -0.00036135068512521684 0.048556145280599594
v 0.06658252328634262 0.0015425810124725103 -0.047339290380477905
v 0.0673021748661995 0.0014798271004110575 -0.04805436357855797
v 0.06782432645559311 0.001449937466531992 -0.04856645315885544
v 0.06657329201698303 -0.0004143634287174791 -0.004050185438245535
v 0.06731744855642319 -0.00039571031811647117 -0.0040454319678246975
v 0.0678279921412468 -0.00036985366023145616 -0.004041007254272699
v 0.0665653869509697 0.0014951215125620365 -0.011497339233756065
v 0.06655971705913544 -0.00044125094427727163 -0.00910169817507267
v 0.06655971705913544 -0.00044125094427727163 -0.00910169817507267
v 0.06731114536523819 -0.0004356127174105495 -0.00910821184515953
v 0.06731114536523819 -0.0004356127174105495 -0.00910821184515953
v 0.06782260537147522 -0.0004036739410366863 -0.009110745042562485
v 0.06782260537147522 -0.0004036739410366863 -0.009110745042562485
v 0.06668383628129959 -0.001048913225531578 -0.005755978636443615
v 0.06668383628129959 -0.001048913225531578 -0.005755978636443615
v 0.06741859763860703 -0.0010288890916854143 -0.005761556327342987
v 0.06741859763860703 -0.0010288890916854143 -0.005761556327342987
v 0.06791771948337555 -0.000989360036328435 -0.005763266235589981
v 0.06791771948337555 -0.000989360036328435 -0.005763266235589981
v 0.04900563135743141 0.01624949648976326 -0.034111276268959045
v 0.04896291345357895 0.016190245747566223 -0.029507001861929893
v 0.04890357330441475 0.016122624278068542 -0.02490304410457611
v 0.0488344244658947 0.016054421663284302 -0.02030119299888611
v 0.04874395951628685 0.01594378426671028 -0.015719400718808174
v 0.05647667497396469 0.01105510164052248 -0.016247576102614403
v 0.05647667497396469 0.01105510164052248 -0.016247576102614403
v 0.056486405432224274 0.011060336604714394 -0.021401841193437576
v 0.056486405432224274 0.011060336604714394 -0.021401841193437576
v 0.05655267834663391 0.011123774573206902 -0.026556512340903282
v 0.05655267834663391 0.011123774573206902 -0.026556512340903282
v 0.05658338591456413 0.011156373657286167 -0.03171154484152794
v 0.05658338591456413 0.011156373657286167 -0.03171154484152794
v 0.05660078302025795 0.011177357286214828 -0.036865826696157455
v 0.05660078302025795 0.011177357286214828 -0.036865826696157455
v -0.057361844927072525 0.01113438792526722 -0.016296204179525375
v -0.057361844927072525 0.01113438792526722 -0.016296204179525375
v -0.057359568774700165 0.011128464713692665 -0.021447600796818733
v -0.057359568774700165 0.011128464713692665 -0.021447600796818733
v -0.05736209452152252 0.011126103810966015 -0.026599150151014328
v -0.05736209452152252 0.011126103810966015 -0.026599150151014328
v -0.05736871808767319 0.011125925928354263 -0.03175070509314537
v -0.05736871808767319 0.011125925928354263 -0.03175070509314537
v -0.05737850442528725 0.011128032580018044 -0.036902621388435364
v -0.05737850442528725 0.011128032580018044 -0.036902621388435364
v -0.06438533961772919 0.002861739369109273 -0.039770275354385376
v -0.06438533961772919 0.002861739369109273 -0.039770275354385376
v -0.06436754763126373 0.002853435929864645 -0.03405214473605156
v -0.06436754763126373 0.002853435929864645 -0.03405214473605156
v -0.06435994058847427 0.0028523742221295834 -0.028333237394690514
v -0.06435994058847427 0.0028523742221295834 -0.028333237394690514
v -0.06435993313789368 0.0028568801935762167 -0.022614704445004463
v -0.06435993313789368 0.0028568801935762167 -0.022614704445004463
v -0.06436121463775635 0.002862175228074193 -0.016896197572350502
v -0.06436121463775635 0.002862175228074193 -0.016896197572350502
v 0.05682080611586571 -0.01016630046069622 -0.01631869003176689
v 0.05682080611586571 -0.01016630046069622 -0.01631869003176689
v 0.05677662044763565 -0.01012108288705349 -0.021467335522174835
v 0.05677662044763565 -0.01012108288705349 -0.021467335522174835
v 0.05672057718038559 -0.010055997408926487 -0.02661595679819584
v 0.05672057718038559 -0.010055997408926487 -0.02661595679819584
v 0.05669168382883072 -0.010005810298025608 -0.03176382929086685
v 0.05669168382883072 -0.010005810298025608 -0.03176382929086685
v 0.05669330805540085 -0.00998340267688036 -0.03691282868385315
v 0.05669330805540085 -0.00998340267688036 -0.03691282868385315
v 0.06371267139911652 -0.0017421806696802378 -0.03977105766534805
v 0.06371267139911652 -0.0017421806696802378 -0.03977105766534805
v 0.06376044452190399 -0.001807252410799265 -0.034052520990371704
v 0.06376044452190399 -0.001807252410799265 -0.034052520990371704
v 0.06378606706857681 -0.0018530883826315403 -0.028336260467767715
v 0.06378606706857681 -0.0018530883826315403 -0.028336260467767715
v 0.06375134736299515 -0.0018376365769654512 -0.022619055584073067
v 0.06375134736299515 -0.0018376365769654512 -0.022619055584073067
v 0.06375575065612793 -0.0018554599955677986 -0.01689937710762024
v 0.06375575065612793 -0.0018554599955677986 -0.01689937710762024
v -0.04984016716480255 0.016308773308992386 -0.03415658697485924
v -0.04983944818377495 0.016320127993822098 -0.029547879472374916
v -0.04983486980199814 0.0163225419819355 -0.024937830865383148
v -0.049825217574834824 0.01631481945514679 -0.020327819511294365
v -0.04981129989027977 0.016296405345201492 -0.015718115493655205
v 0.049182988703250885 -0.015165380202233791 -0.01572606898844242
v 0.04918130487203598 -0.015181410126388073 -0.02033788524568081
v 0.049177445471286774 -0.015185358934104443 -0.02494794689118862
v 0.04917161911725998 -0.015171879902482033 -0.029558300971984863
v 0.04916858673095703 -0.015150190331041813 -0.034167587757110596
v -0.06445566564798355 -0.0020478544756770134 -0.016904141753911972
v -0.06445566564798355 -0.0020478544756770134 -0.016904141753911972
v -0.06443657726049423 -0.0020033579785376787 -0.022624146193265915
v -0.06443657726049423 -0.0020033579785376787 -0.022624146193265915
v -0.06441912055015564 -0.001962590031325817 -0.028343601152300835
v -0.06441912055015564 -0.001962590031325817 -0.028343601152300835
v -0.0644037202000618 -0.0019265897572040558 -0.034063372761011124
v -0.0644037202000618 -0.0019265897572040558 -0.034063372761011124
v -0.06438972055912018 -0.0018931510858237743 -0.03978322818875313
v -0.06438972055912018 -0.0018931510858237743 -0.03978322818875313
v -0.057364288717508316 -0.010064981877803802 -0.036930885165929794
v -0.057364288717508316 -0.010064981877803802 -0.036930885165929794
v -0.057360440492630005 -0.01007888000458479 -0.031778741627931595
v -0.057360440492630005 -0.01007888000458479 -0.031778741627931595
v -0.05736295506358147 -0.01010019052773714 -0.0266270712018013
v -0.05736295506358147 -0.01010019052773714 -0.0266270712018013
v -0.05737261474132538 -0.010129251517355442 -0.02147614397108555
v -0.05737261474132538 -0.010129251517355442 -0.02147614397108555
v -0.05739940330386162 -0.010175658389925957 -0.01632625237107277
v -0.05739940330386162 -0.010175658389925957 -0.01632625237107277
v 0.06376023590564728 0.003036879701539874 -0.016876310110092163
v 0.06376023590564728 0.003036879701539874 -0.016876310110092163
v 0.0636935904622078 0.00298298429697752 -0.022597962990403175
v 0.0636935904622078 0.00298298429697752 -0.022597962990403175
v 0.06369860470294952 0.0029953611083328724 -0.028321200981736183
v 0.06369860470294952 0.0029953611083328724 -0.028321200981736183
v 0.06372952461242676 0.0030303557869046926 -0.03404419496655464
v 0.06372952461242676 0.0030303557869046926 -0.03404419496655464
v 0.06377049535512924 0.0030740872025489807 -0.039766937494277954
v 0.06377049535512924 0.0030740872025489807 -0.039766937494277954
v -0.04980316758155823 -0.015179461799561977 -0.01575237140059471
v -0.04980314150452614 -0.015100935474038124 -0.020377181470394135
v -0.04980131983757019 -0.015011903829872608 -0.024999301880598068
v -0.04979957640171051 -0.014918721280992031 -0.029620051383972168
v -0.049798633903265 -0.014826055616140366 -0.034240394830703735
v -0.06896280497312546 0.0015381458215415478 -0.0428522527217865
v -0.06897015869617462 0.0015305166598409414 -0.03652536869049072
v -0.06897829473018646 0.0015121193137019873 -0.030198926106095314
v -0.06897881627082825 0.0015096571296453476 -0.02387276105582714
v -0.06898056715726852 0.0015083584003150463 -0.017547601833939552
v -0.06903356313705444 -0.0005696497391909361 -0.017550423741340637
v -0.06902709603309631 -0.0005542068975046277 -0.023877818137407303
v -0.06901419907808304 -0.0005338131450116634 -0.030206169933080673
v -0.06900246441364288 -0.0005327635444700718 -0.03653443604707718
v -0.06897913664579391 -0.0005157194100320339 -0.04286273941397667
v 0.06819435209035873 -0.000481608061818406 -0.04303545877337456
v 0.0682026818394661 -0.000489005702547729 -0.03667086735367775
v 0.06820756196975708 -0.0004839040047954768 -0.030306736007332802
v 0.06820888072252274 -0.00047350660315714777 -0.023942917585372925
v 0.0682082250714302 -0.0004664802399929613 -0.017579345032572746
v 0.06817910075187683 0.0014819251373410225 -0.017570963129401207
v 0.06818366795778275 0.0014997744001448154 -0.023936476558446884
v 0.06818226724863052 0.001490662805736065 -0.030301768332719803
v 0.0681803748011589 0.0014861354138702154 -0.036666739732027054
v 0.06818041950464249 0.0014971012715250254 -0.04303139075636864
v 0.07607153058052063 0.0004180734104011208 -0.043068792670965195
v 0.07607988268136978 0.0004195414367131889 -0.03669767826795578
v 0.07607988268136978 0.0004195414367131889 -0.03669767826795578
v 0.07608509808778763 0.0004212291678413749 -0.030326951295137405
v 0.07608912885189056 0.00042878923704847693 -0.02395636774599552
v 0.07608918100595474 0.00045808262075297534 -0.017585353925824165
v 0.07608791440725327 0.00042209061211906374 -0.017583580687642097
v 0.0760851725935936 0.0004214795771986246 -0.0239542406052351
v 0.0760851725935936 0.0004214795771986246 -0.0239542406052351
v 0.07608291506767273 0.000421580538386479 -0.03032507374882698
v 0.07608291506767273 0.000421580538386479 -0.03032507374882698
v 0.07608037441968918 0.00042247315286658704 -0.03669598698616028
v 0.07608037441968918 0.00042247315286658704 -0.03669598698616028
v 0.07608037441968918 0.00042247315286658704 -0.03669598698616028
v 0.07607490569353104 0.00042193903937004507 -0.04306676983833313
v 0.07607490569353104 0.00042193903937004507 -0.04306676983833313
v -0.07599937170743942 0.0004663829458877444 -0.04291519895195961
v -0.0760335773229599 0.0006150233093649149 -0.03658696636557579
v -0.07604413479566574 0.0005638354341499507 -0.03025764785706997
v -0.07604382187128067 0.0005684808129444718 -0.023929599672555923
v -0.07604382187128067 0.0005684808129444718 -0.023929599672555923
v -0.07604685425758362 0.0005668133962899446 -0.017593225464224815
v -0.07604685425758362 0.0005668133962899446 -0.017593225464224815
v -0.07604685425758362 0.0005668133962899446 -0.017593225464224815
v -0.07611627131700516 0.0005589596694335341 -0.017587503418326378
v -0.07611125707626343 0.0005680625326931477 -0.023916048929095268
v -0.0760842114686966 0.0005618546274490654 -0.030249711126089096
v -0.07605691254138947 0.0005619123112410307 -0.03658159077167511
v -0.07605691254138947 0.0005619123112410307 -0.03658159077167511
v -0.07603134214878082 0.0005673419800586998 -0.04291326552629471
v 0.0740961804986 0.00022724748123437166 -0.043066613376140594
v 0.074104443192482 0.0002277099556522444 -0.036695774644613266
v 0.074104443192482 0.0002277099556522444 -0.036695774644613266
v 0.074104443192482 0.0002277099556522444 -0.036695774644613266
v 0.074104443192482 0.0002277099556522444 -0.036695774644613266
v 0.074104443192482 0.0002277099556522444 -0.036695774644613266
v 0.074104443192482 0.0002277099556522444 -0.036695774644613266
v 0.07411006093025208 0.0002278239408042282 -0.030325233936309814
v 0.07411497831344604 0.00022580320364795625 -0.023954859003424644
v 0.07411876320838928 0.00022188774892129004 -0.01758495531976223
v 0.0721602812409401 0.00004366642679087818 -0.043064579367637634
v 0.07216866314411163 0.0000420563155785203 -0.036693841218948364
v 0.07217435538768768 0.00004350807284936309 -0.030323324725031853
v 0.07217917591333389 0.00004224004806019366 -0.023952823132276535
v 0.07218397408723831 0.000029157556127756834 -0.01758267916738987
v 0.07017906755208969 -0.0002668940869625658 -0.01758633367717266
v 0.07017644494771957 -0.0002700059849303216 -0.02395622991025448
v 0.07017301023006439 -0.0002781710063572973 -0.030326465144753456
v 0.07016760110855103 -0.0002816506603267044 -0.03669694438576698
v 0.07015859335660934 -0.0002760739007499069 -0.04306778684258461
v 0.07411252707242966 0.0006622416549362242 -0.017582735046744347
v 0.07411015778779984 0.0006641749059781432 -0.023953253403306007
v 0.07410779595375061 0.0006635941099375486 -0.030323967337608337
v 0.07410497218370438 0.0006635346217080951 -0.03669464588165283
v 0.07410497218370438 0.0006635346217080951 -0.03669464588165283
v 0.07410497218370438 0.0006635346217080951 -0.03669464588165283
v 0.07410497218370438 0.0006635346217080951 -0.03669464588165283
v 0.07409971952438354 0.0006630519637838006 -0.043065108358860016
v 0.07409971952438354 0.0006630519637838006 -0.043065108358860016
v 0.07409971952438354 0.0006630519637838006 -0.043065108358860016
v 0.07217725366353989 0.0009028101339936256 -0.017582420259714127
v 0.0721755176782608 0.0009078022558242083 -0.023952553048729897
v 0.07217292487621307 0.0009053087560459971 -0.03032299503684044
v 0.07216965407133102 0.0009023165330290794 -0.03669348731637001
v 0.07216444611549377 0.0009009917266666889 -0.04306381195783615
v 0.07016083598136902 0.0012543522752821445 -0.043065719306468964
v 0.07016370445489883 0.0012458162382245064 -0.03669489175081253
v 0.07016576081514359 0.0012422970030456781 -0.03032391145825386
v 0.070167176425457 0.0012407118920236826 -0.02395291067659855
v 0.07016677409410477 0.001230376772582531 -0.017581909894943237
v -0.07423528283834457 0.0007227780297398567 -0.042907994240522385
v -0.0742591917514801 0.0007861903868615627 -0.0365789420902729
v -0.07427381724119186 0.0007734142709523439 -0.03025013767182827
v -0.07427381724119186 0.0007734142709523439 -0.03025013767182827
v -0.07427424937486649 0.0007770174415782094 -0.023923782631754875
v -0.07427424937486649 0.0007770174415782094 -0.023923782631754875
v -0.07427424937486649 0.0007770174415782094 -0.023923782631754875
v -0.07427424937486649 0.0007770174415782094 -0.023923782631754875
v -0.07427749037742615 0.0007754238322377205 -0.01759156584739685
v -0.07427749037742615 0.0007754238322377205 -0.01759156584739685
v -0.07427749037742615 0.0007754238322377205 -0.01759156584739685
v -0.07427749037742615 0.0007754238322377205 -0.01759156584739685
v -0.07427749037742615 0.0007754238322377205 -0.01759156584739685
v -0.07251392304897308 0.0009929384104907513 -0.04289986565709114
v -0.07252705097198486 0.0009741319809108973 -0.03657005727291107
v -0.07254337519407272 0.0009765394497662783 -0.030240913853049278
v -0.07254503667354584 0.000980529934167862 -0.02391446940600872
v -0.07254503667354584 0.000980529934167862 -0.02391446940600872
v -0.07254878431558609 0.0009794770739972591 -0.017583634704351425
v -0.07254878431558609 0.0009794770739972591 -0.017583634704351425
v -0.07075465470552444 0.0013024646323174238 -0.017567289993166924
v -0.07075085490942001 0.0013047154061496258 -0.023898474872112274
v -0.07074921578168869 0.0013074749149382114 -0.0302289891988039
v -0.07073431462049484 0.0013214866630733013 -0.036560021340847015
v -0.07071832567453384 0.0013365440536290407 -0.04289138317108154
v -0.07434406131505966 0.00030792999314144254 -0.017586154863238335
v -0.07433939725160599 0.00031696874066255987 -0.023918235674500465
v -0.07431376725435257 0.00031509442487731576 -0.030246982350945473
v -0.07428677380084991 0.0003178882470820099 -0.03657791018486023
v -0.07426237314939499 0.00031975412275642157 -0.04290975257754326
v -0.07261079549789429 0.000060323800425976515 -0.017579879611730576
v -0.07260595262050629 0.00007037841714918613 -0.023914072662591934
v -0.07258223742246628 0.0000743124692235142 -0.03024435229599476
v -0.07255637645721436 0.00007724968600086868 -0.036574821919202805
v -0.0725332722067833 0.00007561550592072308 -0.04290631040930748
v -0.07074372470378876 -0.0003061082388740033 -0.04290464147925377
v -0.07076725363731384 -0.00030987788341008127 -0.0365716777741909
v -0.07078713178634644 -0.00029489173903129995 -0.030238188803195953
v -0.07080479711294174 -0.0003010055224876851 -0.02390342764556408
v -0.07080994546413422 -0.00030897752731107175 -0.01756892539560795
v -0.06640657782554626 0.001539426390081644 -0.017144987359642982
v -0.0664067268371582 0.0015364533755928278 -0.023098323494195938
v -0.06640848517417908 0.001534349750727415 -0.02905159629881382
v -0.06641323864459991 0.0015325103886425495 -0.0350046344101429
v -0.06641664355993271 0.0015248178970068693 -0.04095778986811638
v -0.067717045545578 0.0015973856206983328 -0.04193501174449921
v -0.06771621853113174 0.0015976640861481428 -0.03578850254416466
v -0.06771411746740341 0.0015819910913705826 -0.02964259497821331
v -0.06771348416805267 0.001582461642101407 -0.023496614769101143
v -0.06771466881036758 0.0015819198451936245 -0.01735059730708599
v -0.0677880346775055 -0.0006772478809580207 -0.017358262091875076
v -0.06777399778366089 -0.0006512885447591543 -0.023504504933953285
v -0.06775905191898346 -0.0006250973092392087 -0.029650891199707985
v -0.06774954497814178 -0.0006019121501594782 -0.0357976108789444
v -0.06773436814546585 -0.000573440920561552 -0.041944507509469986
v -0.06643372774124146 -0.0005565057508647442 -0.040968459099531174
v -0.0664481669664383 -0.0005899118259549141 -0.03501416742801666
v -0.06646013259887695 -0.0006220211507752538 -0.029059354215860367
v -0.06647611409425735 -0.000659845769405365 -0.023104846477508545
v -0.06649290025234222 -0.0006986976368352771 -0.01715042069554329
v 0.06574954837560654 -0.0004983949474990368 -0.017155315726995468
v 0.06576016545295715 -0.0005142581649124622 -0.023120252415537834
v 0.06576993316411972 -0.0005062923301011324 -0.029084587469697
v 0.06577259302139282 -0.0004985783016309142 -0.035048842430114746
v 0.06576722860336304 -0.0005074888467788696 -0.0410129614174366
v 0.06701217591762543 -0.0005850153975188732 -0.04206129163503647
v 0.06702156364917755 -0.0005811577429994941 -0.03588958457112312
v 0.06702373921871185 -0.000568262068554759 -0.029718508943915367
v 0.06701686233282089 -0.0005492314230650663 -0.023547805845737457
v 0.06700535863637924 -0.0005299043841660023 -0.017377369105815887
v 0.0669681578874588 0.00157644203864038 -0.01736120693385601
v 0.06697110831737518 0.0015886141918599606 -0.02353500761091709
v 0.06696809828281403 0.0015784266870468855 -0.0297082532197237
v 0.06696745753288269 0.0015720741357654333 -0.035881344228982925
v 0.0669727474451065 0.0015814455691725016 -0.042054433375597
v 0.06572368741035461 0.0016253555659204721 -0.04100910946726799
v 0.06571611762046814 0.0016328273341059685 -0.03504164144396782
v 0.06571533530950546 0.0016484579537063837 -0.029074329882860184
v 0.0657184049487114 0.0016501422505825758 -0.02310744673013687
v 0.06572286039590836 0.0016481231432408094 -0.017141368240118027
v -0.06732439994812012 0.0015147349331527948 -0.04163708910346031
v -0.06732095777988434 0.0015180888585746288 -0.03554978221654892
v -0.0673159509897232 0.0015096224378794432 -0.029462464153766632
v -0.06731392443180084 0.0015099004376679659 -0.02337508089840412
v -0.06731349974870682 0.0015100808814167976 -0.01728762686252594
v -0.06738398969173431 -0.0006251330487430096 -0.017292380332946777
v -0.06737136840820312 -0.0005952728679403663 -0.023380663245916367
v -0.06735868752002716 -0.0005635147681459785 -0.029469026252627373
v -0.0673508271574974 -0.0005379212088882923 -0.03555763140320778
v -0.06733941286802292 -0.0004998084623366594 -0.04164575785398483
v 0.06662796437740326 -0.0004912952426820993 -0.041734423488378525
v 0.06663460284471512 -0.0004910962888970971 -0.035626914352178574
v 0.06663266569375992 -0.0004905628738924861 -0.02951948530972004
v 0.06662265956401825 -0.0004806213255506009 -0.023412400856614113
v 0.06661107391119003 -0.0004543264803942293 -0.01730533316731453
v 0.06657291203737259 0.001507163280621171 -0.01729200966656208
v 0.06657406687736511 0.0015428503975272179 -0.02340087853372097
v 0.06657174229621887 0.0015422152355313301 -0.02950967103242874
v 0.06657323986291885 0.001529455417767167 -0.03561865910887718
v 0.0665813535451889 0.0015263422392308712 -0.041727837175130844
v 0.07065515965223312 -0.00012408039765432477 -0.017581719905138016
v 0.07065176963806152 -0.00012400667765177786 -0.023952322080731392
v 0.07064761966466904 -0.0001295465335715562 -0.030322715640068054
v 0.07064191997051239 -0.00013170306920073926 -0.03669316694140434
v 0.07063320279121399 -0.00012679706560447812 -0.04306386783719063
v 0.07063712179660797 0.0011083635035902262 -0.04306335747241974
v 0.07064168900251389 0.001105830306187272 -0.0366930216550827
v 0.07064450532197952 0.001105241710320115 -0.03032265044748783
v 0.07064709067344666 0.0011080491822212934 -0.023952292278409004
v 0.07064901292324066 0.001106039504520595 -0.017582086846232414
v -0.07120250165462494 0.001155864098109305 -0.017573751509189606
v -0.07119877636432648 0.0011572076473385096 -0.023903846740722656
v -0.07119560986757278 0.0011539740953594446 -0.030232848599553108
v -0.07118156552314758 0.0011690995888784528 -0.036562927067279816
v -0.07116907835006714 0.0011946058366447687 -0.042893245816230774
v -0.07118728011846542 -0.00014057834050618112 -0.04290387034416199
v -0.07120979577302933 -0.00014042516704648733 -0.03657195344567299
v -0.07123313099145889 -0.00013403530465438962 -0.03023998998105526
v -0.07125404477119446 -0.0001425050140824169 -0.02390671707689762
v -0.07125844806432724 -0.00014967596507631242 -0.0175709817558527
v 0.06864248961210251 -0.00031683428096584976 -0.017580779269337654
v 0.0686410516500473 -0.00031693451455794275 -0.02395159937441349
v 0.06863909214735031 -0.00032469743746332824 -0.030322149395942688
v 0.06863423436880112 -0.00032880911021493375 -0.036692626774311066
v 0.06862591952085495 -0.00032041381928138435 -0.04306318238377571
v 0.06970725208520889 -0.00020251559908501804 -0.043063852936029434
v 0.06971569359302521 -0.0002109997149091214 -0.03669329360127449
v 0.0697207823395729 -0.00020938165835104883 -0.030322466045618057
v 0.06972337514162064 -0.00020659444271586835 -0.02395162172615528
v 0.06972552835941315 -0.00020759770995937288 -0.01758074015378952
v 0.0686197578907013 0.0013541223015636206 -0.043062228709459305
v 0.06862212717533112 0.0013517180923372507 -0.036691438406705856
v 0.06862424314022064 0.0013580189552158117 -0.03032076172530651
v 0.06862567365169525 0.0013681093696504831 -0.023950034752488136
v 0.068622887134552 0.00135720893740654 -0.017579276114702225
v 0.06970842182636261 0.0012227765982970595 -0.017580481246113777
v 0.069709412753582 0.0012207422405481339 -0.023951111361384392
v 0.06970841437578201 0.001215073629282415 -0.030321720987558365
v 0.06970679759979248 0.0012132538249716163 -0.03669249266386032
v 0.06970438361167908 0.0012164905201643705 -0.04306323826313019
v -0.06939305365085602 0.0013686756137758493 -0.017556793987751007
v -0.06939078867435455 0.001369359903037548 -0.023887459188699722
v -0.06938860565423965 0.0013659915421158075 -0.030218053609132767
v -0.06937380135059357 0.001365586882457137 -0.03654913976788521
v -0.0693618431687355 0.0013616723008453846 -0.04288020730018616
v -0.07029218226671219 0.0012625101953744888 -0.04288448765873909
v -0.07030539214611053 0.0012651841389015317 -0.036553818732500076
v -0.07031960040330887 0.0012578056193888187 -0.03022282011806965
v -0.07032116502523422 0.0012603465002030134 -0.023892320692539215
v -0.07032400369644165 0.0012595982989296317 -0.017561616376042366
v -0.06938455253839493 -0.00035384748480282724 -0.042891621589660645
v -0.0694083496928215 -0.00037228953442536294 -0.036557938903570175
v -0.06942474097013474 -0.00038556064828298986 -0.030223602429032326
v -0.06943850964307785 -0.00040536056621931493 -0.02388899400830269
v -0.06944409012794495 -0.00042015124927274883 -0.017554737627506256
v -0.07037753611803055 -0.00028264892171137035 -0.017559245228767395
v -0.07037223130464554 -0.00026927152066491544 -0.02389371208846569
v -0.07035670429468155 -0.0002529178455006331 -0.030228575691580772
v -0.07033959031105042 -0.00024328005383722484 -0.03656313568353653
v -0.07031644135713577 -0.00023562202113680542 -0.04289698228240013
v -0.06860873103141785 0.0014456405770033598 -0.04261064529418945
v -0.06861139088869095 0.0014479020610451698 -0.03633207082748413
v -0.06861647218465805 0.0014384789392352104 -0.030052704736590385
v -0.06861542910337448 0.0014385017566382885 -0.023773126304149628
v -0.06861594319343567 0.001438239123672247 -0.017494576051831245
v -0.06806680560112 0.0014685073401778936 -0.017406247556209564
v -0.06806540489196777 0.0014688929077237844 -0.023603612557053566
v -0.06806579977273941 0.0014681536704301834 -0.02980128489434719
v -0.06806029379367828 0.0014631843660026789 -0.03599857911467552
v -0.06805837899446487 0.0014551426284015179 -0.04219547286629677
v -0.06866875290870667 -0.0005097266985103488 -0.01749536208808422
v -0.06866204738616943 -0.0004933372838422656 -0.023775946348905563
v -0.06865112483501434 -0.000470496917841956 -0.030057178810238838
v -0.06864430755376816 -0.00044900059583596885 -0.036338500678539276
v -0.06862752884626389 -0.00041250590584240854 -0.04261932522058487
v -0.06807905435562134 -0.0004449777479749173 -0.042204320430755615
v -0.06809772551059723 -0.0004847387026529759 -0.036005649715662
v -0.0681074857711792 -0.0005091977072879672 -0.029806317761540413
v -0.06812157481908798 -0.0005337315378710628 -0.023607194423675537
v -0.06813216209411621 -0.0005514004733413458 -0.01740824617445469
v 0.06784899532794952 -0.00037635976332239807 -0.04277348890900612
v 0.06785669177770615 -0.0003811311617027968 -0.03646060824394226
v 0.06786026060581207 -0.00037809505010955036 -0.030147328972816467
v 0.06785868108272552 -0.0003758186649065465 -0.023833952844142914
v 0.06785504519939423 -0.0003774595388676971 -0.01752058044075966
v 0.06734438985586166 -0.0003967828524764627 -0.017431998625397682
v 0.06734830141067505 -0.0003983223286923021 -0.02366068959236145
v 0.06735017895698547 -0.00040707256994210184 -0.029888974502682686
v 0.06734681874513626 -0.00041732503450475633 -0.03611709550023079
v 0.06733965873718262 -0.00042460658005438745 -0.042345255613327026
v 0.06781946122646332 0.0014169777277857065 -0.017515098676085472
v 0.06782547384500504 0.001432446064427495 -0.023829013109207153
v 0.06782461702823639 0.0014254525303840637 -0.030142853036522865
v 0.06782414019107819 0.0014164960011839867 -0.03645681217312813
v 0.06782623380422592 0.0014186282642185688 -0.04277099296450615
v 0.06731359660625458 0.0014571722131222486 -0.04234214872121811
v 0.06731193512678146 0.0014564602170139551 -0.03611229732632637
v 0.06731263548135757 0.0014622698072344065 -0.029882779344916344
v 0.06731408089399338 0.001467687776312232 -0.023653419688344002
v 0.06730799376964569 0.0014465912245213985 -0.017423951998353004
v 0.049180906265974045 -0.015212790109217167 0.001365317148156464
v 0.04918723553419113 -0.015209737233817577 0.00671466113999486
v 0.049193158745765686 -0.015214601531624794 0.012063417583703995
v 0.049197934567928314 -0.015217619016766548 0.017411891371011734
v 0.04920199140906334 -0.015219859778881073 0.022760219871997833
v 0.04920465126633644 -0.015220374800264835 0.028108512982726097
v 0.04920605942606926 -0.015218614600598812 0.03345658630132675
v -0.04974382370710373 -0.015562801621854305 0.03341669216752052
v -0.049740441143512726 -0.015500984154641628 0.02807023376226425
v -0.04975020885467529 -0.015431947074830532 0.02272733487188816
v -0.04975522309541702 -0.01536944042891264 0.017384877428412437
v -0.0497545562684536 -0.01529985386878252 0.01204441487789154
v -0.049762651324272156 -0.015240933746099472 0.006707018706947565
v -0.049765802919864655 -0.015249478630721569 0.0013652407797053456
v 0.04895341396331787 0.01614478975534439 0.03341948986053467
v 0.04893582686781883 0.016187608242034912 0.02806929312646389
v 0.048903461545705795 0.016183141618967056 0.02271653525531292
v 0.04886695742607117 0.016162272542715073 0.017360584810376167
v 0.04881734028458595 0.016104135662317276 0.0120010394603014
v 0.04871050640940666 0.015935394912958145 0.006630659103393555
v 0.04854319989681244 0.015639420598745346 0.0012616758467629552
v -0.04979885369539261 0.0162690170109272 0.0013629632303491235
v -0.049806147813797 0.016273174434900284 0.006713295821100473
v -0.0498126819729805 0.01627723127603531 0.012063933536410332
v -0.04982171580195427 0.01608193665742874 0.017446337267756462
v -0.049832649528980255 0.015863515436649323 0.022822806611657143
v -0.049836818128824234 0.015652235597372055 0.028188131749629974
v -0.049834609031677246 0.015441152267158031 0.03354569151997566
v -0.05736272409558296 0.011133551597595215 0.0017591622890904546
v -0.05736272409558296 0.011133551597595215 0.0017591622890904546
v -0.05736636742949486 0.011132841929793358 0.0075214398093521595
v -0.05736636742949486 0.011132841929793358 0.0075214398093521595
v -0.05743638426065445 0.011138577945530415 0.013304518535733223
v -0.05743638426065445 0.011138577945530415 0.013304518535733223
v -0.0574742890894413 0.010970819741487503 0.019091175869107246
v -0.0574742890894413 0.010970819741487503 0.019091175869107246
v -0.057430341839790344 0.010679957456886768 0.02486126311123371
v -0.057430341839790344 0.010679957456886768 0.02486126311123371
v -0.05736089125275612 0.010377551428973675 0.030618177726864815
v -0.05736089125275612 0.010377551428973675 0.030618177726864815
v -0.05739473178982735 0.01025688648223877 0.03637327253818512
v -0.05739473178982735 0.01025688648223877 0.03637327253818512
v 0.05671535059809685 -0.01005021296441555 0.0017624121392145753
v 0.05671535059809685 -0.01005021296441555 0.0017624121392145753
v 0.056741710752248764 -0.010080555453896523 0.007525280583649874
v 0.056741710752248764 -0.010080555453896523 0.007525280583649874
v 0.056753236800432205 -0.010094460099935532 0.01328800804913044
v 0.056753236800432205 -0.010094460099935532 0.01328800804913044
v 0.05676054209470749 -0.010100643150508404 0.019050149247050285
v 0.05676054209470749 -0.010100643150508404 0.019050149247050285
v 0.05676260590553284 -0.010099587962031364 0.024811876937747
v 0.05676260590553284 -0.010099587962031364 0.024811876937747
v 0.056763604283332825 -0.010095682926476002 0.030575068667531013
v 0.056763604283332825 -0.010095682926476002 0.030575068667531013
v 0.05674480274319649 -0.010063815861940384 0.036339398473501205
v 0.05674480274319649 -0.010063815861940384 0.036339398473501205
v -0.05729250609874725 -0.01005437783896923 0.0017551389755681157
v -0.05729250609874725 -0.01005437783896923 0.0017551389755681157
v -0.057325370609760284 -0.01009035762399435 0.0075202868320047855
v -0.057325370609760284 -0.01009035762399435 0.0075202868320047855
v -0.05737583711743355 -0.010218153707683086 0.013271521776914597
v -0.05737583711743355 -0.010218153707683086 0.013271521776914597
v -0.057480208575725555 -0.010442408733069897 0.019020939245820045
v -0.057480208575725555 -0.010442408733069897 0.019020939245820045
v -0.05757978558540344 -0.01066660601645708 0.024774232879281044
v -0.05757978558540344 -0.01066660601645708 0.024774232879281044
v -0.057645589113235474 -0.01084230002015829 0.030540267005562782
v -0.057645589113235474 -0.01084230002015829 0.030540267005562782
v -0.05753963813185692 -0.01077568531036377 0.03631019592285156
v -0.05753963813185692 -0.01077568531036377 0.03631019592285156
v -0.06491442769765854 -0.0028601784724742174 0.03936314210295677
v -0.06462614983320236 -0.0025624744594097137 0.033184714615345
v -0.06444671750068665 -0.0022796469274908304 0.026997629553079605
v -0.06444671750068665 -0.0022796469274908304 0.026997629553079605
v -0.06437129527330399 -0.002058551413938403 0.020802704617381096
v -0.06437129527330399 -0.002058551413938403 0.020802704617381096
v -0.06434565037488937 -0.001892149681225419 0.01459597609937191
v -0.06434565037488937 -0.001892149681225419 0.01459597609937191
v -0.06436280161142349 -0.0018434661906212568 0.008374184370040894
v -0.06436280161142349 -0.0018434661906212568 0.008374184370040894
v -0.06435554474592209 -0.001833176240324974 0.002184476237744093
v -0.06435554474592209 -0.001833176240324974 0.002184476237744093
v 0.05631528049707413 0.01087106391787529 0.0017377260373905301
v 0.05638468265533447 0.01099612470716238 0.00749107776209712
v 0.05638468265533447 0.01099612470716238 0.00749107776209712
v 0.05639735609292984 0.011015708558261395 0.013246554881334305
v 0.05639735609292984 0.011015708558261395 0.013246554881334305
v 0.056406114250421524 0.011010078713297844 0.019005708396434784
v 0.056406114250421524 0.011010078713297844 0.019005708396434784
v 0.05643332004547119 0.011015989817678928 0.024765511974692345
v 0.05643332004547119 0.011015989817678928 0.024765511974692345
v 0.056468259543180466 0.011024135164916515 0.03052484802901745
v 0.056468259543180466 0.011024135164916515 0.03052484802901745
v 0.05650132894515991 0.011058783158659935 0.03627648577094078
v 0.05650132894515991 0.011058783158659935 0.03627648577094078
v 0.06367772817611694 0.002984086750075221 0.039316777139902115
v 0.06367772817611694 0.002984086750075221 0.039316777139902115
v 0.06372559815645218 0.003013618988916278 0.03312131389975548
v 0.06372559815645218 0.003013618988916278 0.03312131389975548
v 0.06374206393957138 0.0030497831758111715 0.026931731030344963
v 0.06374206393957138 0.0030497831758111715 0.026931731030344963
v 0.06372717022895813 0.0030569257214665413 0.02074708417057991
v 0.06372717022895813 0.0030569257214665413 0.02074708417057991
v 0.06372122466564178 0.0030714257154613733 0.014566242694854736
v 0.06372122466564178 0.0030714257154613733 0.014566242694854736
v 0.06375400722026825 0.003087807446718216 0.008385010063648224
v 0.06375400722026825 0.003087807446718216 0.008385010063648224
v 0.06378486752510071 0.0030698019545525312 0.002196179237216711
v 0.06378486752510071 0.0030698019545525312 0.002196179237216711
v -0.06436442583799362 0.00286299386061728 0.0021786605939269066
v -0.06436442583799362 0.00286299386061728 0.0021786605939269066
v -0.06436529010534286 0.0028604043181985617 0.0083705373108387
v -0.06436529010534286 0.0028604043181985617 0.0083705373108387
v -0.06437452137470245 0.002760288305580616 0.014566492289304733
v -0.06437452137470245 0.002760288305580616 0.014566492289304733
v -0.06430759280920029 0.0024482489097863436 0.020739901810884476
v -0.06430759280920029 0.0024482489097863436 0.020739901810884476
v -0.06431948393583298 0.0022007902152836323 0.026914993301033974
v -0.06431948393583298 0.0022007902152836323 0.026914993301033974
v -0.06432598829269409 0.0019905976951122284 0.03309765085577965
v -0.06432598829269409 0.0019905976951122284 0.03309765085577965
v -0.06442806124687195 0.001978296088054776 0.039293959736824036
v -0.06442806124687195 0.001978296088054776 0.039293959736824036
v 0.06373003870248795 -0.0018103234469890594 0.0021931626833975315
v 0.06373003870248795 -0.0018103234469890594 0.0021931626833975315
v 0.0637342780828476 -0.0018222325015813112 0.008383389562368393
v 0.0637342780828476 -0.0018222325015813112 0.008383389562368393
v 0.06373222172260284 -0.0018241838552057743 0.014574185013771057
v 0.06373222172260284 -0.0018241838552057743 0.014574185013771057
v 0.06373034417629242 -0.0018205351661890745 0.020765429362654686
v 0.06373034417629242 -0.0018205351661890745 0.020765429362654686
v 0.06373023986816406 -0.0018169200047850609 0.02695683389902115
v 0.06373023986816406 -0.0018169200047850609 0.02695683389902115
v 0.06372909247875214 -0.0018072540406137705 0.033147312700748444
v 0.06372909247875214 -0.0018072540406137705 0.033147312700748444
v 0.06368247419595718 -0.001744118519127369 0.039333995431661606
v 0.06368247419595718 -0.001744118519127369 0.039333995431661606
v -0.0691089928150177 -0.0006185771198943257 0.04256013408303261
v -0.0691089928150177 -0.0006185771198943257 0.04256013408303261
v -0.0690736249089241 -0.0006892136298120022 0.035905998200178146
v -0.06900002807378769 -0.0005448657320812345 0.02925191819667816
v -0.06897664815187454 -0.00046791319618932903 0.022594092413783073
v -0.06898082792758942 -0.0004706316103693098 0.01593712531030178
v -0.06898302584886551 -0.00047080215881578624 0.009281929582357407
v -0.06898350268602371 -0.00047227993491105735 0.0026273666881024837
v -0.06898137181997299 0.001508291345089674 0.0026272698305547237
v -0.06898100674152374 0.001508370041847229 0.009281402453780174
v -0.06898064911365509 0.0015082412865012884 0.015940142795443535
v -0.06898356229066849 0.0015104843769222498 0.02259705401957035
v -0.06897877901792526 0.0014377699699252844 0.029253436252474785
v -0.06898558139801025 0.0010628446470946074 0.03589697182178497
v -0.06893471628427505 0.0013130584266036749 0.0425226166844368
v 0.06815635412931442 0.0014660290908068419 0.042740046977996826
v 0.06818205863237381 0.0014838974457234144 0.03605879098176956
v 0.06819148361682892 0.001492467476055026 0.02937713824212551
v 0.0681857243180275 0.0014916954096406698 0.02269751951098442
v 0.06817814707756042 0.0014904146082699299 0.016018308699131012
v 0.0681697353720665 0.001488342648372054 0.009338939562439919
v 0.06816426664590836 0.0014852569438517094 0.002659087534993887
v 0.06820417195558548 -0.0004617783415596932 0.002658519893884659
v 0.06820300221443176 -0.00045651881373487413 0.00934024341404438
v 0.06820172071456909 -0.000456857931567356 0.01602170430123806
v 0.06820180267095566 -0.00045728529221378267 0.02270324155688286
v 0.06820132583379745 -0.00045757947373203933 0.029384924098849297
v 0.06819207221269608 -0.0004558902874123305 0.03606635332107544
v 0.06816764920949936 -0.00044448216794990003 0.042746689170598984
v 0.07606972008943558 0.00041946052806451917 0.0427827388048172
v 0.07609124481678009 0.00042085727909579873 0.03609222546219826
v 0.07609124481678009 0.00042085727909579873 0.03609222546219826
v 0.07609124481678009 0.00042085727909579873 0.03609222546219826
v 0.07609090209007263 0.0004210611223243177 0.02940627746284008
v 0.076090507209301 0.0004210879560559988 0.022720320150256157
v 0.07608998566865921 0.0004211503255646676 0.016034390777349472
v 0.07608961313962936 0.0004211667401250452 0.009348642081022263
v 0.07608989626169205 0.00042114913230761886 0.0026630419306457043
v 0.07608989626169205 0.00042114913230761886 0.0026630419306457043
v 0.07609182596206665 0.0004229366313666105 0.0026617897674441338
v 0.07609307765960693 0.0004215916560497135 0.009348338469862938
v 0.07609307765960693 0.0004215916560497135 0.009348338469862938
v 0.07609301060438156 0.0004209647886455059 0.016034657135605812
v 0.07609301060438156 0.0004209647886455059 0.016034657135605812
v 0.07609301060438156 0.0004209647886455059 0.016034657135605812
v 0.07609313726425171 0.00042078940896317363 0.0227209459990263
v 0.07609311491250992 0.00042080297134816647 0.029406985267996788
v 0.07609307765960693 0.0004208095488138497 0.036093082278966904
v 0.07609307765960693 0.0004208095488138497 0.036093082278966904
v 0.07607460021972656 0.00042393815238028765 0.04278181493282318
v -0.07603541016578674 0.0004177846130914986 0.042578425258398056
v -0.07604934275150299 0.0004181362746749073 0.03591958433389664
v -0.07605400681495667 0.00044203753350302577 0.029261399060487747
v -0.07605405151844025 0.0004661569546442479 0.022604644298553467
v -0.0760539099574089 0.0004896502359770238 0.01594795286655426
v -0.07605388015508652 0.0005110175115987659 0.009290844202041626
v -0.076057069003582 0.0005198164726607502 0.0026322701014578342
v -0.07605380564928055 0.0005626892670989037 0.0026303352788090706
v -0.07605372369289398 0.0005627042264677584 0.009290646761655807
v -0.07605372369289398 0.0005627102218568325 0.01594819873571396
v -0.07605372369289398 0.0005627155769616365 0.022605082020163536
v -0.07605372369289398 0.0005626854836009443 0.029261771589517593
v -0.07605372369289398 0.0005626854836009443 0.029261771589517593
v -0.07605372369289398 0.0005626854836009443 0.029261771589517593
v -0.07604904472827911 0.0005630170926451683 0.035921789705753326
v -0.07603069394826889 0.0005736161256209016 0.042580340057611465
v 0.07409525662660599 0.0006694979965686798 0.042780715972185135
v 0.07411643862724304 0.000662614475004375 0.03609184920787811
v 0.07411643862724304 0.000662614475004375 0.03609184920787811
v 0.07411643862724304 0.000662614475004375 0.03609184920787811
v 0.07411643862724304 0.000662614475004375 0.03609184920787811
v 0.07411643862724304 0.000662614475004375 0.03609184920787811
v 0.07411643862724304 0.000662614475004375 0.03609184920787811
v 0.07411611080169678 0.0006618972402065992 0.029406050220131874
v 0.07411611080169678 0.0006618972402065992 0.029406050220131874
v 0.07411560416221619 0.0006619924679398537 0.022720154374837875
v 0.07411560416221619 0.0006619924679398537 0.022720154374837875
v 0.07411560416221619 0.0006619924679398537 0.022720154374837875
v 0.07411560416221619 0.0006619924679398537 0.022720154374837875
v 0.07411456108093262 0.0006620838539674878 0.016034280881285667
v 0.07411456108093262 0.0006620838539674878 0.016034280881285667
v 0.07411456108093262 0.0006620838539674878 0.016034280881285667
v 0.07411456108093262 0.0006620838539674878 0.016034280881285667
v 0.07411323487758636 0.0006622030632570386 0.00934852845966816
v 0.07411323487758636 0.0006622030632570386 0.00934852845966816
v 0.07411323487758636 0.0006622030632570386 0.00934852845966816
v 0.07411323487758636 0.0006622030632570386 0.00934852845966816
v 0.0741126537322998 0.0006621618522331119 0.0026628714986145496
v 0.0741126537322998 0.0006621618522331119 0.0026628714986145496
v 0.07215923815965652 0.000906373024918139 0.04277890920639038
v 0.07217931747436523 0.0009001609869301319 0.03609156236052513
v 0.07218092679977417 0.0008982333820313215 0.029405759647488594
v 0.07218092679977417 0.0008982333820313215 0.029405759647488594
v 0.07218024879693985 0.0008983782026916742 0.02271995320916176
v 0.07218024879693985 0.0008983782026916742 0.02271995320916176
v 0.07217855751514435 0.0008988098707050085 0.016034264117479324
v 0.07217855751514435 0.0008988098707050085 0.016034264117479324
v 0.07217855751514435 0.0008988098707050085 0.016034264117479324
v 0.07217613607645035 0.0008995457319542766 0.00934872031211853
v 0.07217613607645035 0.0008995457319542766 0.00934872031211853
v 0.07217613607645035 0.0008995457319542766 0.00934872031211853
v 0.0721743255853653 0.0009005082538351417 0.0026631304062902927
v 0.0721743255853653 0.0009005082538351417 0.0026631304062902927
v 0.07016663253307343 0.0012539728777483106 0.0026642940938472748
v 0.07016940414905548 0.0012543548364192247 0.009350348263978958
v 0.07017268985509872 0.001254767645150423 0.01603619009256363
v 0.07017586380243301 0.0012548945378512144 0.022721827030181885
v 0.07017763704061508 0.0012548438971862197 0.029407374560832977
v 0.07016916573047638 0.0012327329022809863 0.036092694848775864
v 0.0701465904712677 0.0012146153021603823 0.042778369039297104
v 0.07411710172891617 0.00022456332226283848 0.0026621129363775253
v 0.07411841303110123 0.00022844801424071193 0.009348321706056595
v 0.07411841303110123 0.00022844801424071193 0.009348321706056595
v 0.07411841303110123 0.00022844801424071193 0.009348321706056595
v 0.07411804050207138 0.00022909502149559557 0.0160344447940588
v 0.07411804050207138 0.00022909502149559557 0.0160344447940588
v 0.07411804050207138 0.00022909502149559557 0.0160344447940588
v 0.07411795854568481 0.00022903631906956434 0.022720681503415108
v 0.07411793619394302 0.00022902977070771158 0.029406927525997162
v 0.07411787658929825 0.00022860501485411078 0.03609298914670944
v 0.07409951835870743 0.00023436243645846844 0.0427774153649807
v 0.07218191772699356 0.00003557390300557017 0.002662072889506817
v 0.07218334078788757 0.000040582119254395366 0.009348409250378609
v 0.07218296080827713 0.0000412766239605844 0.016034364700317383
v 0.07218276709318161 0.00004125366103835404 0.022720396518707275
v 0.07218276709318161 0.00004125366103835404 0.022720396518707275
v 0.07218262553215027 0.00004115654155611992 0.029406707733869553
v 0.07218162715435028 0.00003826094325631857 0.036092519760131836
v 0.07216823846101761 0.000009789946489036083 0.04277637228369713
v 0.07015535980463028 -0.00026187425828538835 0.042780421674251556
v 0.07017365843057632 -0.0002590854128357023 0.036095138639211655
v 0.07017850130796432 -0.00026667219935916364 0.029408881440758705
v 0.07017895579338074 -0.00026680747396312654 0.022722266614437103
v 0.07017934322357178 -0.0002672662667464465 0.016035757958889008
v 0.07017950713634491 -0.0002680887409951538 0.009349100291728973
v 0.07017888873815536 -0.00027458948898129165 0.0026621464639902115
v -0.0742654874920845 0.00022317608818411827 0.0425768680870533
v -0.07427867501974106 0.00022417584841605276 0.035918936133384705
v -0.07428337633609772 0.00024138011212926358 0.02926122397184372
v -0.07428339868783951 0.00025952240685001016 0.022604603320360184
v -0.07428305596113205 0.00027801698888652027 0.01594768464565277
v -0.0742826759815216 0.0002981618163175881 0.009290311485528946
v -0.07428446412086487 0.0003171442076563835 0.0026317336596548557
v -0.0725347101688385 0.00003734193160198629 0.04257534071803093
v -0.0725470632314682 0.000039691803976893425 0.03591814264655113
v -0.0725526511669159 0.00004515211912803352 0.029261097311973572
v -0.0725526511669159 0.00004515211912803352 0.029261097311973572
v -0.07255244255065918 0.00005707429954782128 0.022604357451200485
v -0.07255207002162933 0.00006919188308529556 0.015947338193655014
v -0.07255223393440247 0.00008337665349245071 0.009289687499403954
v -0.07255351543426514 0.00010039570042863488 0.00263113621622324
v -0.07075884938240051 -0.0002532518410589546 0.0026305136270821095
v -0.07075642049312592 -0.00025474184076301754 0.009290250018239021
v -0.0707545205950737 -0.0002595989208202809 0.015948781743645668
v -0.07075455784797668 -0.00026565263397060335 0.022606682032346725
v -0.07075721770524979 -0.0002767767000477761 0.029264353215694427
v -0.070774607360363 -0.00034649003646336496 0.035921283066272736
v -0.07076740264892578 -0.0003726118884515017 0.042579855769872665
v -0.07428371906280518 0.0007716661784797907 0.002626748289912939
v -0.07428338378667831 0.0007717121625319123 0.009288270026445389
v -0.07428324222564697 0.0007717336993664503 0.01594751514494419
v -0.07428324222564697 0.0007717336993664503 0.01594751514494419
v -0.07428321987390518 0.0007717412663623691 0.02260507456958294
v -0.07428321987390518 0.0007717252592556179 0.029261816293001175
v -0.07428321987390518 0.0007717252592556179 0.029261816293001175
v -0.07428321987390518 0.0007717252592556179 0.029261816293001175
v -0.07428321987390518 0.0007717252592556179 0.029261816293001175
v -0.07427874207496643 0.0007725486066192389 0.03591844439506531
v -0.07426120340824127 0.0007882965728640556 0.04257441684603691
v -0.07255345582962036 0.0009759524837136269 0.0026259473524987698
v -0.07255345582962036 0.0009759524837136269 0.0026259473524987698
v -0.07255291938781738 0.0009760120883584023 0.009286602959036827
v -0.07255291938781738 0.0009760120883584023 0.009286602959036827
v -0.07255258411169052 0.0009760564425960183 0.01594642363488674
v -0.07255246490240097 0.0009760753018781543 0.022604959085583687
v -0.07255347818136215 0.0009759449167177081 0.029261929914355278
v -0.07254697382450104 0.0009678163332864642 0.03591763973236084
v -0.07253938913345337 0.0010562693933025002 0.04257138445973396
v -0.07074004411697388 0.0013867849484086037 0.04257313162088394
v -0.07074745744466782 0.001248098211362958 0.0359208807349205
v -0.07075896114110947 0.0013011128176003695 0.02926667034626007
v -0.07075508683919907 0.0013014297001063824 0.022608598694205284
v -0.0707552433013916 0.0013013631105422974 0.015948330983519554
v -0.07075551897287369 0.001301388954743743 0.009287664666771889
v -0.07075599581003189 0.0013011957053095102 0.00262760603800416
v -0.06640518456697464 -0.000509092933498323 0.002358213532716036
v -0.06640617549419403 -0.0005100328708067536 0.00872727483510971
v -0.06639248877763748 -0.0005142742302268744 0.01511460542678833
v -0.06637926399707794 -0.000642073224298656 0.02150900475680828
v -0.06643545627593994 -0.0008728865068405867 0.027887146919965744
v -0.06659187376499176 -0.0011646202765405178 0.03424839302897453
v -0.06678688526153564 -0.0013718700502067804 0.040608424693346024
v -0.06802394241094589 -0.0009271835442632437 0.041615940630435944
v -0.06802394241094589 -0.0009271835442632437 0.041615940630435944
v -0.0678967610001564 -0.0009428192861378193 0.0351027213037014
v -0.0678967610001564 -0.0009428192861378193 0.0351027213037014
v -0.06774971634149551 -0.000730009051039815 0.028591664507985115
v -0.06769419461488724 -0.0005482492269948125 0.022067800164222717
v -0.06771254539489746 -0.0005437069339677691 0.015538416802883148
v -0.06771571189165115 -0.0005451291799545288 0.00901382602751255
v -0.06771516054868698 -0.0005457703955471516 0.0024965088814496994
v -0.06771492958068848 0.0015818227548152208 0.0024956297129392624
v -0.06771445274353027 0.0015818742103874683 0.00901227816939354
v -0.06771685183048248 0.0015833531506359577 0.015528921037912369
v -0.06772772967815399 0.0015813803765922785 0.02203374169766903
v -0.06772889941930771 0.0013431007973849773 0.028537431731820107
v -0.06773680448532104 0.0009049291256815195 0.03504529222846031
v -0.06765858083963394 0.0012058946304023266 0.04154529422521591
v -0.06639064848423004 0.0009076080750674009 0.04051300510764122
v -0.06645099818706512 0.0007652950589545071 0.03414519131183624
v -0.06644986569881439 0.0010844678618013859 0.027782471850514412
v -0.06643740087747574 0.0013637598603963852 0.021432286128401756
v -0.0664297491312027 0.0015358452219516039 0.01508353278040886
v -0.06640904396772385 0.001538582844659686 0.008722485974431038
v -0.06640803068876266 0.0015394454821944237 0.0023523857817053795
v 0.06573005765676498 0.0016933323349803686 0.002384612802416086
v 0.06570953875780106 0.0016908287070691586 0.008760211989283562
v 0.06569337844848633 0.0016866200603544712 0.015130091458559036
v 0.06570211797952652 0.0016578217037022114 0.02149590477347374
v 0.06571189314126968 0.0016334319952875376 0.02786419354379177
v 0.06570667028427124 0.0016194789204746485 0.034239161759614944
v 0.0656721368432045 0.001613858388736844 0.04062134027481079
v 0.06692403554916382 0.0015202625654637814 0.041717443615198135
v 0.06695377826690674 0.0015435901004821062 0.03518360108137131
v 0.06696061044931412 0.0015552572440356016 0.028652505949139595
v 0.06695281714200974 0.0015561182517558336 0.022123152390122414
v 0.06693918257951736 0.0015599641483277082 0.015591796487569809
v 0.06693492084741592 0.001559628639370203 0.009059600532054901
v 0.06693148612976074 0.0015593275893479586 0.0025247358717024326
v 0.06698869913816452 -0.0005376720800995827 0.002519425470381975
v 0.06698930263519287 -0.0005369355203583837 0.009054452180862427
v 0.06698698550462723 -0.0005354243330657482 0.015589233487844467
v 0.06698630005121231 -0.0005346573889255524 0.022124018520116806
v 0.06698627024888992 -0.0005348015110939741 0.028659094125032425
v 0.06697329878807068 -0.0005308035761117935 0.035194139927625656
v 0.06693924218416214 -0.0005089784972369671 0.041728369891643524
v 0.06568559259176254 -0.0004483528609853238 0.04063381627202034
v 0.06571907550096512 -0.000479230162454769 0.03425774350762367
v 0.06573060899972916 -0.0004927297122776508 0.02788151614367962
v 0.06572942435741425 -0.0004936528857797384 0.02150399051606655
v 0.06572959572076797 -0.0004951736191287637 0.015126630663871765
v 0.0657317042350769 -0.0004924641689285636 0.008749574422836304
v 0.06573114544153214 -0.00048547828919254243 0.0023727165535092354
v -0.0676283985376358 -0.0010116337798535824 0.04130956530570984
v -0.06749419122934341 -0.0009934613481163979 0.03484225645661354
v -0.06734204292297363 -0.0007418699096888304 0.02837918885052204
v -0.06728522479534149 -0.000526093877851963 0.021899055689573288
v -0.06730848550796509 -0.00047405363875441253 0.01541055552661419
v -0.06731414794921875 -0.0004741685406770557 0.00892740860581398
v -0.06731273233890533 -0.00047510044532828033 0.0024550803937017918
v -0.0673137679696083 0.0015102343168109655 0.00245225103572011
v -0.06731453537940979 0.0015102340839803219 0.008924316614866257
v -0.0673239603638649 0.00150977517478168 0.015391817316412926
v -0.06733819097280502 0.0014809395652264357 0.021848982200026512
v -0.06735000014305115 0.0012175391893833876 0.028301386162638664
v -0.0673513263463974 0.0008285554358735681 0.03476480767130852
v -0.06726522743701935 0.0011437430512160063 0.04122759401798248
v 0.0665292963385582 0.001509837806224823 0.04137511923909187
v 0.06656040251255035 0.0015128625091165304 0.034888170659542084
v 0.06656476110219955 0.0015194450970739126 0.02840668335556984
v 0.06655429303646088 0.0015287527348846197 0.021929144859313965
v 0.06653893738985062 0.001539221964776516 0.015450756996870041
v 0.06654462963342667 0.0015438476111739874 0.008970342576503754
v 0.06655097752809525 0.0015452110674232244 0.0024853921495378017
v 0.06659402698278427 -0.0004597424704115838 0.0024743112735450268
v 0.06659478694200516 -0.00046407405170612037 0.008959874510765076
v 0.06659292429685593 -0.0004645759181585163 0.015445565804839134
v 0.06659319996833801 -0.0004640217812266201 0.021931001916527748
v 0.06659452617168427 -0.00046382678556255996 0.028416747227311134
v 0.0665823444724083 -0.0004607258306350559 0.03490263223648071
v 0.06654787808656693 -0.0004468616971280426 0.041388124227523804
v 0.07064373791217804 0.001104276510886848 0.002663725521415472
v 0.07064632326364517 0.001103169284760952 0.009349361062049866
v 0.07064936310052872 0.0011028312146663666 0.016034994274377823
v 0.07065193355083466 0.001102543668821454 0.02272053062915802
v 0.07065305858850479 0.0011025641579180956 0.02940613217651844
v 0.07065030932426453 0.0011022008256986737 0.03609130159020424
v 0.07062768191099167 0.0010850934777408838 0.0427771657705307
v 0.07063973695039749 -0.00014869586448185146 0.04277656599879265
v 0.07065331935882568 -0.00012688612332567573 0.03609253466129303
v 0.07065529376268387 -0.0001259931013919413 0.029406819492578506
v 0.07065555453300476 -0.00012592013808898628 0.022720741108059883
v 0.07065585255622864 -0.0001261087309103459 0.016034629195928574
v 0.07065615803003311 -0.00012691036681644619 0.009348515421152115
v 0.07065531611442566 -0.00013467995449900627 0.002662220038473606
v -0.07120613008737564 -0.0000979732139967382 0.0026306016370654106
v -0.07120446860790253 -0.00010485280654393137 0.009289316833019257
v -0.07120343297719955 -0.00011199238360859454 0.01594734378159046
v -0.07120376080274582 -0.00011919322423636913 0.022604690864682198
v -0.0712047591805458 -0.00012721726670861244 0.029261555522680283
v -0.07120133191347122 -0.00014570806524716318 0.03591812029480934
v -0.07119356095790863 -0.00017046122229658067 0.04257524758577347
v -0.0711936429142952 0.0012550166575238109 0.04256972670555115
v -0.07119208574295044 0.0010877838358283043 0.03591805696487427
v -0.07120553404092789 0.0011507563758641481 0.029262537136673927
v -0.07120406627655029 0.0011541552376002073 0.022604914382100105
v -0.07120424509048462 0.0011541584972292185 0.015946142375469208
v -0.07120469212532043 0.0011541015701368451 0.009286278858780861
v -0.07120528072118759 0.0011541058775037527 0.002625976223498583
v 0.06861318647861481 0.0013497855979949236 0.0026640943251550198
v 0.06861574947834015 0.0013486873358488083 0.009348584339022636
v 0.06862205266952515 0.0013484240043908358 0.016032859683036804
v 0.06862764805555344 0.0013486910611391068 0.0227170679718256
v 0.06863201409578323 0.0013490277342498302 0.029401279985904694
v 0.0686267614364624 0.0013584000989794731 0.036086443811655045
v 0.06860361248254776 0.0013493138831108809 0.0427728071808815
v 0.06968851387500763 0.0012076988350600004 0.042775314301252365
v 0.06971120089292526 0.0012151640839874744 0.036088693886995316
v 0.06971902400255203 0.0012181828496977687 0.02940322831273079
v 0.06971599906682968 0.0012193811126053333 0.022718604654073715
v 0.06971181929111481 0.0012206821702420712 0.01603396050632
v 0.06970778852701187 0.001221983227878809 0.009349159896373749
v 0.06970593333244324 0.0012230380671098828 0.002663964871317148
v 0.06861312687397003 -0.00032770013785921037 0.04277705401182175
v 0.06863287836313248 -0.000322724663419649 0.03609234467148781
v 0.06864070892333984 -0.00032156574889086187 0.02940703183412552
v 0.06864113360643387 -0.00032138926326297224 0.02272074669599533
v 0.06864091753959656 -0.00032074583577923477 0.016034582629799843
v 0.06864134967327118 -0.00031944140209816396 0.009348465129733086
v 0.06864205002784729 -0.00032412048312835395 0.002662594895809889
v 0.06972511857748032 -0.0002191525127273053 0.0026616519317030907
v 0.0697249174118042 -0.0002159391005989164 0.009348105639219284
v 0.06972478330135345 -0.0002164161705877632 0.016034454107284546
v 0.06972460448741913 -0.00021635016310028732 0.02272074669599533
v 0.0697241798043251 -0.00021633689175359905 0.029406925663352013
v 0.06971750408411026 -0.0002237235603388399 0.03609298914670944
v 0.06969873607158661 -0.0002360114303883165 0.04277836158871651
v -0.06939514726400375 -0.0003265856939833611 0.0026308377273380756
v -0.06939466297626495 -0.000326948327710852 0.009289326146245003
v -0.06939282268285751 -0.00032888594432733953 0.015947695821523666
v -0.06939157843589783 -0.0003303138946648687 0.02260661870241165
v -0.06939951330423355 -0.00036937519325874746 0.029265819117426872
v -0.0694245994091034 -0.0004316960403230041 0.035923901945352554
v -0.06942480057477951 -0.0003202635271009058 0.04258072376251221
v -0.07035002112388611 -0.00025812521926127374 0.04257750138640404
v -0.07034630328416824 -0.00028192574973218143 0.035919833928346634
v -0.07032644003629684 -0.00023603157023899257 0.029263101518154144
v -0.07032357901334763 -0.0002220569585915655 0.022605322301387787
v -0.07032386213541031 -0.00021663724328391254 0.01594734936952591
v -0.07032592594623566 -0.00021213034051470459 0.009289348497986794
v -0.07032757997512817 -0.0002128007763531059 0.0026304498314857483
v -0.06937078386545181 0.001312557840719819 0.042558323591947556
v -0.06941258162260056 0.0009847276378422976 0.03592146933078766
v -0.06939850002527237 0.0013145830016583204 0.029274817556142807
v -0.06939518451690674 0.0013691224157810211 0.022614512592554092
v -0.06939329206943512 0.0013680486008524895 0.0159514918923378
v -0.06939346343278885 0.0013679172843694687 0.009288441389799118
v -0.06939370930194855 0.001367934513837099 0.002629521768540144
v -0.07032474130392075 0.0012579663889482617 0.0026283636689186096
v -0.07032458484172821 0.001257999218069017 0.00928792916238308
v -0.07032451033592224 0.0012581015471369028 0.015949388965964317
v -0.07032477110624313 0.001258072443306446 0.022611375898122787
v -0.07033272832632065 0.0012332522310316563 0.02927025966346264
v -0.0703444629907608 0.001090498873963952 0.035920850932598114
v -0.07030785828828812 0.0013738633133471012 0.04256819561123848
v -0.06876234710216522 -0.0004898925544694066 0.04231497645378113
v -0.0687081590294838 -0.0006398448022082448 0.035698723047971725
v -0.0686291977763176 -0.0004910251591354609 0.029084578156471252
v -0.06860789656639099 -0.0004031163116451353 0.022458158433437347
v -0.06861719489097595 -0.00039871965418569744 0.01583261601626873
v -0.06861844658851624 -0.00039973805542103946 0.009211620315909386
v -0.06861770898103714 -0.0004031971038784832 0.0025930949486792088
v -0.06806789338588715 -0.0004321216547396034 0.002533399499952793
v -0.06806809455156326 -0.0004303997557144612 0.009089833125472069
v -0.06806612014770508 -0.00043064935016445816 0.015651211142539978
v -0.06805118918418884 -0.00043516719597391784 0.022218072786927223
v -0.06807484477758408 -0.0005481379339471459 0.028783774003386497
v -0.06815578043460846 -0.0006783482385799289 0.0353354886174202
v -0.06815578043460846 -0.0006783482385799289 0.0353354886174202
v -0.06822971999645233 -0.0006192302098497748 0.04188767075538635
v -0.06822971999645233 -0.0006192302098497748 0.04188767075538635
v -0.06861630082130432 0.0014373634476214647 0.0025930176489055157
v -0.06861651688814163 0.0014373541343957186 0.009211359545588493
v -0.06861679255962372 0.0014372682198882103 0.01583315245807171
v -0.06862344592809677 0.001430670265108347 0.022447530180215836
v -0.06863384693861008 0.001315099187195301 0.02906360663473606
v -0.06863883137702942 0.0009575391886755824 0.03567221760749817
v -0.06857188791036606 0.0012667671544477344 0.042267315089702606
v -0.0680234432220459 0.001221966464072466 0.04182609170675278
v -0.06809798628091812 0.0008734578732401133 0.03529003635048866
v -0.06808850914239883 0.0012677742633968592 0.028741370886564255
v -0.06807424873113632 0.0014579033013433218 0.02219434082508087
v -0.06806666404008865 0.0014681722968816757 0.015647798776626587
v -0.0680665522813797 0.00146816810593009 0.009089143946766853
v -0.06806710362434387 0.0014681550674140453 0.0025330386124551296
v 0.06779564917087555 0.0014170450158417225 0.04246833547949791
v 0.06782277673482895 0.0014269244857132435 0.035825423896312714
v 0.06783058494329453 0.0014276676811277866 0.02918301895260811
v 0.06782200932502747 0.0014284192584455013 0.022542772814631462
v 0.06781136244535446 0.0014294241555035114 0.015902668237686157
v 0.06780165433883667 0.001431228592991829 0.009263098239898682
v 0.06779412180185318 0.001433452358469367 0.0026228581555187702
v 0.0672762393951416 0.0014575766399502754 0.0025629461742937565
v 0.06728247553110123 0.0014525942970067263 0.009138785302639008
v 0.06729056686162949 0.0014503058046102524 0.01571400836110115
v 0.06730415672063828 0.0014498031232506037 0.022290606051683426
v 0.06731195747852325 0.001450925599783659 0.02886560745537281
v 0.06730756163597107 0.0014598234556615353 0.03544174134731293
v 0.06727977097034454 0.0014497707597911358 0.042019739747047424
v 0.06784616410732269 -0.0003917859576176852 0.002621011808514595
v 0.06784570217132568 -0.0003864096652250737 0.009263530373573303
v 0.06784467399120331 -0.00038636228418909013 0.01590595953166485
v 0.06784515827894211 -0.0003864459868054837 0.022548384964466095
v 0.06784562766551971 -0.00038630314520560205 0.02919081225991249
v 0.06783517450094223 -0.00039254219154827297 0.03583310544490814
v 0.06780825555324554 -0.00039747156552039087 0.04247487336397171
v 0.0672922432422638 -0.00041516017518006265 0.04202687367796898
v 0.06732048839330673 -0.000417534465668723 0.03544962406158447
v 0.06733208149671555 -0.00041872632573358715 0.0288719329982996
v 0.06733214110136032 -0.0004186768492218107 0.022293739020824432
v 0.06733250617980957 -0.0004188510065432638 0.015715641900897026
v 0.06733451038599014 -0.00042017546365968883 0.00913766399025917
v 0.06733541190624237 -0.0004255507083144039 0.0025598639622330666
v -0.049786604940891266 0.01626281812787056 -0.007550132926553488
v 0.04847414419054985 0.01541935931891203 -0.007641508709639311
v -0.05736638233065605 0.01114355307072401 -0.007572992704808712
v -0.05736638233065605 0.01114355307072401 -0.007572992704808712
v 0.05634286254644394 0.010835452936589718 -0.007565029431134462
v 0.06379041075706482 0.003064792836084962 -0.007575797848403454
v 0.06379041075706482 0.003064792836084962 -0.007575797848403454
v -0.06436225771903992 0.002868460724130273 -0.007595176808536053
v -0.06436225771903992 0.002868460724130273 -0.007595176808536053
v -0.06898289173841476 0.001506999833509326 -0.007623943965882063
v 0.06816796958446503 0.0015077933203428984 -0.0076127122156322
v 0.07608938962221146 0.0004212113271933049 -0.007617673370987177
v -0.07603763043880463 0.0005645861965604126 -0.0076398043893277645
v -0.07603763043880463 0.0005645861965604126 -0.0076398043893277645
v 0.07411184161901474 0.0006622513756155968 -0.007617793511599302
v 0.07411184161901474 0.0006622513756155968 -0.007617793511599302
v 0.07411184161901474 0.0006622513756155968 -0.007617793511599302
v 0.07217299193143845 0.0009011438814923167 -0.007617328781634569
v 0.07016564905643463 0.0012579797767102718 -0.0076164426282048225
v -0.0742691233754158 0.0007733459351584315 -0.007639814633876085
v -0.07254203408956528 0.0009771758923307061 -0.007638143841177225
v -0.07254203408956528 0.0009771758923307061 -0.007638143841177225
v -0.07254203408956528 0.0009771758923307061 -0.007638143841177225
v -0.07075422257184982 0.0013010441325604916 -0.0076333265751600266
v -0.06771479547023773 0.0015814874786883593 -0.0076127550564706326
v -0.06640604883432388 0.0015415626112371683 -0.007604293990880251
v 0.0669277235865593 0.0015711106825619936 -0.007597408723086119
v 0.0657338798046112 0.0017098025418817997 -0.00758361304178834
v -0.06731235980987549 0.0015101965982466936 -0.007609602529555559
v 0.0665484070777893 0.0015634605661034584 -0.007589563261717558
v 0.07064238935709 0.0011085130972787738 -0.007616861257702112
v -0.07119826972484589 0.0011540459236130118 -0.0076365224085748196
v 0.06861825287342072 0.0013712674845010042 -0.007615203037858009
v 0.0697067454457283 0.0012296643108129501 -0.007616095244884491
v -0.06939610838890076 0.0013673137873411179 -0.007628334686160088
v -0.0703260526061058 0.0012573703425005078 -0.00763008464127779
v -0.06861621886491776 0.0014371168799698353 -0.0076197967864573
v -0.06806714087724686 0.001467906404286623 -0.007615791168063879
v 0.06779488921165466 0.0014656975399702787 -0.007607435341924429
v 0.06727766245603561 0.0014827609993517399 -0.007602327968925238
v -0.04371842369437218 -0.015805575996637344 -0.004161864519119263
v -0.03793037682771683 -0.0157666876912117 -0.0041528064757585526
v -0.03214259818196297 -0.01581268012523651 -0.0041504958644509315
v -0.02635495364665985 -0.015812762081623077 -0.004148762673139572
v -0.020566122606396675 -0.015811793506145477 -0.004147660918533802
v -0.014776070602238178 -0.015811704099178314 -0.004146968014538288
v -0.008985444903373718 -0.01581159234046936 -0.004146583378314972
v -0.0031943090725690126 -0.01581159234046936 -0.004146760329604149
v 0.002596640959382057 -0.015811506658792496 -0.004145879298448563
v 0.008387817069888115 -0.015811312943696976 -0.004145137034356594
v 0.014179045334458351 -0.015811290591955185 -0.0041456688195466995
v 0.019970083609223366 -0.015811193734407425 -0.004146398976445198
v 0.025760989636182785 -0.01581105962395668 -0.004148022271692753
v 0.03155180811882019 -0.015809062868356705 -0.004150287248194218
v 0.03734277933835983 -0.015804816037416458 -0.004154166206717491
v 0.04313408210873604 -0.015841636806726456 -0.004162326455116272
v 0.04316341131925583 -0.01580454781651497 0.03793449327349663
v 0.037372227758169174 -0.015810545533895493 0.03793679550290108
v 0.03158241882920265 -0.0158071368932724 0.03793788701295853
v 0.025794122368097305 -0.015818234533071518 0.037938494235277176
v 0.02000570297241211 -0.015825573354959488 0.03793837130069733
v 0.014217644929885864 -0.015845224261283875 0.03793768584728241
v 0.008429169654846191 -0.015863977372646332 0.03793587535619736
v 0.0026401402428746223 -0.015885580331087112 0.03793420270085335
v -0.0031490365508943796 -0.015908092260360718 0.03793242946267128
v -0.008937973529100418 -0.015932083129882812 0.037928953766822815
v -0.014727690257132053 -0.0159602053463459 0.03792737424373627
v -0.02051827497780323 -0.015984542667865753 0.03792436420917511
v -0.026310138404369354 -0.01601066067814827 0.03792194649577141
v -0.032103851437568665 -0.01601533591747284 0.03792158514261246
v -0.037897251546382904 -0.01601589471101761 0.03791581094264984
v -0.04368913546204567 -0.01608607918024063 0.03790080174803734
v 0.04258383437991142 0.016791004687547684 -0.0038198158144950867
v 0.036851104348897934 0.016954880207777023 -0.0037948344834148884
v 0.031099647283554077 0.016897544264793396 -0.0037997649051249027
v 0.0253374632447958 0.016904566437005997 -0.0038033537566661835
v -0.026422780007123947 0.01690410077571869 -0.0037709553726017475
v -0.03219437971711159 0.016904104501008987 -0.003771089483052492
v -0.03797169774770737 0.01690395176410675 -0.003770989365875721
v -0.04375304654240608 0.01690535992383957 -0.0037704450078308582
v -0.043810490518808365 0.015460312366485596 0.037879228591918945
v -0.038070447742938995 0.015910927206277847 0.03791084885597229
v -0.03231112286448479 0.016293086111545563 0.03794291615486145
v -0.026537194848060608 0.016511380672454834 0.03796292096376419
v -0.02075822278857231 0.01667199656367302 0.037980467081069946
v -0.014975537545979023 0.01674756407737732 0.037991009652614594
v -0.009191162884235382 0.01677953451871872 0.03799685835838318
v -0.0034051653929054737 0.016803603619337082 0.03799961507320404
v 0.0023829166311770678 0.016824904829263687 0.03800033777952194
v 0.008173024281859398 0.016838010400533676 0.03799846023321152
v 0.013964716345071793 0.016844753175973892 0.03799346089363098
v 0.019757945090532303 0.016843315213918686 0.03798485919833183
v 0.0255521759390831 0.01682281866669655 0.03797198086977005
v 0.03134641423821449 0.016775552183389664 0.03795447573065758
v 0.037139877676963806 0.016712814569473267 0.03793272748589516
v 0.042931701987981796 0.016677677631378174 0.037909265607595444
v -0.043788716197013855 0.010873420163989067 -0.040265124291181564
v -0.03799838945269585 0.010881641879677773 -0.04047730937600136
v -0.03221443295478821 0.01089255791157484 -0.04077719524502754
v -0.0264237429946661 0.010903210379183292 -0.04086669906973839
v -0.020632978528738022 0.010913793928921223 -0.040899455547332764
v -0.014842852018773556 0.010924894362688065 -0.0409163162112236
v -0.009053291752934456 0.010936666280031204 -0.04092775285243988
v -0.00326423323713243 0.01094913575798273 -0.04093792662024498
v 0.0025244466960430145 0.010962278582155704 -0.040949609130620956
v 0.008312957361340523 0.010976132936775684 -0.04096740856766701
v 0.014101702719926834 0.010990696959197521 -0.040985722094774246
v 0.019891314208507538 0.011005768552422523 -0.04098692163825035
v 0.02568189799785614 0.011020920239388943 -0.04092816263437271
v 0.0314546599984169 0.01102965883910656 -0.040479812771081924
v 0.03724081814289093 0.011034444905817509 -0.04050274193286896
v 0.04288315027952194 0.010914972051978111 -0.04145378619432449
v 0.042940400540828705 -0.00990514550358057 -0.04123174399137497
v 0.03728950396180153 -0.00991388875991106 -0.04022901877760887
v 0.03152637183666229 -0.009917890653014183 -0.04082074016332626
v 0.025736253708600998 -0.009935184381902218 -0.04092885181307793
v 0.01994544267654419 -0.00995011068880558 -0.04092970862984657
v 0.014155046083033085 -0.0099650789052248 -0.04094041511416435
v 0.008364547044038773 -0.009979519061744213 -0.04095024615526199
v 0.002573738107457757 -0.009993321262300014 -0.04096243157982826
v -0.0032175607047975063 -0.010006480850279331 -0.04096955060958862
v -0.009009251371026039 -0.010018930770456791 -0.04096713289618492
v -0.014801186509430408 -0.010030693374574184 -0.04095607250928879
v -0.02059323713183403 -0.01004188135266304 -0.0409344844520092
v -0.026385262608528137 -0.010052763856947422 -0.040893424302339554
v -0.03217610716819763 -0.010062461718916893 -0.040780939161777496
v -0.037961818277835846 -0.010070565156638622 -0.040520329028367996
v -0.04375359043478966 -0.010079216212034225 -0.040531814098358154
v 0.042967289686203 0.01101736444979906 0.04105236008763313
v 0.037177760154008865 0.010972518473863602 0.04108901694417
v 0.031385816633701324 0.010924110189080238 0.041039131581783295
v 0.025594087317585945 0.010874329134821892 0.04097739979624748
v 0.01980254426598549 0.010823690332472324 0.04091978073120117
v 0.014011072926223278 0.010772714391350746 0.04087210074067116
v 0.008219960145652294 0.01072164997458458 0.040834564715623856
v 0.0024291633162647486 0.010670829564332962 0.04080655425786972
v -0.003361096139997244 0.010620467364788055 0.040791064500808716
v -0.009150879457592964 0.010570993646979332 0.04079069197177887
v -0.014940645545721054 0.010523136705160141 0.040806159377098083
v -0.02073122188448906 0.01047716848552227 0.040759045630693436
v -0.026511140167713165 0.01042364165186882 0.04072815924882889
v -0.03228276968002319 0.01037123054265976 0.04070476070046425
v -0.03790852800011635 0.01030007191002369 0.0408286489546299
v -0.04368587210774422 0.010100162588059902 0.041450440883636475
v -0.04355219379067421 -0.010621427558362484 0.04185705631971359
v -0.0379231795668602 -0.010615665465593338 0.04074237495660782
v -0.03213633969426155 -0.01057392917573452 0.04074963927268982
v -0.026358040049672127 -0.010522358119487762 0.040785014629364014
v -0.020566435530781746 -0.01047524157911539 0.04078996181488037
v -0.01477473322302103 -0.010427848435938358 0.04114019498229027
v -0.008983303792774677 -0.010379170067608356 0.04114365205168724
v -0.0031922836787998676 -0.010329512879252434 0.0411461777985096
v 0.0025985853280872107 -0.010279323905706406 0.041144922375679016
v 0.008389251306653023 -0.01022904273122549 0.041134342551231384
v 0.014179779216647148 -0.01017874013632536 0.04111846908926964
v 0.019970277324318886 -0.010128605179488659 0.04109775647521019
v 0.025760743767023087 -0.010078775696456432 0.04106253385543823
v 0.031551312655210495 -0.01002955250442028 0.04101444035768509
v 0.037341952323913574 -0.009981933049857616 0.04093707352876663
v 0.043126389384269714 -0.009931576438248158 0.040672462433576584
v 0.04316137731075287 -0.015008088201284409 0.04021583870053291
v 0.04316137731075287 -0.015008088201284409 0.04021583870053291
v 0.03737318143248558 -0.015030832029879093 0.04022828862071037
v 0.03737318143248558 -0.015030832029879093 0.04022828862071037
v 0.031584419310092926 -0.015063757076859474 0.04024437442421913
v 0.031584419310092926 -0.015063757076859474 0.04024437442421913
v 0.025795748457312584 -0.015100683085620403 0.04025556892156601
v 0.025795748457312584 -0.015100683085620403 0.04025556892156601
v 0.020006723701953888 -0.015141946263611317 0.04026683419942856
v 0.020006723701953888 -0.015141946263611317 0.04026683419942856
v 0.01421751081943512 -0.015182889997959137 0.04027342423796654
v 0.01421751081943512 -0.015182889997959137 0.04027342423796654
v 0.008428159169852734 -0.015225928276777267 0.04027826711535454
v 0.008428159169852734 -0.015225928276777267 0.04027826711535454
v 0.0026386957615613937 -0.015274313278496265 0.040283601731061935
v 0.0026386957615613937 -0.015274313278496265 0.040283601731061935
v -0.003151149721816182 -0.01532569620758295 0.040289174765348434
v -0.003151149721816182 -0.01532569620758295 0.040289174765348434
v -0.008941329084336758 -0.015377872623503208 0.04029187560081482
v -0.008941329084336758 -0.015377872623503208 0.04029187560081482
v -0.014732131734490395 -0.01543146651238203 0.04029308259487152
v -0.014732131734490395 -0.01543146651238203 0.04029308259487152
v -0.02052331529557705 -0.015488590113818645 0.04029523953795433
v -0.02052331529557705 -0.015488590113818645 0.04029523953795433
v -0.02631491981446743 -0.015542331151664257 0.040297575294971466
v -0.02631491981446743 -0.015542331151664257 0.040297575294971466
v -0.03210862725973129 -0.015578397549688816 0.04031044989824295
v -0.03210862725973129 -0.015578397549688816 0.04031044989824295
v -0.03790511563420296 -0.015557779930531979 0.040308911353349686
v -0.03790511563420296 -0.015557779930531979 0.040308911353349686
v -0.04369906708598137 -0.015419130213558674 0.04023865982890129
v -0.04369906708598137 -0.015419130213558674 0.04023865982890129
v -0.04382243752479553 0.014885811135172844 0.040233343839645386
v -0.038059551268815994 0.01514724362641573 0.04022035002708435
v -0.038059551268815994 0.01514724362641573 0.04022035002708435
v -0.032296717166900635 0.015480037778615952 0.040251802653074265
v -0.032296717166900635 0.015480037778615952 0.040251802653074265
v -0.026529556140303612 0.015598312951624393 0.040186259895563126
v -0.026529556140303612 0.015598312951624393 0.040186259895563126
v -0.020756293088197708 0.01557821873575449 0.04010538011789322
v -0.020756293088197708 0.01557821873575449 0.04010538011789322
v -0.014974918216466904 0.01561968307942152 0.04011372849345207
v -0.014974918216466904 0.01561968307942152 0.04011372849345207
v -0.009189402684569359 0.01567208021879196 0.04013530910015106
v -0.009189402684569359 0.01567208021879196 0.04013530910015106
v -0.0034013749100267887 0.015722565352916718 0.040152620524168015
v -0.0034013749100267887 0.015722565352916718 0.040152620524168015
v 0.0023882074747234583 0.015770871192216873 0.040166229009628296
v 0.0023882074747234583 0.015770871192216873 0.040166229009628296
v 0.008179175667464733 0.01581713557243347 0.04017947241663933
v 0.008179175667464733 0.01581713557243347 0.04017947241663933
v 0.013971185311675072 0.015859849750995636 0.04019293934106827
v 0.013971185311675072 0.015859849750995636 0.04019293934106827
v 0.019763890653848648 0.015898149460554123 0.040206633508205414
v 0.019763890653848648 0.015898149460554123 0.040206633508205414
v 0.025557082146406174 0.015932410955429077 0.04022221639752388
v 0.025557082146406174 0.015932410955429077 0.04022221639752388
v 0.031350668519735336 0.015960175544023514 0.04023963585495949
v 0.031350668519735336 0.015960175544023514 0.04023963585495949
v 0.03714548423886299 0.01596943289041519 0.04024994373321533
v 0.03714548423886299 0.01596943289041519 0.04024994373321533
v 0.04294164851307869 0.01593691110610962 0.04022980481386185
v 0.04294164851307869 0.01593691110610962 0.04022980481386185
v 0.04301963374018669 0.015850316733121872 -0.039893124252557755
v 0.03723767399787903 0.01604936271905899 -0.04013947397470474
v 0.03723767399787903 0.01604936271905899 -0.04013947397470474
v 0.031445980072021484 0.016107074916362762 -0.0402311235666275
v 0.031445980072021484 0.016107074916362762 -0.0402311235666275
v 0.025656988844275475 0.016078133136034012 -0.0402330718934536
v 0.025656988844275475 0.016078133136034012 -0.0402330718934536
v 0.019870908930897713 0.016047045588493347 -0.0402207188308239
v 0.019870908930897713 0.016047045588493347 -0.0402207188308239
v 0.014084749855101109 0.01603228971362114 -0.0402165912091732
v 0.014084749855101109 0.01603228971362114 -0.0402165912091732
v 0.008297983556985855 0.01602325588464737 -0.04021262004971504
v 0.008297983556985855 0.01602325588464737 -0.04021262004971504
v 0.002510799327865243 0.016014710068702698 -0.04020746797323227
v 0.002510799327865243 0.016014710068702698 -0.04020746797323227
v -0.0032767849043011665 0.016004733741283417 -0.040201496332883835
v -0.0032767849043011665 0.016004733741283417 -0.040201496332883835
v -0.009064669720828533 0.015994027256965637 -0.04019502177834511
v -0.009064669720828533 0.015994027256965637 -0.04019502177834511
v -0.014852823689579964 0.015984077006578445 -0.04018760472536087
v -0.014852823689579964 0.015984077006578445 -0.04018760472536087
v -0.02064122073352337 0.01597604900598526 -0.040179576724767685
v -0.02064122073352337 0.01597604900598526 -0.040179576724767685
v -0.026429833844304085 0.0159713514149189 -0.04017168655991554
v -0.026429833844304085 0.0159713514149189 -0.04017168655991554
v -0.032218508422374725 0.015971988439559937 -0.04016362130641937
v -0.032218508422374725 0.015971988439559937 -0.04016362130641937
v -0.03800668567419052 0.015982646495103836 -0.04015396907925606
v -0.03800668567419052 0.015982646495103836 -0.04015396907925606
v -0.04379473626613617 0.01599203050136566 -0.040138129144907
v -0.04379473626613617 0.01599203050136566 -0.040138129144907
v -0.043794337660074234 0.016843091696500778 -0.037985365837812424
v -0.03800581395626068 0.01681935042142868 -0.037987031042575836
v -0.03221830725669861 0.016808319836854935 -0.037993837147951126
v -0.02643033117055893 0.016807127743959427 -0.03799948841333389
v -0.02064231038093567 0.0168079175055027 -0.038004543632268906
v -0.014854569919407368 0.01680852845311165 -0.03800901398062706
v -0.009067167527973652 0.016810692846775055 -0.03801300749182701
v -0.0032801839988678694 0.016812294721603394 -0.038015879690647125
v 0.002506282879039645 0.016811013221740723 -0.03801708295941353
v 0.008292129263281822 0.016805659979581833 -0.038016047328710556
v 0.014077226631343365 0.01679696887731552 -0.03801329433917999
v 0.0198618583381176 0.01678572967648506 -0.03800925239920616
v 0.02564593032002449 0.01675695925951004 -0.03800120949745178
v 0.03142927214503288 0.016789276152849197 -0.037991948425769806
v 0.03721395879983902 0.016918644309043884 -0.03798114135861397
v 0.0430026575922966 0.01693544164299965 -0.037961166352033615
v 0.04311578348278999 -0.01489807479083538 -0.04016929119825363
v 0.04311578348278999 -0.01489807479083538 -0.04016929119825363
v 0.03732602298259735 -0.014965487644076347 -0.04018820822238922
v 0.03732602298259735 -0.014965487644076347 -0.04018820822238922
v 0.03153780475258827 -0.014969523064792156 -0.040185634046792984
v 0.03153780475258827 -0.014969523064792156 -0.040185634046792984
v 0.025748489424586296 -0.014976775273680687 -0.040190890431404114
v 0.025748489424586296 -0.014976775273680687 -0.040190890431404114
v 0.019958456978201866 -0.014983205124735832 -0.040195852518081665
v 0.019958456978201866 -0.014983205124735832 -0.040195852518081665
v 0.014167895540595055 -0.014990502037107944 -0.040201764553785324
v 0.014167895540595055 -0.014990502037107944 -0.040201764553785324
v 0.008376870304346085 -0.014996870420873165 -0.040207862854003906
v 0.008376870304346085 -0.014996870420873165 -0.040207862854003906
v 0.0025855472777038813 -0.015001657418906689 -0.04021338373422623
v 0.0025855472777038813 -0.015001657418906689 -0.04021338373422623
v -0.0032060083467513323 -0.015008867718279362 -0.0402185283601284
v -0.0032060083467513323 -0.015008867718279362 -0.0402185283601284
v -0.008997805416584015 -0.015018939040601254 -0.040221717208623886
v -0.008997805416584015 -0.015018939040601254 -0.040221717208623886
v -0.014789692126214504 -0.015030362643301487 -0.04022213816642761
v -0.014789692126214504 -0.015030362643301487 -0.04022213816642761
v -0.020581504330039024 -0.015043381601572037 -0.040222130715847015
v -0.020581504330039024 -0.015043381601572037 -0.040222130715847015
v -0.026373280212283134 -0.015057372860610485 -0.04022468626499176
v -0.026373280212283134 -0.015057372860610485 -0.04022468626499176
v -0.03216526657342911 -0.015071081928908825 -0.04023371636867523
v -0.03216526657342911 -0.015071081928908825 -0.04023371636867523
v -0.037958111613988876 -0.015066474676132202 -0.040241193026304245
v -0.037958111613988876 -0.015066474676132202 -0.040241193026304245
v -0.043751198798418045 -0.015010757371783257 -0.04022756218910217
v -0.043751198798418045 -0.015010757371783257 -0.04022756218910217
v 0.04267708957195282 0.01682358607649803 -0.011261582374572754
v 0.0369260348379612 0.01692686602473259 -0.011258471757173538
v 0.031158369034528732 0.016901642084121704 -0.011270834133028984
v 0.025397665798664093 0.016904253512620926 -0.011272281408309937
v 0.025397665798664093 0.016904253512620926 -0.011272281408309937
v 0.025397665798664093 0.016904253512620926 -0.011272281408309937
v 0.025397665798664093 0.016904253512620926 -0.011272281408309937
v -0.026387682184576988 0.016904093325138092 -0.011231185868382454
v -0.032168541103601456 0.016904093325138092 -0.01123064011335373
v -0.037952668964862823 0.016904056072235107 -0.011230045929551125
v -0.0437391921877861 0.016904335469007492 -0.011229652911424637
v -0.0437391921877861 0.016904335469007492 -0.011229652911424637
v 0.04312397167086601 -0.015691813081502914 -0.03799518197774887
v 0.037332337349653244 -0.015697378665208817 -0.03799814730882645
v 0.03154229745268822 -0.015679121017456055 -0.03800484165549278
v 0.0257512666285038 -0.015658527612686157 -0.03801228851079941
v 0.019960196688771248 -0.015635710209608078 -0.03801978752017021
v 0.014169231057167053 -0.015611122362315655 -0.03802771866321564
v 0.008377829566597939 -0.015583566389977932 -0.038034483790397644
v 0.002586335875093937 -0.01555474754422903 -0.03804098069667816
v -0.0032051140442490578 -0.015525096096098423 -0.038047026842832565
v -0.008996649645268917 -0.015499572269618511 -0.03805283457040787
v -0.01478848047554493 -0.01548087503761053 -0.03805824741721153
v -0.020580675452947617 -0.015462075360119343 -0.03806329891085625
v -0.026373187080025673 -0.015435769222676754 -0.03806805610656738
v -0.03216571733355522 -0.015388072468340397 -0.0380718819797039
v -0.037957966327667236 -0.015340953134000301 -0.038074884563684464
v -0.043750159442424774 -0.015325252898037434 -0.038077764213085175
v 0.043159738183021545 -0.01625484973192215 -0.010807646438479424
v 0.03735851123929024 -0.016319043934345245 -0.010820161551237106
v 0.03155990317463875 -0.01629510149359703 -0.010824596509337425
v 0.025764936581254005 -0.01629515364766121 -0.010829729959368706
v 0.019971607252955437 -0.016295932233333588 -0.010832739993929863
v 0.014178656972944736 -0.01629655808210373 -0.01083417795598507
v 0.008385701104998589 -0.016296986490488052 -0.010834837332367897
v 0.002592808799818158 -0.01629728451371193 -0.010835686698555946
v -0.003199953818693757 -0.016297537833452225 -0.010837282985448837
v -0.008993220515549183 -0.016297556459903717 -0.01083761639893055
v -0.014786473475396633 -0.016296349465847015 -0.01083824411034584
v -0.020579909905791283 -0.01629582792520523 -0.01083945482969284
v -0.02637362852692604 -0.016294807195663452 -0.010840628296136856
v -0.032168228179216385 -0.016295332461595535 -0.010841550305485725
v -0.037964366376399994 -0.01628289371728897 -0.010840656235814095
v -0.04376448690891266 -0.016177155077457428 -0.01082506775856018
v -0.04371960833668709 -0.015768244862556458 -0.009077062830328941
v -0.04371960833668709 -0.015768244862556458 -0.009077062830328941
v -0.03794058784842491 -0.015804357826709747 -0.009073881432414055
v -0.03794058784842491 -0.015804357826709747 -0.009073881432414055
v -0.03215515986084938 -0.01582701876759529 -0.009072788059711456
v -0.03215515986084938 -0.01582701876759529 -0.009072788059711456
v -0.02636655606329441 -0.015817679464817047 -0.009071027860045433
v -0.02636655606329441 -0.015817679464817047 -0.009071027860045433
v -0.02057509869337082 -0.015813451260328293 -0.009070103988051414
v -0.02057509869337082 -0.015813451260328293 -0.009070103988051414
v -0.014782912097871304 -0.015812482684850693 -0.0090698953717947
v -0.014782912097871304 -0.015812482684850693 -0.0090698953717947
v -0.008990357629954815 -0.015812911093235016 -0.009069833904504776
v -0.008990357629954815 -0.015812911093235016 -0.009069833904504776
v -0.0031976380851119757 -0.015812762081623077 -0.00907011330127716
v -0.0031976380851119757 -0.015812762081623077 -0.00907011330127716
v 0.0025949825067073107 -0.0158122256398201 -0.009069031104445457
v 0.0025949825067073107 -0.0158122256398201 -0.009069031104445457
v 0.008387014269828796 -0.015812378376722336 -0.00906844437122345
v 0.008387014269828796 -0.015812378376722336 -0.00906844437122345
v 0.014178947545588017 -0.01581336185336113 -0.009068850427865982
v 0.014178947545588017 -0.01581336185336113 -0.009068850427865982
v 0.019970683380961418 -0.015816427767276764 -0.009069381281733513
v 0.019970683380961418 -0.015816427767276764 -0.009069381281733513
v 0.025762034580111504 -0.015823718160390854 -0.009070465341210365
v 0.025762034580111504 -0.015823718160390854 -0.009070465341210365
v 0.0315529964864254 -0.01583981141448021 -0.009071551263332367
v 0.0315529964864254 -0.01583981141448021 -0.009071551263332367
v 0.03734302148222923 -0.01588297262787819 -0.009073300287127495
v 0.03734302148222923 -0.01588297262787819 -0.009073300287127495
v 0.043130263686180115 -0.01599983498454094 -0.009084826335310936
v 0.043130263686180115 -0.01599983498454094 -0.009084826335310936
v -0.043795231729745865 -0.01677507907152176 -0.005753349978476763
v -0.043795231729745865 -0.01677507907152176 -0.005753349978476763
v -0.03799901157617569 -0.01688513159751892 -0.005769066046923399
v -0.03799901157617569 -0.01688513159751892 -0.005769066046923399
v -0.03219803795218468 -0.01690628007054329 -0.005768273491412401
v -0.03219803795218468 -0.01690628007054329 -0.005768273491412401
v -0.026397833600640297 -0.01689741387963295 -0.005765530746430159
v -0.026397833600640297 -0.01689741387963295 -0.005765530746430159
v -0.020598897710442543 -0.016890887171030045 -0.005763128865510225
v -0.020598897710442543 -0.016890887171030045 -0.005763128865510225
v -0.014800037257373333 -0.016886472702026367 -0.005761593114584684
v -0.014800037257373333 -0.016886472702026367 -0.005761593114584684
v -0.00900125503540039 -0.01688462495803833 -0.005760677624493837
v -0.00900125503540039 -0.01688462495803833 -0.005760677624493837
v -0.0032028250861912966 -0.016883671283721924 -0.005760564934462309
v -0.0032028250861912966 -0.016883671283721924 -0.005760564934462309
v 0.002595322672277689 -0.016882672905921936 -0.005758896004408598
v 0.002595322672277689 -0.016882672905921936 -0.005758896004408598
v 0.008393608033657074 -0.016882389783859253 -0.00575801869854331
v 0.008393608033657074 -0.016882389783859253 -0.00575801869854331
v 0.014191508293151855 -0.016882341355085373 -0.005757635924965143
v 0.014191508293151855 -0.016882341355085373 -0.005757635924965143
v 0.01998867280781269 -0.01688201352953911 -0.005756613332778215
v 0.01998867280781269 -0.01688201352953911 -0.005756613332778215
v 0.02578488178551197 -0.016879893839359283 -0.005754136946052313
v 0.02578488178551197 -0.016879893839359283 -0.005754136946052313
v 0.03158021345734596 -0.0168793722987175 -0.005748973693698645
v 0.03158021345734596 -0.0168793722987175 -0.005748973693698645
v 0.03737596794962883 -0.016915276646614075 -0.00574580067768693
v 0.03737596794962883 -0.016915276646614075 -0.00574580067768693
v 0.04317616671323776 -0.01705046370625496 -0.005760147236287594
v 0.04317616671323776 -0.01705046370625496 -0.005760147236287594
v -0.04376554861664772 0.016921237111091614 -0.015641354024410248
v -0.03797213360667229 0.016903530806303024 -0.01564401388168335
v -0.03797213360667229 0.016903530806303024 -0.01564401388168335
v -0.03797213360667229 0.016903530806303024 -0.01564401388168335
v -0.032182805240154266 0.01690405234694481 -0.01564466394484043
v -0.032182805240154266 0.01690405234694481 -0.01564466394484043
v -0.032182805240154266 0.01690405234694481 -0.01564466394484043
v -0.026395881548523903 0.016904093325138092 -0.01564435288310051
v -0.020613236352801323 0.016904093325138092 -0.015646396204829216
v -0.014838598668575287 0.016904093325138092 -0.015649085864424706
v -0.009073425084352493 0.016904093325138092 -0.015654679387807846
v -0.0033121027518063784 0.016904093325138092 -0.015658682212233543
v 0.002446656348183751 0.016904093325138092 -0.015660172328352928
v 0.0082025695592165 0.016904093325138092 -0.015662871301174164
v 0.013956883922219276 0.016904093325138092 -0.01566694863140583
v 0.0197110865265131 0.016904093325138092 -0.01567137986421585
v 0.02546085976064205 0.01690414547920227 -0.01567584089934826
v 0.02546085976064205 0.01690414547920227 -0.01567584089934826
v 0.03121791034936905 0.016902949661016464 -0.015674900263547897
v 0.03698349744081497 0.01691458746790886 -0.015662558376789093
v 0.04274949058890343 0.01687360182404518 -0.01565326750278473
v -0.04378258064389229 0.016944289207458496 -0.0201725997030735
v -0.037989795207977295 0.016901619732379913 -0.02017705701291561
v -0.0321989469230175 0.01690278947353363 -0.020179398357868195
v -0.0321989469230175 0.01690278947353363 -0.020179398357868195
v -0.0321989469230175 0.01690278947353363 -0.020179398357868195
v -0.0321989469230175 0.01690278947353363 -0.020179398357868195
v -0.0264109019190073 0.01690426468849182 -0.020180916413664818
v -0.0264109019190073 0.01690426468849182 -0.020180916413664818
v -0.0264109019190073 0.01690426468849182 -0.020180916413664818
v -0.0264109019190073 0.01690426468849182 -0.020180916413664818
v -0.020626526325941086 0.01690405234694481 -0.02018429897725582
v -0.014846536330878735 0.01690405234694481 -0.02018795534968376
v -0.009071312844753265 0.01690404862165451 -0.020192144438624382
v -0.003299706382676959 0.016904059797525406 -0.02019556425511837
v 0.0024685258977115154 0.016904078423976898 -0.020196476951241493
v 0.008233907632529736 0.016904111951589584 -0.020197654142975807
v 0.013997919857501984 0.01690419763326645 -0.02019864320755005
v 0.013997919857501984 0.01690419763326645 -0.02019864320755005
v 0.01976063661277294 0.016904078423976898 -0.020200276747345924
v 0.02552459016442299 0.01690412312746048 -0.020200174301862717
v 0.02552459016442299 0.01690412312746048 -0.020200174301862717
v 0.02552459016442299 0.01690412312746048 -0.020200174301862717
v 0.03128897771239281 0.016903378069400787 -0.020195286720991135
v 0.03128897771239281 0.016903378069400787 -0.020195286720991135
v 0.03705650568008423 0.016910918056964874 -0.020183557644486427
v 0.04282749444246292 0.016907189041376114 -0.020167604088783264
v -0.04379181191325188 0.016945485025644302 -0.024703899398446083
v -0.038000136613845825 0.016899418085813522 -0.024708256125450134
v -0.032209429889917374 0.016901545226573944 -0.024712009355425835
v -0.032209429889917374 0.016901545226573944 -0.024712009355425835
v -0.032209429889917374 0.016901545226573944 -0.024712009355425835
v -0.032209429889917374 0.016901545226573944 -0.024712009355425835
v -0.026420576497912407 0.01690451055765152 -0.02471473440527916
v -0.026420576497912407 0.01690451055765152 -0.02471473440527916
v -0.026420576497912407 0.01690451055765152 -0.02471473440527916
v -0.026420576497912407 0.01690451055765152 -0.02471473440527916
v -0.026420576497912407 0.01690451055765152 -0.02471473440527916
v -0.020634490996599197 0.016904041171073914 -0.024718673899769783
v -0.020634490996599197 0.016904041171073914 -0.024718673899769783
v -0.020634490996599197 0.016904041171073914 -0.024718673899769783
v -0.020634490996599197 0.016904041171073914 -0.024718673899769783
v -0.020634490996599197 0.016904041171073914 -0.024718673899769783
v -0.014850563369691372 0.016904007643461227 -0.024722935631871223
v -0.014850563369691372 0.016904007643461227 -0.024722935631871223
v -0.009069559164345264 0.016904089599847794 -0.02472684346139431
v -0.009069559164345264 0.016904089599847794 -0.02472684346139431
v -0.0032919265795499086 0.01690426841378212 -0.024729831144213676
v 0.0024830696638673544 0.016904309391975403 -0.024730272591114044
v 0.0024830696638673544 0.016904309391975403 -0.024730272591114044
v 0.0024830696638673544 0.016904309391975403 -0.024730272591114044
v 0.008256281726062298 0.01690419390797615 -0.024730835109949112
v 0.008256281726062298 0.01690419390797615 -0.024730835109949112
v 0.014027823694050312 0.016904577612876892 -0.024730566889047623
v 0.014027823694050312 0.016904577612876892 -0.024730566889047623
v 0.014027823694050312 0.016904577612876892 -0.024730566889047623
v 0.014027823694050312 0.016904577612876892 -0.024730566889047623
v 0.014027823694050312 0.016904577612876892 -0.024730566889047623
v 0.019798485562205315 0.01690440997481346 -0.024729052558541298
v 0.019798485562205315 0.01690440997481346 -0.024729052558541298
v 0.019798485562205315 0.01690440997481346 -0.024729052558541298
v 0.025568926706910133 0.016904067248106003 -0.024726318195462227
v 0.025568926706910133 0.016904067248106003 -0.024726318195462227
v 0.025568926706910133 0.016904067248106003 -0.024726318195462227
v 0.025568926706910133 0.016904067248106003 -0.024726318195462227
v 0.025568926706910133 0.016904067248106003 -0.024726318195462227
v 0.0313410647213459 0.016903888434171677 -0.024719422683119774
v 0.0313410647213459 0.016903888434171677 -0.024719422683119774
v 0.0313410647213459 0.016903888434171677 -0.024719422683119774
v 0.03711483255028725 0.016908563673496246 -0.02470659464597702
v 0.04289095476269722 0.01693209633231163 -0.024689694866538048
v 0.04297678545117378 0.016919907182455063 -0.033740099519491196
v 0.03719191253185272 0.016867391765117645 -0.03375908359885216
v 0.031409140676259995 0.016865141689777374 -0.03377208113670349
v 0.025627730414271355 0.01688561588525772 -0.03378167748451233
v 0.0198467168956995 0.016893763095140457 -0.033788345754146576
v 0.014065568335354328 0.016896873712539673 -0.03379189223051071
v 0.008283877745270729 0.01690029352903366 -0.03379414603114128
v 0.008283877745270729 0.01690029352903366 -0.03379414603114128
v 0.002500989241525531 0.016903970390558243 -0.03379500284790993
v 0.002500989241525531 0.016903970390558243 -0.03379500284790993
v 0.002500989241525531 0.016903970390558243 -0.03379500284790993
v 0.002500989241525531 0.016903970390558243 -0.03379500284790993
v -0.0032829868141561747 0.016906313598155975 -0.03379373997449875
v -0.009067974984645844 0.016906999051570892 -0.03379097208380699
v -0.009067974984645844 0.016906999051570892 -0.03379097208380699
v -0.009067974984645844 0.016906999051570892 -0.03379097208380699
v -0.014853933826088905 0.016907017678022385 -0.033787015825510025
v -0.020640820264816284 0.016907483339309692 -0.03378262370824814
v -0.026428494602441788 0.016907967627048492 -0.03377775475382805
v -0.03221710026264191 0.016906216740608215 -0.03377300128340721
v -0.03800671547651291 0.016908805817365646 -0.03376808762550354
v -0.04379710927605629 0.016943294554948807 -0.033765073865652084
v 0.042938921600580215 0.016919899731874466 -0.029214421287178993
v 0.03715972974896431 0.01690433919429779 -0.029231950640678406
v 0.031380925327539444 0.016898546367883682 -0.029244985431432724
v 0.0256029199808836 0.016900084912776947 -0.029253505170345306
v 0.019826944917440414 0.016903109848499298 -0.029258428141474724
v 0.014050855301320553 0.016903288662433624 -0.029260795563459396
v 0.014050855301320553 0.016903288662433624 -0.029260795563459396
v 0.014050855301320553 0.016903288662433624 -0.029260795563459396
v 0.014050855301320553 0.016903288662433624 -0.029260795563459396
v 0.014050855301320553 0.016903288662433624 -0.029260795563459396
v 0.008272812701761723 0.01690366119146347 -0.0292628426104784
v 0.008272812701761723 0.01690366119146347 -0.0292628426104784
v 0.008272812701761723 0.01690366119146347 -0.0292628426104784
v 0.008272812701761723 0.01690366119146347 -0.0292628426104784
v 0.008272812701761723 0.01690366119146347 -0.0292628426104784
v 0.0024948662612587214 0.01690463349223137 -0.029262879863381386
v 0.0024948662612587214 0.01690463349223137 -0.029262879863381386
v 0.0024948662612587214 0.01690463349223137 -0.029262879863381386
v 0.0024948662612587214 0.01690463349223137 -0.029262879863381386
v 0.0024948662612587214 0.01690463349223137 -0.029262879863381386
v 0.0024948662612587214 0.01690463349223137 -0.029262879863381386
v -0.0032861644867807627 0.016905110329389572 -0.029262246564030647
v -0.0032861644867807627 0.016905110329389572 -0.029262246564030647
v -0.0032861644867807627 0.016905110329389572 -0.029262246564030647
v -0.0032861644867807627 0.016905110329389572 -0.029262246564030647
v -0.009068525396287441 0.01690506935119629 -0.02925945073366165
v -0.009068525396287441 0.01690506935119629 -0.02925945073366165
v -0.009068525396287441 0.01690506935119629 -0.02925945073366165
v -0.014852575957775116 0.016904953867197037 -0.029255634173750877
v -0.014852575957775116 0.016904953867197037 -0.029255634173750877
v -0.02063852734863758 0.01690524071455002 -0.029251454398036003
v -0.02063852734863758 0.01690524071455002 -0.029251454398036003
v -0.026426006108522415 0.016905736178159714 -0.02924719639122486
v -0.026426006108522415 0.016905736178159714 -0.02924719639122486
v -0.026426006108522415 0.016905736178159714 -0.02924719639122486
v -0.026426006108522415 0.016905736178159714 -0.02924719639122486
v -0.026426006108522415 0.016905736178159714 -0.02924719639122486
v -0.03221484273672104 0.016902681440114975 -0.02924295701086521
v -0.03221484273672104 0.016902681440114975 -0.02924295701086521
v -0.03221484273672104 0.016902681440114975 -0.02924295701086521
v -0.03221484273672104 0.016902681440114975 -0.02924295701086521
v -0.03800518065690994 0.016901586204767227 -0.029238402843475342
v -0.04379619285464287 0.01694348081946373 -0.02923477441072464
v -0.04374905303120613 -0.015402109362185001 -0.03385411947965622
v -0.037956688553094864 -0.015414738096296787 -0.03385145589709282
v -0.032164521515369415 -0.015441535972058773 -0.033848244696855545
v -0.026372458785772324 -0.015473534353077412 -0.03384428471326828
v -0.02058040164411068 -0.015504925511777401 -0.033839643001556396
v -0.014788366854190826 -0.015535778366029263 -0.03383484482765198
v -0.00899655930697918 -0.015566251240670681 -0.03382980823516846
v -0.0032049394212663174 -0.015596750192344189 -0.03382445499300957
v 0.0025866939686238766 -0.01562725380063057 -0.03381890058517456
v 0.008378579281270504 -0.015657659620046616 -0.03381284326314926
v 0.014170643873512745 -0.01568775624036789 -0.033806245774030685
v 0.019962171092629433 -0.015717223286628723 -0.03379898518323898
v 0.019962171092629433 -0.015717223286628723 -0.03379898518323898
v 0.025753548368811607 -0.015745975077152252 -0.03379128873348236
v 0.025753548368811607 -0.015745975077152252 -0.03379128873348236
v 0.025753548368811607 -0.015745975077152252 -0.03379128873348236
v 0.025753548368811607 -0.015745975077152252 -0.03379128873348236
v 0.03154449909925461 -0.015773743391036987 -0.03378400206565857
v 0.03154449909925461 -0.015773743391036987 -0.03378400206565857
v 0.03733561187982559 -0.01579822227358818 -0.033777594566345215
v 0.043126966804265976 -0.015811055898666382 -0.03377387672662735
v -0.04374845698475838 -0.015493412502110004 -0.02931070327758789
v -0.03795589879155159 -0.015506160445511341 -0.029309149831533432
v -0.0321635864675045 -0.015529035590589046 -0.02930675819516182
v -0.026371551677584648 -0.01555307675153017 -0.029303617775440216
v -0.020579995587468147 -0.015577024780213833 -0.0292996633797884
v -0.01478799432516098 -0.015601045452058315 -0.02929576486349106
v -0.00899597629904747 -0.015625059604644775 -0.029291944578289986
v -0.0032038483768701553 -0.015649069100618362 -0.029287762939929962
v 0.002588332165032625 -0.01567302644252777 -0.029283232986927032
v 0.008380552753806114 -0.01569696143269539 -0.029278332367539406
v 0.014172767288982868 -0.01572072133421898 -0.029272690415382385
v 0.01996443420648575 -0.015744395554065704 -0.029266363009810448
v 0.025756007060408592 -0.01576831564307213 -0.029259391129016876
v 0.025756007060408592 -0.01576831564307213 -0.029259391129016876
v 0.031547293066978455 -0.015792682766914368 -0.029252583160996437
v 0.03733805567026138 -0.01581438258290291 -0.029246199876070023
v 0.04312915727496147 -0.015818435698747635 -0.029241858050227165
v -0.043748218566179276 -0.0155844921246171 -0.02476729080080986
v -0.03795522823929787 -0.015591933391988277 -0.02476702444255352
v -0.032162733376026154 -0.015611286275088787 -0.024765487760305405
v -0.02637050673365593 -0.015629172325134277 -0.02476300299167633
v -0.020578548312187195 -0.01564706861972809 -0.024760203436017036
v -0.014786571264266968 -0.01566511020064354 -0.024757275357842445
v -0.00899452157318592 -0.015683181583881378 -0.02475430630147457
v -0.003202440682798624 -0.015701215714216232 -0.024751095101237297
v 0.0025897440500557423 -0.015719197690486908 -0.024747585877776146
v 0.00838197860866785 -0.015737079083919525 -0.024743681773543358
v 0.014174607582390308 -0.015754688531160355 -0.024739427492022514
v 0.019966866821050644 -0.015771955251693726 -0.024733977392315865
v 0.025758659467101097 -0.01578953117132187 -0.02472788095474243
v 0.03155016154050827 -0.015808377414941788 -0.02472122386097908
v 0.03155016154050827 -0.015808377414941788 -0.02472122386097908
v 0.037341099232435226 -0.01582462713122368 -0.024714691564440727
v 0.04313173517584801 -0.015818342566490173 -0.02470994181931019
v 0.04313904419541359 -0.01584537699818611 -0.015645386651158333
v 0.03734888508915901 -0.015886317938566208 -0.01565360464155674
v 0.03155601769685745 -0.015868034213781357 -0.015660222619771957
v 0.025762217119336128 -0.015855900943279266 -0.015666009858250618
v 0.019968749955296516 -0.015851851552724838 -0.015670225024223328
v 0.01417594589293003 -0.01584864780306816 -0.015672873705625534
v 0.008383655920624733 -0.01584477350115776 -0.015674717724323273
v 0.002591764787212014 -0.015840191394090652 -0.015676293522119522
v -0.003199849044904113 -0.01583501324057579 -0.01567825861275196
v -0.00899165403097868 -0.015829775482416153 -0.01567963697016239
v -0.014783792197704315 -0.015824083238840103 -0.015680627897381783
v -0.020575927570462227 -0.015818394720554352 -0.01568211428821087
v -0.026368340477347374 -0.015812180936336517 -0.015683798119425774
v -0.032161179929971695 -0.015805676579475403 -0.01568499766290188
v -0.03795453533530235 -0.015802472829818726 -0.0156853124499321
v -0.04374935105443001 -0.0157957561314106 -0.01568170264363289
v 0.043134674429893494 -0.01581914722919464 -0.0201776921749115
v 0.03734460100531578 -0.01583428680896759 -0.02018335647881031
v 0.03155350685119629 -0.01581825688481331 -0.0201900452375412
v 0.02576136402785778 -0.015800777822732925 -0.02019653283059597
v 0.019968578591942787 -0.015787813812494278 -0.02020174078643322
v 0.014175682328641415 -0.015776749700307846 -0.020205896347761154
v 0.00838305801153183 -0.015765752643346786 -0.02020905166864395
v 0.0025908811949193478 -0.01575455069541931 -0.020211631432175636
v -0.0032011554576456547 -0.015742849558591843 -0.02021423913538456
v -0.008993140421807766 -0.015731073915958405 -0.02021653950214386
v -0.014785105362534523 -0.015719179064035416 -0.02021847851574421
v -0.020577076822519302 -0.01570720598101616 -0.02022056095302105
v -0.026369167491793633 -0.015695400536060333 -0.02022280916571617
v -0.032161563634872437 -0.015682533383369446 -0.020224569365382195
v -0.03795457258820534 -0.01567092165350914 -0.0202252846211195
v -0.04374835267663002 -0.015675444155931473 -0.020224053412675858
v 0.043163686990737915 -0.015873923897743225 0.03304838016629219
v 0.03737237676978111 -0.01587758958339691 0.03305086866021156
v 0.03158142790198326 -0.01587563380599022 0.033052098006010056
v 0.025791151449084282 -0.015871703624725342 0.033052682876586914
v 0.020001912489533424 -0.015869557857513428 0.033052630722522736
v 0.01421356201171875 -0.01586834341287613 0.033051446080207825
v 0.008425445295870304 -0.015867099165916443 0.03305024653673172
v 0.002637070370838046 -0.015865523368120193 0.03304851055145264
v -0.003151500364765525 -0.015863429754972458 0.03304644674062729
v -0.008939430117607117 -0.01586044952273369 0.03304305672645569
v -0.014727718196809292 -0.01585635170340538 0.033041100949048996
v -0.020514776930212975 -0.01585102453827858 0.033038023859262466
v -0.02630479447543621 -0.015844382345676422 0.033035892993211746
v -0.03209800645709038 -0.015833836048841476 0.0330367311835289
v -0.03788885846734047 -0.015826549381017685 0.03303224965929985
v -0.04367804899811745 -0.015926465392112732 0.03301820904016495
v 0.04316088929772377 -0.015867825597524643 0.027759669348597527
v 0.04316088929772377 -0.015867825597524643 0.027759669348597527
v 0.04316088929772377 -0.015867825597524643 0.027759669348597527
v 0.04316088929772377 -0.015867825597524643 0.027759669348597527
v 0.037369176745414734 -0.015867076814174652 0.027762655168771744
v 0.03157806396484375 -0.015866298228502274 0.027764325961470604
v 0.02578745409846306 -0.015865430235862732 0.027765145525336266
v 0.02578745409846306 -0.015865430235862732 0.027765145525336266
v 0.02578745409846306 -0.015865430235862732 0.027765145525336266
v 0.019997285678982735 -0.01586471125483513 0.027765139937400818
v 0.019997285678982735 -0.01586471125483513 0.027765139937400818
v 0.019997285678982735 -0.01586471125483513 0.027765139937400818
v 0.019997285678982735 -0.01586471125483513 0.027765139937400818
v 0.014207756146788597 -0.015863869339227676 0.02776462584733963
v 0.014207756146788597 -0.015863869339227676 0.02776462584733963
v 0.008418784476816654 -0.015862762928009033 0.027763765305280685
v 0.008418784476816654 -0.015862762928009033 0.027763765305280685
v 0.008418784476816654 -0.015862762928009033 0.027763765305280685
v 0.0026302048936486244 -0.015861395746469498 0.02776237577199936
v 0.0026302048936486244 -0.015861395746469498 0.02776237577199936
v 0.0026302048936486244 -0.015861395746469498 0.02776237577199936
v 0.0026302048936486244 -0.015861395746469498 0.02776237577199936
v -0.0031580545473843813 -0.015859756618738174 0.027760477736592293
v -0.0031580545473843813 -0.015859756618738174 0.027760477736592293
v -0.008946508169174194 -0.015857864171266556 0.02775830589234829
v -0.014734872616827488 -0.015855781733989716 0.027755707502365112
v -0.02052341215312481 -0.015853703022003174 0.027753274887800217
v -0.026312105357646942 -0.015851791948080063 0.027751075103878975
v -0.032100796699523926 -0.01584644615650177 0.02774915099143982
v -0.0378885380923748 -0.015828870236873627 0.027744924649596214
v -0.043674007058143616 -0.01586524024605751 0.02773241326212883
v 0.04315754398703575 -0.01586506888270378 0.02247120440006256
v 0.04315754398703575 -0.01586506888270378 0.02247120440006256
v 0.04315754398703575 -0.01586506888270378 0.02247120440006256
v 0.04315754398703575 -0.01586506888270378 0.02247120440006256
v 0.03736560419201851 -0.015866119414567947 0.022474709898233414
v 0.03736560419201851 -0.015866119414567947 0.022474709898233414
v 0.03736560419201851 -0.015866119414567947 0.022474709898233414
v 0.03736560419201851 -0.015866119414567947 0.022474709898233414
v 0.03736560419201851 -0.015866119414567947 0.022474709898233414
v 0.03157399967312813 -0.015866048634052277 0.022476982325315475
v 0.03157399967312813 -0.015866048634052277 0.022476982325315475
v 0.03157399967312813 -0.015866048634052277 0.022476982325315475
v 0.025782829150557518 -0.01586589589715004 0.0224781334400177
v 0.019992239773273468 -0.015865955501794815 0.022478483617305756
v 0.019992239773273468 -0.015865955501794815 0.022478483617305756
v 0.014201890677213669 -0.015866048634052277 0.022478174418210983
v 0.014201890677213669 -0.015866048634052277 0.022478174418210983
v 0.014201890677213669 -0.015866048634052277 0.022478174418210983
v 0.014201890677213669 -0.015866048634052277 0.022478174418210983
v 0.008412042632699013 -0.015866097062826157 0.022477546706795692
v 0.008412042632699013 -0.015866097062826157 0.022477546706795692
v 0.008412042632699013 -0.015866097062826157 0.022477546706795692
v 0.00262261345051229 -0.01586611196398735 0.022476591169834137
v 0.00262261345051229 -0.01586611196398735 0.022476591169834137
v 0.00262261345051229 -0.01586611196398735 0.022476591169834137
v 0.00262261345051229 -0.01586611196398735 0.022476591169834137
v 0.00262261345051229 -0.01586611196398735 0.022476591169834137
v -0.0031663570553064346 -0.015866171568632126 0.022475166246294975
v -0.0031663570553064346 -0.015866171568632126 0.022475166246294975
v -0.0031663570553064346 -0.015866171568632126 0.022475166246294975
v -0.0031663570553064346 -0.015866171568632126 0.022475166246294975
v -0.008955424651503563 -0.015866294503211975 0.022473689168691635
v -0.008955424651503563 -0.015866294503211975 0.022473689168691635
v -0.008955424651503563 -0.015866294503211975 0.022473689168691635
v -0.008955424651503563 -0.015866294503211975 0.022473689168691635
v -0.014744330197572708 -0.015866447240114212 0.02247142232954502
v -0.014744330197572708 -0.015866447240114212 0.02247142232954502
v -0.014744330197572708 -0.015866447240114212 0.02247142232954502
v -0.014744330197572708 -0.015866447240114212 0.02247142232954502
v -0.020533686503767967 -0.015866689383983612 0.022469520568847656
v -0.026322968304157257 -0.01586739718914032 0.02246699295938015
v -0.03211178630590439 -0.015867143869400024 0.02246479131281376
v -0.037899844348430634 -0.01585756614804268 0.022460851818323135
v -0.04368622228503227 -0.015868104994297028 0.022450018674135208
v 0.04315350949764252 -0.015864387154579163 0.017182929441332817
v 0.04315350949764252 -0.015864387154579163 0.017182929441332817
v 0.04315350949764252 -0.015864387154579163 0.017182929441332817
v 0.04315350949764252 -0.015864387154579163 0.017182929441332817
v 0.037361424416303635 -0.01586597040295601 0.01718706637620926
v 0.037361424416303635 -0.01586597040295601 0.01718706637620926
v 0.037361424416303635 -0.01586597040295601 0.01718706637620926
v 0.037361424416303635 -0.01586597040295601 0.01718706637620926
v 0.031569626182317734 -0.015866093337535858 0.017189787700772285
v 0.031569626182317734 -0.015866093337535858 0.017189787700772285
v 0.031569626182317734 -0.015866093337535858 0.017189787700772285
v 0.025778159499168396 -0.015866100788116455 0.01719132624566555
v 0.025778159499168396 -0.015866100788116455 0.01719132624566555
v 0.019986897706985474 -0.015866093337535858 0.01719205640256405
v 0.019986897706985474 -0.015866093337535858 0.01719205640256405
v 0.019986897706985474 -0.015866093337535858 0.01719205640256405
v 0.014196028001606464 -0.015866149216890335 0.017192060127854347
v 0.014196028001606464 -0.015866149216890335 0.017192060127854347
v 0.008405462838709354 -0.01586621254682541 0.017191605642437935
v 0.008405462838709354 -0.01586621254682541 0.017191605642437935
v 0.0026152613572776318 -0.015866253525018692 0.01719096675515175
v 0.0026152613572776318 -0.015866253525018692 0.01719096675515175
v -0.0031748213805258274 -0.01586630567908287 0.01719009503722191
v -0.0031748213805258274 -0.01586630567908287 0.01719009503722191
v -0.008964559063315392 -0.015866395086050034 0.01718916743993759
v -0.008964559063315392 -0.015866395086050034 0.01718916743993759
v -0.008964559063315392 -0.015866395086050034 0.01718916743993759
v -0.014753848314285278 -0.015866532921791077 0.017187224701046944
v -0.014753848314285278 -0.015866532921791077 0.017187224701046944
v -0.020542923361063004 -0.015866652131080627 0.017185021191835403
v -0.020542923361063004 -0.015866652131080627 0.017185021191835403
v -0.020542923361063004 -0.015866652131080627 0.017185021191835403
v -0.020542923361063004 -0.015866652131080627 0.017185021191835403
v -0.026332518085837364 -0.015866953879594803 0.017183098942041397
v -0.026332518085837364 -0.015866953879594803 0.017183098942041397
v -0.03212159872055054 -0.015867438167333603 0.017180362716317177
v -0.03212159872055054 -0.015867438167333603 0.017180362716317177
v -0.03212159872055054 -0.015867438167333603 0.017180362716317177
v -0.03212159872055054 -0.015867438167333603 0.017180362716317177
v -0.03212159872055054 -0.015867438167333603 0.017180362716317177
v -0.03790951520204544 -0.015864182263612747 0.017176397144794464
v -0.03790951520204544 -0.015864182263612747 0.017176397144794464
v -0.043697234243154526 -0.015873059630393982 0.01716851070523262
v -0.04372284933924675 -0.015885714441537857 0.0013156189816072583
v -0.03793296217918396 -0.01586814969778061 0.0013234821381047368
v -0.03214264661073685 -0.015878207981586456 0.0013274397933855653
v -0.02635275013744831 -0.015878725796937943 0.0013294849777594209
v -0.020562827587127686 -0.015877842903137207 0.0013306053588166833
v -0.014772803522646427 -0.015877611935138702 0.0013313713716343045
v -0.0089822206646204 -0.01587744429707527 0.0013318458804860711
v -0.0031912107951939106 -0.015877407044172287 0.0013317890698090196
v 0.0025997881311923265 -0.015877407044172287 0.001332316198386252
v 0.008390928618609905 -0.015877477824687958 0.001333074294961989
v 0.014182385988533497 -0.01587764173746109 0.0013326989719644189
v 0.019973790273070335 -0.015877768397331238 0.0013319227145984769
v 0.025765294209122658 -0.015877995640039444 0.0013302533188834786
v 0.031556569039821625 -0.01587832346558571 0.0013277946272864938
v 0.037347983568906784 -0.01587408408522606 0.0013239128747954965
v 0.043139707297086716 -0.015866156667470932 0.0013176045613363385
v -0.043722596019506454 -0.01587129756808281 0.006602894049137831
v -0.03793318197131157 -0.015867136418819427 0.006609536241739988
v -0.03793318197131157 -0.015867136418819427 0.006609536241739988
v -0.032142188400030136 -0.015870578587055206 0.006613611709326506
v -0.032142188400030136 -0.015870578587055206 0.006613611709326506
v -0.026351498439908028 -0.01587051898241043 0.006616129074245691
v -0.026351498439908028 -0.01587051898241043 0.006616129074245691
v -0.026351498439908028 -0.01587051898241043 0.006616129074245691
v -0.020561056211590767 -0.01587001606822014 0.006617655511945486
v -0.020561056211590767 -0.01587001606822014 0.006617655511945486
v -0.020561056211590767 -0.01587001606822014 0.006617655511945486
v -0.01477091945707798 -0.015870023518800735 0.006619113963097334
v -0.01477091945707798 -0.015870023518800735 0.006619113963097334
v -0.008980081416666508 -0.015870098024606705 0.006619773339480162
v -0.008980081416666508 -0.015870098024606705 0.006619773339480162
v -0.003188963746652007 -0.015870120376348495 0.006619644816964865
v -0.003188963746652007 -0.015870120376348495 0.006619644816964865
v 0.00260244426317513 -0.01587013527750969 0.006619707215577364
v 0.00260244426317513 -0.01587013527750969 0.006619707215577364
v 0.00260244426317513 -0.01587013527750969 0.006619707215577364
v 0.00839379895478487 -0.01587013527750969 0.006620173808187246
v 0.00839379895478487 -0.01587013527750969 0.006620173808187246
v 0.014185232110321522 -0.015870120376348495 0.006620197091251612
v 0.014185232110321522 -0.015870120376348495 0.006620197091251612
v 0.014185232110321522 -0.015870120376348495 0.006620197091251612
v 0.014185232110321522 -0.015870120376348495 0.006620197091251612
v 0.019977152347564697 -0.0158701054751873 0.006619489286094904
v 0.019977152347564697 -0.0158701054751873 0.006619489286094904
v 0.025769243016839027 -0.01587005704641342 0.006618012208491564
v 0.025769243016839027 -0.01587005704641342 0.006618012208491564
v 0.03156103938817978 -0.01587025821208954 0.006615705322474241
v 0.03735274076461792 -0.01587129384279251 0.006611930672079325
v 0.03735274076461792 -0.01587129384279251 0.006611930672079325
v 0.04314452037215233 -0.015865620225667953 0.006606312934309244
v -0.04370758309960365 -0.015867602080106735 0.011885417625308037
v -0.037921611219644547 -0.015864785760641098 0.01189272478222847
v -0.037921611219644547 -0.015864785760641098 0.01189272478222847
v -0.037921611219644547 -0.015864785760641098 0.01189272478222847
v -0.032132942229509354 -0.01586584746837616 0.011896982789039612
v -0.032132942229509354 -0.01586584746837616 0.011896982789039612
v -0.032132942229509354 -0.01586584746837616 0.011896982789039612
v -0.032132942229509354 -0.01586584746837616 0.011896982789039612
v -0.032132942229509354 -0.01586584746837616 0.011896982789039612
v -0.026343148201704025 -0.015865623950958252 0.01189972460269928
v -0.026343148201704025 -0.015865623950958252 0.01189972460269928
v -0.026343148201704025 -0.015865623950958252 0.01189972460269928
v -0.02055305615067482 -0.015865430235862732 0.011901816353201866
v -0.02055305615067482 -0.015865430235862732 0.011901816353201866
v -0.02055305615067482 -0.015865430235862732 0.011901816353201866
v -0.01476320717483759 -0.015865512192249298 0.011903392150998116
v -0.01476320717483759 -0.015865512192249298 0.011903392150998116
v -0.008973056450486183 -0.01586555689573288 0.011904619634151459
v -0.008973056450486183 -0.01586555689573288 0.011904619634151459
v -0.003182270796969533 -0.015865575522184372 0.011904960498213768
v -0.003182270796969533 -0.015865575522184372 0.011904960498213768
v 0.0026084925048053265 -0.015865597873926163 0.011905243620276451
v 0.0026084925048053265 -0.015865597873926163 0.011905243620276451
v 0.0026084925048053265 -0.015865597873926163 0.011905243620276451
v 0.008399490267038345 -0.01586560532450676 0.01190575584769249
v 0.008399490267038345 -0.01586560532450676 0.01190575584769249
v 0.01419058907777071 -0.015865590423345566 0.011906014755368233
v 0.01419058907777071 -0.015865590423345566 0.011906014755368233
v 0.019981734454631805 -0.01586557924747467 0.011905794963240623
v 0.019981734454631805 -0.01586557924747467 0.011905794963240623
v 0.025773096829652786 -0.015865575522184372 0.011904893442988396
v 0.025773096829652786 -0.015865575522184372 0.011904893442988396
v 0.03156479075551033 -0.015865322202444077 0.0119029451161623
v 0.03156479075551033 -0.015865322202444077 0.0119029451161623
v 0.03156479075551033 -0.015865322202444077 0.0119029451161623
v 0.03156479075551033 -0.015865322202444077 0.0119029451161623
v 0.03735675290226936 -0.015865739434957504 0.011899664998054504
v 0.03735675290226936 -0.015865739434957504 0.011899664998054504
v 0.03735675290226936 -0.015865739434957504 0.011899664998054504
v 0.03735675290226936 -0.015865739434957504 0.011899664998054504
v 0.04314903914928436 -0.01586555317044258 0.011894823983311653
v 0.04314903914928436 -0.01586555317044258 0.011894823983311653
v 0.04262524098157883 0.016861137002706528 0.001259348471648991
v 0.03686600551009178 0.016962174326181412 0.0012919447617605329
v 0.031103920191526413 0.0168977752327919 0.0012909002834931016
v 0.025341082364320755 0.016904208809137344 0.0012872774386778474
v -0.026439689099788666 0.016904104501008987 0.0013057311298325658
v -0.03220764920115471 0.016904111951589584 0.0013042088830843568
v -0.037982553243637085 0.01690385863184929 0.0013036263408139348
v -0.037982553243637085 0.01690385863184929 0.0013036263408139348
v -0.0437621995806694 0.016906309872865677 0.0013040798949077725
v 0.0427168607711792 0.01692061498761177 0.00656247278675437
v 0.036931056529283524 0.016947314143180847 0.006600385066121817
v 0.031147029250860214 0.016897965222597122 0.006602761801332235
v 0.025370683521032333 0.016903921961784363 0.0066003757528960705
v 0.025370683521032333 0.016903921961784363 0.0066003757528960705
v 0.025370683521032333 0.016903921961784363 0.0066003757528960705
v 0.019602784886956215 0.01690421625971794 0.006607396993786097
v 0.019602784886956215 0.01690421625971794 0.006607396993786097
v 0.019602784886956215 0.01690421625971794 0.006607396993786097
v 0.013838076032698154 0.016904093325138092 0.0066153923980891705
v 0.013838076032698154 0.016904093325138092 0.0066153923980891705
v 0.008072864264249802 0.016904108226299286 0.0066221714951097965
v 0.0023116874508559704 0.016904108226299286 0.006624239031225443
v -0.0034441722091287374 0.016904108226299286 0.006624371279031038
v -0.009195875376462936 0.016904108226299286 0.006620573345571756
v -0.014942782931029797 0.016904108226299286 0.00661240192130208
v -0.020693538710474968 0.016904108226299286 0.006605368573218584
v -0.026452284306287766 0.016904108226299286 0.006600294727832079
v -0.03221840038895607 0.01690411940217018 0.0065968758426606655
v -0.037991829216480255 0.016903765499591827 0.006595174316316843
v -0.037991829216480255 0.016903765499591827 0.006595174316316843
v -0.04377037659287453 0.01690737158060074 0.0065951221622526646
v 0.04279675707221031 0.016928616911172867 0.011862590909004211
v 0.03699992597103119 0.016919299960136414 0.011896403506398201
v 0.0312051959335804 0.016895923763513565 0.011907648295164108
v 0.02541760541498661 0.01690627634525299 0.011909089982509613
v 0.019637934863567352 0.016903989017009735 0.011913768947124481
v 0.019637934863567352 0.016903989017009735 0.011913768947124481
v 0.013863781467080116 0.016903847455978394 0.011919889599084854
v 0.013863781467080116 0.016903847455978394 0.011919889599084854
v 0.013863781467080116 0.016903847455978394 0.011919889599084854
v 0.013863781467080116 0.016903847455978394 0.011919889599084854
v 0.013863781467080116 0.016903847455978394 0.011919889599084854
v 0.008093360811471939 0.016904316842556 0.0119249876588583
v 0.008093360811471939 0.016904316842556 0.0119249876588583
v 0.008093360811471939 0.016904316842556 0.0119249876588583
v 0.002325560199096799 0.016904138028621674 0.01192772388458252
v 0.002325560199096799 0.016904138028621674 0.01192772388458252
v 0.002325560199096799 0.016904138028621674 0.01192772388458252
v -0.003438517451286316 0.016904115676879883 0.011928247287869453
v -0.003438517451286316 0.016904115676879883 0.011928247287869453
v -0.009197978302836418 0.016904111951589584 0.011925818398594856
v -0.009197978302836418 0.016904111951589584 0.011925818398594856
v -0.009197978302836418 0.016904111951589584 0.011925818398594856
v -0.009197978302836418 0.016904111951589584 0.011925818398594856
v -0.01494508981704712 0.016904111951589584 0.011917198076844215
v -0.020698759704828262 0.016904111951589584 0.011904815211892128
v -0.026459861546754837 0.016904111951589584 0.011897070333361626
v -0.026459861546754837 0.016904111951589584 0.011897070333361626
v -0.03222688287496567 0.01690412312746048 0.01189226284623146
v -0.03222688287496567 0.01690412312746048 0.01189226284623146
v -0.03799838945269585 0.016903679817914963 0.011887453496456146
v -0.03799838945269585 0.016903679817914963 0.011887453496456146
v -0.0437767393887043 0.01690838485956192 0.011886650696396828
v 0.04283730313181877 0.016911163926124573 0.017152173444628716
v 0.03704356402158737 0.016893472522497177 0.017183665186166763
v 0.031249064952135086 0.016889721155166626 0.01720179058611393
v 0.025457581505179405 0.016914233565330505 0.017209665849804878
v 0.019672036170959473 0.016903966665267944 0.017215294763445854
v 0.01389075443148613 0.016901876777410507 0.0172209981828928
v 0.01389075443148613 0.016901876777410507 0.0172209981828928
v 0.01389075443148613 0.016901876777410507 0.0172209981828928
v 0.01389075443148613 0.016901876777410507 0.0172209981828928
v 0.008113459683954716 0.016904417425394058 0.017224371433258057
v 0.008113459683954716 0.016904417425394058 0.017224371433258057
v 0.008113459683954716 0.016904417425394058 0.017224371433258057
v 0.008113459683954716 0.016904417425394058 0.017224371433258057
v 0.008113459683954716 0.016904417425394058 0.017224371433258057
v 0.0023392089642584324 0.016903474926948547 0.01722731441259384
v 0.0023392089642584324 0.016903474926948547 0.01722731441259384
v 0.0023392089642584324 0.016903474926948547 0.01722731441259384
v 0.0023392089642584324 0.016903474926948547 0.01722731441259384
v -0.0034327423200011253 0.016902852803468704 0.01722729206085205
v -0.0034327423200011253 0.016902852803468704 0.01722729206085205
v -0.0034327423200011253 0.016902852803468704 0.01722729206085205
v -0.009202063083648682 0.016902700066566467 0.017224568873643875
v -0.009202063083648682 0.016902700066566467 0.017224568873643875
v -0.009202063083648682 0.016902700066566467 0.017224568873643875
v -0.009202063083648682 0.016902700066566467 0.017224568873643875
v -0.009202063083648682 0.016902700066566467 0.017224568873643875
v -0.014971192926168442 0.016903527081012726 0.017215482890605927
v -0.014971192926168442 0.016903527081012726 0.017215482890605927
v -0.014971192926168442 0.016903527081012726 0.017215482890605927
v -0.014971192926168442 0.016903527081012726 0.017215482890605927
v -0.020736875012516975 0.01690494269132614 0.01720236800611019
v -0.020736875012516975 0.01690494269132614 0.01720236800611019
v -0.026502350345253944 0.01691042259335518 0.017191246151924133
v -0.03227034956216812 0.016903623938560486 0.017184743657708168
v -0.03804101422429085 0.016856510192155838 0.0171866025775671
v -0.04381227493286133 0.016802817583084106 0.017200496047735214
v -0.04383431747555733 0.016220901161432266 0.03307463973760605
v -0.03806845471262932 0.016509074717760086 0.033060237765312195
v -0.03230171278119087 0.016747761517763138 0.03307376056909561
v -0.026529790833592415 0.01686161756515503 0.03308684751391411
v -0.020753106102347374 0.016919422894716263 0.03309791535139084
v -0.014973598532378674 0.016942188143730164 0.03310646489262581
v -0.009192072786390781 0.016942400485277176 0.03311172127723694
v -0.0034086802043020725 0.01694195717573166 0.03311461582779884
v 0.002376632299274206 0.016934774816036224 0.03311462700366974
v 0.00816386379301548 0.01692616194486618 0.033111829310655594
v 0.013953111134469509 0.01692177727818489 0.03310694918036461
v 0.01974405348300934 0.016918718814849854 0.033099327236413956
v 0.025536341592669487 0.01691504195332527 0.03308766335248947
v 0.03132952004671097 0.01690613105893135 0.03307145833969116
v 0.03712262585759163 0.016887225210666656 0.03305067867040634
v 0.04291572794318199 0.016846749931573868 0.033027857542037964
v -0.04383670166134834 0.016426175832748413 0.027793066576123238
v -0.038072533905506134 0.016733471304178238 0.0277737844735384
v -0.032300326973199844 0.016896750777959824 0.027777783572673798
v -0.026525501161813736 0.01692698523402214 0.02778906375169754
v -0.020751014351844788 0.016928430646657944 0.02780107595026493
v -0.014974328689277172 0.016924645751714706 0.027810754254460335
v -0.00919592659920454 0.01691790670156479 0.027817238122224808
v -0.0034155400935560465 0.01691310852766037 0.027820510789752007
v 0.0023664904292672873 0.016910970211029053 0.02782067097723484
v 0.00815028790384531 0.01690952107310295 0.02781846933066845
v 0.013936340808868408 0.016905806958675385 0.027813967317342758
v 0.019725417718291283 0.01690474897623062 0.027807405218482018
v 0.025516701862215996 0.01690749078989029 0.027797557413578033
v 0.031309276819229126 0.016904249787330627 0.02778317593038082
v 0.031309276819229126 0.016904249787330627 0.02778317593038082
v 0.03710241615772247 0.016903206706047058 0.02776276506483555
v 0.04289473593235016 0.016888055950403214 0.027739955112338066
v -0.043828316032886505 0.016596119850873947 0.0225001722574234
v -0.03806183487176895 0.016789067536592484 0.02248089388012886
v -0.0322917178273201 0.016913525760173798 0.022480959072709084
v -0.02651909738779068 0.016922079026699066 0.022489987313747406
v -0.020747164264321327 0.016911059617996216 0.022502465173602104
v -0.020747164264321327 0.016911059617996216 0.022502465173602104
v -0.014974970370531082 0.01690593734383583 0.022514186799526215
v -0.009200993925333023 0.016902565956115723 0.022521676495671272
v -0.0034248745068907738 0.016901805996894836 0.022524483501911163
v 0.002352984854951501 0.016902592033147812 0.022524982690811157
v 0.008132850751280785 0.016903527081012726 0.022522736340761185
v 0.008132850751280785 0.016903527081012726 0.022522736340761185
v 0.008132850751280785 0.016903527081012726 0.022522736340761185
v 0.013915374875068665 0.01690058782696724 0.022518357262015343
v 0.013915374875068665 0.01690058782696724 0.022518357262015343
v 0.013915374875068665 0.01690058782696724 0.022518357262015343
v 0.01970081776380539 0.016902931034564972 0.02251291275024414
v 0.025490494444966316 0.016912810504436493 0.02250508777797222
v 0.03128262981772423 0.016901850700378418 0.022492827847599983
v 0.03707606717944145 0.016902174800634384 0.022472552955150604
v 0.04286811128258705 0.016903303563594818 0.022446688264608383
v -0.043745219707489014 0.016904644668102264 -0.007547707762569189
v -0.043745219707489014 0.016904644668102264 -0.007547707762569189
v -0.043745219707489014 0.016904644668102264 -0.007547707762569189
v -0.037961285561323166 0.016904029995203018 -0.007547991815954447
v -0.0321802943944931 0.01690409705042839 -0.0075484695844352245
v -0.026404080912470818 0.01690409705042839 -0.0075488886795938015
v 0.02536003664135933 0.016904491931200027 -0.007587301079183817
v 0.02536003664135933 0.016904491931200027 -0.007587301079183817
v 0.031124137341976166 0.016899365931749344 -0.007585930172353983
v 0.036880698055028915 0.016941998153924942 -0.00757645582780242
v 0.04261411726474762 0.016782883554697037 -0.007591026369482279
v -0.0002834853366948664 -0.01586572825908661 0.01454789936542511
v -0.0002834853366948664 -0.01586572825908661 0.01454789936542511
v -0.0005416403291746974 0.016902189701795578 0.019876692444086075
v -0.0005416403291746974 0.016902189701795578 0.019876692444086075
v -0.0005416403291746974 0.016902189701795578 0.019876692444086075
v -0.0005416403291746974 0.016902189701795578 0.019876692444086075
v -0.00034643930848687887 0.000477771507576108 -0.04102287068963051
v -0.0003817846009042114 0.00017227472562808543 0.04107283428311348
v -0.052936725318431854 -0.0002583397726994008 0.04434384033083916
v -0.053513333201408386 0.014045198448002338 0.020931586623191833
v -0.05307531729340553 0.0004436179297044873 -0.04346470162272453
v 0.05285552889108658 -0.013295920565724373 0.02087629772722721
v 0.052143700420856476 0.0005277473828755319 -0.044775575399398804
v 0.05262189731001854 0.014285724610090256 -0.028025897219777107
v 0.052327144891023636 0.0006033898098394275 0.043607160449028015
v -0.05344138294458389 -0.012865944765508175 -0.04124046862125397
v -0.00025431241374462843 -0.015732217580080032 0.039381738752126694
v -0.0005099928239360452 0.01639915257692337 0.03939758241176605
v -0.0003849886415991932 0.016541235148906708 -0.039353881031274796
v -0.0003800594713538885 0.015139596536755562 -0.04070678725838661
v -0.0003117926244158298 -0.014183592982590199 -0.04073091968894005
v -0.000500759924761951 0.014829656109213829 0.04056982323527336
v -0.0002619966398924589 -0.014485790394246578 0.04087551683187485
v -0.06150784343481064 -0.006249657832086086 0.04497002437710762
v -0.06138544902205467 0.0048867566511034966 0.04606042802333832
v -0.053398214280605316 -0.012207581661641598 0.042570099234580994
v -0.06125636398792267 0.006494854111224413 -0.044947292655706406
v -0.06125636398792267 0.006494854111224413 -0.044947292655706406
v -0.05355800315737724 0.013111267238855362 0.041308481246232986
v -0.061052072793245316 -0.00476873479783535 -0.0462481789290905
v -0.053376756608486176 0.012640408240258694 -0.04234260693192482
v 0.06063760817050934 -0.005389765370637178 -0.04495099559426308
v 0.06063760817050934 -0.005389765370637178 -0.04495099559426308
v 0.05281286686658859 -0.012906882911920547 0.041236549615859985
v 0.060379330068826675 0.005816266406327486 -0.04615112394094467
v 0.052729591727256775 -0.0114747304469347 -0.042392484843730927
v 0.06044428050518036 0.006568234413862228 0.04493345692753792
v 0.06044428050518036 0.006568234413862228 0.04493345692753792
v 0.05267583578824997 0.014047466218471527 -0.04115289822220802
v 0.05267583578824997 0.014047466218471527 -0.04115289822220802
v 0.06036243587732315 -0.004559733439236879 0.04625163599848747
v 0.06036243587732315 -0.004559733439236879 0.04625163599848747
v 0.05258253216743469 0.012756146490573883 0.042567286640405655
v -0.0670822411775589 0.0001571625762153417 0.04966546595096588
v -0.06667623668909073 -0.00001166079891845584 -0.049770522862672806
v 0.06618987768888474 -0.0003859213029500097 -0.04851038381457329
v 0.06601917743682861 0.0012053038226440549 -0.04986165091395378
v 0.0661098062992096 0.0015598856844007969 0.04853721335530281
v 0.06599409133195877 0.00011378552881069481 0.04986647143959999
v 0.06599409133195877 0.00011378552881069481 0.04986647143959999
v 0.06599409133195877 0.00011378552881069481 0.04986647143959999
v -0.061317287385463715 -0.005839497782289982 0.016990669071674347
v -0.061145249754190445 -0.0002881546679418534 0.046981558203697205
v -0.06126729026436806 0.006671201437711716 -0.024818643927574158
v -0.0609266459941864 0.00048075197264552116 -0.04645242169499397
v 0.060623496770858765 -0.005612579640001059 -0.024827616289258003
v 0.06041207164525986 0.0005592618836089969 -0.046356502920389175
v 0.06050395965576172 0.006757140159606934 0.01696673221886158
v 0.06011725217103958 0.0006421841681003571 0.04682986065745354
v -0.05344564840197563 -0.013471546582877636 0.04120609164237976
v -0.06124664098024368 -0.005505176726728678 -0.044961217790842056
v -0.06124664098024368 -0.005505176726728678 -0.044961217790842056
v -0.05354030430316925 0.011632728390395641 0.042294591665267944
v -0.061309561133384705 -0.005477693863213062 0.046258218586444855
v -0.061309561133384705 -0.005477693863213062 0.046258218586444855
v -0.05347810313105583 0.014044752344489098 -0.04119701310992241
v -0.06167027726769447 0.005857354961335659 0.04496261104941368
v -0.06167027726769447 0.005857354961335659 0.04496261104941368
v -0.05337584391236305 -0.011780066415667534 -0.042582567781209946
v -0.06102384254336357 0.0057079303078353405 -0.046198755502700806
v 0.05280791223049164 -0.012880649417638779 -0.04121209681034088
v 0.06055479124188423 -0.00533667067065835 0.044984184205532074
v 0.06055479124188423 -0.00533667067065835 0.044984184205532074
v 0.052563391625881195 0.012499152682721615 -0.04217100143432617
v 0.060481082648038864 -0.004640465136617422 -0.04623837396502495
v 0.060481082648038864 -0.004640465136617422 -0.04623837396502495
v 0.05260472372174263 0.013912351801991463 0.04113404080271721
v 0.06057558208703995 0.006643961649388075 -0.04492496699094772
v 0.06057558208703995 0.006643961649388075 -0.04492496699094772
v 0.05273683741688728 -0.01159962359815836 0.04251852259039879
v 0.06030281260609627 0.0058556185103952885 0.04624771326780319
v 0.06030281260609627 0.0058556185103952885 0.04624771326780319
v -0.05350382253527641 -0.01363095361739397 0.020841442048549652
v -0.05344584956765175 0.014332633465528488 -0.009342988952994347
v 0.05250531807541847 0.014188961125910282 0.020822320133447647
v -0.061265911906957626 0.0064829024486243725 0.017010806128382683
v 0.06065823510289192 -0.005645234137773514 0.016989512369036674
v 0.06054968759417534 0.006697528064250946 -0.009344778954982758
v 0.06054968759417534 0.006697528064250946 -0.009344778954982758
v 0.05209481343626976 0.013542084954679012 -0.005835589021444321
v -0.06127079203724861 0.0066834851168096066 -0.005796619225293398
v -0.0003997923049610108 0.016904588788747787 -0.026997260749340057
v -0.0003997923049610108 0.016904588788747787 -0.026997260749340057
v -0.0003997923049610108 0.016904588788747787 -0.026997260749340057
v -0.053473275154829025 0.014349561184644699 -0.02806984819471836
v 0.05282493308186531 -0.01325618289411068 -0.02808467671275139
v -0.06130008026957512 -0.005741284228861332 -0.024834612384438515
v 0.060493871569633484 0.00670369528234005 -0.024789107963442802
v -0.00030960296862758696 -0.015399518422782421 -0.03936920687556267
v -0.00030575995333492756 -0.015729837119579315 -0.02248123101890087
v -0.053457170724868774 -0.013161932118237019 -0.028119521215558052
v -0.00030048907501623034 -0.015697747468948364 -0.007361090742051601
v 0.05275816470384598 -0.013188512995839119 -0.0074017234146595
v -0.06688683480024338 -0.00040264156996272504 -0.007422526832669973
v -0.06105150654911995 -0.005454360507428646 -0.00740863336250186
v -0.05334773659706116 -0.013244831934571266 -0.007406226359307766
v 0.06050696223974228 -0.00548695819452405 -0.00740574998781085
v -0.000302548345644027 -0.01631135866045952 -0.007361403200775385
v 0.052784714847803116 -0.013779353350400925 -0.007377806585282087
v -0.061193760484457016 -0.006202659569680691 -0.007406437303870916
v -0.05339270457625389 -0.013865417800843716 -0.007389894220978022
v 0.06072213128209114 -0.006150620523840189 -0.007424448151141405
v -0.06694934517145157 -0.0009389100596308708 -0.007410968653857708
v -0.00030374815105460584 -0.016881603747606277 -0.007610042113810778
v 0.05301499366760254 -0.014098993502557278 -0.007591606583446264
v -0.06156592071056366 -0.006598438136279583 -0.007629068102687597
v -0.05363460257649422 -0.014197465032339096 -0.007611304987221956
v 0.061122339218854904 -0.00652983458712697 -0.007643019314855337
v -0.06711787730455399 -0.001322357915341854 -0.007629837840795517
v -0.06689062714576721 -0.0005104915471747518 0.01850549504160881
v -0.06681280583143234 -0.00028940694755874574 0.050020795315504074
v -0.06681280583143234 -0.00028940694755874574 0.050020795315504074
v -0.06692001968622208 0.0015107020735740662 -0.026269041001796722
v -0.06650140136480331 0.0004975079791620374 -0.050091978162527084
v -0.06734289973974228 -0.0011990168131887913 0.04846906289458275
v -0.06688620150089264 -0.0003060573653783649 -0.048420242965221405
v -0.06700165569782257 -0.0007807620568200946 0.04976007714867592
v -0.06689722090959549 0.0013899148907512426 -0.04841231554746628
v -0.06715232133865356 0.00029618051485158503 0.04829249531030655
v -0.06715232133865356 0.00029618051485158503 0.04829249531030655
v -0.06671346724033356 0.0009908850770443678 -0.04973682016134262
v -0.0669427290558815 0.001485881395637989 0.018462184816598892
v -0.06691782921552658 0.0015133994165807962 -0.009401766583323479
v -0.06697419285774231 -0.0005961348069831729 -0.026275312528014183
v 0.06625260412693024 -0.00048467013402841985 -0.026307299733161926
v 0.06591081619262695 0.0006689741276204586 -0.050150755792856216
v 0.06617370247840881 0.0015844516456127167 0.01852669194340706
v 0.06589771062135696 0.0006741752149537206 0.050153933465480804
v 0.06589771062135696 0.0006741752149537206 0.050153933465480804
v 0.0661059319972992 -0.0003114758001174778 0.048543743789196014
v 0.06611230224370956 0.00020979759574402124 -0.04977257549762726
v 0.06618330627679825 0.0015139305032789707 -0.048508625477552414
v 0.06597092747688293 0.0012373928911983967 0.049887750297784805
v 0.06597092747688293 0.0012373928911983967 0.049887750297784805
v 0.06621652096509933 -0.00046706103603355587 0.018525848165154457
v 0.06619712710380554 0.0016063617076724768 -0.005791464354842901
v 0.06619857251644135 0.001578066498041153 -0.026296421885490417
v 0.06616346538066864 -0.0003106053627561778 -0.007413187529891729
v 0.06622783094644547 -0.0006997050950303674 -0.007402438670396805
v 0.06633680313825607 -0.0010405716020613909 -0.00762310903519392
v 0.0713036060333252 -0.00004245163290761411 -0.03350772336125374
v 0.0710732564330101 0.0005132639198563993 -0.05222757160663605
v 0.0713120773434639 0.0010038511827588081 0.026062926277518272
v 0.07105108350515366 0.0005540765705518425 0.05223136022686958
v 0.071250319480896 0.0000679671938996762 -0.05050697922706604
v 0.0712411031126976 0.0000644747051410377 0.050531867891550064
v 0.071155846118927 0.00076864700531587 -0.05190208926796913
v 0.07114707678556442 0.00026139465626329184 -0.05190172791481018
v 0.07125399261713028 0.001060959999449551 0.05053798481822014
v 0.07126374542713165 0.0009648824343457818 -0.05050692334771156
v 0.07113032042980194 0.00028413193649612367 0.05192212760448456
v 0.07113790512084961 0.0008337670005857944 0.051925357431173325
v 0.07131482660770416 -0.000042910134652629495 0.019377397373318672
v 0.07130462676286697 0.0010073264129459858 -0.005819761659950018
v 0.07130592316389084 0.0010142254177480936 -0.02713742107152939
v 0.07127730548381805 0.00015995954163372517 -0.0074289157055318356
v 0.07134207338094711 -0.0003499402373563498 -0.007420933339744806
v 0.07140091061592102 -0.0008413870818912983 -0.007650168612599373
v -0.0717863142490387 -0.00003704405389726162 0.02593274414539337
v -0.07147131115198135 0.0003941107133869082 0.05199618637561798
v -0.07176946103572845 0.001064108218997717 -0.03340109437704086
v -0.07146211713552475 0.0005295834271237254 -0.051984548568725586
v -0.07172196358442307 0.00002888537710532546 0.050299931317567825
v -0.07171274721622467 0.000006185553502291441 -0.05030534416437149
v -0.07155401259660721 0.0006900422158651054 0.051679860800504684
v -0.07158396393060684 0.00017909216694533825 0.05169770121574402
v -0.07169891148805618 0.0010640867985785007 -0.05029536783695221
v -0.07168164104223251 0.0008709460962563753 0.0502881295979023
v -0.07156664878129959 0.0002598655701149255 -0.05167687311768532
v -0.07156168669462204 0.0008190267253667116 -0.05167321860790253
v -0.07178644835948944 0.0010665168520063162 0.01927546225488186
v -0.07178764790296555 0.0010668352479115129 -0.009438594803214073
v -0.07182709872722626 -0.00003637236659415066 -0.027076255530118942
v -0.07176168262958527 0.00019642847473733127 -0.007432699669152498
v -0.07181083410978317 -0.0002989197091665119 -0.007421881426125765
v -0.07189317047595978 -0.0007796140853315592 -0.007664350792765617
v 0.07509502023458481 0.0003237328783143312 -0.03351143002510071
v 0.0731196179986 0.000133612280478701 -0.03350948542356491
v 0.0731196179986 0.000133612280478701 -0.03350948542356491
v 0.06917858868837357 -0.00023508627782575786 -0.027136094868183136
v 0.07486092299222946 0.00038718333235010505 -0.052223946899175644
v 0.07486092299222946 0.00038718333235010505 -0.052223946899175644
v 0.07288632541894913 0.00045069988118484616 -0.05222697556018829
v 0.07288632541894913 0.00045069988118484616 -0.05222697556018829
v 0.07288632541894913 0.00045069988118484616 -0.05222697556018829
v 0.06893590092658997 0.0005838546203449368 -0.05221359059214592
v 0.07510323822498322 0.0005414412007667124 0.026063263416290283
v 0.07510323822498322 0.0005414412007667124 0.026063263416290283
v 0.07510323822498322 0.0005414412007667124 0.026063263416290283
v 0.07312849909067154 0.0007826142245903611 0.026062943041324615
v 0.07312849909067154 0.0007826142245903611 0.026062943041324615
v 0.0691678524017334 0.0012675088364630938 0.019375283271074295
v 0.07484030723571777 0.00042793722241185606 0.052255310118198395
v 0.07484030723571777 0.00042793722241185606 0.052255310118198395
v 0.07286491245031357 0.0004966913838870823 0.052252739667892456
v 0.07286491245031357 0.0004966913838870823 0.052252739667892456
v 0.07286491245031357 0.0004966913838870823 0.052252739667892456
v 0.06891533732414246 0.0006188369588926435 0.052209366112947464
v 0.07504257559776306 0.00034965513623319566 -0.050511740148067474
v 0.07306669652462006 0.00019879959290847182 -0.05050934851169586
v 0.0691155195236206 -0.00007660398841835558 -0.05050467327237129
v 0.07503075152635574 0.00039264504448510706 0.05053873360157013
v 0.07305319607257843 0.0002564759342931211 0.05053332448005676
v 0.06910135596990585 -0.00014983917935751379 0.05053412541747093
v 0.07493820786476135 0.00043059862218797207 -0.051901038736104965
v 0.07296653836965561 0.0006042763707228005 -0.05190097913146019
v 0.06902382522821426 0.0009687260026112199 -0.05190182477235794
v 0.07493696361780167 0.000345836509950459 -0.05190480872988701
v 0.07296133041381836 0.00030109778163023293 -0.051903996616601944
v 0.06901007890701294 0.0001989976008189842 -0.051900867372751236
v 0.07502966374158859 0.0005161192384548485 0.05054248124361038
v 0.07306243479251862 0.0007989705773070455 0.05054017901420593
v 0.06911342591047287 0.0013529232237488031 0.05053494870662689
v 0.07504844665527344 0.0005027976585552096 -0.05050947517156601
v 0.07307574898004532 0.0007377455476671457 -0.050507884472608566
v 0.0691351369023323 0.0012503182515501976 -0.0505073219537735
v 0.07492037862539291 0.0004162890836596489 0.05193200707435608
v 0.07294435799121857 0.00035377973108552396 0.05192873254418373
v 0.0689908117055893 0.0002232223778264597 0.05190679430961609
v 0.07491930574178696 0.0004701513680629432 0.05193492770195007
v 0.07294873893260956 0.0006602179491892457 0.0519317090511322
v 0.06899954378604889 0.0010200997348874807 0.051915377378463745
v 0.06899954378604889 0.0010200997348874807 0.051915377378463745
v 0.07510550320148468 0.0003249461587984115 0.019377710297703743
v 0.07510550320148468 0.0003249461587984115 0.019377710297703743
v 0.07313049584627151 0.00013319090066943318 0.019377440214157104
v 0.07313049584627151 0.00013319090066943318 0.019377440214157104
v 0.07313049584627151 0.00013319090066943318 0.019377440214157104
v 0.0691811665892601 -0.00025000490131787956 0.026063526049256325
v 0.07510200142860413 0.0005416279309429228 -0.005820053163915873
v 0.07510200142860413 0.0005416279309429228 -0.005820053163915873
v 0.07510200142860413 0.0005416279309429228 -0.005820053163915873
v 0.07312408089637756 0.0007829393725842237 -0.0058202282525599
v 0.07312408089637756 0.0007829393725842237 -0.0058202282525599
v 0.0691588968038559 0.0012766519794240594 -0.009412677958607674
v 0.0750964805483818 0.0005423920811153948 -0.02713911235332489
v 0.0750964805483818 0.0005423920811153948 -0.02713911235332489
v 0.0750964805483818 0.0005423920811153948 -0.02713911235332489
v 0.0750964805483818 0.0005423920811153948 -0.02713911235332489
v 0.07312171906232834 0.0007873424328863621 -0.027138132601976395
v 0.06916410475969315 0.0012698608916252851 -0.03350621089339256
v 0.07505834102630615 0.00015293178148567677 -0.007424251642078161
v 0.07308824360370636 0.0004011063720099628 -0.007426863070577383
v 0.06914146989583969 -0.00008713579154573381 -0.007429682184010744
v 0.07512080669403076 0.00010846147779375315 -0.007407120894640684
v 0.07315488159656525 -0.0001467688416596502 -0.007416894193738699
v 0.0692022368311882 -0.000535395578481257 -0.007417411543428898
v 0.07518921792507172 -0.00040216484921984375 -0.007649112958461046
v 0.07322149723768234 -0.00068456563167274 -0.0076537905260920525
v 0.06926218420267105 -0.000949934939853847 -0.007641219533979893
v -0.07516872882843018 0.00035235719406045973 0.025933045893907547
v -0.07339809089899063 0.00014850287698209286 0.02593281678855419
v -0.06985539942979813 -0.00025631426251493394 0.019276341423392296
v -0.07484269887208939 0.000593837583437562 0.05199379473924637
v -0.07484269887208939 0.000593837583437562 0.05199379473924637
v -0.07307542860507965 0.0005002640536986291 0.0519920289516449
v -0.06957586854696274 0.00019811572565231472 0.05204382911324501
v -0.06957586854696274 0.00019811572565231472 0.05204382911324501
v -0.07515169680118561 0.0006718289805576205 -0.03341862931847572
v -0.07338069379329681 0.0008746079402044415 -0.033409927040338516
v -0.06985553354024887 0.0012955402489751577 -0.02705475501716137
v -0.07483832538127899 0.000550961762201041 -0.051993969827890396
v -0.07483832538127899 0.000550961762201041 -0.051993969827890396
v -0.0730685442686081 0.000541310291737318 -0.05198026821017265
v -0.0730685442686081 0.000541310291737318 -0.05198026821017265
v -0.06953079998493195 0.0005302526406012475 -0.0520089827477932
v -0.0750933587551117 0.00043685128912329674 0.05030384659767151
v -0.07332424819469452 0.0002505060110706836 0.050300754606723785
v -0.0698513463139534 -0.00006606552051380277 0.05030295252799988
v -0.07509102672338486 0.0004214060609228909 -0.050312042236328125
v -0.07332274317741394 0.0001970934827113524 -0.05030876398086548
v -0.06977561116218567 -0.00016407491057179868 -0.05029486119747162
v -0.07494159787893295 0.0007028593099676073 0.05168844386935234
v -0.07316683232784271 0.000707700033672154 0.05168649181723595
v -0.06963878124952316 0.0005115751409903169 0.05162396281957626
v -0.07495301216840744 0.0005161231383681297 0.05168777331709862
v -0.07318787276744843 0.00033891774364747107 0.051692359149456024
v -0.0697278082370758 -0.00007145584095269442 0.05173066630959511
v -0.07508643716573715 0.0007585618877783418 -0.05030932277441025
v -0.07331378757953644 0.0009324057027697563 -0.05030285194516182
v -0.06976474821567535 0.0011343627702444792 -0.05027942359447479
v -0.0750744640827179 0.0006464537000283599 0.050302229821681976
v -0.07329768687486649 0.0007641190895810723 0.05029522255063057
v -0.06975612789392471 0.0009193391306325793 0.05025700852274895
v -0.07494694739580154 0.00045332981972023845 -0.05169493705034256
v -0.07317591458559036 0.0003531451802700758 -0.051684826612472534
v -0.06963375955820084 0.0001560935052111745 -0.05167067423462868
v -0.07494435459375381 0.0006682120729237795 -0.05169141665101051
v -0.07317184656858444 0.0007527968264184892 -0.05168195068836212
v -0.06962939351797104 0.0009056093404069543 -0.05168253555893898
v -0.07516847550868988 0.0006672776653431356 0.019276587292551994
v -0.07339799404144287 0.0008762967772781849 0.01927614025771618
v -0.07339799404144287 0.0008762967772781849 0.01927614025771618
v -0.06985976547002792 0.0012911404483020306 0.025942888110876083
v -0.07516927272081375 0.0006670859875157475 -0.009445011615753174
v -0.07516927272081375 0.0006670859875157475 -0.009445011615753174
v -0.07339820265769958 0.0008761314675211906 -0.009443171322345734
v -0.07339820265769958 0.0008761314675211906 -0.009443171322345734
v -0.07339820265769958 0.0008761314675211906 -0.009443171322345734
v -0.07339820265769958 0.0008761314675211906 -0.009443171322345734
v -0.06985746324062347 0.0012947896029800177 -0.0058301519602537155
v -0.07521320134401321 0.0004399397294037044 -0.02708233706653118
v -0.07344111055135727 0.00019106047693639994 -0.02708127163350582
v -0.0698801726102829 -0.0002873416233342141 -0.03339242562651634
v -0.07515879720449448 0.0005491028423421085 -0.007435246836394072
v -0.07337808609008789 0.00039549398934468627 -0.0074333013035357
v -0.06983312964439392 -0.00009910573135130107 -0.007434877101331949
v -0.07519566267728806 0.000012703851098194718 -0.007432192098349333
v -0.07342299073934555 -0.00013558936188928783 -0.0074254549108445644
v -0.06988272815942764 -0.0005433958722278476 -0.0074250223115086555
v -0.07528045028448105 -0.0005110783968120813 -0.007690113969147205
v -0.07350727915763855 -0.0006636283360421658 -0.007679120637476444
v -0.06997314840555191 -0.0009482583263888955 -0.007646074518561363
v -0.06835192441940308 0.0001464849046897143 0.05091044679284096
v -0.06835192441940308 0.0001464849046897143 0.05091044679284096
v -0.0659598782658577 0.00038723053876310587 0.04855060204863548
v -0.0659598782658577 0.00038723053876310587 0.04855060204863548
v -0.06809967011213303 0.00007815725984983146 -0.051084745675325394
v -0.06551238149404526 -0.00009049891377799213 -0.04867606610059738
v -0.06551238149404526 -0.00009049891377799213 -0.04867606610059738
v 0.06753711402416229 -0.0001949646684806794 -0.04988393932580948
v 0.06513135135173798 -0.00034403635072521865 -0.04741554707288742
v 0.06739330291748047 0.0011327674146741629 -0.05127377063035965
v 0.06739330291748047 0.0011327674146741629 -0.05127377063035965
v 0.06491122394800186 0.0012780646793544292 -0.048696454614400864
v 0.06491122394800186 0.0012780646793544292 -0.048696454614400864
v 0.06749080866575241 0.001514464383944869 0.04991614446043968
v 0.06503461301326752 0.0016525760293006897 0.04746021330356598
v 0.06738011538982391 0.00017727570957504213 0.05125904083251953
v 0.06484945118427277 0.00005566290928982198 0.04873549938201904
v 0.06484945118427277 0.00005566290928982198 0.04873549938201904
v -0.06831349432468414 -0.0002853456826414913 -0.007431396748870611
v -0.06578392535448074 -0.0005061749834567308 -0.007414387539029121
v -0.06836596876382828 -0.0007288369815796614 -0.007420816458761692
v -0.065864197909832 -0.001175805926322937 -0.007414377294480801
v -0.06848371773958206 -0.0010831037070602179 -0.0076345037668943405
v -0.06604616343975067 -0.0014605170581489801 -0.007621335331350565
v -0.06578533351421356 -0.0006476513808593154 0.0180966779589653
v -0.06833095848560333 -0.0004200850089546293 0.02563650533556938
v -0.06821233779191971 -0.00024462348665110767 0.051339685916900635
v -0.06821233779191971 -0.00024462348665110767 0.051339685916900635
v -0.06582529842853546 -0.00026862751110456884 0.04870437830686569
v -0.06582529842853546 -0.00026862751110456884 0.04870437830686569
v -0.06581573188304901 0.0015634119044989347 -0.025851188227534294
v -0.06833818554878235 0.0014310379046946764 -0.033045630902051926
v -0.06794802844524384 0.0005094431107863784 -0.05143021047115326
v -0.06529948115348816 0.0005044571589678526 -0.048970744013786316
v -0.06632291525602341 -0.0016860170289874077 0.04746048152446747
v -0.06848840415477753 -0.0004560544330161065 0.04974496364593506
v -0.06827610731124878 -0.0001870656560640782 -0.049703199416399
v -0.06576722860336304 -0.00046893241233192384 -0.04740745201706886
v -0.0659947544336319 -0.0009276536293327808 0.0485268235206604
v -0.0659947544336319 -0.0009276536293327808 0.0485268235206604
v -0.0659947544336319 -0.0009276536293327808 0.0485268235206604
v -0.06828044354915619 -0.00047330392408184707 0.051152341067790985
v -0.06577223539352417 0.0014683138579130173 -0.047395672649145126
v -0.06829354912042618 0.0012034662067890167 -0.04969041794538498
v -0.06834878027439117 0.000733760476578027 0.04961235821247101
v -0.06834878027439117 0.000733760476578027 0.04961235821247101
v -0.06626904010772705 0.0008222168544307351 0.04731765761971474
v -0.06626904010772705 0.0008222168544307351 0.04731765761971474
v -0.06553035974502563 0.0010963201057165861 -0.048667073249816895
v -0.06553035974502563 0.0010963201057165861 -0.048667073249816895
v -0.06811659038066864 0.0009288490982726216 -0.0510689839720726
v -0.06834681332111359 0.0014309692196547985 0.01902998611330986
v -0.06586731225252151 0.001118517480790615 0.024299748241901398
v -0.0683407336473465 0.0014343301299959421 -0.00941479578614235
v -0.06581522524356842 0.0015727358404546976 -0.005808538291603327
v -0.06838486343622208 -0.0004843555798288435 -0.02681068703532219
v -0.06586787104606628 -0.0006562231574207544 -0.03172701969742775
v 0.06519974768161774 -0.0005484394496306777 -0.02586432546377182
v 0.06760216504335403 -0.000362970371497795 -0.033152639865875244
v 0.06732261180877686 0.0006370731862261891 -0.05154642090201378
v 0.06732261180877686 0.0006370731862261891 -0.05154642090201378
v 0.06478222459554672 0.0006576126324944198 -0.048933014273643494
v 0.06478222459554672 0.0006576126324944198 -0.048933014273643494
v 0.06513386964797974 0.0017459308728575706 0.018062446266412735
v 0.06756594032049179 0.0014222925528883934 0.025720087811350822
v 0.06729812175035477 0.00065782037563622 0.05156055465340614
v 0.06729812175035477 0.00065782037563622 0.05156055465340614
v 0.06472378224134445 0.0006756893708370626 0.048982325941324234
v 0.06748446822166443 -0.00027020261040888727 0.04991856962442398
v 0.06503444164991379 -0.0003206103283446282 0.04745817184448242
v 0.0649467185139656 0.000036061013815924525 -0.04868994653224945
v 0.0649467185139656 0.000036061013815924525 -0.04868994653224945
v 0.0673966109752655 0.00015702789823990315 -0.05124567821621895
v 0.06753509491682053 0.0014097413513809443 -0.049889516085386276
v 0.06512070447206497 0.001651574857532978 -0.047424688935279846
v 0.06483805179595947 0.0013009394751861691 0.04874400421977043
v 0.06483805179595947 0.0013009394751861691 0.04874400421977043
v 0.06737097352743149 0.001146430498920381 0.05127774551510811
v 0.06758743524551392 -0.0003836127871181816 0.01911553554236889
v 0.06516288965940475 -0.0005232481053099036 0.024377401918172836
v 0.06753119081258774 0.0014437551144510508 -0.00580997159704566
v 0.06519738584756851 0.0017394237220287323 -0.009374558925628662
v 0.06756813824176788 0.0014303114730864763 -0.0268766637891531
v 0.06515440344810486 0.0017267744988203049 -0.0317264162003994
v 0.06754587590694427 -0.00025679878308437765 -0.00742572033777833
v 0.06511291861534119 -0.00044668346527032554 -0.00740624638274312
v 0.06760668754577637 -0.0006724830018356442 -0.007414868101477623
v 0.06518381834030151 -0.0008591791847720742 -0.007404587231576443
v 0.06518381834030151 -0.0008591791847720742 -0.007404587231576443
v 0.06768150627613068 -0.001009372528642416 -0.0076332176104187965
v 0.06530382484197617 -0.0010231293272227049 -0.007610180415213108
v 0.06530382484197617 -0.0010231293272227049 -0.007610180415213108
v -0.06760277599096298 0.00014166774053592235 0.05028299242258072
v -0.06729501485824585 -0.000028349226340651512 -0.05040840432047844
v 0.06679097563028336 -0.0003898639406543225 -0.04913909733295441
v 0.06660810858011246 0.001223008963279426 -0.05054071918129921
v 0.06660810858011246 0.001223008963279426 -0.05054071918129921
v 0.06671589612960815 0.0015964519698172808 0.04916322976350784
v 0.06658945232629776 0.00009405059972777963 0.050537995994091034
v 0.06658945232629776 0.00009405059972777963 0.050537995994091034
v -0.0675043910741806 -0.0003908147045876831 -0.0073937163688242435
v -0.06757812201976776 -0.0008495874935761094 -0.007351395674049854
v -0.06774932146072388 -0.0012536831200122833 -0.007599823176860809
v -0.06754481792449951 -0.000606598099693656 0.025255562737584114
v -0.06735859811306 -0.00027909790514968336 0.05074751377105713
v -0.06735859811306 -0.00027909790514968336 0.05074751377105713
v -0.06755707412958145 0.0015598628669977188 -0.03263184428215027
v -0.06712088733911514 0.000500965747050941 -0.050754763185977936
v -0.06792321801185608 -0.0009454758837819099 0.04905163124203682
v -0.06750717759132385 -0.0003323132114019245 -0.049009326845407486
v -0.06756459176540375 -0.0007197702070698142 0.05043502151966095
v -0.06752650439739227 0.001404464477673173 -0.04900097846984863
v -0.06761927157640457 0.0006510620005428791 0.048925917595624924
v -0.06732161343097687 0.001021410571411252 -0.05038091540336609
v -0.06757190078496933 0.0015607071109116077 0.01871657744050026
v -0.06755339354276657 0.0015530341770499945 -0.009406959637999535
v -0.06760561466217041 -0.0006140692858025432 -0.026516633108258247
v 0.066864013671875 -0.000547609874047339 -0.03271038457751274
v 0.06650514900684357 0.0006595979793928564 -0.05084654688835144
v 0.06679372489452362 0.0015410976484417915 0.025299055501818657
v 0.06648983061313629 0.0006668337155133486 0.05085240304470062
v 0.06670791655778885 -0.00035735542769543827 0.04917203634977341
v 0.06663300842046738 0.00010923999070655555 -0.0504937544465065
v 0.06663300842046738 0.00010923999070655555 -0.0504937544465065
v 0.0667804405093193 0.0015381169505417347 -0.049137406051158905
v 0.06657444685697556 0.0012440431164577603 0.050555963069200516
v 0.06657444685697556 0.0012440431164577603 0.050555963069200516
v 0.06682596355676651 -0.000507129356265068 0.018788296729326248
v 0.06677274405956268 0.0015377639792859554 -0.005800569895654917
v 0.06680823117494583 0.00156759237870574 -0.026553871110081673
v 0.06677532196044922 -0.000316762801958248 -0.007381261792033911
v 0.06683468073606491 -0.0007009574910625815 -0.007335387170314789
v 0.06693103164434433 -0.0010816720314323902 -0.00759249459952116
v 0.07033009082078934 -0.00021994122653268278 -0.027139758691191673
v 0.07008719444274902 0.0005457192892208695 -0.05228835716843605
v 0.07033000886440277 0.0011977748945355415 0.01937863975763321
v 0.070064976811409 0.0005838670185767114 0.05228618532419205
v 0.07026773691177368 -0.00008111176430247724 -0.050518762320280075
v 0.07025928050279617 -0.00010175045463256538 0.05054537579417229
v 0.07017633318901062 0.0009147701784968376 -0.05194605514407158
v 0.07016202807426453 0.00017967594612855464 -0.0519445538520813
v 0.0702744722366333 0.0012563023483380675 0.05054717883467674
v 0.07028834521770477 0.0011680740863084793 -0.05051908642053604
v 0.0701441839337349 0.00019998422067146748 0.05196122080087662
v 0.07015584409236908 0.0009723830735310912 0.05196436122059822
v 0.07033431529998779 -0.00021383815328590572 0.026064859703183174
v 0.07032185047864914 0.0011966037563979626 -0.009413961321115494
v 0.07032091170549393 0.0011916980147361755 -0.03350880369544029
v 0.07029644399881363 -0.000010722025763243437 -0.007391622755676508
v 0.07036538422107697 -0.0004510160943027586 -0.007347866427153349
v 0.07042087614536285 -0.0009013694943860173 -0.007607961073517799
v -0.07090908288955688 -0.00020660736481659114 0.019277062267065048
v -0.07060110569000244 0.000357548677129671 0.05209065228700638
v -0.07090746611356735 0.001247174572199583 -0.027065731585025787
v -0.07058104127645493 0.0005263470811769366 -0.05206211656332016
v -0.07085435837507248 -0.00018186084344051778 0.05031360313296318
v -0.07083012163639069 -0.00014584974269382656 -0.050314389169216156
v -0.07066366076469421 0.000712642737198621 0.051713790744543076
v -0.07070866227149963 0.00002214525011368096 0.05173606052994728
v -0.07081235945224762 0.0011869902955368161 -0.050302356481552124
v -0.0708000510931015 0.0010140384547412395 0.050298769026994705
v -0.07068505883216858 0.0001550562446936965 -0.05171962082386017
v -0.07067960500717163 0.0009106732904911041 -0.05171862617135048
v -0.07091007381677628 0.0012463731691241264 0.02593565359711647
v -0.07091043144464493 0.0012456064578145742 -0.00583450123667717
v -0.07093002647161484 -0.00023962309933267534 -0.03340602293610573
v -0.07089224457740784 0.000012857402907684445 -0.007396076340228319
v -0.07095453143119812 -0.0004226671007927507 -0.0073559037409722805
v -0.07103143632411957 -0.0008745462400838733 -0.007623403333127499
v 0.06836316734552383 -0.000421801203629002 -0.027139553800225258
v 0.07000891119241714 -0.00025225963327102363 -0.033510249108076096
v 0.06808480620384216 0.0006121136830188334 -0.05227211117744446
v 0.06976368278265 0.0005562242586165667 -0.05228525772690773
v 0.06834010034799576 0.0014366877730935812 0.019375082105398178
v 0.07001232355833054 0.0012380194384604692 0.026063086465001106
v 0.06806544959545135 0.0006404808373190463 0.05228026956319809
v 0.06974238902330399 0.0005940253031440079 0.05228276550769806
v 0.06828822195529938 -0.00022150456788949668 -0.05051743984222412
v 0.069947749376297 -0.00010355398990213871 -0.050519153475761414
v 0.06826619803905487 -0.00026415285537950695 0.05054678022861481
v 0.06993667781352997 -0.000141933182021603 0.05054720491170883
v 0.0681840032339096 0.0010946312686428428 -0.05194401741027832
v 0.0681840032339096 0.0010946312686428428 -0.05194401741027832
v 0.0698549672961235 0.0009456442203372717 -0.05194584280252457
v 0.06816551089286804 0.00012946037168148905 -0.051938194781541824
v 0.06816551089286804 0.00012946037168148905 -0.051938194781541824
v 0.06983933597803116 0.00016893931024242193 -0.05194494128227234
v 0.06828002631664276 0.0015076384879648685 0.050543803721666336
v 0.06995020806789398 0.0012986662331968546 0.05054732412099838
v 0.06830934435129166 0.0014297754969447851 -0.0505194254219532
v 0.06997033208608627 0.0012116252910345793 -0.05051924288272858
v 0.06814628839492798 0.00015334248018916696 0.05195091292262077
v 0.06814628839492798 0.00015334248018916696 0.05195091292262077
v 0.06982044875621796 0.00019129729480482638 0.05195752903819084
v 0.06815594434738159 0.0011285946238785982 0.051956117153167725
v 0.06815594434738159 0.0011285946238785982 0.051956117153167725
v 0.06983261555433273 0.0010031687561422586 0.0519646555185318
v 0.06835814565420151 -0.000405805156333372 0.026065176352858543
v 0.07001657038927078 -0.00024502360611222684 0.019378477707505226
v 0.06832452118396759 0.001434860285371542 -0.009410444647073746
v 0.07000112533569336 0.001236308366060257 -0.005818893201649189
v 0.0683387964963913 0.0014381005894392729 -0.03350694105029106
v 0.0700029507279396 0.0012266719713807106 -0.027137624099850655
v 0.06831858307123184 -0.0002321283973287791 -0.007391632068902254
v 0.06997522711753845 -0.00003655746695585549 -0.0073911105282604694
v 0.06837867945432663 -0.0006404751911759377 -0.0073449620977044106
v 0.07004376500844955 -0.00046177193871699274 -0.007345542777329683
v 0.06844061613082886 -0.0010451811831444502 -0.007601844146847725
v 0.07010189443826675 -0.0009062165627256036 -0.007606685161590576
v -0.06913373619318008 -0.0004161355027463287 0.019278908148407936
v -0.07059129327535629 -0.00024999407469294965 0.025935044512152672
v -0.0688512995839119 0.00005883473204448819 0.05207261070609093
v -0.0688512995839119 0.00005883473204448819 0.05207261070609093
v -0.07027782499790192 0.0003517121949698776 0.05213797092437744
v -0.07027782499790192 0.0003517121949698776 0.05213797092437744
v -0.07027782499790192 0.0003517121949698776 0.05213797092437744
v -0.07027782499790192 0.0003517121949698776 0.05213797092437744
v -0.06913497298955917 0.0014552762731909752 -0.027051709592342377
v -0.07057928293943405 0.0012908799108117819 -0.03339160978794098
v -0.06878557801246643 0.0005239777965471148 -0.052074071019887924
v -0.07025615125894547 0.0005286808591336012 -0.0520642027258873
v -0.06924116611480713 -0.0004429123073350638 0.050324201583862305
v -0.06924116611480713 -0.0004429123073350638 0.050324201583862305
v -0.07055670768022537 -0.0002723408106248826 0.05031745135784149
v -0.06904519349336624 -0.0002969142224173993 -0.05030339956283569
v -0.0705084428191185 -0.00016217047232203186 -0.05031146481633186
v -0.06889327615499496 0.000506274460349232 0.051653847098350525
v -0.06889327615499496 0.000506274460349232 0.051653847098350525
v -0.07034485787153244 0.0006713166367262602 0.05169833451509476
v -0.06907040625810623 -0.0003057237190660089 0.05178198590874672
v -0.06907040625810623 -0.0003057237190660089 0.05178198590874672
v -0.07043374329805374 0.00009482816676609218 0.05168705806136131
v -0.07043374329805374 0.00009482816676609218 0.05168705806136131
v -0.06904502213001251 0.0012996093137189746 -0.050290677696466446
v -0.07049263268709183 0.0011839901562780142 -0.05029857158660889
v -0.06901641190052032 0.0009515901328995824 0.050261057913303375
v -0.07047802954912186 0.0010360830929130316 0.050294362008571625
v -0.06890001147985458 0.00004820441245101392 -0.05172191560268402
v -0.06890001147985458 0.00004820441245101392 -0.05172191560268402
v -0.07036142796278 0.00013618070806842297 -0.051719702780246735
v -0.06889113038778305 0.0009976441506296396 -0.051720403134822845
v -0.07035665214061737 0.0009266085689887404 -0.051723308861255646
v -0.06914015859365463 0.0014509500470012426 0.02594614028930664
v -0.07059196382761002 0.001282933633774519 0.01927981711924076
v -0.06913729757070541 0.0014545789454132318 -0.005826668348163366
v -0.07059346139431 0.0012829187326133251 -0.00943056121468544
v -0.06916410475969315 -0.000475779379485175 -0.03339122608304024
v -0.07063283771276474 -0.00028061712509952486 -0.027066323906183243
v -0.06910192221403122 -0.00024020366254262626 -0.0073960027657449245
v -0.0705750584602356 -0.00004385726060718298 -0.007398439105600119
v -0.06916752457618713 -0.0006291869794949889 -0.007355702109634876
v -0.07063671201467514 -0.000473196356324479 -0.0073586865328252316
v -0.06927300989627838 -0.001038099406287074 -0.00760932732373476
v -0.07071863859891891 -0.0009138233726844192 -0.007619607262313366
v -0.06864892691373825 0.00043712425394915044 0.0515110082924366
v -0.06781262159347534 0.0001677369000390172 0.05050184950232506
v -0.06860756129026413 0.00002998669515363872 -0.05160904303193092
v -0.0675501823425293 -0.00001176405930891633 -0.05064234510064125
v 0.0679851546883583 -0.0002432202163618058 -0.05036724731326103
v 0.06707930564880371 -0.00034727409365586936 -0.049435194581747055
v 0.06789211183786392 0.0011241496540606022 -0.051814671605825424
v 0.06789211183786392 0.0011241496540606022 -0.051814671605825424
v 0.06686263531446457 0.001211944269016385 -0.05079999938607216
v 0.06686263531446457 0.001211944269016385 -0.05079999938607216
v 0.06796193867921829 0.0015317085199058056 0.050394583493471146
v 0.06701726466417313 0.001590703148394823 0.049459196627140045
v 0.06785757839679718 0.00014459808880928904 0.0518178753554821
v 0.06785757839679718 0.00014459808880928904 0.0518178753554821
v 0.0668426975607872 0.00010562012903392315 0.05079382658004761
v 0.0668426975607872 0.00010562012903392315 0.05079382658004761
v -0.06878332048654556 -0.00028535336605273187 -0.007396390195935965
v -0.06782510876655579 -0.00036192682455293834 -0.007395402994006872
v -0.06884902715682983 -0.0006754762725904584 -0.007355829700827599
v -0.06789585947990417 -0.0007997710490599275 -0.007353072986006737
v -0.06896291673183441 -0.0010712409857660532 -0.007606483995914459
v -0.06805364042520523 -0.0011964903678745031 -0.007601127959787846
v -0.06881632655858994 -0.0004573900660034269 0.025867445394396782
v -0.0678548589348793 -0.0004939095815643668 0.018861429765820503
v -0.0686035081744194 -0.000025217217626050115 0.05193617194890976
v -0.0686035081744194 -0.000025217217626050115 0.05193617194890976
v -0.06760585308074951 -0.00028036380535922945 0.050951339304447174
v -0.06881386786699295 0.0014935336075723171 -0.033298227936029434
v -0.06787054985761642 0.0015359194949269295 -0.02662861905992031
v -0.06849751621484756 0.0005203514592722058 -0.05196782201528549
v -0.06849751621484756 0.0005203514592722058 -0.05196782201528549
v -0.06735837459564209 0.0005032386397942901 -0.050979334861040115
v -0.06897387653589249 -0.0005391030572354794 0.050196632742881775
v -0.0681484192609787 -0.0007914139423519373 0.04931940883398056
v -0.0681484192609787 -0.0007914139423519373 0.04931940883398056
v -0.06874620914459229 -0.000284026114968583 -0.05016469210386276
v -0.0677904337644577 -0.0003205757529940456 -0.049276307225227356
v -0.0688001736998558 -0.00042264474905095994 0.05166825279593468
v -0.06778877973556519 -0.0006778971292078495 0.05068863555788994
v -0.06875515729188919 0.0013141616946086287 -0.0501529723405838
v -0.06781113892793655 0.001356174936518073 -0.04926679655909538
v -0.06875718384981155 0.0009212193544954062 0.050111252814531326
v -0.06875718384981155 0.0009212193544954062 0.050111252814531326
v -0.06788087636232376 0.0007116826018318534 0.04918702319264412
v -0.06860233843326569 0.0009976762812584639 -0.05159696936607361
v -0.06756711006164551 0.0010184465209022164 -0.05062311887741089
v -0.06882304698228836 0.0014821223448961973 0.019219616428017616
v -0.06788086891174316 0.001472247065976262 0.02536795660853386
v -0.06881917268037796 0.0014819647185504436 -0.009420273825526237
v -0.06787293404340744 0.0015353856142610312 -0.005818057339638472
v -0.06885918974876404 -0.000521533191204071 -0.02699452079832554
v -0.0679110437631607 -0.0005649167578667402 -0.03280505910515785
v 0.06804698705673218 -0.0004477075708564371 -0.03341809660196304
v 0.06717123091220856 -0.0004933089949190617 -0.02669750340282917
v 0.06780817359685898 0.0006214596796780825 -0.05214806646108627
v 0.0667470321059227 0.0006503589684143662 -0.0510747916996479
v 0.06802508234977722 0.0014695629943162203 0.025970231741666794
v 0.06710351258516312 0.0015102340839803219 0.01892312616109848
v 0.06778731942176819 0.000646828266326338 0.05216025933623314
v 0.06672412157058716 0.0006639627390541136 0.05108657106757164
v 0.06795156002044678 -0.0002945323649328202 0.05039825290441513
v 0.06700735539197922 -0.0003437335544731468 0.04946663975715637
v 0.06787484884262085 0.00012168292596470565 -0.051804542541503906
v 0.06787484884262085 0.00012168292596470565 -0.051804542541503906
v 0.06687343120574951 0.00010364224726799875 -0.0507613942027092
v 0.06687343120574951 0.00010364224726799875 -0.0507613942027092
v 0.06799982488155365 0.001456408528611064 -0.050369009375572205
v 0.06707024574279785 0.0015186783857643604 -0.04943479597568512
v 0.06786222755908966 0.0011538669932633638 0.051828011870384216
v 0.06786222755908966 0.0011538669932633638 0.051828011870384216
v 0.06683602184057236 0.0012251067673787475 0.0508088581264019
v 0.06683602184057236 0.0012251067673787475 0.0508088581264019
v 0.06804008036851883 -0.0004308733332436532 0.019310737028717995
v 0.0671432688832283 -0.00048718517064116895 0.025478091090917587
v 0.06799476593732834 0.0014675117563456297 -0.00581530062481761
v 0.06708390265703201 0.0015070370864123106 -0.009394342079758644
v 0.06802153587341309 0.0014703592751175165 -0.02706793136894703
v 0.06712321937084198 0.0015262721572071314 -0.03288668394088745
v 0.06799794733524323 -0.00026125353178940713 -0.0073901028372347355
v 0.0670982301235199 -0.00031436511198990047 -0.00738521059975028
v 0.06805631518363953 -0.0006547759985551238 -0.007343558594584465
v 0.06715945899486542 -0.0007041202625259757 -0.0073384568095207214
v 0.06812416017055511 -0.0010434524156153202 -0.007600489072501659
v 0.06724536418914795 -0.001075912732630968 -0.007593574933707714
v 0.05234551429748535 0.0139288529753685 -0.01353590376675129
v 0.052499689161777496 0.01417456567287445 -0.018346719443798065
v 0.05256591737270355 0.014230862259864807 -0.023186765611171722
v 0.05268416181206703 0.014359010383486748 -0.03770899400115013
v 0.05265914648771286 0.01432853750884533 -0.03286714851856232
v -0.061287228018045425 0.006670478731393814 -0.041205644607543945
v -0.06127818301320076 0.0066693928092718124 -0.035743195563554764
v -0.06126895174384117 0.006667634937912226 -0.030280891805887222
v -0.06127364933490753 0.0066847363486886024 -0.01389419287443161
v -0.061269231140613556 0.0066770934499800205 -0.019356444478034973
v 0.060602374374866486 -0.0055255163460969925 -0.04120785742998123
v 0.060599200427532196 -0.005546299275010824 -0.035746775567531586
v 0.06061476469039917 -0.005584342405200005 -0.03028671070933342
v 0.060782402753829956 -0.005770738236606121 -0.01391613855957985
v 0.06063651666045189 -0.0056343646720051765 -0.019369250163435936
v -0.00042291698628105223 0.016904078423976898 -0.017928315326571465
v -0.00040918870945461094 0.01690414920449257 -0.022463573142886162
v -0.00040918870945461094 0.01690414920449257 -0.022463573142886162
v -0.00038884137757122517 0.01690477877855301 -0.03606025129556656
v -0.0003931573301088065 0.016905296593904495 -0.03152909129858017
v -0.0003931573301088065 0.016905296593904495 -0.03152909129858017
v -0.0003931573301088065 0.016905296593904495 -0.03152909129858017
v -0.0003931573301088065 0.016905296593904495 -0.03152909129858017
v -0.053451064974069595 0.0143361184746027 -0.013545731082558632
v -0.05345722660422325 0.01434078998863697 -0.018386442214250565
v -0.05346519127488136 0.014346073381602764 -0.023227816447615623
v -0.0534842386841774 0.01434401236474514 -0.03775154426693916
v -0.053479667752981186 0.014348254539072514 -0.03291132301092148
v 0.05287838727235794 -0.013305794447660446 -0.013557763770222664
v 0.05286182090640068 -0.013300832360982895 -0.018400538712739944
v 0.05284847691655159 -0.013291182927787304 -0.02324274368584156
v 0.052801359444856644 -0.013181454502046108 -0.03776523843407631
v 0.052810169756412506 -0.013217348605394363 -0.03292521834373474
v -0.061285700649023056 -0.005686281714588404 -0.04122017323970795
v -0.061284780502319336 -0.005698260385543108 -0.035758040845394135
v -0.06129147484898567 -0.005717966239899397 -0.03029603697359562
v -0.06136074289679527 -0.005832614377140999 -0.013914946466684341
v -0.0613161064684391 -0.005772682838141918 -0.019373871386051178
v 0.06060466915369034 0.006821909453719854 -0.041183292865753174
v 0.060575030744075775 0.0067886062897741795 -0.035718463361263275
v 0.060537852346897125 0.006748978514224291 -0.030253687873482704
v 0.060532696545124054 0.006721590645611286 -0.013865899294614792
v 0.06044134125113487 0.006651866715401411 -0.019325392320752144
v -0.0003093299164902419 -0.015595345757901669 -0.036089956760406494
v -0.00030861099367029965 -0.015634924173355103 -0.031553611159324646
v -0.0003070692182518542 -0.015686936676502228 -0.027017485350370407
v -0.00030350714223459363 -0.015951786190271378 -0.013411784544587135
v -0.0003046283090952784 -0.01577772945165634 -0.017944836989045143
v -0.05347663164138794 -0.013335250318050385 -0.013574998825788498
v -0.05346733704209328 -0.013279447332024574 -0.01842404343187809
v -0.05346042662858963 -0.013219871558248997 -0.02327197976410389
v -0.053456615656614304 -0.013052240014076233 -0.037814296782016754
v -0.053456325083971024 -0.013107034377753735 -0.03296680003404617
v -0.06693333387374878 0.0014968868345022202 -0.04435548558831215
v -0.0669277235865593 0.001511305570602417 -0.03832685202360153
v -0.06692472100257874 0.0015099917072802782 -0.03229793161153793
v -0.06691847741603851 0.0015131949912756681 -0.014210959896445274
v -0.06691858172416687 0.0015122720506042242 -0.020240044221282005
v -0.0669371485710144 -0.0004749896179419011 -0.04436516761779785
v -0.06695176661014557 -0.0005353797459974885 -0.03833581134676933
v -0.06696311384439468 -0.0005627837963402271 -0.03230566903948784
v -0.06700890511274338 -0.0006708595901727676 -0.014215625822544098
v -0.06698717176914215 -0.0006285757990553975 -0.020245103165507317
v 0.06624417752027512 -0.0004978599026799202 -0.04444294050335884
v 0.06625761091709137 -0.0004784257325809449 -0.038397617638111115
v 0.06625925749540329 -0.000477880792459473 -0.03235243633389473
v 0.06623252481222153 -0.00044810210238210857 -0.014216480776667595
v 0.06624052673578262 -0.000471792503958568 -0.020262209698557854
v 0.06621313095092773 0.0015654179733246565 -0.04443837329745293
v 0.06620185077190399 0.0015538407023996115 -0.03839081525802612
v 0.06619786471128464 0.001571962609887123 -0.03234352543950081
v 0.06620248407125473 0.0015693777240812778 -0.014202846214175224
v 0.06619953364133835 0.0015569240786135197 -0.020249590277671814
v 0.0713207796216011 -0.00008405596599914134 -0.014396481215953827
v 0.07131291925907135 -0.000040743849240243435 -0.02076668106019497
v 0.07130859792232513 -0.000039971142541617155 -0.02713724412024021
v 0.07128589600324631 -0.000023736414732411504 -0.046249013394117355
v 0.07129655033349991 -0.00004225474549457431 -0.03987835720181465
v 0.07129400223493576 0.0010148100554943085 -0.04624837264418602
v 0.07129891216754913 0.0010088676353916526 -0.03987814858555794
v 0.07130306959152222 0.001011160435155034 -0.03350779414176941
v 0.07130876928567886 0.0010096793994307518 -0.014397203922271729
v 0.07130824774503708 0.0010149115696549416 -0.02076723985373974
v -0.0717897042632103 0.0010678453836590052 -0.014410590752959251
v -0.07178009301424026 0.001070722471922636 -0.020744623616337776
v -0.07178374379873276 0.0010692599462345243 -0.027071960270404816
v -0.07174580544233322 0.0011275827419012785 -0.046061113476753235
v -0.0717548280954361 0.0010754638351500034 -0.039731040596961975
v -0.07175779342651367 -0.000038347759982571006 -0.04607069119811058
v -0.07177925854921341 -0.00003484898479655385 -0.03973884508013725
v -0.07180221378803253 -0.00002875688369385898 -0.03340749070048332
v -0.07184543460607529 -0.00007588171865791082 -0.014404719695448875
v -0.07184265553951263 -0.000043217994971200824 -0.020743967965245247
v 0.07510697096586227 0.0003127685922663659 -0.014400694519281387
v 0.07510395348072052 0.00032852491131052375 -0.020770590752363205
v 0.07510014623403549 0.00032331785769201815 -0.0271409060806036
v 0.07507885247468948 0.0003265246923547238 -0.04625314474105835
v 0.07508817315101624 0.00032295574783347547 -0.03988224267959595
v 0.07508817315101624 0.00032295574783347547 -0.03988224267959595
v 0.07508817315101624 0.00032295574783347547 -0.03988224267959595
v 0.07508817315101624 0.00032295574783347547 -0.03988224267959595
v 0.07313695549964905 0.00008170687942765653 -0.014399399980902672
v 0.07312949001789093 0.00012827593309339136 -0.0207687895745039
v 0.07312484085559845 0.00013277340622153133 -0.027139009907841682
v 0.0731029361486435 0.00014153799565974623 -0.04625096917152405
v 0.07311273366212845 0.00013247660535853356 -0.0398801751434803
v 0.07311273366212845 0.00013247660535853356 -0.0398801751434803
v 0.06915690004825592 -0.00020495496573857963 -0.04624763876199722
v 0.06916825473308563 -0.00023766056983731687 -0.03987739980220795
v 0.06917489320039749 -0.00023868665448389947 -0.03350682556629181
v 0.06918551027774811 -0.0002595404803287238 -0.014394126832485199
v 0.06918063014745712 -0.0002351971052121371 -0.02076519839465618
v 0.07508424669504166 0.0005413879407569766 -0.04625115171074867
v 0.07509014755487442 0.0005429246230050921 -0.03988059237599373
v 0.07509014755487442 0.0005429246230050921 -0.03988059237599373
v 0.07509014755487442 0.0005429246230050921 -0.03988059237599373
v 0.07509014755487442 0.0005429246230050921 -0.03988059237599373
v 0.07509014755487442 0.0005429246230050921 -0.03988059237599373
v 0.07509014755487442 0.0005429246230050921 -0.03988059237599373
v 0.0750940591096878 0.0005423965631052852 -0.03350989520549774
v 0.0750940591096878 0.0005423965631052852 -0.03350989520549774
v 0.0750940591096878 0.0005423965631052852 -0.03350989520549774
v 0.0750940591096878 0.0005423965631052852 -0.03350989520549774
v 0.0750940591096878 0.0005423965631052852 -0.03350989520549774
v 0.0751032829284668 0.0005422185640782118 -0.014398021623492241
v 0.0751032829284668 0.0005422185640782118 -0.014398021623492241
v 0.07509869337081909 0.0005419009830802679 -0.02076837792992592
v 0.0731094479560852 0.0007858102326281369 -0.04624956101179123
v 0.07311491668224335 0.0007840204052627087 -0.03987925872206688
v 0.07311898469924927 0.0007852283888496459 -0.03350874409079552
v 0.07312583923339844 0.0007819813909009099 -0.014397621154785156
v 0.07312390953302383 0.0007864227518439293 -0.020767664536833763
v 0.06916366517543793 0.0012822482967749238 -0.014394542202353477
v 0.0691661462187767 0.0012846265453845263 -0.020765136927366257
v 0.0691659227013588 0.0012788001913577318 -0.027135644108057022
v 0.0691603347659111 0.0012825124431401491 -0.046247683465480804
v 0.06916152685880661 0.0012650939170271158 -0.03987693041563034
v -0.07517093420028687 0.0006679535144940019 -0.014422493055462837
v -0.07517093420028687 0.0006679535144940019 -0.014422493055462837
v -0.07517093420028687 0.0006679535144940019 -0.014422493055462837
v -0.07517093420028687 0.0006679535144940019 -0.014422493055462837
v -0.07515803724527359 0.0006731513421982527 -0.02076222375035286
v -0.07515803724527359 0.0006731513421982527 -0.02076222375035286
v -0.07515803724527359 0.0006731513421982527 -0.02076222375035286
v -0.07515803724527359 0.0006731513421982527 -0.02076222375035286
v -0.07515803724527359 0.0006731513421982527 -0.02076222375035286
v -0.07515803724527359 0.0006731513421982527 -0.02076222375035286
v -0.07516423612833023 0.00067054049577564 -0.027090050280094147
v -0.07516423612833023 0.00067054049577564 -0.027090050280094147
v -0.07516423612833023 0.00067054049577564 -0.027090050280094147
v -0.07516423612833023 0.00067054049577564 -0.027090050280094147
v -0.0751195177435875 0.0006713669281452894 -0.04607603698968887
v -0.07512766867876053 0.0006101143080741167 -0.039746761322021484
v -0.07340103387832642 0.0008767842082306743 -0.014418845996260643
v -0.07340103387832642 0.0008767842082306743 -0.014418845996260643
v -0.07340103387832642 0.0008767842082306743 -0.014418845996260643
v -0.07340103387832642 0.0008767842082306743 -0.014418845996260643
v -0.07340103387832642 0.0008767842082306743 -0.014418845996260643
v -0.07340103387832642 0.0008767842082306743 -0.014418845996260643
v -0.07338932156562805 0.000881565036252141 -0.02075519599020481
v -0.07338932156562805 0.000881565036252141 -0.02075519599020481
v -0.07338932156562805 0.000881565036252141 -0.02075519599020481
v -0.07339435815811157 0.0008793905144557357 -0.027081770822405815
v -0.07339435815811157 0.0008793905144557357 -0.027081770822405815
v -0.07339435815811157 0.0008793905144557357 -0.027081770822405815
v -0.07339435815811157 0.0008793905144557357 -0.027081770822405815
v -0.07335591316223145 0.0009297749493271112 -0.046068478375673294
v -0.07335978001356125 0.000838066334836185 -0.039739035069942474
v -0.06981667876243591 0.00125199556350708 -0.046046335250139236
v -0.06983038783073425 0.0012865369208157063 -0.03971629962325096
v -0.06984487175941467 0.0012900835135951638 -0.03338542580604553
v -0.06985816359519958 0.0012950911186635494 -0.014392523095011711
v -0.06985463947057724 0.0012963355984538794 -0.020724888890981674
v -0.07513661682605743 0.00043462152825668454 -0.04607750102877617
v -0.0751589983701706 0.0004423842183314264 -0.03974561765789986
v -0.07518499344587326 0.00043968326644971967 -0.03341374546289444
v -0.07518499344587326 0.00043968326644971967 -0.03341374546289444
v -0.07523385435342789 0.00038049998693168163 -0.014418937265872955
v -0.07523103058338165 0.00044286821503192186 -0.02075461857020855
v -0.07336791604757309 0.00018766269204206765 -0.046073995530605316
v -0.0733894407749176 0.00019637080549728125 -0.0397421196103096
v -0.07341436296701431 0.00019597912614699453 -0.03341096639633179
v -0.07346055656671524 0.00013863467029295862 -0.014413820579648018
v -0.07345801591873169 0.0001899420894915238 -0.020751668140292168
v -0.06991568207740784 -0.00035082685644738376 -0.014388272538781166
v -0.06990721076726913 -0.0003278023505117744 -0.020723681896924973
v -0.06989628821611404 -0.0003107182856183499 -0.02705777995288372
v -0.06983231753110886 -0.00025037486921064556 -0.04606002941727638
v -0.06985977292060852 -0.00027349762967787683 -0.03972659260034561
v -0.06582833081483841 0.0015515191480517387 -0.043449029326438904
v -0.06582273542881012 0.0015558574814349413 -0.03758290037512779
v -0.06582029163837433 0.0015634133014827967 -0.03171710669994354
v -0.06581490486860275 0.0015702471137046814 -0.014119220897555351
v -0.0658145472407341 0.0015662512741982937 -0.01998518407344818
v -0.06834053248167038 0.0014345271047204733 -0.01433112844824791
v -0.06833935528993607 0.0014351124409586191 -0.020569084212183952
v -0.06833967566490173 0.001434457954019308 -0.026807324960827827
v -0.0683361291885376 0.0013900869525969028 -0.045520003885030746
v -0.06833350658416748 0.001430837670341134 -0.03928343206644058
v -0.06833769381046295 -0.00035499021760188043 -0.04552975669503212
v -0.06836214661598206 -0.00042877145460806787 -0.039290882647037506
v -0.06837499141693115 -0.0004587446746882051 -0.033050913363695145
v -0.06840811669826508 -0.0005217831349000335 -0.014330878853797913
v -0.06839420646429062 -0.0005055208457633853 -0.020570682361721992
v -0.06592767685651779 -0.0007920060306787491 -0.01412438414990902
v -0.06590086966753006 -0.000737334368750453 -0.0199919231235981
v -0.06588317453861237 -0.0006944220513105392 -0.025859342887997627
v -0.06583495438098907 -0.0005804492393508554 -0.04346129670739174
v -0.06585188955068588 -0.0006190633866935968 -0.03759434074163437
v 0.06519680470228195 -0.0004948084242641926 -0.043473467230796814
v 0.06520574539899826 -0.0005212362157180905 -0.037604913115501404
v 0.06520672142505646 -0.0005341630894690752 -0.031734660267829895
v 0.06518393754959106 -0.000559965381398797 -0.014121374115347862
v 0.06518393754959106 -0.000559965381398797 -0.014121374115347862
v 0.06518886238336563 -0.0005545880412682891 -0.019993523135781288
v 0.06759899109601974 -0.00037524846266023815 -0.014339447021484375
v 0.06760036945343018 -0.00035877779009751976 -0.020610790699720383
v 0.06760343164205551 -0.0003586910606827587 -0.02688184753060341
v 0.06758639216423035 -0.00035895893233828247 -0.04569309949874878
v 0.06759603321552277 -0.00036803315742872655 -0.0394231379032135
v 0.06757041811943054 0.0014355005696415901 -0.04569200426340103
v 0.06756707280874252 0.0014136326499283314 -0.03941996395587921
v 0.06756683439016342 0.0014229861553758383 -0.033148143440485
v 0.06755635887384415 0.0014164987951517105 -0.014333613216876984
v 0.06756677478551865 0.0014262828044593334 -0.020605267956852913
v 0.06516216695308685 0.001694337697699666 -0.014106370508670807
v 0.06516216695308685 0.001694337697699666 -0.014106370508670807
v 0.06515742093324661 0.0017156742978841066 -0.019978925585746765
v 0.06515438109636307 0.0017244191840291023 -0.025852089747786522
v 0.06517336517572403 0.001746674533933401 -0.04347570240497589
v 0.0651620402932167 0.0017349664121866226 -0.03760132938623428
v -0.06755360215902328 0.001553000183776021 -0.014264009892940521
v -0.06755314022302628 0.0015535778366029263 -0.020386680960655212
v -0.06755388528108597 0.001553407870233059 -0.026509307324886322
v -0.06756316870450974 0.0015488737262785435 -0.04487745463848114
v -0.06755804270505905 0.0015733789186924696 -0.0387546569108963
v -0.0675676017999649 -0.0005064507713541389 -0.04488662630319595
v -0.06758415699005127 -0.0005625623743981123 -0.03876333311200142
v -0.06759520620107651 -0.0005870097083970904 -0.03263992816209793
v -0.06763812899589539 -0.0006776680238544941 -0.014270877465605736
v -0.06761766225099564 -0.0006430542562156916 -0.0203934907913208
v 0.06684134900569916 -0.0004952563904225826 -0.014275755733251572
v 0.06684965640306473 -0.0005136971594765782 -0.020420437678694725
v 0.06686044484376907 -0.0005364248063415289 -0.026565229520201683
v 0.066847063601017 -0.0005440132226794958 -0.04500162973999977
v 0.06685984134674072 -0.0005525841843336821 -0.038855914026498795
v 0.06681959331035614 0.0015822339337319136 -0.044995374977588654
v 0.06680991500616074 0.001550505869090557 -0.03884807229042053
v 0.06680674105882645 0.0015575704164803028 -0.032700974494218826
v 0.06680331379175186 0.0015458385460078716 -0.014259036630392075
v 0.06680888682603836 0.0015641176141798496 -0.020406566560268402
v 0.07030690461397171 -0.00020167542970739305 -0.046251460909843445
v 0.07031876593828201 -0.00022619959781877697 -0.039880648255348206
v 0.07032571732997894 -0.00022594278561882675 -0.03351008519530296
v 0.07033592462539673 -0.00022658167290501297 -0.014399485662579536
v 0.07033318281173706 -0.00021285025286488235 -0.020769614726305008
v 0.07032550126314163 0.0011900351382791996 -0.014396682381629944
v 0.07032422721385956 0.0011871736496686935 -0.020767414942383766
v 0.07032294571399689 0.0011907233856618404 -0.02713809348642826
v 0.07031558454036713 0.001213110750541091 -0.046250004321336746
v 0.07031808793544769 0.001196196535602212 -0.0398794524371624
v -0.07086452096700668 0.0012826791498810053 -0.04605783894658089
v -0.07088179141283035 0.001272320281714201 -0.039726804941892624
v -0.07089588791131973 0.0012548385420814157 -0.03339608386158943
v -0.07091248035430908 0.0012442916631698608 -0.014403076842427254
v -0.07090557366609573 0.0012484937906265259 -0.02073615975677967
v -0.07096771895885468 -0.0002669115492608398 -0.014400966465473175
v -0.07096360623836517 -0.00024475259124301374 -0.020738283172249794
v -0.07095001637935638 -0.00023595403763465583 -0.027072571218013763
v -0.07088333368301392 -0.00023555566440336406 -0.04607073962688446
v -0.07090877741575241 -0.00024982469039969146 -0.03973850607872009
v 0.06834322214126587 -0.00040330455522052944 -0.04625154286623001
v 0.06835383176803589 -0.00043106600060127676 -0.03988058865070343
v 0.06836028397083282 -0.00043028450454585254 -0.03350991755723953
v 0.06836370378732681 -0.0004183054843451828 -0.014398889616131783
v 0.06836316734552383 -0.000411551765864715 -0.020769266411662102
v 0.07001987844705582 -0.0002509723126422614 -0.014398768544197083
v 0.07001551240682602 -0.00024119389127008617 -0.020769106224179268
v 0.07001291960477829 -0.0002476263034623116 -0.02713959850370884
v 0.06998996436595917 -0.00022203728440217674 -0.046251699328422546
v 0.07000216096639633 -0.0002519397239666432 -0.03988103196024895
v 0.06833459436893463 0.0014301736373454332 -0.014392759650945663
v 0.06833995878696442 0.0014463427942246199 -0.020764414221048355
v 0.06834060698747635 0.0014460901729762554 -0.02713579125702381
v 0.06833845376968384 0.0014660826418548822 -0.046248845756053925
v 0.06833723932504654 0.001438214909285307 -0.03987794741988182
v 0.06999759376049042 0.0012501087039709091 -0.04625013843178749
v 0.06999897211790085 0.0012307773577049375 -0.039879441261291504
v 0.07000140100717545 0.0012273264583200216 -0.033508531749248505
v 0.07000259310007095 0.0012322110123932362 -0.01439589448273182
v 0.07000316679477692 0.001223074970766902 -0.0207667239010334
v -0.06910911202430725 0.0014568888582289219 -0.04604717344045639
v -0.06911766529083252 0.0014717662706971169 -0.03971501812338829
v -0.06912744790315628 0.0014593794476240873 -0.03338317945599556
v -0.06913759559392929 0.001454156357795 -0.014389066025614738
v -0.06913493573665619 0.0014560932759195566 -0.020721087232232094
v -0.07059375941753387 0.00128254946321249 -0.01439768448472023
v -0.07058867067098618 0.0012860840652137995 -0.020730797201395035
v -0.07058994472026825 0.0012844137381762266 -0.027060648426413536
v -0.07054725289344788 0.0012946664355695248 -0.046053994446992874
v -0.07056448608636856 0.0013039151672273874 -0.039722781628370285
v -0.06919559836387634 -0.0005254241405054927 -0.014388812705874443
v -0.06918616592884064 -0.0005065422737970948 -0.020722923800349236
v -0.06917639076709747 -0.0004875787708442658 -0.027056915685534477
v -0.06911524385213852 -0.00043091547559015453 -0.04605895280838013
v -0.0691465511918068 -0.000470239290734753 -0.039725322276353836
v -0.07056742161512375 -0.00026827966212294996 -0.04606791213154793
v -0.0705944150686264 -0.00028333926456980407 -0.03973473608493805
v -0.07061553746461868 -0.00027696412871591747 -0.033400923013687134
v -0.07065204530954361 -0.0003166965616401285 -0.014396628364920616
v -0.0706452950835228 -0.00029179101693443954 -0.02073225937783718
v -0.06881877779960632 0.0014820648357272148 -0.01437312364578247
v -0.06881728768348694 0.0014835209585726261 -0.020681152120232582
v -0.06881769001483917 0.00148260616697371 -0.02698935754597187
v -0.06880101561546326 0.0014899210073053837 -0.045915886759757996
v -0.06880626082420349 0.0015100901946425438 -0.039607200771570206
v -0.06787259131669998 0.0015185473021119833 -0.045135173946619034
v -0.06786856800317764 0.001544739119708538 -0.038966208696365356
v -0.06787042319774628 0.0015353069175034761 -0.032797396183013916
v -0.06787250936031342 0.0015351467300206423 -0.014290846884250641
v -0.06787087768316269 0.0015359427779912949 -0.020459776744246483
v -0.06880486011505127 -0.0004462207143660635 -0.045926038175821304
v -0.06883426010608673 -0.0004936006153002381 -0.039615731686353683
v -0.06884924322366714 -0.0005047554150223732 -0.033305127173662186
v -0.06887828558683395 -0.0005613466491922736 -0.014374831691384315
v -0.06886754930019379 -0.0005423476686701179 -0.020684393122792244
v -0.06795526295900345 -0.0006412239745259285 -0.014295827597379684
v -0.06793548911809921 -0.0006142089841887355 -0.020465321838855743
v -0.06792296469211578 -0.000590311479754746 -0.026635002344846725
v -0.06787636131048203 -0.0004849314864259213 -0.04514482989907265
v -0.06789785623550415 -0.0005431791068986058 -0.03897514566779137
v 0.06804792582988739 -0.00044053708552382886 -0.014384547248482704
v 0.06804785132408142 -0.0004355587007012218 -0.020728886127471924
v 0.06804909557104111 -0.0004425036895554513 -0.027073383331298828
v 0.06803113222122192 -0.0004216535890009254 -0.04610763490200043
v 0.06804094463586807 -0.0004481761425267905 -0.039762936532497406
v 0.06715673208236694 -0.0005178686697036028 -0.04528877139091492
v 0.06716789305210114 -0.0005195161793380976 -0.03909112885594368
v 0.06717277318239212 -0.0005075662629678845 -0.03289416804909706
v 0.06715765595436096 -0.0004779040755238384 -0.014303864911198616
v 0.06716379523277283 -0.0004784455231856555 -0.02050088904798031
v 0.06802236288785934 0.0014908525627106428 -0.04610428959131241
v 0.06801943480968475 0.0014590162318199873 -0.03975904732942581
v 0.06802006810903549 0.0014615515246987343 -0.033413536846637726
v 0.06801174581050873 0.0014541209675371647 -0.014376562088727951
v 0.0680202916264534 0.001467500813305378 -0.020722202956676483
v 0.0671139732003212 0.0015083735343068838 -0.014289738610386848
v 0.06712514162063599 0.0015301366802304983 -0.020489344373345375
v 0.0671250969171524 0.0015326875727623701 -0.026688098907470703
v 0.0671309307217598 0.0015533121768385172 -0.04528403654694557
v 0.06712507456541061 0.001524696359410882 -0.03908535838127136
v -0.0002553769445512444 -0.01590336114168167 0.035691145807504654
v -0.00026029234868474305 -0.015857357531785965 0.03040437214076519
v -0.00026785361114889383 -0.01586432009935379 0.02511860616505146
v -0.00026785361114889383 -0.01586432009935379 0.02511860616505146
v -0.00026785361114889383 -0.01586432009935379 0.02511860616505146
v -0.00026785361114889383 -0.01586432009935379 0.02511860616505146
v -0.00027594633866101503 -0.015866558998823166 0.019833222031593323
v -0.00027594633866101503 -0.015866558998823166 0.019833222031593323
v -0.00027594633866101503 -0.015866558998823166 0.019833222031593323
v -0.00029719361918978393 -0.01586385816335678 -0.0013120739022269845
v -0.00029428009293042123 -0.015875283628702164 0.003975838888436556
v -0.00029428009293042123 -0.015875283628702164 0.003975838888436556
v -0.0002901375701185316 -0.015866752713918686 0.00926232524216175
v -0.0002901375701185316 -0.015866752713918686 0.00926232524216175
v -0.000561549561098218 0.016904111951589584 0.00927695818245411
v -0.0005522589199244976 0.01690378412604332 0.014578452333807945
v -0.0005522589199244976 0.01690378412604332 0.014578452333807945
v -0.0005522589199244976 0.01690378412604332 0.014578452333807945
v -0.0005522589199244976 0.01690378412604332 0.014578452333807945
v -0.0005130906356498599 0.016963280737400055 0.0357612669467926
v -0.0005200289888307452 0.016923759132623672 0.030468398705124855
v -0.0005306147504597902 0.01690446212887764 0.02517293207347393
v -0.0534500852227211 0.014333345927298069 -0.0012318834196776152
v -0.0534554198384285 0.01433463953435421 0.004295047372579575
v -0.053460743278265 0.01433578785508871 0.009822297841310501
v -0.05349194258451462 0.014246592298150063 0.015377497300505638
v -0.053572457283735275 0.013532009907066822 0.03752979263663292
v -0.053496651351451874 0.013581289909780025 0.032000645995140076
v -0.05350080132484436 0.013796396553516388 0.026470648124814034
v 0.052808694541454315 -0.01324887853115797 -0.0012305420823395252
v 0.05282903462648392 -0.013267898000776768 0.00429675355553627
v 0.05284208431839943 -0.013283293694257736 0.00982389785349369
v 0.05285009741783142 -0.013292105868458748 0.015350153669714928
v 0.05285673961043358 -0.01328118797391653 0.037453871220350266
v 0.052857719361782074 -0.013290501199662685 0.03192749246954918
v 0.05285756289958954 -0.013294876553118229 0.026402052491903305
v -0.061667680740356445 -0.006543391849845648 0.04097332805395126
v -0.06165982410311699 -0.006505338940769434 0.034973789006471634
v -0.06162290647625923 -0.006382348947227001 0.028967859223484993
v -0.061449889093637466 -0.00609443848952651 0.02298089861869812
v -0.061191756278276443 -0.005587812978774309 -0.001007674029096961
v -0.06124354898929596 -0.005637795198708773 0.004988398868590593
v -0.061249878257513046 -0.005665426142513752 0.010997170582413673
v 0.06056874990463257 0.00679332809522748 0.04093245789408684
v 0.06056874990463257 0.00679332809522748 0.04093245789408684
v 0.06060275807976723 0.006785443983972073 0.03493926301598549
v 0.06051044911146164 0.006722046062350273 0.02894873544573784
v 0.060496408492326736 0.00673177232965827 0.022956490516662598
v 0.06055823713541031 0.00673564150929451 -0.0009994152933359146
v 0.06055823713541031 0.00673564150929451 -0.0009994152933359146
v 0.060539115220308304 0.006764690391719341 0.004994201939553022
v 0.060539115220308304 0.006764690391719341 0.004994201939553022
v 0.06056378409266472 0.006821813527494669 0.010980090126395226
v -0.05338761955499649 -0.013271606527268887 -0.0012333726044744253
v -0.053416721522808075 -0.013291505165398121 0.004293628968298435
v -0.05342772603034973 -0.0133462930098176 0.00980997271835804
v -0.053467847406864166 -0.01348969992250204 0.015324676409363747
v -0.0534750372171402 -0.013800272718071938 0.03742086887359619
v -0.05349988490343094 -0.013794557191431522 0.031893063336610794
v -0.05351843312382698 -0.013743451796472073 0.026363881304860115
v 0.05211271718144417 0.013611544854938984 -0.0012940858723595738
v 0.05225251987576485 0.013859341852366924 0.0042274948209524155
v 0.05242486298084259 0.014113083481788635 0.009753428399562836
v 0.05246732756495476 0.014161440543830395 0.015290303155779839
v 0.05258313938975334 0.014184382744133472 0.037376102060079575
v 0.052589207887649536 0.014232450164854527 0.03187597170472145
v 0.05254528298974037 0.01420894730836153 0.026351116597652435
v -0.06145790219306946 0.005879539065063 0.04096054285764694
v -0.06113351508975029 0.005685368552803993 0.034980062395334244
v -0.061259690672159195 0.005974208004772663 0.02899366058409214
v -0.06130747124552727 0.006264458876103163 0.023007448762655258
v -0.06127256900072098 0.006681737024337053 -0.0010093824239447713
v -0.06127433106303215 0.006679834332317114 0.004987990949302912
v -0.06128599867224693 0.0066705443896353245 0.010995425283908844
v 0.06064695119857788 -0.0055878907442092896 0.040979523211717606
v 0.06065908446907997 -0.005626833066344261 0.03498116880655289
v 0.060659583657979965 -0.0056399814784526825 0.028982842341065407
v 0.060658492147922516 -0.005642885807901621 0.022986099123954773
v 0.06060356646776199 -0.005581295117735863 -0.0010007750242948532
v 0.06064467504620552 -0.005626770202070475 0.0049957395531237125
v 0.06065495312213898 -0.00564155075699091 0.010992590337991714
v -0.06734954565763474 -0.0012370094191282988 0.04421478882431984
v -0.0671885684132576 -0.0011277184821665287 0.03779339790344238
v -0.0670045018196106 -0.0009527519578114152 0.03137517720460892
v -0.0669066533446312 -0.0006583839422091842 0.024949027225375175
v -0.06691519170999527 -0.0004781637981068343 -0.0008009845623746514
v -0.06691843271255493 -0.0004789327213075012 0.0056269122287631035
v -0.06691865622997284 -0.00047844028449617326 0.012053988873958588
v -0.06686485558748245 0.001109120436012745 0.04412975162267685
v -0.06693292409181595 0.0008583416929468513 0.03770789876580238
v -0.06697650253772736 0.0009366882732138038 0.03128254413604736
v -0.06694796681404114 0.0013463858049362898 0.02487371675670147
v -0.06691893935203552 0.0015129484236240387 -0.0008050112519413233
v -0.06691991537809372 0.0015127945225685835 0.005622596945613623
v -0.06692088395357132 0.001512586371973157 0.012050315737724304
v 0.0661420226097107 0.001576135167852044 0.04426773637533188
v 0.06617186218500137 0.0015437460970133543 0.03782567009329796
v 0.06619864702224731 0.001546927960589528 0.03138545900583267
v 0.06618551909923553 0.0015650317072868347 0.024955550208687782
v 0.06620181351900101 0.0016047477256506681 -0.0007775512640364468
v 0.0661887526512146 0.0016074818558990955 0.005662098061293364
v 0.06617423892021179 0.0016009791288524866 0.012096021324396133
v 0.0661543756723404 -0.0004386695509310812 0.044278886169195175
v 0.06619040668010712 -0.00044789965613745153 0.0378405824303627
v 0.06621929258108139 -0.0004659235419239849 0.03140293434262276
v 0.0662175789475441 -0.0004666869936045259 0.02496427111327648
v 0.06621275842189789 -0.0004503911768551916 -0.0007888579275459051
v 0.06621921062469482 -0.0004629373725038022 0.005649243947118521
v 0.06621769070625305 -0.0004666285531129688 0.012087531387805939
v 0.07130399346351624 0.0010077879996970296 -0.0006794350920245051
v 0.07130548357963562 0.0010059839114546776 0.006006147246807814
v 0.07130800187587738 0.0010048870462924242 0.012691698968410492
v 0.07131063938140869 0.001004170160740614 0.01937728375196457
v 0.07128209620714188 0.0010347352363169193 0.04612106457352638
v 0.07129967212677002 0.000998752424493432 0.039434462785720825
v 0.07131260633468628 0.0010038348846137524 0.03274856135249138
v 0.0712900161743164 -0.00007563564577139914 0.04611794650554657
v 0.07130824029445648 -0.00006644509267061949 0.03943417966365814
v 0.0713144838809967 -0.000043123000068590045 0.03274970501661301
v 0.07131462544202805 -0.0000430156069342047 0.02606341987848282
v 0.07130955159664154 -0.00004513526801019907 -0.0006813373765908182
v 0.07131535559892654 -0.00004576993524096906 0.006005330476909876
v 0.07131505012512207 -0.0000429961655754596 0.012691369280219078
v -0.07178670912981033 0.000014541728887706995 -0.0006978888995945454
v -0.07178720831871033 -0.000006931106327101588 0.005960054229944944
v -0.07178587466478348 -0.000018288556020706892 0.012618578970432281
v -0.0717860534787178 -0.00002793839666992426 0.019275762140750885
v -0.07176146656274796 -0.000039728969568386674 0.045903123915195465
v -0.07177615165710449 -0.00005517349927686155 0.03924627602100372
v -0.0717882364988327 -0.00005436583887785673 0.032589200884103775
v -0.07175300270318985 0.0010950957657769322 0.0458967350423336
v -0.07177281379699707 0.001047044526785612 0.03924504667520523
v -0.0717858374118805 0.0010501097422093153 0.032590094953775406
v -0.07178639620542526 0.0010664563160389662 0.025933533906936646
v -0.07178835570812225 0.0010664293076843023 -0.0007044374942779541
v -0.07178723067045212 0.0010664621368050575 0.005956120323389769
v -0.07178675383329391 0.0010664795991033316 0.01261645182967186
v 0.07510162144899368 0.0005417494103312492 -0.000679843476973474
v 0.07510162144899368 0.0005417494103312492 -0.000679843476973474
v 0.07510162144899368 0.0005417494103312492 -0.000679843476973474
v 0.07510162144899368 0.0005417494103312492 -0.000679843476973474
v 0.07510141283273697 0.0005416363710537553 0.006005703005939722
v 0.07510190457105637 0.0005415627965703607 0.012691400945186615
v 0.07510190457105637 0.0005415627965703607 0.012691400945186615
v 0.07510264962911606 0.0005415046471171081 0.019377311691641808
v 0.07510264962911606 0.0005415046471171081 0.019377311691641808
v 0.07510264962911606 0.0005415046471171081 0.019377311691641808
v 0.07510264962911606 0.0005415046471171081 0.019377311691641808
v 0.07507166266441345 0.0005484907887876034 0.04612588509917259
v 0.07509330660104752 0.0005422516260296106 0.039437055587768555
v 0.07509330660104752 0.0005422516260296106 0.039437055587768555
v 0.07510365545749664 0.0005414162296801805 0.03274916857481003
v 0.07510365545749664 0.0005414162296801805 0.03274916857481003
v 0.07312331348657608 0.0007834520656615496 -0.0006798577378503978
v 0.07312405854463577 0.0007832503179088235 0.006005759816616774
v 0.07312405854463577 0.0007832503179088235 0.006005759816616774
v 0.07312582433223724 0.0007831137045286596 0.012691402807831764
v 0.07312582433223724 0.0007831137045286596 0.012691402807831764
v 0.07312582433223724 0.0007831137045286596 0.012691402807831764
v 0.07312582433223724 0.0007831137045286596 0.012691402807831764
v 0.07312759011983871 0.0007827830268070102 0.019377147778868675
v 0.07312759011983871 0.0007827830268070102 0.019377147778868675
v 0.07312759011983871 0.0007827830268070102 0.019377147778868675
v 0.07312759011983871 0.0007827830268070102 0.019377147778868675
v 0.07309898734092712 0.0008132788352668285 0.04612366110086441
v 0.07311760634183884 0.0007842561462894082 0.03943587467074394
v 0.07312888652086258 0.0007824856438674033 0.03274873271584511
v 0.07312888652086258 0.0007824856438674033 0.03274873271584511
v 0.07312888652086258 0.0007824856438674033 0.03274873271584511
v 0.07312888652086258 0.0007824856438674033 0.03274873271584511
v 0.07312888652086258 0.0007824856438674033 0.03274873271584511
v 0.06913894414901733 0.0013131736777722836 0.046116869896650314
v 0.06915644556283951 0.0012676395708695054 0.03943031281232834
v 0.06917509436607361 0.0012654225574806333 0.03274405747652054
v 0.06917236745357513 0.0012662223307415843 0.02605961076915264
v 0.06915904581546783 0.0012738908408209682 -0.0006786353187635541
v 0.06915894895792007 0.0012718427460640669 0.006006462499499321
v 0.06916289776563644 0.0012693332973867655 0.012690896168351173
v 0.07507430762052536 0.00035169272450730205 0.04612213000655174
v 0.07509695738554001 0.0003257112402934581 0.039435721933841705
v 0.07510549575090408 0.0003249126020818949 0.03274998068809509
v 0.07510549575090408 0.0003249126020818949 0.03274998068809509
v 0.07510553300380707 0.00032490998273715377 0.026063933968544006
v 0.07509861886501312 0.0003468118084128946 -0.0006812093779444695
v 0.07510602474212646 0.0003236772317904979 0.006005213130265474
v 0.07510549575090408 0.0003252275928389281 0.012691373005509377
v 0.07510549575090408 0.0003252275928389281 0.012691373005509377
v 0.07510549575090408 0.0003252275928389281 0.012691373005509377
v 0.07510549575090408 0.0003252275928389281 0.012691373005509377
v 0.07310021668672562 0.0001512950548203662 0.04611862078309059
v 0.07312341779470444 0.00011768180411309004 0.03943473845720291
v 0.07313031703233719 0.0001331532112089917 0.03274991735816002
v 0.07313031703233719 0.0001331532112089917 0.03274991735816002
v 0.07313037663698196 0.00013315898831933737 0.026063714176416397
v 0.0731239840388298 0.00014478040975518525 -0.0006814621156081557
v 0.07313111424446106 0.00012988144590053707 0.006005326751619577
v 0.07313074916601181 0.00013303832383826375 0.01269131526350975
v 0.07313074916601181 0.00013303832383826375 0.01269131526350975
v 0.07313074916601181 0.00013303832383826375 0.01269131526350975
v 0.07313074916601181 0.00013303832383826375 0.01269131526350975
v 0.07313074916601181 0.00013303832383826375 0.01269131526350975
v 0.07313074916601181 0.00013303832383826375 0.01269131526350975
v 0.06917750835418701 -0.00025232668849639595 -0.0006811830098740757
v 0.06918217241764069 -0.00024810488685034215 0.006005032453685999
v 0.06918120384216309 -0.0002489004691597074 0.012691104784607887
v 0.06918143481016159 -0.00024979058071039617 0.019377326592803
v 0.06914491206407547 -0.0002812817401718348 0.04611962288618088
v 0.0691654309630394 -0.0002652989642228931 0.03943460434675217
v 0.06918078660964966 -0.0002500945411156863 0.03274959325790405
v -0.07517146319150925 0.0004285903414711356 -0.000697168055921793
v -0.07516892999410629 0.00041535490890964866 0.005961489398032427
v -0.07516815513372421 0.0003951065882574767 0.012619571760296822
v -0.07516862452030182 0.0003734398342203349 0.01927623338997364
v -0.07514063268899918 0.0003420159046072513 0.045906633138656616
v -0.07515811175107956 0.000314211065415293 0.03924856707453728
v -0.07516899704933167 0.00033143567270599306 0.03258997201919556
v -0.07339844852685928 0.00022527450346387923 -0.0006976507138460875
v -0.0733981803059578 0.00019851577235385776 0.005960668902844191
v -0.07339738309383392 0.00017964041035156697 0.012619083747267723
v -0.07339794188737869 0.00016351313388440758 0.01927601546049118
v -0.07337123155593872 0.0001452922442695126 0.04590468853712082
v -0.07338779419660568 0.00011953362263739109 0.039247382432222366
v -0.07339883595705032 0.00013240514090284705 0.032589562237262726
v -0.07339883595705032 0.00013240514090284705 0.032589562237262726
v -0.06988546997308731 -0.00016775258700363338 0.0459057092666626
v -0.0698801577091217 -0.0002609252405818552 0.039248883724212646
v -0.06987188011407852 -0.0003384791489224881 0.032592251896858215
v -0.06985600292682648 -0.00025846934295259416 0.02593461237847805
v -0.06985917687416077 -0.00024904098245315254 -0.0006986423395574093
v -0.06985904276371002 -0.0002492898784112185 0.005959879141300917
v -0.06985733658075333 -0.0002521250571589917 0.012618230655789375
v -0.07512757182121277 0.0006448138738051057 0.045905180275440216
v -0.0751558169722557 0.0006671531591564417 0.03924841806292534
v -0.07516991347074509 0.0006674083415418863 0.03259085863828659
v -0.07516847550868988 0.0006672309245914221 0.02593349479138851
v -0.07516930997371674 0.0006671098526567221 -0.0007032253779470921
v -0.07516857236623764 0.0006672019371762872 0.005959162954241037
v -0.07516849040985107 0.0006672184681519866 0.01261916570365429
v -0.07335707545280457 0.0008506795857101679 0.04589945450425148
v -0.07338656485080719 0.0008830624865368009 0.039245497435331345
v -0.07339935749769211 0.0008771894499659538 0.03259028121829033
v -0.07339797168970108 0.00087625568266958 0.02593349479138851
v -0.07339959591627121 0.0008760341443121433 -0.00070447928737849
v -0.07339959591627121 0.0008760341443121433 -0.00070447928737849
v -0.07339847832918167 0.0008761801291257143 0.005956765729933977
v -0.07339847832918167 0.0008761801291257143 0.005956765729933977
v -0.07339814305305481 0.0008762268116697669 0.012617526575922966
v -0.06985761970281601 0.0012944600312039256 -0.0007010760018602014
v -0.06985726207494736 0.001294375746510923 0.0059584518894553185
v -0.0698571428656578 0.0012943190522491932 0.012617649510502815
v -0.06985793262720108 0.0012944124173372984 0.019281795248389244
v -0.06981567293405533 0.0013636064250022173 0.04589172452688217
v -0.069881372153759 0.0010264923330396414 0.039249058812856674
v -0.06986609101295471 0.0011948083993047476 0.032598428428173065
v -0.06627532094717026 -0.0014897845685482025 0.043304771184921265
v -0.06627532094717026 -0.0014897845685482025 0.043304771184921265
v -0.06608777493238449 -0.0012930510565638542 0.03701275587081909
v -0.06608777493238449 -0.0012930510565638542 0.03701275587081909
v -0.06588944047689438 -0.0010390959214419127 0.030721867457032204
v -0.06588944047689438 -0.0010390959214419127 0.030721867457032204
v -0.0658014565706253 -0.0008126874454319477 0.024416763335466385
v -0.0658111646771431 -0.000538756838068366 -0.0008567121112719178
v -0.06581391394138336 -0.0005451298784464598 0.005445272661745548
v -0.06581420451402664 -0.0005463715642690659 0.011747824028134346
v -0.0683399960398674 -0.0004006587842013687 -0.0007304424652829766
v -0.06834214180707932 -0.00039690264384262264 0.005856805015355349
v -0.06834147125482559 -0.0003958098532166332 0.012444037944078445
v -0.06833066791296005 -0.0003990147670265287 0.019039439037442207
v -0.0685122162103653 -0.0004770176892634481 0.0453934408724308
v -0.06845963001251221 -0.0005483399145305157 0.03880828991532326
v -0.06837937235832214 -0.0005969860358163714 0.032225463539361954
v -0.0682692900300026 0.0013643375132232904 0.04533827677369118
v -0.06834781914949417 0.0008604190079495311 0.03877507522702217
v -0.06837330013513565 0.0011328451801091433 0.032194413244724274
v -0.06835146993398666 0.0013865830842405558 0.025611156597733498
v -0.06834052503108978 0.0014340465422719717 -0.0007306758780032396
v -0.06834033131599426 0.0014340465422719717 0.005856476258486509
v -0.0683402568101883 0.0014340314082801342 0.012443684041500092
v -0.06581643223762512 0.001570011954754591 -0.0008643073379062116
v -0.06581757217645645 0.0015680694486945868 0.005439350847154856
v -0.06581868976354599 0.0015660086646676064 0.011743012815713882
v -0.06584501266479492 0.0013529832940548658 0.01801740936934948
v -0.06588688492774963 0.0006179664633236825 0.04320478066802025
v -0.06588688492774963 0.0006179664633236825 0.04320478066802025
v -0.06584534794092178 0.0006947297952137887 0.03689739853143692
v -0.06587161123752594 0.00086544593796134 0.030592886731028557
v 0.06509064137935638 0.0016990997828543186 0.04328673332929611
v 0.06512966006994247 0.0016971621662378311 0.03697139024734497
v 0.06516329944133759 0.0017303649801760912 0.03065907023847103
v 0.06514918059110641 0.0017408542335033417 0.02435917779803276
v 0.06519239395856857 0.0017422549426555634 -0.0008374645840376616
v 0.06516871601343155 0.0017628346104174852 0.00546937296167016
v 0.06514552980661392 0.0017762505449354649 0.011768771335482597
v 0.0675322562456131 0.0014355513267219067 -0.0007113637402653694
v 0.06753695011138916 0.0014301405753940344 0.005896821152418852
v 0.0675450935959816 0.0014263768680393696 0.012504259124398232
v 0.0675555095076561 0.0014236250426620245 0.0191118735820055
v 0.06752714514732361 0.0014729795511811972 0.04554881528019905
v 0.06755031645298004 0.0014180399011820555 0.03893834725022316
v 0.06757453829050064 0.0014235340058803558 0.03232815861701965
v 0.06753502786159515 -0.00040150954737327993 0.04555486887693405
v 0.06756430119276047 -0.000389887805795297 0.03894538804888725
v 0.06758780032396317 -0.0003833854279946536 0.032335974276065826
v 0.06758775562047958 -0.0003836137184407562 0.025725724175572395
v 0.06758535653352737 -0.0003937995934393257 -0.0007147500291466713
v 0.06758977472782135 -0.00038588009192608297 0.005895241629332304
v 0.06758789718151093 -0.00038375958683900535 0.012505348771810532
v 0.06516027450561523 -0.0005102258874103427 -0.0008471017936244607
v 0.0651656836271286 -0.0005222985055297613 0.005458611063659191
v 0.06516406685113907 -0.0005274955183267593 0.01176457665860653
v 0.06516240537166595 -0.000525731360539794 0.018070660531520844
v 0.0651022419333458 -0.00043448232463561 0.04329215735197067
v 0.06513677537441254 -0.0004747040511574596 0.03698679804801941
v 0.06516411900520325 -0.0005199972074478865 0.0306843388825655
v -0.06755132228136063 -0.0005171080119907856 -0.0007697228575125337
v -0.06755444407463074 -0.0005169789073988795 0.005729851312935352
v -0.06755419075489044 -0.0005164470057934523 0.012228958308696747
v -0.06753093004226685 -0.0005141694564372301 0.018744558095932007
v -0.06791245192289352 -0.0009493334218859673 0.04474172741174698
v -0.06781025230884552 -0.0009773208294063807 0.03824574872851372
v -0.06764300167560577 -0.0008920104010030627 0.03175290673971176
v -0.06747457385063171 0.0012801461853086948 0.044667087495326996
v -0.06755729764699936 0.0008561133872717619 0.03818417340517044
v -0.06759171187877655 0.0010688139591366053 0.03168594837188721
v -0.0675690621137619 0.0014745627995580435 0.02520240657031536
v -0.06755374372005463 0.001553236972540617 -0.000770900456700474
v -0.06755388528108597 0.0015532895922660828 0.005727856885641813
v -0.0675540417432785 0.0015533259138464928 0.012226752936840057
v 0.066777303814888 0.0015426778700202703 -0.0007492235163226724
v 0.0667770728468895 0.0015487044584006071 0.005767135415226221
v 0.06677588075399399 0.001548967557027936 0.012280818074941635
v 0.06678276509046555 0.001545657403767109 0.018790412694215775
v 0.06675288826227188 0.0015481077134609222 0.044835563749074936
v 0.066778764128685 0.0015084999613463879 0.03832064941525459
v 0.06680572777986526 0.0015382259152829647 0.03180655837059021
v 0.06676178425550461 -0.00047708660713396966 0.04484756290912628
v 0.06679756194353104 -0.0004933577729389071 0.03833325207233429
v 0.06682728230953217 -0.0005069713806733489 0.03181837871670723
v 0.06682635843753815 -0.0005068022292107344 0.02530316635966301
v 0.0668221190571785 -0.0004992000758647919 -0.0007565153064206243
v 0.06682892888784409 -0.0005078829126432538 0.005758658982813358
v 0.06682730466127396 -0.0005080720875412226 0.012273561209440231
v 0.07029610872268677 0.0011967725586146116 0.04612082242965698
v 0.07031388580799103 0.0011631026864051819 0.03943498060107231
v 0.0703331008553505 0.0011979966657236218 0.032749954611063004
v 0.07033223658800125 0.0011978644179180264 0.026064319536089897
v 0.07032204419374466 0.0011972752399742603 -0.0006789790350012481
v 0.07032351940870285 0.0011974144726991653 0.006007025949656963
v 0.07032676041126251 0.0011976487003266811 0.01269291527569294
v 0.07033059000968933 -0.0002221784961875528 -0.0006812541396357119
v 0.07033535093069077 -0.000217541673919186 0.006005643401294947
v 0.07033497840166092 -0.00021455271053127944 0.01269209198653698
v 0.07033471018075943 -0.0002140524738933891 0.01937849260866642
v 0.0703035295009613 -0.00022075927699916065 0.046120867133140564
v 0.07032222300767899 -0.00020873357425443828 0.03943638503551483
v 0.07033402472734451 -0.00021380462567321956 0.03275120258331299
v -0.07090602070093155 -0.00028565464890562 0.0459066666662693
v -0.0709163248538971 -0.00028548805858008564 0.03924873098731041
v -0.07091812044382095 -0.00025201038806699216 0.032591477036476135
v -0.07090944051742554 -0.0002130350039806217 0.025934526696801186
v -0.07091280072927475 -0.0001871257263701409 -0.0006987540982663631
v -0.07091192901134491 -0.0001959869114216417 0.005960057955235243
v -0.07090958207845688 -0.0002007472503464669 0.012619290500879288
v -0.07091157138347626 0.0012451051734387875 -0.000703966012224555
v -0.07091052830219269 0.0012453508097678423 0.005956803448498249
v -0.07091005891561508 0.0012454462703317404 0.012617064639925957
v -0.07090979069471359 0.001245345687493682 0.019277118146419525
v -0.07087375968694687 0.0012718753423541784 0.04589901864528656
v -0.07089301198720932 0.0011941591510549188 0.0392473042011261
v -0.07091058045625687 0.0012273667380213737 0.03259201720356941
v 0.06830735504627228 0.0014552189968526363 0.04611651971936226
v 0.06832730025053024 0.0014220878947526217 0.03943057730793953
v 0.06835004687309265 0.0014379045460373163 0.032744232565164566
v 0.06834598630666733 0.001438160426914692 0.026059333235025406
v 0.06832380592823029 0.0014310898259282112 -0.0006783765275031328
v 0.0683261975646019 0.001433112658560276 0.00600631395354867
v 0.06833267956972122 0.0014351478312164545 0.012690810486674309
v 0.0700017511844635 0.001237342832610011 -0.000678819720633328
v 0.07000239938497543 0.0012386671733111143 0.006007074378430843
v 0.07000569999217987 0.0012386743910610676 0.012692632153630257
v 0.07000923156738281 0.0012384792789816856 0.01937793381512165
v 0.06997568160295486 0.0012431549839675426 0.04612007364630699
v 0.06999298930168152 0.001202740939334035 0.03943397477269173
v 0.07001397758722305 0.001237603253684938 0.03274812921881676
v 0.06835631281137466 -0.0004131230234634131 -0.0006803350988775492
v 0.06836032122373581 -0.00040547348908148706 0.006006281357258558
v 0.06835844367742538 -0.00040463797631673515 0.012692436575889587
v 0.06835837662220001 -0.00040546918171457946 0.01937876082956791
v 0.06831308454275131 -0.000397045019781217 0.04612160846590996
v 0.06833738088607788 -0.0003977737796958536 0.03943673521280289
v 0.06835752725601196 -0.00040588711271993816 0.03275172784924507
v 0.06998072564601898 -0.0002490132756065577 0.04612230136990547
v 0.07000155746936798 -0.0002443897246848792 0.03943723067641258
v 0.07001575827598572 -0.00024471114738844335 0.032751310616731644
v 0.07001613080501556 -0.0002447869337629527 0.02606486901640892
v 0.0700123980641365 -0.00024870873312465847 -0.0006819125264883041
v 0.07001720368862152 -0.00024705854593776166 0.006005273666232824
v 0.07001668214797974 -0.0002453579509165138 0.012691901996731758
v -0.06925507634878159 -0.0005115366075187922 0.04591550678014755
v -0.06925507634878159 -0.0005115366075187922 0.04591550678014755
v -0.06921001523733139 -0.0005374079337343574 0.039257436990737915
v -0.06921001523733139 -0.0005374079337343574 0.039257436990737915
v -0.06917430460453033 -0.000572668039239943 0.03259902819991112
v -0.06913529336452484 -0.0004187274898868054 0.0259392149746418
v -0.06913815438747406 -0.000414301612181589 -0.0006981245242059231
v -0.06913906335830688 -0.00041582013363949955 0.0059608533047139645
v -0.06913765519857407 -0.0004163065168540925 0.012619296088814735
v -0.07059554755687714 -0.00023298742598854005 -0.0006991686532273889
v -0.07059448957443237 -0.00023570502526126802 0.005960223730653524
v -0.07059212028980255 -0.0002386764099355787 0.012619312852621078
v -0.07059098780155182 -0.0002441447868477553 0.019277118146419525
v -0.07060004770755768 -0.0003104017523583025 0.04590843617916107
v -0.07060901820659637 -0.00033013251959346235 0.03925004601478577
v -0.07060442119836807 -0.0003050047380384058 0.032592080533504486
v -0.06913760304450989 0.0014546317979693413 -0.0006984338397160172
v -0.06913717091083527 0.0014547014143317938 0.00595993222668767
v -0.06913679093122482 0.0014547582250088453 0.012618819251656532
v -0.06913913786411285 0.0014560462441295385 0.019284134730696678
v -0.06907366961240768 0.0013797979336231947 0.04588456451892853
v -0.06914910674095154 0.0009111515246331692 0.03925073519349098
v -0.0691358745098114 0.001306203892454505 0.032604459673166275
v -0.0705529972910881 0.001335859764367342 0.045899055898189545
v -0.07058883458375931 0.0012259656796231866 0.03924776241183281
v -0.07059726119041443 0.0012436986435204744 0.032594941556453705
v -0.07059296220541 0.001282527344301343 0.025939414277672768
v -0.07059285789728165 0.001282627577893436 -0.0007017024327069521
v -0.07059229165315628 0.0012828755425289273 0.0059581417590379715
v -0.07059206813573837 0.001282986020669341 0.012617729604244232
v -0.06881938874721527 -0.0004473202570807189 -0.000705932208802551
v -0.06882099062204361 -0.0004459391057025641 0.00593511713668704
v -0.06882011145353317 -0.000444498349679634 0.012575997039675713
v -0.06881360709667206 -0.0004429067193996161 0.019220544025301933
v -0.06897640973329544 -0.0005757813341915607 0.04578903689980507
v -0.0689304992556572 -0.0006499818991869688 0.039149388670921326
v -0.06886414438486099 -0.0006439649732783437 0.03250940516591072
v -0.06814787536859512 -0.0007711753714829683 0.0450022853910923
v -0.0680597797036171 -0.0007969678845256567 0.0384712740778923
v -0.06793554872274399 -0.0007753880927339196 0.03194155544042587
v -0.0678606778383255 -0.0005381471710279584 0.025406377390027046
v -0.06787104159593582 -0.0004989259177818894 -0.0007546351989731193
v -0.06787333637475967 -0.0004982893588021398 0.005780096165835857
v -0.0678723156452179 -0.0004981928505003452 0.01231463998556137
v -0.0687481015920639 0.0013898343313485384 0.045745737850666046
v -0.06882484257221222 0.0008901645196601748 0.03913063928484917
v -0.06882227212190628 0.0012837059330195189 0.0325017087161541
v -0.06882315874099731 0.0014649468939751387 0.025861293077468872
v -0.06881891936063766 0.0014823437668383121 -0.0007056979229673743
v -0.06881878525018692 0.0014823314268141985 0.005934948567301035
v -0.06881879270076752 0.0014823747333139181 0.012575697153806686
v -0.06787268817424774 0.0015354023780673742 -0.0007548106368631124
v -0.06787198036909103 0.0015354573260992765 0.005779263097792864
v -0.06787128746509552 0.0015354931820183992 0.012313555926084518
v -0.06788256019353867 0.001543434802442789 0.018843874335289
v -0.06779078394174576 0.0013248929753899574 0.04493637755513191
v -0.0678711086511612 0.0008488411549478769 0.0384233333170414
v -0.0678999274969101 0.0011133360676467419 0.031892839819192886
v 0.06799441576004028 0.001463278429582715 -0.0006875370163470507
v 0.06799966096878052 0.0014679583255201578 0.005977552849799395
v 0.06800734996795654 0.0014689892996102571 0.012641919776797295
v 0.06801708787679672 0.0014692782424390316 0.019305812194943428
v 0.06798598170280457 0.0014876346103847027 0.04596876725554466
v 0.06800668686628342 0.0014451625756919384 0.039302676916122437
v 0.06803114712238312 0.0014687939547002316 0.032635800540447235
v 0.067072793841362 0.0015260817017406225 0.045131176710128784
v 0.06709812581539154 0.0014915752690285444 0.03857763111591339
v 0.06712408363819122 0.0015123088378459215 0.0320238396525383
v 0.06711418181657791 0.0015103111509233713 0.025474421679973602
v 0.06708396226167679 0.0015145870856940746 -0.0007354582194238901
v 0.06708715856075287 0.0015124601777642965 0.005817985627800226
v 0.06709358841180801 0.0015114322304725647 0.012370670214295387
v 0.06799133867025375 -0.0004256904067005962 0.04597542807459831
v 0.06801845878362656 -0.00043142130016349256 0.039310045540332794
v 0.06804017722606659 -0.000431043648859486 0.03264399245381355
v 0.0680403783917427 -0.0004309741489123553 0.025977296754717827
v 0.06803770363330841 -0.0004389505775179714 -0.0006894959369674325
v 0.06804212927818298 -0.00043175320024602115 0.0059775360859930515
v 0.06804019957780838 -0.0004305846232455224 0.01264418289065361
v 0.06714179366827011 -0.0004903199151158333 -0.0007397581939585507
v 0.06714747101068497 -0.0004907844122499228 0.005814895965158939
v 0.06714513152837753 -0.0004883542424067855 0.012369146570563316
v 0.06714359670877457 -0.0004872964636888355 0.018923521041870117
v 0.06708094477653503 -0.0004667335597332567 0.04514007270336151
v 0.06711438298225403 -0.00047276177792809904 0.038586586713790894
v 0.0671430304646492 -0.0004875142767559737 0.032032839953899384
v -0.05344579368829727 0.014333141967654228 -0.005778247490525246
v 0.0605817586183548 0.0067308805882930756 -0.005775718484073877
v 0.0605817586183548 0.0067308805882930756 -0.005775718484073877
v 0.0521777905523777 0.013648130930960178 -0.009379932656884193
v -0.06127484142780304 0.006688394583761692 -0.009374182671308517
v -0.06691808253526688 0.0015133144333958626 -0.005813038442283869
v 0.06620532274246216 0.0016163892578333616 -0.009383957833051682
v 0.07130416482686996 0.0010073872981593013 -0.009414363652467728
v -0.07178496569395065 0.0010670595802366734 -0.005835363175719976
v 0.07510189712047577 0.000541622459422797 -0.009415337815880775
v 0.07510189712047577 0.000541622459422797 -0.009415337815880775
v 0.07312373071908951 0.0007831219118088484 -0.009415039792656898
v 0.07312373071908951 0.0007831219118088484 -0.009415039792656898
v 0.06915918737649918 0.0012762662954628468 -0.005818460136651993
v -0.07516410946846008 0.0006677224300801754 -0.0058367871679365635
v -0.07339491695165634 0.0008765895618125796 -0.005836353171616793
v -0.07339491695165634 0.0008765895618125796 -0.005836353171616793
v -0.06985818594694138 0.0012949355877935886 -0.009428441524505615
v -0.0683404877781868 0.0014343648217618465 -0.005820982623845339
v -0.06581483781337738 0.0015736729837954044 -0.009393898770213127
v 0.06753359735012054 0.0014395138714462519 -0.009400133043527603
v 0.06519008427858353 0.0017364260274916887 -0.005787455011159182
v -0.0675535500049591 0.0015532083343714476 -0.005815896671265364
v 0.06677819043397903 0.0015423456206917763 -0.009388688951730728
v 0.07032185047864914 0.0011965278536081314 -0.005819338373839855
v -0.07091156393289566 0.0012454561656340957 -0.009435703977942467
v 0.06832515448331833 0.001435416517779231 -0.005817194003611803
v 0.07000140845775604 0.0012374923098832369 -0.009413501247763634
v -0.06913823634386063 0.0014543244615197182 -0.009424081072211266
v -0.07059299945831299 0.0012829848565161228 -0.005832003429532051
v -0.06881866604089737 0.0014822494704276323 -0.0058242944069206715
v -0.06787288188934326 0.0015352917835116386 -0.009410401806235313
v 0.06799523532390594 0.0014708179514855146 -0.009406689554452896
v 0.06708057224750519 0.0015132990665733814 -0.005805733148008585
v -0.04659470543265343 -0.015909746289253235 0.01452033594250679
v -0.04080848768353462 -0.015863411128520966 0.01453157514333725
v -0.03502089902758598 -0.015866048634052277 0.014536438509821892
v -0.03502089902758598 -0.015866048634052277 0.014536438509821892
v -0.03502089902758598 -0.015866048634052277 0.014536438509821892
v -0.03502089902758598 -0.015866048634052277 0.014536438509821892
v -0.03502089902758598 -0.015866048634052277 0.014536438509821892
v -0.03502089902758598 -0.015866048634052277 0.014536438509821892
v -0.029232531785964966 -0.015866097062826157 0.01453983411192894
v -0.029232531785964966 -0.015866097062826157 0.01453983411192894
v -0.029232531785964966 -0.015866097062826157 0.01453983411192894
v -0.029232531785964966 -0.015866097062826157 0.01453983411192894
v -0.023443063721060753 -0.015865743160247803 0.014542577788233757
v -0.023443063721060753 -0.015865743160247803 0.014542577788233757
v -0.023443063721060753 -0.015865743160247803 0.014542577788233757
v -0.023443063721060753 -0.015865743160247803 0.014542577788233757
v -0.01765342801809311 -0.015865709632635117 0.014544354751706123
v -0.01765342801809311 -0.015865709632635117 0.014544354751706123
v -0.011863741092383862 -0.015865720808506012 0.014546236023306847
v -0.011863741092383862 -0.015865720808506012 0.014546236023306847
v -0.006073785945773125 -0.01586570218205452 0.014547239989042282
v -0.006073785945773125 -0.01586570218205452 0.014547239989042282
v 0.046047408133745193 -0.01586122438311577 0.014536069706082344
v 0.040255140513181686 -0.015865862369537354 0.01454131118953228
v 0.040255140513181686 -0.015865862369537354 0.01454131118953228
v 0.040255140513181686 -0.015865862369537354 0.01454131118953228
v 0.040255140513181686 -0.015865862369537354 0.01454131118953228
v 0.040255140513181686 -0.015865862369537354 0.01454131118953228
v 0.03446319326758385 -0.015865538269281387 0.014545034617185593
v 0.03446319326758385 -0.015865538269281387 0.014545034617185593
v 0.03446319326758385 -0.015865538269281387 0.014545034617185593
v 0.02867148630321026 -0.015865709632635117 0.014547321945428848
v 0.02867148630321026 -0.015865709632635117 0.014547321945428848
v 0.022879987955093384 -0.015865705907344818 0.014548590406775475
v 0.022879987955093384 -0.015865705907344818 0.014548590406775475
v 0.01708878017961979 -0.01586570218205452 0.014549065381288528
v 0.01708878017961979 -0.01586570218205452 0.014549065381288528
v 0.01708878017961979 -0.01586570218205452 0.014549065381288528
v 0.011297735385596752 -0.01586572453379631 0.014548903331160545
v 0.011297735385596752 -0.01586572453379631 0.014548903331160545
v 0.005507006775587797 -0.015865739434957504 0.014548374339938164
v 0.005507006775587797 -0.015865739434957504 0.014548374339938164
v 0.005507006775587797 -0.015865739434957504 0.014548374339938164
v -0.046702977269887924 0.01664675399661064 0.01986681856215
v -0.040937650948762894 0.016747649759054184 0.019840197637677193
v -0.035167988389730453 0.016873862594366074 0.01983160711824894
v -0.029397286474704742 0.016919326037168503 0.019835833460092545
v -0.02362767979502678 0.01691082864999771 0.019846349954605103
v -0.017858821898698807 0.016904834657907486 0.019858641549944878
v -0.012088587507605553 0.01690256968140602 0.019869724288582802
v -0.012088587507605553 0.01690256968140602 0.019869724288582802
v -0.0063157230615615845 0.016901656985282898 0.019875217229127884
v -0.0063157230615615845 0.016901656985282898 0.019875217229127884
v -0.0063157230615615845 0.016901656985282898 0.019875217229127884
v 0.04574908688664436 0.01687799021601677 0.01978665217757225
v 0.039957109838724136 0.016908757388591766 0.019814392551779747
v 0.03416411206126213 0.016890063881874084 0.019839059561491013
v 0.02837052196264267 0.016908690333366394 0.019853495061397552
v 0.02258048951625824 0.016910947859287262 0.01986139640212059
v 0.01679464615881443 0.016899988055229187 0.019867369905114174
v 0.011013161391019821 0.016902953386306763 0.019872043281793594
v 0.011013161391019821 0.016902953386306763 0.019872043281793594
v 0.011013161391019821 0.016902953386306763 0.019872043281793594
v 0.011013161391019821 0.016902953386306763 0.019872043281793594
v 0.011013161391019821 0.016902953386306763 0.019872043281793594
v 0.005234499927610159 0.01690351963043213 0.019875643774867058
v 0.005234499927610159 0.01690351963043213 0.019875643774867058
v 0.005234499927610159 0.01690351963043213 0.019875643774867058
v 0.005234499927610159 0.01690351963043213 0.019875643774867058
v 0.0453464537858963 0.00047779944725334644 -0.04148619621992111
v 0.039870619773864746 0.0005229864036664367 -0.04040252044796944
v 0.03434247151017189 0.0005566207692027092 -0.040036097168922424
v 0.028600653633475304 0.0005497894017025828 -0.04079807922244072
v 0.022814206779003143 0.0005353634478524327 -0.040978703647851944
v 0.017024006694555283 0.0005201952299103141 -0.04101157188415527
v 0.011233910918235779 0.0005053931963630021 -0.04102214425802231
v 0.0054438114166259766 0.0004912415170110762 -0.041022058576345444
v -0.04656125605106354 0.0004108560679014772 -0.04100094735622406
v -0.040866341441869736 0.0004002627683803439 -0.04017725586891174
v -0.035084716975688934 0.00040968204848468304 -0.0405377559363842
v -0.02930079959332943 0.0004198377428110689 -0.040839068591594696
v -0.02351006306707859 0.00043049140367656946 -0.04094475507736206
v -0.017718764021992683 0.00044140545651316643 -0.04098939895629883
v -0.011927668936550617 0.00045286555541679263 -0.041010383516550064
v -0.006136894691735506 0.00046497926814481616 -0.04102018475532532
v -0.04612354189157486 -0.0002376857155468315 0.04201450198888779
v -0.04046650975942612 -0.00021880955318920314 0.041390154510736465
v -0.03508247807621956 -0.00012818881077691913 0.04078219085931778
v -0.029310578480362892 -0.00008063652785494924 0.0407235249876976
v -0.023546291515231133 -0.000021637591999024153 0.04077563062310219
v -0.01775532402098179 0.000025677640223875642 0.041059985756874084
v -0.011963843367993832 0.0000733350170776248 0.041069645434617996
v -0.006172655615955591 0.00012232140579726547 0.04106845706701279
v 0.04594065248966217 0.0005690358811989427 0.0407913401722908
v 0.040152762085199356 0.0005190392257645726 0.04091159254312515
v 0.034363895654678345 0.00047170062316581607 0.041046008467674255
v 0.028573034331202507 0.00042269923142157495 0.04107962176203728
v 0.02278202399611473 0.00037320470437407494 0.04108947515487671
v 0.016991063952445984 0.00032319151796400547 0.04108940064907074
v 0.011200107634067535 0.00027289779973216355 0.041086673736572266
v 0.0054091536439955235 0.0002225214702775702 0.04108070582151413
v -0.04659128561615944 -0.015864569693803787 0.03932676091790199
v -0.04079942777752876 -0.015884283930063248 0.0393575057387352
v -0.03500468283891678 -0.015932448208332062 0.03937555477023125
v -0.029209207743406296 -0.01595284789800644 0.03937840834259987
v -0.023415537551045418 -0.015920482575893402 0.03937804326415062
v -0.017624065279960632 -0.015873100608587265 0.0393802709877491
v -0.011833341792225838 -0.015820521861314774 0.03938000649213791
v -0.006043670699000359 -0.01577293872833252 0.03938061371445656
v 0.046058110892772675 -0.015534105710685253 0.03936603665351868
v 0.04026729613542557 -0.015549524687230587 0.03936994820833206
v 0.034478165209293365 -0.015555490739643574 0.03937260061502457
v 0.02868974581360817 -0.015573008917272091 0.03937578946352005
v 0.022901326417922974 -0.015596297569572926 0.039378371089696884
v 0.017112715169787407 -0.015623356215655804 0.039380185306072235
v 0.011324027553200722 -0.0156557634472847 0.03938060626387596
v 0.005535011179745197 -0.015692967921495438 0.03938117250800133
v 0.04583177715539932 0.016400590538978577 0.039325371384620667
v 0.04004085808992386 0.01641782745718956 0.03935310244560242
v 0.034247029572725296 0.016463447362184525 0.03937436267733574
v 0.02845258265733719 0.01649009808897972 0.03938744589686394
v 0.022658301517367363 0.016496222466230392 0.039396241307258606
v 0.016864551231265068 0.016488302499055862 0.03940271586179733
v 0.011071627028286457 0.016468491405248642 0.03940539434552193
v 0.005279918201267719 0.01643751561641693 0.03940310701727867
v -0.04667162895202637 0.015358096919953823 0.039382509887218475
v -0.04094672575592995 0.01535679493099451 0.03930947929620743
v -0.03519052639603615 0.01578044518828392 0.03934371471405029
v -0.02942441962659359 0.016104109585285187 0.039377611130476
v -0.023646263405680656 0.016252528876066208 0.03938791900873184
v -0.017866307869553566 0.016288939863443375 0.0393800251185894
v -0.012083614245057106 0.016321688890457153 0.03938331827521324
v -0.0062978616915643215 0.01635969802737236 0.03939107060432434
v -0.046688664704561234 0.016590144485235214 -0.03931695595383644
v -0.040899306535720825 0.016551919281482697 -0.039317622780799866
v -0.0351121760904789 0.016534198075532913 -0.03932591527700424
v -0.029324281960725784 0.016524557024240494 -0.03933153674006462
v -0.023536114022135735 0.016522254794836044 -0.03933628275990486
v -0.017747966572642326 0.01652439311146736 -0.039341360330581665
v -0.011960083618760109 0.016529060900211334 -0.039346352219581604
v -0.006172402296215296 0.016535494476556778 -0.039350710809230804
v 0.045900486409664154 0.01661338284611702 -0.039283741265535355
v 0.045900486409664154 0.01661338284611702 -0.039283741265535355
v 0.04011719673871994 0.016637153923511505 -0.0392996184527874
v 0.04011719673871994 0.016637153923511505 -0.0392996184527874
v 0.03433212265372276 0.016583196818828583 -0.039324380457401276
v 0.028545407578349113 0.01655062660574913 -0.03934440016746521
v 0.022759487852454185 0.016551516950130463 -0.03935154527425766
v 0.01697392389178276 0.01654544100165367 -0.03935306519269943
v 0.01118827611207962 0.01654202491044998 -0.03935403376817703
v 0.005401964299380779 0.016542870551347733 -0.03935493156313896
v 0.04589154198765755 0.014796487055718899 -0.04010534659028053
v 0.04012380912899971 0.015100701712071896 -0.04055723547935486
v 0.03434256464242935 0.015215815044939518 -0.04068746417760849
v 0.02855783700942993 0.01521468535065651 -0.04071739315986633
v 0.022770242765545845 0.015196871012449265 -0.0407395139336586
v 0.016982588917016983 0.015180937014520168 -0.04074179381132126
v 0.011195013299584389 0.01516641490161419 -0.04073246195912361
v 0.005407558288425207 0.015152756124734879 -0.04071912169456482
v -0.046691250056028366 0.015058313496410847 -0.04042967036366463
v -0.0409027636051178 0.015063073486089706 -0.040536828339099884
v -0.03511377051472664 0.015077019110321999 -0.04060867801308632
v -0.029323969036340714 0.015084268525242805 -0.04064081981778145
v -0.023534417152404785 0.015093216672539711 -0.040660884231328964
v -0.017745237797498703 0.015103575773537159 -0.04067566618323326
v -0.01195644959807396 0.015114874579012394 -0.04068728908896446
v -0.006168045569211245 0.015126906335353851 -0.04069695994257927
v -0.04664165899157524 -0.014250466600060463 -0.04081498831510544
v -0.040850039571523666 -0.014257481321692467 -0.0407501719892025
v -0.03506167605519295 -0.014255224727094173 -0.040710147470235825
v -0.029271110892295837 -0.014245915226638317 -0.0407077856361866
v -0.023479823023080826 -0.014232766814529896 -0.040712159126996994
v -0.01768806017935276 -0.014220689423382282 -0.04072190448641777
v -0.011895968578755856 -0.014208809472620487 -0.04073034226894379
v -0.006103795953094959 -0.014196502044796944 -0.040734052658081055
v 0.045989230275154114 -0.013935836032032967 -0.04059692844748497
v 0.040207862854003906 -0.014071717858314514 -0.040665414184331894
v 0.03442718833684921 -0.014100360684096813 -0.04067070037126541
v 0.02864031121134758 -0.014111677184700966 -0.0406767837703228
v 0.02285119704902172 -0.014126351103186607 -0.04068642854690552
v 0.017061149701476097 -0.014141414314508438 -0.04069783166050911
v 0.011270633898675442 -0.014156077988445759 -0.040708594024181366
v 0.005479700397700071 -0.014170106500387192 -0.04072039946913719
v -0.04670930653810501 0.014147765934467316 0.040946267545223236
v -0.04670930653810501 0.014147765934467316 0.040946267545223236
v -0.04092412069439888 0.014356665313243866 0.04097824543714523
v -0.04092412069439888 0.014356665313243866 0.04097824543714523
v -0.03514418005943298 0.014529135078191757 0.04076694697141647
v -0.02942136488854885 0.014584311284124851 0.04069071635603905
v -0.023650337010622025 0.014637383632361889 0.040728870779275894
v -0.017864609137177467 0.014679408632218838 0.040517598390579224
v -0.012078200466930866 0.014728527516126633 0.04053458943963051
v -0.006290156859904528 0.014779027551412582 0.040551792830228806
v 0.04584624245762825 0.01521806139498949 0.04093462601304054
v 0.04584624245762825 0.01521806139498949 0.04093462601304054
v 0.040044620633125305 0.01517981756478548 0.04087940603494644
v 0.03424983099102974 0.015130322426557541 0.04080108925700188
v 0.028457047417759895 0.015080814249813557 0.0407392680644989
v 0.02266480214893818 0.015031368471682072 0.040690820664167404
v 0.01687265746295452 0.014981251209974289 0.04064980149269104
v 0.011080906726419926 0.014930699951946735 0.04061587527394295
v 0.005289699416607618 0.014880196191370487 0.040589865297079086
v 0.0460539385676384 -0.014094422571361065 0.040646132081747055
v 0.040266167372465134 -0.01414607372134924 0.04071918502449989
v 0.03447667509317398 -0.014189735986292362 0.040761202573776245
v 0.02868734858930111 -0.01423668209463358 0.04079357534646988
v 0.022897887974977493 -0.014285372570157051 0.040819089859724045
v 0.017108267173171043 -0.014334991574287415 0.040840666741132736
v 0.011318444274365902 -0.01438539382070303 0.04085852578282356
v 0.0055283005349338055 -0.014435618184506893 0.04086994379758835
v -0.046591710299253464 -0.014585643075406551 0.04085957631468773
v -0.04079745337367058 -0.014803407713770866 0.041004523634910583
v -0.04079745337367058 -0.014803407713770866 0.041004523634910583
v -0.03500540554523468 -0.01477632112801075 0.04077087715268135
v -0.029215523973107338 -0.014735053293406963 0.04076623544096947
v -0.02342594601213932 -0.014682377688586712 0.04076484590768814
v -0.017635319381952286 -0.014633603394031525 0.0408659428358078
v -0.011843902058899403 -0.014585461467504501 0.04087482765316963
v -0.006052685901522636 -0.014536101371049881 0.0408778190612793
v -0.046635646373033524 0.01690613105893135 -0.009327910840511322
v -0.0408489815890789 0.01690400019288063 -0.009328272193670273
v -0.0408489815890789 0.01690400019288063 -0.009328272193670273
v -0.0408489815890789 0.01690400019288063 -0.009328272193670273
v -0.0408489815890789 0.01690400019288063 -0.009328272193670273
v -0.03506465628743172 0.01690409705042839 -0.009328382089734077
v -0.02928394079208374 0.01690409705042839 -0.009329263120889664
v -0.023508569225668907 0.01690409705042839 -0.009329559281468391
v 0.04549103602766991 0.01650814712047577 -0.009385539218783379
v 0.039776626974344254 0.016938496381044388 -0.009358227252960205
v 0.03402291238307953 0.016906242817640305 -0.00936099886894226
v 0.02825605683028698 0.016903437674045563 -0.009372685104608536
v 0.02825605683028698 0.016903437674045563 -0.009372685104608536
v 0.02825605683028698 0.016903437674045563 -0.009372685104608536
v 0.045806899666786194 0.01687200739979744 -0.02694060280919075
v 0.04002784192562103 0.016923382878303528 -0.026961393654346466
v 0.03425054997205734 0.01690232753753662 -0.026975996792316437
v 0.028474487364292145 0.016902964562177658 -0.026986462995409966
v 0.022700507193803787 0.016903594136238098 -0.02699234150350094
v 0.022700507193803787 0.016903594136238098 -0.02699234150350094
v 0.016926169395446777 0.016904544085264206 -0.026995224878191948
v 0.016926169395446777 0.016904544085264206 -0.026995224878191948
v 0.016926169395446777 0.016904544085264206 -0.026995224878191948
v 0.016926169395446777 0.016904544085264206 -0.026995224878191948
v 0.016926169395446777 0.016904544085264206 -0.026995224878191948
v 0.011152368038892746 0.0169040709733963 -0.026996523141860962
v 0.011152368038892746 0.0169040709733963 -0.026996523141860962
v 0.011152368038892746 0.0169040709733963 -0.026996523141860962
v 0.011152368038892746 0.0169040709733963 -0.026996523141860962
v 0.011152368038892746 0.0169040709733963 -0.026996523141860962
v 0.005377213004976511 0.016904316842556 -0.026996463537216187
v 0.005377213004976511 0.016904316842556 -0.026996463537216187
v 0.005377213004976511 0.016904316842556 -0.026996463537216187
v 0.005377213004976511 0.016904316842556 -0.026996463537216187
v 0.005377213004976511 0.016904316842556 -0.026996463537216187
v 0.005377213004976511 0.016904316842556 -0.026996463537216187
v -0.046690188348293304 0.01698242872953415 -0.026968078687787056
v -0.04089856520295143 0.016912955790758133 -0.02697121724486351
v -0.035107675939798355 0.016898777335882187 -0.02697555534541607
v -0.029317906126379967 0.016904059797525406 -0.026979509741067886
v -0.029317906126379967 0.016904059797525406 -0.026979509741067886
v -0.029317906126379967 0.016904059797525406 -0.026979509741067886
v -0.029317906126379967 0.016904059797525406 -0.026979509741067886
v -0.023529987782239914 0.01690472662448883 -0.026983143761754036
v -0.023529987782239914 0.01690472662448883 -0.026983143761754036
v -0.023529987782239914 0.01690472662448883 -0.026983143761754036
v -0.023529987782239914 0.01690472662448883 -0.026983143761754036
v -0.017744051292538643 0.016904227435588837 -0.026987534016370773
v -0.017744051292538643 0.016904227435588837 -0.026987534016370773
v -0.017744051292538643 0.016904227435588837 -0.026987534016370773
v -0.017744051292538643 0.016904227435588837 -0.026987534016370773
v -0.011960472911596298 0.01690429076552391 -0.0269914623349905
v -0.011960472911596298 0.01690429076552391 -0.0269914623349905
v -0.0061784470453858376 0.01690448448061943 -0.026995033025741577
v -0.0061784470453858376 0.01690448448061943 -0.026995033025741577
v -0.0061784470453858376 0.01690448448061943 -0.026995033025741577
v -0.04664666950702667 -0.01526762917637825 -0.03938904032111168
v -0.040854763239622116 -0.015297711826860905 -0.039389174431562424
v -0.03506254032254219 -0.015344101004302502 -0.03938905894756317
v -0.02926964871585369 -0.015382946468889713 -0.0393880233168602
v -0.023476840928196907 -0.015395370312035084 -0.039385583251714706
v -0.01768454909324646 -0.015393809415400028 -0.03938232362270355
v -0.011892681941390038 -0.015390784479677677 -0.03937859088182449
v -0.00610103877261281 -0.015391715802252293 -0.03937423974275589
v 0.0460176058113575 -0.015424598939716816 -0.03933285176753998
v 0.04022572934627533 -0.015433561988174915 -0.03932772949337959
v 0.03443516045808792 -0.01545890886336565 -0.03933525085449219
v 0.028645163401961327 -0.015452438034117222 -0.039341192692518234
v 0.022854836657643318 -0.015444216318428516 -0.03934652358293533
v 0.017064278945326805 -0.015436581335961819 -0.03935353830456734
v 0.011273190379142761 -0.015426519326865673 -0.039359528571367264
v 0.005481821019202471 -0.015412869863212109 -0.03936445340514183
v 0.046028148382902145 -0.015802428126335144 -0.022442717105150223
v 0.04023788496851921 -0.015829116106033325 -0.022446144372224808
v 0.03444740176200867 -0.01582256332039833 -0.022452114149928093
v 0.03444740176200867 -0.01582256332039833 -0.022452114149928093
v 0.028655989095568657 -0.01580464467406273 -0.022458884865045547
v 0.022863946855068207 -0.015788264572620392 -0.0224651787430048
v 0.01707150973379612 -0.015773646533489227 -0.022470280528068542
v 0.011278809979557991 -0.015759240835905075 -0.022474560886621475
v 0.005486472509801388 -0.015744641423225403 -0.0224780160933733
v -0.04664494842290878 -0.01564248651266098 -0.02249489352107048
v -0.04085146635770798 -0.015626106411218643 -0.0224960595369339
v -0.035058408975601196 -0.015638437122106552 -0.022495698183774948
v -0.029265908524394035 -0.01565489172935486 -0.022494038566946983
v -0.023473819717764854 -0.01566976308822632 -0.022491637617349625
v -0.017681816592812538 -0.01568477600812912 -0.022489095106720924
v -0.01188987772911787 -0.015699826180934906 -0.022486612200737
v -0.0060978601686656475 -0.015714842826128006 -0.022484110668301582
v -0.046598244458436966 -0.015839189291000366 -0.0073909456841647625
v -0.04082125797867775 -0.015591238625347614 -0.007367739453911781
v -0.03503619506955147 -0.015696607530117035 -0.007366877980530262
v -0.02925161086022854 -0.01570373773574829 -0.007364038378000259
v -0.02346385084092617 -0.015699125826358795 -0.007362517528235912
v -0.0176739152520895 -0.01569812372326851 -0.007361631840467453
v -0.011883138678967953 -0.015697840601205826 -0.007361238822340965
v -0.006091799587011337 -0.015698004513978958 -0.007361426949501038
v 0.04602249339222908 -0.015919934958219528 -0.007387362886220217
v 0.04023514315485954 -0.01575552299618721 -0.007373832631856203
v 0.03444414585828781 -0.015708710998296738 -0.007366697303950787
v 0.02865375019609928 -0.015701767057180405 -0.007363729178905487
v 0.022863373160362244 -0.015698764473199844 -0.007361968047916889
v 0.01707262173295021 -0.015697389841079712 -0.007360595278441906
v 0.011281781829893589 -0.015697114169597626 -0.0073601556941866875
v 0.005490648094564676 -0.015697218477725983 -0.0073598651215434074
v -0.046625904738903046 -0.01634543016552925 -0.007364141289144754
v -0.040867023169994354 -0.016240697354078293 -0.007356273476034403
v -0.03507748991250992 -0.016324441879987717 -0.007366874720901251
v -0.02928312122821808 -0.01632215827703476 -0.007364238146692514
v -0.02348731830716133 -0.01631537824869156 -0.007363119628280401
v -0.01769120991230011 -0.016312897205352783 -0.0073622544296085835
v -0.011894870549440384 -0.01631157472729683 -0.007361596915870905
v -0.006098613608628511 -0.016311995685100555 -0.007361960131675005
v 0.04603709280490875 -0.01655389741063118 -0.007390182930976152
v 0.040258169174194336 -0.016399547457695007 -0.007356493268162012
v 0.03446623682975769 -0.01632627844810486 -0.007353565189987421
v 0.028672946617007256 -0.01631588488817215 -0.007357720751315355
v 0.02287893556058407 -0.016313064843416214 -0.0073595005087554455
v 0.017084207385778427 -0.016311582177877426 -0.00735958619043231
v 0.011288831010460854 -0.01631082594394684 -0.007359926123172045
v 0.005493330769240856 -0.016310829669237137 -0.007359808776527643
v 0.04610956087708473 -0.016796838492155075 -0.0075962538830935955
v 0.04027478024363518 -0.01697973534464836 -0.007606833707541227
v 0.03446916118264198 -0.016892991960048676 -0.007597589399665594
v 0.028673222288489342 -0.01688292622566223 -0.007602307479828596
v 0.022878453135490417 -0.016882017254829407 -0.0076059759594500065
v 0.0170834232121706 -0.016881350427865982 -0.007607503328472376
v 0.011288098059594631 -0.01688094064593315 -0.007608229760080576
v 0.005492157768458128 -0.016881108283996582 -0.00760851101949811
v -0.046707600355148315 -0.016666915267705917 -0.0075786360539495945
v -0.040891703218221664 -0.016832906752824783 -0.007610231172293425
v -0.03508695587515831 -0.01689305156469345 -0.007617905270308256
v -0.029286911711096764 -0.01688993349671364 -0.007616205606609583
v -0.023489560931921005 -0.016885079443454742 -0.007614108268171549
v -0.01769285462796688 -0.01688305288553238 -0.007612436544150114
v -0.011896373704075813 -0.01688191294670105 -0.007611120585352182
v -0.006099936086684465 -0.0168830007314682 -0.0076110330410301685
v 0.045586246997117996 0.016658153384923935 -0.013397656381130219
v 0.03983352705836296 0.01692480593919754 -0.013397755101323128
v 0.03406686335802078 0.016905106604099274 -0.013406287878751755
v 0.02830379456281662 0.016903799027204514 -0.013416407629847527
v 0.02830379456281662 0.016903799027204514 -0.013416407629847527
v 0.02830379456281662 0.016903799027204514 -0.013416407629847527
v -0.046650368720293045 0.016925666481256485 -0.01337183266878128
v -0.04085599631071091 0.016904044896364212 -0.01337600126862526
v -0.035067249089479446 0.016904093325138092 -0.01337648369371891
v -0.035067249089479446 0.016904093325138092 -0.01337648369371891
v -0.035067249089479446 0.016904093325138092 -0.01337648369371891
v -0.035067249089479446 0.016904093325138092 -0.01337648369371891
v -0.029279476031661034 0.016904093325138092 -0.013375872746109962
v -0.023491617292165756 0.016904093325138092 -0.013375189155340195
v 0.04568144679069519 0.016800228506326675 -0.017897512763738632
v 0.03990629315376282 0.016919676214456558 -0.01791590079665184
v 0.034138426184654236 0.01690319925546646 -0.017928948625922203
v 0.02837570197880268 0.016903989017009735 -0.017937034368515015
v 0.02837570197880268 0.016903989017009735 -0.017937034368515015
v 0.02837570197880268 0.016903989017009735 -0.017937034368515015
v 0.02837570197880268 0.016903989017009735 -0.017937034368515015
v 0.02261701226234436 0.016904108226299286 -0.0179377980530262
v 0.0168581772595644 0.016904089599847794 -0.01793445460498333
v 0.011099444702267647 0.016904089599847794 -0.017931731417775154
v 0.0053396085277199745 0.016904085874557495 -0.01792929507791996
v -0.04667240008711815 0.01697702333331108 -0.017903244122862816
v -0.04087835177779198 0.01691117137670517 -0.017909439280629158
v -0.03508608788251877 0.01690235733985901 -0.01791170984506607
v -0.03508608788251877 0.01690235733985901 -0.01791170984506607
v -0.03508608788251877 0.01690235733985901 -0.01791170984506607
v -0.03508608788251877 0.01690235733985901 -0.01791170984506607
v -0.029297547414898872 0.016904115676879883 -0.017912598326802254
v -0.029297547414898872 0.016904115676879883 -0.017912598326802254
v -0.029297547414898872 0.016904115676879883 -0.017912598326802254
v -0.029297547414898872 0.016904115676879883 -0.017912598326802254
v -0.029297547414898872 0.016904115676879883 -0.017912598326802254
v -0.02351224049925804 0.016904089599847794 -0.017914393916726112
v -0.01773146539926529 0.016904085874557495 -0.017917312681674957
v -0.011956888251006603 0.016904078423976898 -0.017921634018421173
v -0.006188012659549713 0.0169040746986866 -0.01792597398161888
v 0.045747824013233185 0.016826797276735306 -0.02241533435881138
v 0.03997392579913139 0.01693517342209816 -0.022437242791056633
v 0.03420199453830719 0.016901418566703796 -0.02245136722922325
v 0.028432205319404602 0.016904480755329132 -0.02246093563735485
v 0.028432205319404602 0.016904480755329132 -0.02246093563735485
v 0.028432205319404602 0.016904480755329132 -0.02246093563735485
v 0.028432205319404602 0.016904480755329132 -0.02246093563735485
v 0.022664319723844528 0.016904111951589584 -0.02246416173875332
v 0.022664319723844528 0.016904111951589584 -0.02246416173875332
v 0.01689760386943817 0.016904376447200775 -0.022464793175458908
v 0.01689760386943817 0.016904376447200775 -0.022464793175458908
v 0.011130273342132568 0.016904301941394806 -0.02246437594294548
v 0.011130273342132568 0.016904301941394806 -0.02246437594294548
v 0.011130273342132568 0.016904301941394806 -0.02246437594294548
v 0.005361530929803848 0.01690414920449257 -0.022463947534561157
v -0.04668403044342995 0.016986440867185593 -0.022435907274484634
v -0.04089171439409256 0.0169130340218544 -0.022440729662775993
v -0.03510025516152382 0.01689932867884636 -0.02244456671178341
v -0.029310569167137146 0.016903914511203766 -0.0224472563713789
v -0.029310569167137146 0.016903914511203766 -0.0224472563713789
v -0.029310569167137146 0.016903914511203766 -0.0224472563713789
v -0.029310569167137146 0.016903914511203766 -0.0224472563713789
v -0.029310569167137146 0.016903914511203766 -0.0224472563713789
v -0.029310569167137146 0.016903914511203766 -0.0224472563713789
v -0.023523755371570587 0.016904175281524658 -0.022450044751167297
v -0.023523755371570587 0.016904175281524658 -0.022450044751167297
v -0.017739638686180115 0.016903985291719437 -0.022453749552369118
v -0.011959205381572247 0.016904011368751526 -0.022457707673311234
v -0.006182701326906681 0.01690404862165451 -0.022461706772446632
v -0.006182701326906681 0.01690404862165451 -0.022461706772446632
v -0.0466914027929306 0.016955770552158356 -0.0360305979847908
v -0.04090112820267677 0.016922663897275925 -0.036030761897563934
v -0.03511185944080353 0.016906093806028366 -0.03603465110063553
v -0.029323695227503777 0.016904953867197037 -0.0360405333340168
v -0.02353566326200962 0.016905244439840317 -0.03604574874043465
v -0.01774807646870613 0.016905304044485092 -0.036050453782081604
v -0.011961002834141254 0.01690594106912613 -0.03605472296476364
v -0.006174538284540176 0.01690615341067314 -0.03605812042951584
v 0.0458851233124733 0.016960851848125458 -0.035991936922073364
v 0.040097676217556 0.01691354438662529 -0.036014292389154434
v 0.03431229293346405 0.016871724277734756 -0.0360303670167923
v 0.028528675436973572 0.016864757984876633 -0.03604136034846306
v 0.02274618297815323 0.016865406185388565 -0.03604996204376221
v 0.016963515430688858 0.016884028911590576 -0.036055415868759155
v 0.011180344969034195 0.01689542457461357 -0.036058422178030014
v 0.005396146792918444 0.01690075919032097 -0.03606033697724342
v -0.046692658215761185 0.016973379999399185 -0.0314997173845768
v -0.040901556611061096 0.016916878521442413 -0.0315014012157917
v -0.0351112000644207 0.016902662813663483 -0.03150567784905434
v -0.029321610927581787 0.016906369477510452 -0.03151039034128189
v -0.029321610927581787 0.016906369477510452 -0.03151039034128189
v -0.029321610927581787 0.016906369477510452 -0.03151039034128189
v -0.029321610927581787 0.016906369477510452 -0.03151039034128189
v -0.023533178493380547 0.0169069766998291 -0.03151469677686691
v -0.023533178493380547 0.0169069766998291 -0.03151469677686691
v -0.023533178493380547 0.0169069766998291 -0.03151469677686691
v -0.023533178493380547 0.0169069766998291 -0.03151469677686691
v -0.017746273428201675 0.016906265169382095 -0.0315190814435482
v -0.017746273428201675 0.016906265169382095 -0.0315190814435482
v -0.017746273428201675 0.016906265169382095 -0.0315190814435482
v -0.011960684321820736 0.016906123608350754 -0.03152339905500412
v -0.011960684321820736 0.016906123608350754 -0.03152339905500412
v -0.006176224444061518 0.01690605655312538 -0.03152664378285408
v -0.006176224444061518 0.01690605655312538 -0.03152664378285408
v -0.006176224444061518 0.01690605655312538 -0.03152664378285408
v -0.006176224444061518 0.01690605655312538 -0.03152664378285408
v -0.006176224444061518 0.01690605655312538 -0.03152664378285408
v 0.04585187882184982 0.01692301034927368 -0.03146408125758171
v 0.04006786271929741 0.016906090080738068 -0.03148706629872322
v 0.034286223351955414 0.016888495534658432 -0.03150255233049393
v 0.02850588969886303 0.016890421509742737 -0.03151347488164902
v 0.02272677980363369 0.01689789816737175 -0.03152076527476311
v 0.016947902739048004 0.01690053939819336 -0.03152545541524887
v 0.01116865873336792 0.01690153405070305 -0.031527284532785416
v 0.005388513673096895 0.016903545707464218 -0.03152919188141823
v 0.005388513673096895 0.016903545707464218 -0.03152919188141823
v 0.005388513673096895 0.016903545707464218 -0.03152919188141823
v 0.005388513673096895 0.016903545707464218 -0.03152919188141823
v 0.005388513673096895 0.016903545707464218 -0.03152919188141823
v 0.046021994203329086 -0.01578614115715027 -0.036040373146533966
v 0.04022994264960289 -0.015794705599546432 -0.03604069724678993
v 0.03443887457251549 -0.015773974359035492 -0.036046162247657776
v 0.028647860512137413 -0.015748929232358932 -0.036053456366062164
v 0.02285660244524479 -0.015721481293439865 -0.03606139495968819
v 0.017065227031707764 -0.015692222863435745 -0.03606940433382988
v 0.011273883283138275 -0.015661127865314484 -0.03607679158449173
v 0.00548217399045825 -0.015628598630428314 -0.03608362004160881
v -0.04664575681090355 -0.01535779144614935 -0.03612731024622917
v -0.04085342213511467 -0.01536726113408804 -0.03612443804740906
v -0.03506119176745415 -0.015388439409434795 -0.03612102195620537
v -0.02926897443830967 -0.01542800385504961 -0.03611711785197258
v -0.02347671613097191 -0.015466437675058842 -0.036112379282712936
v -0.01768450438976288 -0.015497594140470028 -0.03610716387629509
v -0.011892502196133137 -0.015528748743236065 -0.0361018106341362
v -0.006100794300436974 -0.015561751089990139 -0.03609621897339821
v 0.046024128794670105 -0.015806902199983597 -0.03150813654065132
v 0.04023228585720062 -0.015814848244190216 -0.031509432941675186
v 0.034441396594047546 -0.015796564519405365 -0.03151480481028557
v 0.028650421649217606 -0.0157703198492527 -0.031521763652563095
v 0.028650421649217606 -0.0157703198492527 -0.031521763652563095
v 0.028650421649217606 -0.0157703198492527 -0.031521763652563095
v 0.028650421649217606 -0.0157703198492527 -0.031521763652563095
v 0.022859061136841774 -0.015743296593427658 -0.03152906894683838
v 0.022859061136841774 -0.015743296593427658 -0.03152906894683838
v 0.022859061136841774 -0.015743296593427658 -0.03152906894683838
v 0.022859061136841774 -0.015743296593427658 -0.03152906894683838
v 0.017067652195692062 -0.01571626588702202 -0.031536027789115906
v 0.011275549419224262 -0.01568920910358429 -0.03154262527823448
v 0.005483715329319239 -0.015662088990211487 -0.03154829144477844
v -0.04664500057697296 -0.015450681559741497 -0.03158332407474518
v -0.04085245728492737 -0.015450618229806423 -0.031581394374370575
v -0.03506011888384819 -0.01547194179147482 -0.03157898038625717
v -0.03506011888384819 -0.01547194179147482 -0.03157898038625717
v -0.02926802821457386 -0.015498883090913296 -0.03157580643892288
v -0.02347613126039505 -0.01552631240338087 -0.03157179057598114
v -0.017684170976281166 -0.015553477220237255 -0.03156747296452522
v -0.011892189271748066 -0.015580602921545506 -0.03156309947371483
v -0.006100628525018692 -0.015607771463692188 -0.03155848756432533
v 0.046025946736335754 -0.0158110111951828 -0.026974951848387718
v 0.0402350127696991 -0.015823297202587128 -0.0269777849316597
v 0.034444212913513184 -0.01581142097711563 -0.026983439922332764
v 0.02865322306752205 -0.015790313482284546 -0.02699008397758007
v 0.022861750796437263 -0.015769384801387787 -0.026997022330760956
v 0.01706964150071144 -0.015749089419841766 -0.027003135532140732
v 0.011277541518211365 -0.015728656202554703 -0.027008680626749992
v 0.005485145375132561 -0.01570788025856018 -0.02701335959136486
v -0.046644821763038635 -0.0155481593683362 -0.027039244771003723
v -0.040852032601833344 -0.01554191205650568 -0.027038592845201492
v -0.03505949303507805 -0.015561277978122234 -0.027037158608436584
v -0.02926723100244999 -0.015582126565277576 -0.027034690603613853
v -0.023475226014852524 -0.01560299750417471 -0.027031583711504936
v -0.017683284357190132 -0.015623928047716618 -0.02702835202217102
v -0.011891232803463936 -0.015644952654838562 -0.027024846524000168
v -0.006099124439060688 -0.01566598191857338 -0.02702135033905506
v -0.046649035066366196 -0.015840090811252594 -0.013402968645095825
v -0.040852829813957214 -0.01591762900352478 -0.013416092842817307
v -0.03505835309624672 -0.015935391187667847 -0.013417933136224747
v -0.029264992102980614 -0.01593795046210289 -0.013417156413197517
v -0.0234722550958395 -0.015941739082336426 -0.013416064903140068
v -0.017679700627923012 -0.01594475284218788 -0.013414818793535233
v -0.011887382715940475 -0.01594753935933113 -0.013413826003670692
v -0.006095069460570812 -0.015950053930282593 -0.013413386419415474
v 0.046036094427108765 -0.015801668167114258 -0.013375909999012947
v 0.04024752229452133 -0.01597440242767334 -0.013386696577072144
v 0.03445351496338844 -0.015969399362802505 -0.013394275680184364
v 0.028658494353294373 -0.015955988317728043 -0.013400143012404442
v 0.022864699363708496 -0.015955090522766113 -0.01340479589998722
v 0.01707194373011589 -0.015955224633216858 -0.013407442718744278
v 0.011279826983809471 -0.0159546360373497 -0.013409117236733437
v 0.005487977061420679 -0.015953700989484787 -0.01341015100479126
v -0.046646129339933395 -0.01574007049202919 -0.017949948087334633
v -0.04085143283009529 -0.015723586082458496 -0.017954256385564804
v -0.035057589411735535 -0.015724610537290573 -0.017954908311367035
v -0.029264749959111214 -0.015733670443296432 -0.0179537795484066
v -0.023472465574741364 -0.015743114054203033 -0.017951957881450653
v -0.017680415883660316 -0.015751846134662628 -0.017950069159269333
v -0.011888413690030575 -0.01576070487499237 -0.017948461696505547
v -0.006096459925174713 -0.01576932892203331 -0.01794692501425743
v 0.04603112116456032 -0.015792857855558395 -0.017909888178110123
v 0.04024183005094528 -0.01584448292851448 -0.017914704978466034
v 0.03445101156830788 -0.01583976298570633 -0.01792166754603386
v 0.028658626601099968 -0.015820439904928207 -0.017928186804056168
v 0.022865526378154755 -0.01580791175365448 -0.017933659255504608
v 0.01707235723733902 -0.015800341963768005 -0.017937645316123962
v 0.011279637925326824 -0.015793301165103912 -0.017940452322363853
v 0.005487266927957535 -0.0157858207821846 -0.017942670732736588
v -0.04657716304063797 -0.01613658294081688 0.03564735874533653
v -0.040788434445858 -0.01596676930785179 0.03566854074597359
v -0.034996870905160904 -0.01591891050338745 0.03567850962281227
v -0.02920437604188919 -0.01592063158750534 0.03568073362112045
v -0.02341172657907009 -0.015919551253318787 0.03568030148744583
v -0.017621833831071854 -0.0159173384308815 0.03568394482135773
v -0.011832204647362232 -0.01591365784406662 0.03568451106548309
v -0.006043625064194202 -0.01590883359313011 0.03568753972649574
v 0.04606082662940025 -0.01587299257516861 0.03569100424647331
v 0.04026893898844719 -0.015888292342424393 0.03569399565458298
v 0.03447740152478218 -0.01588929072022438 0.03569576516747475
v 0.028687477111816406 -0.015884362161159515 0.03569623455405235
v 0.022898215800523758 -0.015885822474956512 0.03569689020514488
v 0.01710984669625759 -0.015886638313531876 0.03569618612527847
v 0.01132250763475895 -0.01589226722717285 0.03569437190890312
v 0.005534069612622261 -0.015897657722234726 0.03569260612130165
v -0.04656069725751877 -0.01601644977927208 0.030362354591488838
v -0.040779776871204376 -0.015822358429431915 0.030383044853806496
v -0.03499246761202812 -0.01582033559679985 0.030391087755560875
v -0.029201561585068703 -0.015834685415029526 0.030392499640583992
v -0.023412097245454788 -0.01584099978208542 0.030393989756703377
v -0.01762358285486698 -0.015845872461795807 0.030396392568945885
v -0.011836537159979343 -0.015850327908992767 0.030399220064282417
v -0.006048568058758974 -0.01585415005683899 0.030402058735489845
v 0.0460582971572876 -0.015868835151195526 0.030402151867747307
v 0.04026652127504349 -0.01586996763944626 0.030405541881918907
v 0.03447534143924713 -0.015869639813899994 0.030407560989260674
v 0.02868463844060898 -0.015867792069911957 0.030408544465899467
v 0.022894499823451042 -0.01586577296257019 0.030408872291445732
v 0.017105167731642723 -0.015864089131355286 0.030408451333642006
v 0.011316445656120777 -0.015862271189689636 0.030407527461647987
v 0.005528006237000227 -0.01586006209254265 0.03040623851120472
v -0.04657108336687088 -0.015949010848999023 0.025081442669034004
v -0.04078724607825279 -0.015842188149690628 0.025098133832216263
v -0.03500005975365639 -0.015855543315410614 0.025104770436882973
v -0.029212135821580887 -0.015862606465816498 0.025108028203248978
v -0.023423390462994576 -0.015862680971622467 0.02511030249297619
v -0.01763424463570118 -0.01586281880736351 0.025112448260188103
v -0.01184522919356823 -0.015863317996263504 0.02511473372578621
v -0.01184522919356823 -0.015863317996263504 0.02511473372578621
v -0.01184522919356823 -0.015863317996263504 0.02511473372578621
v -0.006056588608771563 -0.015863843262195587 0.025116965174674988
v -0.006056588608771563 -0.015863843262195587 0.025116965174674988
v -0.006056588608771563 -0.015863843262195587 0.025116965174674988
v -0.006056588608771563 -0.015863843262195587 0.025116965174674988
v -0.006056588608771563 -0.015863843262195587 0.025116965174674988
v 0.04605534300208092 -0.015864558517932892 0.025113355368375778
v 0.04026331007480621 -0.015866469591856003 0.025117216631770134
v 0.04026331007480621 -0.015866469591856003 0.025117216631770134
v 0.04026331007480621 -0.015866469591856003 0.025117216631770134
v 0.04026331007480621 -0.015866469591856003 0.025117216631770134
v 0.03447170928120613 -0.015866082161664963 0.02511977218091488
v 0.03447170928120613 -0.015866082161664963 0.02511977218091488
v 0.03447170928120613 -0.015866082161664963 0.02511977218091488
v 0.03447170928120613 -0.015866082161664963 0.02511977218091488
v 0.028680525720119476 -0.01586565375328064 0.025121239945292473
v 0.028680525720119476 -0.01586565375328064 0.025121239945292473
v 0.028680525720119476 -0.01586565375328064 0.025121239945292473
v 0.028680525720119476 -0.01586565375328064 0.025121239945292473
v 0.022889982908964157 -0.01586546003818512 0.02512178011238575
v 0.022889982908964157 -0.01586546003818512 0.02512178011238575
v 0.022889982908964157 -0.01586546003818512 0.02512178011238575
v 0.022889982908964157 -0.01586546003818512 0.02512178011238575
v 0.017099736258387566 -0.015865352004766464 0.02512158639729023
v 0.017099736258387566 -0.015865352004766464 0.02512158639729023
v 0.017099736258387566 -0.015865352004766464 0.02512158639729023
v 0.017099736258387566 -0.015865352004766464 0.02512158639729023
v 0.011310032568871975 -0.015865113586187363 0.025121057406067848
v 0.011310032568871975 -0.015865113586187363 0.025121057406067848
v 0.011310032568871975 -0.015865113586187363 0.025121057406067848
v 0.011310032568871975 -0.015865113586187363 0.025121057406067848
v 0.011310032568871975 -0.015865113586187363 0.025121057406067848
v 0.005520869977772236 -0.015864748507738113 0.025120092555880547
v 0.005520869977772236 -0.015864748507738113 0.025120092555880547
v 0.005520869977772236 -0.015864748507738113 0.025120092555880547
v 0.005520869977772236 -0.015864748507738113 0.025120092555880547
v 0.005520869977772236 -0.015864748507738113 0.025120092555880547
v 0.005520869977772236 -0.015864748507738113 0.025120092555880547
v -0.04658425599336624 -0.015923161059617996 0.019800173118710518
v -0.040798839181661606 -0.015859384089708328 0.019814882427453995
v -0.035011135041713715 -0.015866588801145554 0.019821250811219215
v -0.035011135041713715 -0.015866588801145554 0.019821250811219215
v -0.029222359880805016 -0.015868358314037323 0.019823843613266945
v -0.029222359880805016 -0.015868358314037323 0.019823843613266945
v -0.02343294955790043 -0.015867609530687332 0.019826196134090424
v -0.02343294955790043 -0.015867609530687332 0.019826196134090424
v -0.02343294955790043 -0.015867609530687332 0.019826196134090424
v -0.01764356717467308 -0.01586722582578659 0.01982816867530346
v -0.01764356717467308 -0.01586722582578659 0.01982816867530346
v -0.01764356717467308 -0.01586722582578659 0.01982816867530346
v -0.011854564771056175 -0.015866965055465698 0.0198304932564497
v -0.011854564771056175 -0.015866965055465698 0.0198304932564497
v -0.006065281108021736 -0.015866726636886597 0.019831974059343338
v -0.006065281108021736 -0.015866726636886597 0.019831974059343338
v -0.006065281108021736 -0.015866726636886597 0.019831974059343338
v 0.04605165496468544 -0.015861622989177704 0.019824665039777756
v 0.04025958105921745 -0.015865735709667206 0.019829098135232925
v 0.04025958105921745 -0.015865735709667206 0.019829098135232925
v 0.04025958105921745 -0.015865735709667206 0.019829098135232925
v 0.04025958105921745 -0.015865735709667206 0.019829098135232925
v 0.04025958105921745 -0.015865735709667206 0.019829098135232925
v 0.0344676747918129 -0.015866190195083618 0.019832244142889977
v 0.0344676747918129 -0.015866190195083618 0.019832244142889977
v 0.0286761075258255 -0.015866197645664215 0.019834162667393684
v 0.0286761075258255 -0.015866197645664215 0.019834162667393684
v 0.022884991019964218 -0.01586616039276123 0.019835030660033226
v 0.022884991019964218 -0.01586616039276123 0.019835030660033226
v 0.017094215378165245 -0.01586625725030899 0.019835248589515686
v 0.017094215378165245 -0.01586625725030899 0.019835248589515686
v 0.011303790844976902 -0.015866361558437347 0.01983482949435711
v 0.011303790844976902 -0.015866361558437347 0.01983482949435711
v 0.005513772834092379 -0.01586645469069481 0.019834185019135475
v 0.005513772834092379 -0.01586645469069481 0.019834185019135475
v 0.04603280499577522 -0.015876296907663345 -0.0013314438983798027
v 0.0402413010597229 -0.01585264503955841 -0.0013229416217654943
v 0.03444987162947655 -0.015860386192798615 -0.0013177497312426567
v 0.028658708557486534 -0.015864115208387375 -0.0013147294521331787
v 0.02286761999130249 -0.015864189714193344 -0.0013127903221175075
v 0.017076343297958374 -0.015864107757806778 -0.0013115202309563756
v 0.011285068467259407 -0.01586395874619484 -0.0013109580613672733
v 0.005493770819157362 -0.015863880515098572 -0.0013110266299918294
v -0.04661582410335541 -0.01591818407177925 -0.001333703869022429
v -0.04082687199115753 -0.015841558575630188 -0.0013228605967015028
v -0.03503703325986862 -0.015854883939027786 -0.0013175776693969965
v -0.02924789860844612 -0.015866022557020187 -0.0013151093153283
v -0.023458803072571754 -0.015864446759223938 -0.0013138671638444066
v -0.01766929402947426 -0.01586420089006424 -0.0013129283906891942
v -0.011878998018801212 -0.01586395874619484 -0.0013123368844389915
v -0.006088218651711941 -0.015863843262195587 -0.0013121918309479952
v 0.04603801295161247 -0.015862617641687393 0.0039582387544214725
v 0.04024622216820717 -0.015871945768594742 0.003965237643569708
v 0.034454621374607086 -0.015876419842243195 0.003969994839280844
v 0.028663096949458122 -0.015875689685344696 0.0039730858989059925
v 0.022871434688568115 -0.015875447541475296 0.0039750454016029835
v 0.022871434688568115 -0.015875447541475296 0.0039750454016029835
v 0.017079835757613182 -0.015875402837991714 0.003976291511207819
v 0.011288303881883621 -0.015875335782766342 0.003976775798946619
v 0.011288303881883621 -0.015875335782766342 0.003976775798946619
v 0.005496796220541 -0.01587529107928276 0.003976514097303152
v -0.04661829024553299 -0.015887144953012466 0.003956576343625784
v -0.040828637778759 -0.0158713199198246 0.003963212016969919
v -0.035038288682699203 -0.01587369665503502 0.003969014156609774
v -0.029247788712382317 -0.015876635909080505 0.003972289618104696
v -0.029247788712382317 -0.015876635909080505 0.003972289618104696
v -0.023457325994968414 -0.0158756785094738 0.003973855171352625
v -0.017666978761553764 -0.01587534323334694 0.003975094761699438
v -0.017666978761553764 -0.01587534323334694 0.003975094761699438
v -0.011876470409333706 -0.015875305980443954 0.003975725267082453
v -0.006085577886551619 -0.01587529107928276 0.003975916188210249
v -0.006085577886551619 -0.01587529107928276 0.003975916188210249
v 0.0460430383682251 -0.015859749168157578 0.00924721173942089
v 0.04025092348456383 -0.015867624431848526 0.009253490716218948
v 0.03445834293961525 -0.015866756439208984 0.009257985278964043
v 0.03445834293961525 -0.015866756439208984 0.009257985278964043
v 0.028666289523243904 -0.01586657389998436 0.0092608742415905
v 0.028666289523243904 -0.01586657389998436 0.0092608742415905
v 0.028666289523243904 -0.01586657389998436 0.0092608742415905
v 0.028666289523243904 -0.01586657389998436 0.0092608742415905
v 0.028666289523243904 -0.01586657389998436 0.0092608742415905
v 0.022874727845191956 -0.015866708010435104 0.009262336418032646
v 0.022874727845191956 -0.015866708010435104 0.009262336418032646
v 0.022874727845191956 -0.015866708010435104 0.009262336418032646
v 0.017083436250686646 -0.015866730362176895 0.009262986481189728
v 0.017083436250686646 -0.015866730362176895 0.009262986481189728
v 0.011292223818600178 -0.015866756439208984 0.009263094514608383
v 0.011292223818600178 -0.015866756439208984 0.009263094514608383
v 0.005501032806932926 -0.015866771340370178 0.009262686595320702
v 0.005501032806932926 -0.015866771340370178 0.009262686595320702
v -0.04660584032535553 -0.0158829502761364 0.009237919002771378
v -0.04082190990447998 -0.015865031629800797 0.009248051792383194
v -0.03503331542015076 -0.015866141766309738 0.009253416210412979
v -0.03503331542015076 -0.015866141766309738 0.009253416210412979
v -0.03503331542015076 -0.015866141766309738 0.009253416210412979
v -0.029242951422929764 -0.015867143869400024 0.009256765246391296
v -0.029242951422929764 -0.015867143869400024 0.009256765246391296
v -0.029242951422929764 -0.015867143869400024 0.009256765246391296
v -0.029242951422929764 -0.015867143869400024 0.009256765246391296
v -0.029242951422929764 -0.015867143869400024 0.009256765246391296
v -0.02345249429345131 -0.01586669310927391 0.009258927777409554
v -0.02345249429345131 -0.01586669310927391 0.009258927777409554
v -0.01766231842339039 -0.015866592526435852 0.009260721504688263
v -0.01766231842339039 -0.015866592526435852 0.009260721504688263
v -0.01766231842339039 -0.015866592526435852 0.009260721504688263
v -0.011872378177940845 -0.015866689383983612 0.00926198810338974
v -0.011872378177940845 -0.015866689383983612 0.00926198810338974
v -0.006081335246562958 -0.015866726636886597 0.009262396022677422
v -0.006081335246562958 -0.015866726636886597 0.009262396022677422
v -0.04664894565939903 0.016911745071411133 -0.00134095991961658
v -0.04086717590689659 0.016903888434171677 -0.0013416734291240573
v -0.04086717590689659 0.016903888434171677 -0.0013416734291240573
v -0.03508853167295456 0.016904063522815704 -0.001341868075542152
v -0.03508853167295456 0.016904063522815704 -0.001341868075542152
v -0.029315723106265068 0.01690410077571869 -0.0013413416454568505
v -0.02354980818927288 0.01690410077571869 -0.0013403788907453418
v 0.04545235633850098 0.016539856791496277 -0.001419912907294929
v 0.039726514369249344 0.016966674476861954 -0.0013686008751392365
v 0.03397538885474205 0.01691344380378723 -0.0013597026700153947
v 0.028216145932674408 0.016901060938835144 -0.0013679515104740858
v -0.046657055616378784 0.016915783286094666 0.00394991273060441
v -0.04087654501199722 0.01690380647778511 0.00394925894215703
v -0.03509955108165741 0.01690404862165451 0.003949650097638369
v -0.03509955108165741 0.01690404862165451 0.003949650097638369
v -0.02932906150817871 0.016904108226299286 0.003951371181756258
v -0.02356628142297268 0.016904104501008987 0.0039544724859297276
v 0.04555010795593262 0.016704555600881577 0.0038784085772931576
v 0.03978044167160988 0.01697804033756256 0.003933114465326071
v 0.03400729224085808 0.01691494509577751 0.003948819357901812
v 0.028236284852027893 0.01690037176012993 0.003943475428968668
v 0.028236284852027893 0.01690037176012993 0.003943475428968668
v -0.04666430130600929 0.016920056194067 0.009241137653589249
v -0.04088423773646355 0.01690373569726944 0.00924072228372097
v -0.03510811924934387 0.016904041171073914 0.009242281317710876
v -0.03510811924934387 0.016904041171073914 0.009242281317710876
v -0.029338404536247253 0.016904115676879883 0.009245716035366058
v -0.023576118052005768 0.016904111951589584 0.009251268580555916
v -0.0178202036768198 0.016904108226299286 0.009259181097149849
v -0.012069514021277428 0.016904108226299286 0.009269125759601593
v -0.006318354979157448 0.016904108226299286 0.009276987984776497
v 0.04566420987248421 0.016829416155815125 0.009190896525979042
v 0.039870135486125946 0.016955066472291946 0.009238658472895622
v 0.034075744450092316 0.016906816512346268 0.009258197620511055
v 0.0282864049077034 0.016900859773159027 0.009256914258003235
v 0.022506622597575188 0.016904529184103012 0.009257948026061058
v 0.022506622597575188 0.016904529184103012 0.009257948026061058
v 0.022506622597575188 0.016904529184103012 0.009257948026061058
v 0.022506622597575188 0.016904529184103012 0.009257948026061058
v 0.016734657809138298 0.016904085874557495 0.009265003725886345
v 0.016734657809138298 0.016904085874557495 0.009265003725886345
v 0.016734657809138298 0.016904085874557495 0.009265003725886345
v 0.016734657809138298 0.016904085874557495 0.009265003725886345
v 0.010966697707772255 0.016904111951589584 0.009271061047911644
v 0.010966697707772255 0.016904111951589584 0.009271061047911644
v 0.00520070968195796 0.016904111951589584 0.009275700896978378
v -0.04669196903705597 0.016906321048736572 0.0145549476146698
v -0.0409139059484005 0.0169023759663105 0.014543028548359871
v -0.0351395346224308 0.016902949661016464 0.014537431299686432
v -0.029368501156568527 0.01690545305609703 0.014539875090122223
v -0.02360428497195244 0.016904275864362717 0.014546940103173256
v -0.017844857648015022 0.016904111951589584 0.014558400958776474
v -0.017844857648015022 0.016904111951589584 0.014558400958776474
v -0.017844857648015022 0.016904111951589584 0.014558400958776474
v -0.017844857648015022 0.016904111951589584 0.014558400958776474
v -0.012083032168447971 0.01690395548939705 0.014572186395525932
v -0.012083032168447971 0.01690395548939705 0.014572186395525932
v -0.012083032168447971 0.01690395548939705 0.014572186395525932
v -0.012083032168447971 0.01690395548939705 0.014572186395525932
v -0.012083032168447971 0.01690395548939705 0.014572186395525932
v -0.006319031585007906 0.01690356433391571 0.014577295631170273
v -0.006319031585007906 0.01690356433391571 0.014577295631170273
v 0.045712146908044815 0.016854193061590195 0.014489367604255676
v 0.039923716336488724 0.01692289113998413 0.014525048434734344
v 0.03412570431828499 0.01688414067029953 0.014549819752573967
v 0.028332464396953583 0.016902629286050797 0.014558136463165283
v 0.02254621312022209 0.01690901815891266 0.014562355354428291
v 0.01676597073674202 0.01690199226140976 0.014568109065294266
v 0.01676597073674202 0.01690199226140976 0.014568109065294266
v 0.01676597073674202 0.01690199226140976 0.014568109065294266
v 0.010989930480718613 0.016904223710298538 0.014573175460100174
v 0.010989930480718613 0.016904223710298538 0.014573175460100174
v 0.010989930480718613 0.016904223710298538 0.014573175460100174
v 0.010989930480718613 0.016904223710298538 0.014573175460100174
v 0.010989930480718613 0.016904223710298538 0.014573175460100174
v 0.005217414814978838 0.016904301941394806 0.01457664743065834
v 0.005217414814978838 0.016904301941394806 0.01457664743065834
v 0.005217414814978838 0.016904301941394806 0.01457664743065834
v 0.005217414814978838 0.016904301941394806 0.01457664743065834
v 0.005217414814978838 0.016904301941394806 0.01457664743065834
v 0.005217414814978838 0.016904301941394806 0.01457664743065834
v 0.04581639543175697 0.01675739884376526 0.035656750202178955
v 0.04002821072936058 0.016827434301376343 0.0356827974319458
v 0.03423567861318588 0.016881581395864487 0.03570559620857239
v 0.02844212017953396 0.016927532851696014 0.03572462126612663
v 0.022648410871624947 0.016948409378528595 0.03573888540267944
v 0.01685560680925846 0.01694881170988083 0.03574883192777634
v 0.011064287275075912 0.01694784313440323 0.035755351185798645
v 0.00527476379647851 0.016957323998212814 0.03575953468680382
v -0.04670479893684387 0.015973404049873352 0.03574724495410919
v -0.0409402996301651 0.016040503978729248 0.035681143403053284
v -0.035188790410757065 0.016421832144260406 0.03570473939180374
v -0.029422197490930557 0.016671977937221527 0.03572428598999977
v -0.023646079003810883 0.01681167259812355 0.03573814034461975
v -0.017865831032395363 0.016900882124900818 0.035749323666095734
v -0.012083148583769798 0.01692824438214302 0.03575602173805237
v -0.006299080327153206 0.016945436596870422 0.03575984761118889
v 0.04580288007855415 0.016845032572746277 0.030375393107533455
v 0.04000922664999962 0.016890302300453186 0.03039552830159664
v 0.03421625867486 0.016901299357414246 0.030417507514357567
v 0.02842319756746292 0.016906537115573883 0.030435657128691673
v 0.022631172090768814 0.016909264028072357 0.0304489117115736
v 0.016840573400259018 0.01691082864999771 0.03045780397951603
v 0.011051426641643047 0.016915440559387207 0.030463317409157753
v 0.005264565348625183 0.016919605433940887 0.03046710602939129
v -0.04671655222773552 0.01622646674513817 0.03046405501663685
v -0.040957022458314896 0.016508638858795166 0.03042161650955677
v -0.03518751636147499 0.016778867691755295 0.0304217841476202
v -0.029414309188723564 0.01689065620303154 0.030432013794779778
v -0.02363922819495201 0.0169256292283535 0.030444467440247536
v -0.01786234974861145 0.01693876087665558 0.0304549653083086
v -0.012083210051059723 0.016937192529439926 0.030462274327874184
v -0.006302714813500643 0.016929991543293 0.030466383323073387
v 0.04577784612774849 0.01686945930123329 0.025082474574446678
v 0.0399857833981514 0.016905896365642548 0.02510548010468483
v 0.03419327735900879 0.016902439296245575 0.02512863278388977
v 0.028400300070643425 0.01690811663866043 0.025145484134554863
v 0.022608468309044838 0.016907021403312683 0.025156473740935326
v 0.016819410026073456 0.01690100133419037 0.02516377717256546
v 0.01103394478559494 0.016903720796108246 0.025168662890791893
v 0.01103394478559494 0.016903720796108246 0.025168662890791893
v 0.0052506891079247 0.01690499112010002 0.02517225593328476
v -0.0467141792178154 0.016439124941825867 0.025169789791107178
v -0.04095201939344406 0.016633447259664536 0.025134017691016197
v -0.03518330678343773 0.016863178461790085 0.025127051398158073
v -0.02941000834107399 0.016927335411310196 0.02513403259217739
v -0.02363661117851734 0.0169222392141819 0.02514551393687725
v -0.02363661117851734 0.0169222392141819 0.02514551393687725
v -0.01786249876022339 0.016915559768676758 0.025157690048217773
v -0.012087015435099602 0.016909506171941757 0.025166619569063187
v -0.006309791002422571 0.016905535012483597 0.02517172135412693
v 0.045435648411512375 0.016450148075819016 -0.005846044514328241
v 0.03973319008946419 0.016951557248830795 -0.005798415746539831
v 0.03398922085762024 0.016908444464206696 -0.005795415956526995
v 0.02822902426123619 0.01690256968140602 -0.00580586725845933
v -0.046641528606414795 0.01690860465168953 -0.005766965914517641
v -0.04085715860128403 0.016903962939977646 -0.005767408292740583
v -0.04085715860128403 0.016903962939977646 -0.005767408292740583
v -0.04085715860128403 0.016903962939977646 -0.005767408292740583
v -0.03507570922374725 0.016904082149267197 -0.0057675098069012165
v -0.029299519956111908 0.01690409705042839 -0.0057680937461555
v -0.023528926074504852 0.01690409705042839 -0.005768149625509977
v -0.04661102592945099 -0.015915755182504654 -0.00417165644466877
v 0.0491766631603241 -0.015216774307191372 -0.0013101826189085841
v 0.04605944827198982 -0.015789218246936798 0.03793192282319069
v -0.04974445328116417 -0.015587042085826397 0.036089926958084106
v 0.04894331842660904 0.01607733592391014 0.0360792875289917
v 0.04542853683233261 0.016484130173921585 -0.0038518118672072887
v -0.049795299768447876 0.016267184168100357 -0.0013119729701429605
v -0.04668312519788742 0.015714436769485474 0.037971381098032
v -0.04667619988322258 0.01087116077542305 -0.04050632193684578
v 0.04842086881399155 0.0004975532065145671 -0.04283151030540466
v 0.04583243653178215 -0.009815971367061138 -0.04134897515177727
v -0.04951035976409912 0.000429248611908406 -0.04210686311125755
v 0.04585783928632736 0.01103377714753151 0.04096944257616997
v -0.0492093525826931 -0.00024647460668347776 0.042648568749427795
v -0.046440836042165756 -0.010572139173746109 0.042053982615470886
v 0.04880962520837784 0.000590000650845468 0.042101290076971054
v -0.05337143316864967 0.008228977210819721 0.0432475209236145
v -0.0570378303527832 -0.00027284116367809474 0.0461069792509079
v -0.053237590938806534 -0.008829275146126747 0.04361817240715027
v -0.05344774201512337 0.01433291845023632 -0.0037500597536563873
v -0.05736099183559418 0.011133689433336258 -0.0011217453284189105
v -0.05736099183559418 0.011133689433336258 -0.0011217453284189105
v -0.05357185751199722 0.013399557210505009 0.039858169853687286
v -0.05328698456287384 -0.00825943611562252 -0.04294764623045921
v -0.056983742862939835 0.00046012375969439745 -0.045003827661275864
v -0.05324198678135872 0.00914444588124752 -0.04288378357887268
v 0.052792202681303024 -0.01323274988681078 -0.0041558388620615005
v 0.05669208616018295 -0.010024631395936012 -0.0011184007162228227
v 0.05669208616018295 -0.010024631395936012 -0.0011184007162228227
v 0.05283910781145096 -0.013174658641219139 0.039783187210559845
v 0.052452851086854935 0.009057261981070042 -0.04298948496580124
v 0.05624718591570854 0.0005581993027590215 -0.045717332512140274
v 0.052533961832523346 -0.008061514236032963 -0.04331076145172119
v 0.04902392253279686 0.016275957226753235 -0.03641418367624283
v 0.05225067958235741 0.01377128902822733 -0.011300574988126755
v 0.05644287168979645 0.011004015803337097 -0.013668661937117577
v 0.05644287168979645 0.011004015803337097 -0.013668661937117577
v 0.05269022658467293 0.014291692525148392 -0.039781343191862106
v 0.05258847773075104 -0.008096628822386265 0.04302515089511871
v 0.05621672049164772 0.0006208531558513641 0.04523207247257233
v 0.052462104707956314 0.009286434389650822 0.0431140772998333
v -0.049791764467954636 -0.01465499959886074 -0.03985259681940079
v -0.05345302075147629 -0.012991943396627903 -0.03988274186849594
v -0.05734222009778023 -0.009832870215177536 -0.04309506341814995
v -0.05734222009778023 -0.009832870215177536 -0.04309506341814995
v -0.05341567471623421 -0.012510272674262524 -0.04207202419638634
v -0.05341567471623421 -0.012510272674262524 -0.04207202419638634
v 0.04919372498989105 -0.0148549759760499 0.039829835295677185
v 0.04605557397007942 -0.014999032020568848 0.04021287336945534
v 0.04605557397007942 -0.014999032020568848 0.04021287336945534
v -0.04974387586116791 -0.015260842628777027 0.039791692048311234
v -0.049829527735710144 0.014863532967865467 0.03990449011325836
v -0.04670034721493721 0.0148817403241992 0.04025951027870178
v -0.04670034721493721 0.0148817403241992 0.04025951027870178
v 0.048963259905576706 0.01575041189789772 0.03975711762905121
v 0.04903804883360863 0.015957839787006378 -0.039746977388858795
v 0.04903804883360863 0.015957839787006378 -0.039746977388858795
v 0.045891281217336655 0.015655629336833954 -0.03958280757069588
v -0.04984014853835106 0.01597638428211212 -0.03979029878973961
v -0.04668916016817093 0.016857292503118515 -0.037981290370225906
v -0.04983028024435043 0.014425715431571007 -0.04080716520547867
v 0.0490245446562767 0.014116858132183552 -0.04043211415410042
v 0.04911358281970024 -0.013246189802885056 -0.04100259765982628
v 0.0460076667368412 -0.014823929406702518 -0.040129005908966064
v 0.0460076667368412 -0.014823929406702518 -0.040129005908966064
v -0.049770552664995193 -0.013602128252387047 -0.0412328839302063
v 0.04897521808743477 0.014575818553566933 0.0413217693567276
v 0.04897521808743477 0.014575818553566933 0.0413217693567276
v -0.04983999952673912 0.013449672609567642 0.041242580860853195
v -0.04972759261727333 -0.013919164426624775 0.041242871433496475
v 0.04917682334780693 -0.013423078693449497 0.041046299040317535
v -0.06140712648630142 -0.005924399942159653 0.04577607661485672
v -0.06140712648630142 -0.005924399942159653 0.04577607661485672
v -0.06463636457920074 -0.0025174254551529884 0.0464615598320961
v -0.06160450726747513 -0.006454506888985634 0.04347316548228264
v -0.06160450726747513 -0.006454506888985634 0.04347316548228264
v -0.0574549101293087 -0.01047425251454115 0.043089404702186584
v -0.0574173741042614 0.00885221641510725 0.04431023448705673
v -0.06151886656880379 0.005440614186227322 0.04571764916181564
v -0.06151886656880379 0.005440614186227322 0.04571764916181564
v -0.06454809010028839 0.0015067413914948702 0.04752115160226822
v -0.06454809010028839 0.0015067413914948702 0.04752115160226822
v -0.06129922717809677 0.0033093432430177927 0.046351075172424316
v -0.057348787784576416 -0.009409293532371521 0.0444180853664875
v -0.05341319367289543 -0.012960359454154968 0.042029671370983124
v -0.05341319367289543 -0.012960359454154968 0.042029671370983124
v -0.06115846335887909 0.006190584506839514 -0.04576214775443077
v -0.06115846335887909 0.006190584506839514 -0.04576214775443077
v -0.06115846335887909 0.006190584506839514 -0.04576214775443077
v -0.06430210918188095 0.00271512265317142 -0.046491093933582306
v -0.06430210918188095 0.00271512265317142 -0.046491093933582306
v -0.061286285519599915 0.006630368996411562 -0.04350654408335686
v -0.05735352262854576 0.010863247327506542 -0.04307183995842934
v -0.05735352262854576 0.010863247327506542 -0.04307183995842934
v -0.05756037309765816 0.01006037462502718 0.04314447194337845
v -0.05352001637220383 0.012538802810013294 0.04209083318710327
v -0.05352001637220383 0.012538802810013294 0.04209083318710327
v -0.05721433460712433 -0.008821184746921062 -0.04441307857632637
v -0.06117671728134155 -0.005232898984104395 -0.04578953981399536
v -0.06117671728134155 -0.005232898984104395 -0.04578953981399536
v -0.06117671728134155 -0.005232898984104395 -0.04578953981399536
v -0.06409773975610733 -0.0013185767456889153 -0.04778436943888664
v -0.06409773975610733 -0.0013185767456889153 -0.04778436943888664
v -0.0609617754817009 -0.003173764096572995 -0.046405043452978134
v -0.05718134343624115 0.009730717167258263 -0.0443100742995739
v -0.053415991365909576 0.01349868904799223 -0.041995592415332794
v -0.053415991365909576 0.01349868904799223 -0.041995592415332794
v 0.06057398393750191 -0.005101139657199383 -0.04577384516596794
v 0.06057398393750191 -0.005101139657199383 -0.04577384516596794
v 0.06057398393750191 -0.005101139657199383 -0.04577384516596794
v 0.06057398393750191 -0.005101139657199383 -0.04577384516596794
v 0.06369686126708984 -0.0016271346248686314 -0.04650208353996277
v 0.06369686126708984 -0.0016271346248686314 -0.04650208353996277
v 0.060633495450019836 -0.005505566950887442 -0.04350842908024788
v 0.0567113496363163 -0.009735679253935814 -0.04308135807514191
v 0.0567113496363163 -0.009735679253935814 -0.04308135807514191
v 0.05668165907263756 -0.009729047305881977 0.043116893619298935
v 0.05668165907263756 -0.009729047305881977 0.043116893619298935
v 0.0527786985039711 -0.012409009039402008 0.04206780716776848
v 0.0527786985039711 -0.012409009039402008 0.04206780716776848
v 0.056430306285619736 0.009741438552737236 -0.04425237700343132
v 0.06047940254211426 0.006314971949905157 -0.04572928324341774
v 0.06047940254211426 0.006314971949905157 -0.04572928324341774
v 0.06349427253007889 0.0024332222528755665 -0.04771449789404869
v 0.06349427253007889 0.0024332222528755665 -0.04771449789404869
v 0.06037536635994911 0.004213655833154917 -0.0462520495057106
v 0.05659183859825134 -0.008629698306322098 -0.04435640946030617
v 0.052750114351511 -0.012312913313508034 -0.04199682176113129
v 0.052750114351511 -0.012312913313508034 -0.04199682176113129
v 0.060384009033441544 0.0062948670238256454 0.04576105624437332
v 0.060384009033441544 0.0062948670238256454 0.04576105624437332
v 0.06358690559864044 0.0028957179747521877 0.046519022434949875
v 0.06358690559864044 0.0028957179747521877 0.046519022434949875
v 0.06047961488366127 0.006700428668409586 0.043427977710962296
v 0.05649319291114807 0.010833350010216236 0.04300541803240776
v 0.05649319291114807 0.010833350010216236 0.04300541803240776
v 0.05657588317990303 0.010911697521805763 -0.0430341474711895
v 0.05657588317990303 0.010911697521805763 -0.0430341474711895
v 0.05256551504135132 0.013360428623855114 -0.041827935725450516
v 0.05256551504135132 0.013360428623855114 -0.041827935725450516
v 0.0565488263964653 -0.008634470403194427 0.044402267783880234
v 0.0604684017598629 -0.005029249936342239 0.045798469334840775
v 0.0604684017598629 -0.005029249936342239 0.045798469334840775
v 0.0604684017598629 -0.005029249936342239 0.045798469334840775
v 0.0604684017598629 -0.005029249936342239 0.045798469334840775
v 0.06337671726942062 -0.0010932378936558962 0.047826461493968964
v 0.06337671726942062 -0.0010932378936558962 0.047826461493968964
v 0.06022021919488907 -0.0030064655002206564 0.046629372984170914
v 0.05643313750624657 0.009855993092060089 0.04438179358839989
v 0.052599046379327774 0.013466046191751957 0.04198459908366203
v 0.052599046379327774 0.013466046191751957 0.04198459908366203
v -0.06614282727241516 0.0006501253228634596 0.048132337629795074
v -0.06872863322496414 0.0005185366608202457 0.05164249613881111
v -0.06872863322496414 0.0005185366608202457 0.05164249613881111
v -0.06872863322496414 0.0005185366608202457 0.05164249613881111
v -0.06828180700540543 -0.00007319581345655024 0.05117366462945938
v -0.06828180700540543 -0.00007319581345655024 0.05117366462945938
v -0.06567000597715378 -0.0003237636701669544 -0.04823087155818939
v -0.0687403455376625 0.000007879891199991107 -0.05171779915690422
v -0.0687403455376625 0.000007879891199991107 -0.05171779915690422
v -0.06798643618822098 0.0002808213175740093 -0.05134452134370804
v -0.06798643618822098 0.0002808213175740093 -0.05134452134370804
v 0.06506334245204926 -0.000193049170775339 -0.04823830723762512
v 0.06813278049230576 -0.00027794131892733276 -0.050487834960222244
v 0.06757405400276184 -0.00031768178450874984 -0.04830893129110336
v 0.06503963470458984 0.0015094305854290724 -0.04824906215071678
v 0.06802424043416977 0.00113387661986053 -0.05193239450454712
v 0.06802424043416977 0.00113387661986053 -0.05193239450454712
v 0.06733611226081848 0.0008680567843839526 -0.051484957337379456
v 0.06733611226081848 0.0008680567843839526 -0.051484957337379456
v 0.06733611226081848 0.0008680567843839526 -0.051484957337379456
v 0.06495936214923859 0.0015251203440129757 0.048289597034454346
v 0.06811781972646713 0.0015423691365867853 0.050511423498392105
v 0.06751508265733719 0.0015152269043028355 0.04829275608062744
v 0.06496337056159973 -0.00017686033970676363 0.04828419163823128
v 0.06798425316810608 0.0001236330281244591 0.05194026231765747
v 0.06798425316810608 0.0001236330281244591 0.05194026231765747
v 0.0673210471868515 0.0004329392686486244 0.05148112773895264
v 0.0673210471868515 0.0004329392686486244 0.05148112773895264
v 0.0673210471868515 0.0004329392686486244 0.05148112773895264
v -0.06113583594560623 -0.005534346215426922 -0.00410707201808691
v -0.05725834518671036 -0.010022242553532124 -0.0011257497826591134
v -0.05725834518671036 -0.010022242553532124 -0.0011257497826591134
v -0.06506118923425674 -0.003001790028065443 0.04245235025882721
v -0.06120273843407631 -0.003930020611733198 0.0466737374663353
v -0.06443425267934799 -0.00030437143868766725 0.047706156969070435
v -0.06127554923295975 0.006687958724796772 -0.011398624628782272
v -0.05736458674073219 0.01113869994878769 -0.013720516115427017
v -0.05736458674073219 0.01113869994878769 -0.013720516115427017
v -0.0643911138176918 0.0028627305291593075 -0.04262888431549072
v -0.0643911138176918 0.0028627305291593075 -0.04262888431549072
v -0.060896020382642746 0.00413548992946744 -0.046496666967868805
v -0.06397441029548645 0.0004921747022308409 -0.04788650944828987
v 0.06094789132475853 -0.006034883204847574 -0.010990235954523087
v 0.056856147944927216 -0.010200373828411102 -0.013744981959462166
v 0.056856147944927216 -0.010200373828411102 -0.013744981959462166
v 0.06370539963245392 -0.0017249307129532099 -0.04263169318437576
v 0.06370539963245392 -0.0017249307129532099 -0.04263169318437576
v 0.06036388874053955 -0.0030881757847964764 -0.04661976546049118
v 0.06341249495744705 0.0006284366245381534 -0.04790390655398369
v 0.06057204306125641 0.006731627508997917 -0.003690226934850216
v 0.06057204306125641 0.006731627508997917 -0.003690226934850216
v 0.056299395859241486 0.010833210311830044 -0.001138774212449789
v 0.06365177780389786 0.002983264857903123 0.042414434254169464
v 0.06365177780389786 0.002983264857903123 0.042414434254169464
v 0.06020090728998184 0.0042868866585195065 0.04656694456934929
v 0.0632188692688942 0.0006616353057324886 0.048164207488298416
v -0.05345964431762695 -0.013715862296521664 0.03974955901503563
v -0.06433217972517014 -0.001762856962159276 -0.04651156812906265
v -0.06433217972517014 -0.001762856962159276 -0.04651156812906265
v -0.06127718836069107 -0.0056389556266367435 -0.043520886451005936
v -0.06447307765483856 -0.0021319491788744926 0.04778921976685524
v -0.06447307765483856 -0.0021319491788744926 0.04778921976685524
v -0.0534830279648304 0.014269479550421238 -0.03982268273830414
v -0.06497670710086823 0.002282863250002265 0.04646269604563713
v -0.06497670710086823 0.002282863250002265 0.04646269604563713
v -0.06164978817105293 0.0059763300232589245 0.04345327988266945
v -0.06164978817105293 0.0059763300232589245 0.04345327988266945
v -0.06407279521226883 0.002278357744216919 -0.047777943313121796
v -0.06407279521226883 0.002278357744216919 -0.047777943313121796
v 0.05279891565442085 -0.013095438480377197 -0.03983558341860771
v 0.049165304750204086 -0.01480039581656456 -0.03980538249015808
v 0.06352949887514114 -0.0015020465943962336 0.0465242825448513
v 0.06352949887514114 -0.0015020465943962336 0.0465242825448513
v 0.060620442032814026 -0.005514828953891993 0.04348164051771164
v 0.0635344460606575 -0.0011907778680324554 -0.04778444394469261
v 0.0635344460606575 -0.0011907778680324554 -0.04778444394469261
v 0.05259429290890694 0.014116471633315086 0.03968428447842598
v 0.06374357640743256 0.002981841331347823 -0.04649614542722702
v 0.06374357640743256 0.002981841331347823 -0.04649614542722702
v 0.06060721352696419 0.006788148079067469 -0.04348524287343025
v 0.0633823573589325 0.0024274662137031555 0.04778190702199936
v 0.0633823573589325 0.0024274662137031555 0.04778190702199936
v 0.04553549364209175 0.016579817980527878 -0.011271802708506584
v -0.0497840978205204 0.016262412071228027 -0.009331217035651207
v 0.04843074083328247 0.015388740226626396 -0.005866390187293291
v -0.05336353927850723 -0.01325366459786892 -0.004156486131250858
v -0.05344976484775543 0.01433583814650774 -0.011285251006484032
v -0.057370081543922424 0.011146340519189835 -0.009358799085021019
v -0.057370081543922424 0.011146340519189835 -0.009358799085021019
v 0.052089106291532516 0.013576273806393147 -0.0038085957057774067
v -0.06436404585838318 0.0028642925899475813 -0.0009172489517368376
v -0.06436404585838318 0.0028642925899475813 -0.0009172489517368376
v -0.061271898448467255 0.006681893952190876 -0.0037056258879601955
v 0.06371904909610748 -0.001795216929167509 -0.0009020427241921425
v 0.06371904909610748 -0.001795216929167509 -0.0009020427241921425
v 0.06055791303515434 -0.005534754134714603 -0.004100148566067219
v 0.060555148869752884 0.006710901856422424 -0.011374218389391899
v 0.060555148869752884 0.006710901856422424 -0.011374218389391899
v 0.05634399875998497 0.010849704965949059 -0.009332738816738129
v 0.0638057291507721 0.003055742708966136 -0.005785586312413216
v 0.0638057291507721 0.003055742708966136 -0.005785586312413216
v -0.06436258554458618 0.0028681496623903513 -0.009386532008647919
v -0.06436258554458618 0.0028681496623903513 -0.009386532008647919
v -0.04983969032764435 0.016300998628139496 -0.03645654767751694
v 0.052917346358299255 -0.013489611446857452 -0.010850407183170319
v 0.04918222874403 -0.015150947496294975 -0.013419361785054207
v -0.06447169184684753 -0.002077546203508973 -0.014043916016817093
v -0.06447169184684753 -0.002077546203508973 -0.014043916016817093
v -0.05736839771270752 -0.010060318745672703 -0.0395071879029274
v -0.05736839771270752 -0.010060318745672703 -0.0395071879029274
v -0.06143876165151596 -0.006055921316146851 -0.010979179292917252
v 0.06382724642753601 0.0030890717171132565 -0.014018235728144646
v 0.06382724642753601 0.0030890717171132565 -0.014018235728144646
v 0.04602016136050224 -0.01569001004099846 -0.03799670562148094
v 0.04605502262711525 -0.016047850251197815 -0.010791070759296417
v -0.049803316593170166 -0.015214730054140091 -0.013437747955322266
v -0.053516946732997894 -0.013556831516325474 -0.010867390781641006
v -0.049760039895772934 -0.01529823150485754 -0.007397582288831472
v -0.04659850522875786 -0.015972387045621872 -0.009099133312702179
v -0.04659850522875786 -0.015972387045621872 -0.009099133312702179
v 0.04914209619164467 -0.015179065056145191 -0.007393037434667349
v 0.052777014672756195 -0.013365790247917175 -0.009105494245886803
v 0.052777014672756195 -0.013365790247917175 -0.009105494245886803
v 0.05661884695291519 -0.009947193786501884 -0.007405443117022514
v 0.05661884695291519 -0.009947193786501884 -0.007405443117022514
v -0.06580310314893723 -0.0005293722497299314 -0.0040716808289289474
v -0.06894174963235855 -0.000285427289782092 -0.007377763744443655
v -0.06832882016897202 -0.0004477102484088391 -0.009131088852882385
v -0.06832882016897202 -0.0004477102484088391 -0.009131088852882385
v -0.0642944723367691 -0.0017620241269469261 -0.007409234065562487
v -0.0642944723367691 -0.0017620241269469261 -0.007409234065562487
v -0.061122965067625046 -0.005671130493283272 -0.00910366140305996
v -0.061122965067625046 -0.005671130493283272 -0.00910366140305996
v -0.0571543388068676 -0.009921085089445114 -0.007412034086883068
v -0.0571543388068676 -0.009921085089445114 -0.007412034086883068
v -0.05337132140994072 -0.013424210250377655 -0.00911201536655426
v -0.05337132140994072 -0.013424210250377655 -0.00911201536655426
v 0.06058304011821747 -0.005671490449458361 -0.009102405980229378
v 0.06058304011821747 -0.005671490449458361 -0.009102405980229378
v 0.06368066370487213 -0.0017468286678195 -0.007407435681670904
v 0.06368066370487213 -0.0017468286678195 -0.007407435681670904
v 0.049066077917814255 -0.015547647140920162 -0.0073369285091757774
v -0.04978207126259804 -0.015879090875387192 -0.007384870667010546
v -0.04668263718485832 -0.016805414110422134 -0.005742127541452646
v -0.04668263718485832 -0.016805414110422134 -0.005742127541452646
v 0.0529085136950016 -0.014234562404453754 -0.005746619310230017
v 0.0529085136950016 -0.014234562404453754 -0.005746619310230017
v 0.05672614648938179 -0.010604540817439556 -0.00740506686270237
v 0.05672614648938179 -0.010604540817439556 -0.00740506686270237
v -0.06436854600906372 -0.0024573090486228466 -0.007402029819786549
v -0.06436854600906372 -0.0024573090486228466 -0.007402029819786549
v -0.06140056625008583 -0.006716221105307341 -0.005793719086796045
v -0.06140056625008583 -0.006716221105307341 -0.005793719086796045
v -0.05726427957415581 -0.010619435459375381 -0.0074027106165885925
v -0.05726427957415581 -0.010619435459375381 -0.0074027106165885925
v -0.05354054272174835 -0.014350724406540394 -0.005770085845142603
v -0.05354054272174835 -0.014350724406540394 -0.005770085845142603
v 0.06395641714334488 -0.002370486268773675 -0.007441588677465916
v 0.06093861535191536 -0.006586052011698484 -0.005808783229440451
v 0.06093861535191536 -0.006586052011698484 -0.005808783229440451
v -0.06901397556066513 -0.0006549378158524632 -0.007321982644498348
v -0.06843587756156921 -0.0010757006239145994 -0.005786433815956116
v -0.06843587756156921 -0.0010757006239145994 -0.005786433815956116
v 0.04925256222486496 -0.01593756675720215 -0.007571025285869837
v -0.04992607608437538 -0.016174927353858948 -0.007587976288050413
v 0.05705386772751808 -0.010954434052109718 -0.007618681527674198
v 0.05705386772751808 -0.010954434052109718 -0.007618681527674198
v -0.05759267508983612 -0.010980110615491867 -0.0076224058866500854
v -0.05759267508983612 -0.010980110615491867 -0.0076224058866500854
v -0.0645766630768776 -0.0027520048897713423 -0.007612650282680988
v -0.0645766630768776 -0.0027520048897713423 -0.007612650282680988
v 0.0641837790608406 -0.0026076273061335087 -0.007641992531716824
v -0.0691291019320488 -0.0010745278559625149 -0.007591872476041317
v -0.06843619793653488 -0.0006614364683628082 -0.011094871908426285
v -0.06632377952337265 -0.0015309154987335205 0.04591863602399826
v -0.06632377952337265 -0.0015309154987335205 0.04591863602399826
v -0.06913350522518158 -0.000623808242380619 0.04588707536458969
v -0.06913350522518158 -0.000623808242380619 0.04588707536458969
v -0.06869085133075714 0.000029075745260342956 0.05206657201051712
v -0.06869085133075714 0.000029075745260342956 0.05206657201051712
v -0.06811390817165375 -0.0004401144979055971 0.05145688354969025
v -0.06811390817165375 -0.0004401144979055971 0.05145688354969025
v -0.06834200769662857 0.0014343298971652985 -0.011542940512299538
v -0.06581707298755646 0.0015314295887947083 -0.04590209200978279
v -0.06895862519741058 0.0015245347749441862 -0.046015914529561996
v -0.06862205266952515 0.0005221504252403975 -0.05207785591483116
v -0.0679943710565567 0.0007295492105185986 -0.05132771655917168
v -0.0679943710565567 0.0007295492105185986 -0.05132771655917168
v -0.06615319103002548 -0.001302132848650217 0.0481906495988369
v -0.06912829726934433 -0.0005642961477860808 0.05030062049627304
v -0.06912829726934433 -0.0005642961477860808 0.05030062049627304
v -0.06581448763608932 -0.0005426133284345269 -0.04591460898518562
v -0.06888623535633087 -0.0003412059450056404 -0.050275422632694244
v -0.06893762201070786 -0.00040378139237873256 0.051772937178611755
v -0.06568102538585663 0.001333001535385847 -0.04822171851992607
v -0.06889495253562927 0.0013689510524272919 -0.05026479810476303
v -0.06590071320533752 0.0006320321699604392 0.04582501947879791
v -0.06590071320533752 0.0006320321699604392 0.04582501947879791
v -0.06886114925146103 0.0010106083936989307 0.05023927241563797
v -0.06886114925146103 0.0010106083936989307 0.05023927241563797
v -0.068729929625988 0.001030460000038147 -0.051709581166505814
v -0.06581609696149826 0.0015708603896200657 -0.0036763898096978664
v -0.06898164749145508 0.0015082969330251217 -0.0006996347801759839
v -0.06898215413093567 0.0015077271964401007 -0.009423093870282173
v -0.06904129683971405 -0.0005832937313243747 -0.014386970549821854
v 0.06761989742517471 -0.0005394789623096585 -0.011091507971286774
v 0.06818840652704239 -0.0004609498137142509 -0.046217892318964005
v 0.06792162358760834 0.0006172751309350133 -0.052272144705057144
v 0.06792162358760834 0.0006172751309350133 -0.052272144705057144
v 0.06733835488557816 0.00041080740629695356 -0.05146953836083412
v 0.06733835488557816 0.00041080740629695356 -0.05146953836083412
v 0.06733835488557816 0.00041080740629695356 -0.05146953836083412
v 0.06752710789442062 0.0014260176103562117 -0.00363876111805439
v 0.06814882159233093 0.0015015983954071999 0.046080052852630615
v 0.06790224462747574 0.0006439439603127539 0.05228303000330925
v 0.06790224462747574 0.0006439439603127539 0.05228303000330925
v 0.06731162965297699 0.0008881583344191313 0.05149640887975693
v 0.06731162965297699 0.0008881583344191313 0.05149640887975693
v 0.06731162965297699 0.0008881583344191313 0.05149640887975693
v 0.06507670134305954 -0.0003997629682999104 0.045910101383924484
v 0.06810552626848221 -0.0003042887838091701 0.05051625147461891
v 0.06800346821546555 0.00010138991638086736 -0.051924798637628555
v 0.06800346821546555 0.00010138991638086736 -0.051924798637628555
v 0.06515989452600479 0.001722909975796938 -0.04593172296881676
v 0.06815183162689209 0.0014798257034271955 -0.05048764497041702
v 0.06799502670764923 0.0011646428611129522 0.051945727318525314
v 0.06799502670764923 0.0011646428611129522 0.051945727318525314
v 0.06514741480350494 -0.0004954820033162832 -0.004063769709318876
v 0.06820010393857956 -0.00046480607124976814 -0.0006826824974268675
v 0.06816316395998001 0.0014846345875412226 -0.005817139055579901
v 0.06754538416862488 0.0014201253652572632 -0.011532148346304893
v 0.06817534565925598 0.0014731164555996656 -0.014388179406523705
v 0.06513557583093643 -0.0005545982858166099 -0.00910865142941475
v 0.06513557583093643 -0.0005545982858166099 -0.00910865142941475
v 0.06513557583093643 -0.0005545982858166099 -0.00910865142941475
v 0.06816039234399796 -0.0002672179543878883 -0.0073722065426409245
v 0.06528320163488388 -0.001164470799267292 -0.005765938200056553
v 0.06528320163488388 -0.001164470799267292 -0.005765938200056553
v 0.06528320163488388 -0.001164470799267292 -0.005765938200056553
v 0.06528320163488388 -0.001164470799267292 -0.005765938200056553
v 0.06821994483470917 -0.0006525717908516526 -0.00730748288333416
v 0.06828424334526062 -0.0010667915921658278 -0.0075828880071640015
v 0.06914175301790237 -0.00014444123371504247 -0.0489041730761528
v 0.07606668025255203 0.00042041344568133354 -0.04625429958105087
v 0.0751255452632904 0.00011318083852529526 -0.011118568480014801
v 0.06895952671766281 0.0007615465437993407 -0.05213789641857147
v 0.06895952671766281 0.0007615465437993407 -0.05213789641857147
v 0.0758485421538353 0.0003678666544146836 -0.052222348749637604
v 0.0758485421538353 0.0003678666544146836 -0.052222348749637604
v 0.07487963140010834 0.00035993498750030994 -0.05214521661400795
v 0.06912994384765625 0.0013510819990187883 0.048892807215452194
v 0.07605795562267303 0.0004164733400102705 0.04612729325890541
v 0.07510213553905487 0.0005415381747297943 -0.003636285662651062
v 0.07510213553905487 0.0005415381747297943 -0.003636285662651062
v 0.07510213553905487 0.0005415381747297943 -0.003636285662651062
v 0.07510213553905487 0.0005415381747297943 -0.003636285662651062
v 0.07510213553905487 0.0005415381747297943 -0.003636285662651062
v 0.0689331516623497 0.00044077521306462586 0.052134010940790176
v 0.0689331516623497 0.00044077521306462586 0.052134010940790176
v 0.07582799345254898 0.0004107689019292593 0.05225333571434021
v 0.07582799345254898 0.0004107689019292593 0.05225333571434021
v 0.07486012578010559 0.00045735633466392756 0.05217648670077324
v 0.0690755620598793 0.000021864776499569416 -0.05139120668172836
v 0.07603055983781815 0.0004245162126608193 -0.05051316320896149
v 0.06912805885076523 -0.00024206898524425924 0.048894524574279785
v 0.07602080702781677 0.00044072046875953674 0.050542134791612625
v 0.0749877467751503 0.000409310421673581 0.05142369493842125
v 0.06909432262182236 0.0011510744225233793 -0.051393989473581314
v 0.07592588663101196 0.0003669507277663797 -0.051902979612350464
v 0.075924813747406 0.0003630431601777673 -0.05190427228808403
v 0.06907028704881668 0.0012332212645560503 0.05141931772232056
v 0.07601460814476013 0.0003849477507174015 0.05054444074630737
v 0.06915445625782013 0.001285784994252026 -0.04890517145395279
v 0.07603591680526733 0.0003952544357161969 -0.05051067844033241
v 0.07590879499912262 0.00043183978414162993 0.05193476006388664
v 0.07590699940919876 0.00040666767745278776 0.05193650722503662
v 0.06916464865207672 -0.0002192584506701678 -0.0040407427586615086
v 0.07608570158481598 0.00044950301526114345 -0.0006814440712332726
v 0.07609030604362488 0.0004211198247503489 -0.005820043850690126
v 0.07609030604362488 0.0004211198247503489 -0.005820043850690126
v 0.07510194182395935 0.0005415844498202205 -0.011559635400772095
v 0.07510194182395935 0.0005415844498202205 -0.011559635400772095
v 0.07510194182395935 0.0005415844498202205 -0.011559635400772095
v 0.07510194182395935 0.0005415844498202205 -0.011559635400772095
v 0.07510194182395935 0.0005415844498202205 -0.011559635400772095
v 0.07609143108129501 0.000422235403675586 -0.014398321509361267
v 0.06916797161102295 -0.00026962379342876375 -0.009127587080001831
v 0.06916797161102295 -0.00026962379342876375 -0.009127587080001831
v 0.07604023814201355 0.00033133788383565843 -0.007422334048897028
v 0.0692506730556488 -0.0008904897840693593 -0.005785735324025154
v 0.0692506730556488 -0.0008904897840693593 -0.005785735324025154
v 0.0760791227221489 0.00026998959947377443 -0.007389908190816641
v 0.07616204023361206 0.0002632110845297575 -0.007642793003469706
v -0.0698782280087471 -0.00009958024020306766 0.048668261617422104
v -0.07602541893720627 0.0004395348369143903 0.0459076464176178
v -0.07517137378454208 0.0004579310189001262 -0.004046795889735222
v -0.06958332657814026 0.000324121123412624 0.051884911954402924
v -0.07572667300701141 0.0006351136835291982 0.051999472081661224
v -0.07572667300701141 0.0006351136835291982 0.051999472081661224
v -0.07487084716558456 0.0005680557806044817 0.05191732197999954
v -0.06979937851428986 0.0012029700446873903 -0.04868675395846367
v -0.07600120455026627 0.0005405994597822428 -0.04607957601547241
v -0.07518939673900604 0.0006648061098530889 -0.011591672897338867
v -0.07518939673900604 0.0006648061098530889 -0.011591672897338867
v -0.07518939673900604 0.0006648061098530889 -0.011591672897338867
v -0.07518939673900604 0.0006648061098530889 -0.011591672897338867
v -0.07518939673900604 0.0006648061098530889 -0.011591672897338867
v -0.06955709308385849 0.00035559217212721705 -0.051912251859903336
v -0.06955709308385849 0.00035559217212721705 -0.051912251859903336
v -0.07572337239980698 0.0005592192756012082 -0.052005402743816376
v -0.07572337239980698 0.0005592192756012082 -0.052005402743816376
v -0.07486478984355927 0.0005934356013312936 -0.05192029848694801
v -0.06980138272047043 -0.00005669507663697004 0.05119188129901886
v -0.07598002254962921 0.0005088787293061614 0.05030645430088043
v -0.06980877369642258 -0.0002187540230806917 -0.048701949417591095
v -0.07597418129444122 0.0005411554593592882 -0.050313469022512436
v -0.0750364437699318 0.00043263647239655256 -0.05119219794869423
v -0.06970874220132828 0.0007043242803774774 0.05111942067742348
v -0.0758284255862236 0.0006793822976760566 0.051687903702259064
v -0.0758364126086235 0.0005946210003457963 0.051687803119421005
v -0.06971187144517899 0.0010440368205308914 -0.05116280913352966
v -0.07597168534994125 0.00066293531563133 -0.05031167343258858
v -0.06979184597730637 0.0012331409379839897 0.04865289479494095
v -0.07596266269683838 0.0005857804208062589 0.05030599236488342
v -0.07582942396402359 0.000541597546543926 -0.05169708654284477
v -0.07582984864711761 0.0006101561011746526 -0.05169380083680153
v -0.06985533982515335 0.0012949053198099136 -0.0036476003006100655
v -0.07605423778295517 0.0005626350175589323 -0.000700914126355201
v -0.07605473697185516 0.0005625440389849246 -0.009444085881114006
v -0.07605473697185516 0.0005625440389849246 -0.009444085881114006
v -0.0699370801448822 -0.0005059397080913186 -0.011116266250610352
v -0.07612030953168869 0.0005032901535741985 -0.014419447630643845
v -0.07604842633008957 0.0006197931943461299 -0.007435784209519625
v -0.07515943795442581 0.00039453356293961406 -0.009139429777860641
v -0.07515943795442581 0.00039453356293961406 -0.009139429777860641
v -0.07608429342508316 0.00003772097988985479 -0.007447871845215559
v -0.07525299489498138 -0.00045535850222222507 -0.005824855994433165
v -0.07525299489498138 -0.00045535850222222507 -0.005824855994433165
v -0.07616815716028214 -0.00044313629041425884 -0.007695951033383608
v 0.071273073554039 0.00001487653935328126 -0.0489061139523983
v 0.07309044897556305 0.00016662334382999688 -0.04890831187367439
v 0.07506663352251053 0.00034040483296848834 -0.04891055449843407
v 0.07316238433122635 -0.00015969862579368055 -0.011119486764073372
v 0.07134722173213959 -0.00031484136707149446 -0.011114899069070816
v 0.06920827925205231 -0.0004392271803226322 -0.011109177023172379
v 0.07109510153532028 0.000634297146461904 -0.05214621499180794
v 0.07109510153532028 0.000634297146461904 -0.05214621499180794
v 0.07290706038475037 0.0005236304132267833 -0.052143994718790054
v 0.07290706038475037 0.0005236304132267833 -0.052143994718790054
v 0.07488022744655609 0.0004053489537909627 -0.0521417036652565
v 0.07290433347225189 0.0003768873284570873 -0.05214645713567734
v 0.07290433347225189 0.0003768873284570873 -0.05214645713567734
v 0.07109072804450989 0.000393737165722996 -0.05214527249336243
v 0.07109072804450989 0.000393737165722996 -0.05214527249336243
v 0.0689527615904808 0.0004059505299665034 -0.05213769152760506
v 0.0689527615904808 0.0004059505299665034 -0.05213769152760506
v 0.07127327471971512 0.0010697045363485813 0.04889693483710289
v 0.07308653742074966 0.0008258803281933069 0.048899922519922256
v 0.07505582273006439 0.0005428644362837076 0.04890238121151924
v 0.07312466949224472 0.0007823340129107237 -0.003636483568698168
v 0.07312466949224472 0.0007823340129107237 -0.003636483568698168
v 0.07312466949224472 0.0007823340129107237 -0.003636483568698168
v 0.07312466949224472 0.0007823340129107237 -0.003636483568698168
v 0.07312466949224472 0.0007823340129107237 -0.003636483568698168
v 0.07130543887615204 0.0010044275550171733 -0.0036361925303936005
v 0.06915701180696487 0.001268182648345828 -0.0036347941495478153
v 0.07107044011354446 0.00042928327457048 0.05215752497315407
v 0.07107044011354446 0.00042928327457048 0.05215752497315407
v 0.07288459688425064 0.0004224152653478086 0.05217292159795761
v 0.07288459688425064 0.0004224152653478086 0.05217292159795761
v 0.07486044615507126 0.0004165360005572438 0.05217282474040985
v 0.07288613170385361 0.0005713791470043361 0.05217130482196808
v 0.07288613170385361 0.0005713791470043361 0.05217130482196808
v 0.07107339054346085 0.0006791442865505815 0.05215635895729065
v 0.07107339054346085 0.0006791442865505815 0.05215635895729065
v 0.06893706321716309 0.0007991602178663015 0.052139315754175186
v 0.06893706321716309 0.0007991602178663015 0.052139315754175186
v 0.07121054083108902 0.00014562139404006302 -0.05139175429940224
v 0.07302580773830414 0.0002392509049968794 -0.051394395530223846
v 0.07500146329402924 0.00034754874650388956 -0.05139656364917755
v 0.07126934081315994 -0.000012686941772699356 0.04889177531003952
v 0.07308050990104675 0.0002038267266470939 0.04889291152358055
v 0.07505762577056885 0.0003688116557896137 0.04889781028032303
v 0.07301092147827148 0.0003025126934517175 0.05141811817884445
v 0.07119786739349365 0.0001565995771670714 0.05141530930995941
v 0.06905755400657654 0.000006609276169911027 0.0514124296605587
v 0.07122275233268738 0.0008880014065653086 -0.051392048597335815
v 0.0730331689119339 0.0006806817837059498 -0.051392313092947006
v 0.07500457763671875 0.00046569155529141426 -0.05139359086751938
v 0.07121032476425171 0.0009772642515599728 0.05142219364643097
v 0.07301880419254303 0.0007427757373079658 0.05142436921596527
v 0.07498641312122345 0.0004887725226581097 0.05142674967646599
v 0.07128547877073288 0.0010065006790682673 -0.048905570060014725
v 0.07309967279434204 0.0007746174233034253 -0.048906758427619934
v 0.0750737190246582 0.0005306737730279565 -0.048908431082963943
v 0.07129841297864914 0.000008122064173221588 -0.004040556028485298
v 0.0731106698513031 0.0002299551124451682 -0.004040241241455078
v 0.0750841349363327 0.00044971273746341467 -0.004039166495203972
v 0.07312364876270294 0.0007828252855688334 -0.011559249833226204
v 0.07312364876270294 0.0007828252855688334 -0.011559249833226204
v 0.07312364876270294 0.0007828252855688334 -0.011559249833226204
v 0.07312364876270294 0.0007828252855688334 -0.011559249833226204
v 0.07130440324544907 0.0010052714496850967 -0.01155867613852024
v 0.06915779411792755 0.001269434578716755 -0.011555833742022514
v 0.07130801677703857 -0.00004114993498660624 -0.009124193340539932
v 0.07130801677703857 -0.00004114993498660624 -0.009124193340539932
v 0.0731208324432373 0.00017180592112708837 -0.009119002148509026
v 0.0731208324432373 0.00017180592112708837 -0.009119002148509026
v 0.0750935971736908 0.0003992212878074497 -0.009113648906350136
v 0.0750935971736908 0.0003992212878074497 -0.009113648906350136
v 0.07138790190219879 -0.0007341989548876882 -0.005795354954898357
v 0.07138790190219879 -0.0007341989548876882 -0.005795354954898357
v 0.07320384681224823 -0.000568745075725019 -0.005800933577120304
v 0.07320384681224823 -0.000568745075725019 -0.005800933577120304
v 0.07517068833112717 -0.0003227000997867435 -0.00579611724242568
v 0.07517068833112717 -0.0003227000997867435 -0.00579611724242568
v -0.07174992561340332 -0.000028659909730777144 0.048666566610336304
v -0.0733565241098404 0.00017291241965722293 0.04866820573806763
v -0.07512309402227402 0.00038430700078606606 0.04867017641663551
v -0.07339569926261902 0.0002765028621070087 -0.004046490415930748
v -0.07178235054016113 0.00007150013698264956 -0.004046441055834293
v -0.06985583156347275 -0.00021459380513988435 -0.004047677386552095
v -0.07148848474025726 0.000515060150064528 0.05190291628241539
v -0.07148848474025726 0.000515060150064528 0.05190291628241539
v -0.07309545576572418 0.0005881288088858128 0.051916562020778656
v -0.07309545576572418 0.0005881288088858128 0.051916562020778656
v -0.07486624270677567 0.0006418140837922692 0.051922570914030075
v -0.07310740649700165 0.00041454198071733117 0.05192803218960762
v -0.07310740649700165 0.00041454198071733117 0.05192803218960762
v -0.07150814682245255 0.0002541381400078535 0.05195961520075798
v -0.07150814682245255 0.0002541381400078535 0.05195961520075798
v -0.06965362280607224 0.000012488482752814889 0.05203334614634514
v -0.06965362280607224 0.000012488482752814889 0.05203334614634514
v -0.07172923535108566 0.0011115777306258678 -0.048702120780944824
v -0.07334394752979279 0.0009574951836839318 -0.048709556460380554
v -0.07511395961046219 0.0007475271704606712 -0.04871619865298271
v -0.07341624796390533 0.0008741201600059867 -0.011590281501412392
v -0.07341624796390533 0.0008741201600059867 -0.011590281501412392
v -0.07341624796390533 0.0008741201600059867 -0.011590281501412392
v -0.07341624796390533 0.0008741201600059867 -0.011590281501412392
v -0.07180210947990417 0.0010656178928911686 -0.011584542691707611
v -0.06986100226640701 0.0012948729563504457 -0.011567981913685799
v -0.0714881494641304 0.0004049123381264508 -0.05190674588084221
v -0.0714881494641304 0.0004049123381264508 -0.05190674588084221
v -0.07309532910585403 0.0004607931477949023 -0.0519077330827713
v -0.07309532910585403 0.0004607931477949023 -0.0519077330827713
v -0.07486549019813538 0.0005115389940328896 -0.051923155784606934
v -0.07309408485889435 0.0006313494523055851 -0.05190907046198845
v -0.07309408485889435 0.0006313494523055851 -0.05190907046198845
v -0.0714859887957573 0.0006581837660633028 -0.05190372094511986
v -0.0714859887957573 0.0006581837660633028 -0.05190372094511986
v -0.06955457478761673 0.000719134695827961 -0.05193901062011719
v -0.06955457478761673 0.000719134695827961 -0.05193901062011719
v -0.07166435569524765 0.00013992148160468787 0.05117896944284439
v -0.07327157258987427 0.0003080928581766784 0.05118302255868912
v -0.07504219561815262 0.00046914254198782146 0.051186077296733856
v -0.07174187898635864 -0.000031462375773116946 -0.04871245473623276
v -0.07335221022367477 0.00018276282935403287 -0.0487157441675663
v -0.0751204565167427 0.0004245672025717795 -0.048719070851802826
v -0.07326702028512955 0.00025155494222417474 -0.05118817836046219
v -0.07165620476007462 0.00011117021495010704 -0.05118213966488838
v -0.06972036510705948 -0.000042412226321175694 -0.05117368698120117
v -0.07163208723068237 0.0008084862492978573 0.05117058381438255
v -0.0732484832406044 0.0007726228795945644 0.05117768421769142
v -0.07502468675374985 0.0006902087479829788 0.05118222534656525
v -0.07164692133665085 0.0009758196538314223 -0.05117547884583473
v -0.07325971871614456 0.0008681516628712416 -0.05118289962410927
v -0.07503281533718109 0.0007316311821341515 -0.05118979886174202
v -0.07171564549207687 0.000946887768805027 0.04865557327866554
v -0.0733288824558258 0.0007778180879540741 0.048661258071660995
v -0.07510506361722946 0.0006297356449067593 0.048668473958969116
v -0.07178828865289688 0.0010667260503396392 -0.003652044106274843
v -0.07340001314878464 0.0008759865304455161 -0.0036525591276586056
v -0.07340001314878464 0.0008759865304455161 -0.0036525591276586056
v -0.07340001314878464 0.0008759865304455161 -0.0036525591276586056
v -0.07516999542713165 0.0006670276634395123 -0.0036521144211292267
v -0.07185661047697067 -0.0002746818063315004 -0.011131124570965767
v -0.07347144186496735 -0.00011085942969657481 -0.01114320382475853
v -0.07524419575929642 0.00009575064177624881 -0.01115107536315918
v -0.07338766753673553 0.00020825648971367627 -0.009132936596870422
v -0.07338766753673553 0.00020825648971367627 -0.009132936596870422
v -0.07177623361349106 0.0000029221409931778908 -0.009131543338298798
v -0.07177623361349106 0.0000029221409931778908 -0.009131543338298798
v -0.06984776258468628 -0.0002751918218564242 -0.009133417159318924
v -0.06984776258468628 -0.0002751918218564242 -0.009133417159318924
v -0.07348287850618362 -0.0006005840841680765 -0.005819299258291721
v -0.07348287850618362 -0.0006005840841680765 -0.005819299258291721
v -0.07187480479478836 -0.0007340508745983243 -0.005809361115098
v -0.07187480479478836 -0.0007340508745983243 -0.005809361115098
v -0.06994476914405823 -0.000904316664673388 -0.0057969726622104645
v -0.06994476914405823 -0.000904316664673388 -0.0057969726622104645
v 0.07409095019102097 0.00023341229825746268 -0.04625202342867851
v 0.07215456664562225 0.00005540566053241491 -0.04624995216727257
v 0.07018110901117325 -0.0002814031613525003 -0.014401661232113838
v 0.0738736018538475 0.00041773758130148053 -0.05222591385245323
v 0.0738736018538475 0.00041773758130148053 -0.05222591385245323
v 0.07193942368030548 0.0004832815029658377 -0.05222770571708679
v 0.06992610543966293 0.0005508344038389623 -0.05231926962733269
v 0.0740855261683464 0.0006824311567470431 0.04612479731440544
v 0.07215135544538498 0.0009333004709333181 0.04612242430448532
v 0.07016650587320328 0.0012529757805168629 -0.000678812968544662
v 0.07385271787643433 0.00046602723887190223 0.05225803703069687
v 0.07385271787643433 0.00046602723887190223 0.05225803703069687
v 0.0719175711274147 0.0005268302047625184 0.05224313586950302
v 0.06990431249141693 0.0005886231083422899 0.05231928452849388
v 0.07405470311641693 0.00027339390362612903 -0.05051052197813988
v 0.07211852818727493 0.00012957329454366118 -0.050508156418800354
v 0.07011012732982635 -0.00012983768829144537 -0.05052522197365761
v 0.07404103875160217 0.0003385113086551428 0.05053550750017166
v 0.07210704684257507 0.00015798692766111344 0.05053231120109558
v 0.07010126858949661 -0.0001499693316873163 0.0505523681640625
v 0.07395212352275848 0.0005146912881173193 -0.05190061032772064
v 0.07202105969190598 0.0006900205626152456 -0.051901496946811676
v 0.07001859694719315 0.0009566430235281587 -0.05196736752986908
v 0.0739491656422615 0.00032323726918548346 -0.05190471187233925
v 0.07201384752988815 0.0002804083633236587 -0.05190287157893181
v 0.07000204175710678 0.00014706111687701195 -0.051966167986392975
v 0.07404596358537674 0.0006566413212567568 0.05054125189781189
v 0.07211847603321075 0.0009353968780487776 0.050539080053567886
v 0.07011512666940689 0.0013004851061850786 0.050552044063806534
v 0.0740618035197258 0.0006176945753395557 -0.05050857737660408
v 0.07212980836629868 0.0008553697261959314 -0.05050735920667648
v 0.07013414800167084 0.0012265733676031232 -0.05052516609430313
v 0.07393185049295425 0.0004006162052974105 0.05192948132753372
v 0.07199714332818985 0.00031387561466544867 0.051926277577877045
v 0.06998316198587418 0.00017036795907188207 0.051981545984745026
v 0.07393398135900497 0.0005640893941745162 0.051933638751506805
v 0.07200337201356888 0.0007518602069467306 0.05192897468805313
v 0.06999698281288147 0.001011108048260212 0.05198598653078079
v 0.07411140203475952 0.00024455704260617495 -0.0006813316140323877
v 0.07217670977115631 0.000047304260078817606 -0.0006815120577812195
v 0.07014438509941101 -0.00026293875998817384 0.04612283781170845
v 0.07411324232816696 0.0006621993379667401 -0.0058202012442052364
v 0.07411324232816696 0.0006621993379667401 -0.0058202012442052364
v 0.07411324232816696 0.0006621993379667401 -0.0058202012442052364
v 0.07411324232816696 0.0006621993379667401 -0.0058202012442052364
v 0.07411324232816696 0.0006621993379667401 -0.0058202012442052364
v 0.07411324232816696 0.0006621993379667401 -0.0058202012442052364
v 0.07217460870742798 0.0008998764678835869 -0.005820068996399641
v 0.07016623020172119 0.001252216985449195 -0.009413620457053185
v 0.07411456853151321 0.0006623392691835761 -0.014397818595170975
v 0.07411456853151321 0.0006623392691835761 -0.014397818595170975
v 0.07217729836702347 0.000899195671081543 -0.014397423714399338
v 0.07016073167324066 0.0012687866110354662 -0.04625103250145912
v 0.07407388091087341 0.000520473753567785 -0.007425673771649599
v 0.0721426010131836 0.0002804328687489033 -0.007428059820085764
v 0.07013783603906631 -0.00004419291508384049 -0.007372519467025995
v 0.07413947582244873 -0.00002989030326716602 -0.007413966115564108
v 0.0722087025642395 -0.00025119431666098535 -0.007418513763695955
v 0.07021056860685349 -0.00046029381337575614 -0.00731043191626668
v 0.07420814782381058 -0.0005608776118606329 -0.007652808912098408
v 0.07227189093828201 -0.0007777693681418896 -0.007652665488421917
v 0.07026702165603638 -0.0009211953729391098 -0.007589206099510193
v -0.07425602525472641 0.00024306017439812422 0.04590563103556633
v -0.07252602279186249 0.00005329676787368953 0.045903854072093964
v -0.07075929641723633 -0.00024766972637735307 -0.0006991738919168711
v -0.0739588588476181 0.0005498483078554273 0.05199171602725983
v -0.0739588588476181 0.0005498483078554273 0.05199171602725983
v -0.0739588588476181 0.0005498483078554273 0.05199171602725983
v -0.07223284989595413 0.00044695971882902086 0.051994748413562775
v -0.07044440507888794 0.0003535023133736104 0.052141863852739334
v -0.07044440507888794 0.0003535023133736104 0.052141863852739334
v -0.07423804700374603 0.000802665192168206 -0.04607229307293892
v -0.07251207530498505 0.001040852745063603 -0.04606470465660095
v -0.07075755298137665 0.0013000003527849913 -0.014400666579604149
v -0.07395335286855698 0.0005469236639328301 -0.051985014230012894
v -0.07395335286855698 0.0005469236639328301 -0.051985014230012894
v -0.07395335286855698 0.0005469236639328301 -0.051985014230012894
v -0.07222456485033035 0.0005351994186639786 -0.0519796684384346
v -0.07041995227336884 0.0005267442902550101 -0.05209527909755707
v -0.0742080882191658 0.00034953656722791493 0.05030211806297302
v -0.07248247414827347 0.00013996123743709177 0.05030016601085663
v -0.07072177529335022 -0.0002804487885441631 0.05032237991690636
v -0.07420724630355835 0.00030634194263257086 -0.05031047388911247
v -0.0724777802824974 0.00009638900519348681 -0.050307031720876694
v -0.07067082822322845 -0.00019018710008822381 -0.050319474190473557
v -0.0740543007850647 0.0007096520275808871 0.051688194274902344
v -0.0723198652267456 0.0007003736100159585 0.05168343335390091
v -0.0704987645149231 0.0007283544982783496 0.05172966793179512
v -0.07407041639089584 0.0004286066396161914 0.05168960243463516
v -0.07234563678503036 0.0002540703280828893 0.051695242524147034
v -0.07054653018712997 -0.000012054573744535446 0.051746342331171036
v -0.07054653018712997 -0.000012054573744535446 0.051746342331171036
v -0.07420052587985992 0.0008493809727951884 -0.05030633509159088
v -0.07246647775173187 0.0010043104412034154 -0.05029907822608948
v -0.07065178453922272 0.0012270092265680432 -0.05030706152319908
v -0.07418615370988846 0.0007062345976009965 0.050298698246479034
v -0.0724494531750679 0.0008198332507163286 0.05029158294200897
v -0.07064115256071091 0.0010603256523609161 0.05030461773276329
v -0.07406150549650192 0.0004035256861243397 -0.05168982967734337
v -0.07233083993196487 0.00030323004466481507 -0.05168083682656288
v -0.0705254077911377 0.00011731544509530067 -0.051742829382419586
v -0.0740581750869751 0.0007135585183277726 -0.051687128841876984
v -0.07232613861560822 0.000787711120210588 -0.051676977425813675
v -0.0705203041434288 0.000947108375839889 -0.05174347013235092
v -0.07428448647260666 0.0007715710089541972 -0.000704270729329437
v -0.07255429029464722 0.0009758445667102933 -0.0007044701487757266
v -0.07255429029464722 0.0009758445667102933 -0.0007044701487757266
v -0.07255429029464722 0.0009758445667102933 -0.0007044701487757266
v -0.07071671634912491 0.0013214590726420283 0.045900627970695496
v -0.0742836520075798 0.0007716207765042782 -0.009444575756788254
v -0.0742836520075798 0.0007716207765042782 -0.009444575756788254
v -0.0725528672337532 0.000976156210526824 -0.00944104976952076
v -0.0725528672337532 0.000976156210526824 -0.00944104976952076
v -0.0725528672337532 0.000976156210526824 -0.00944104976952076
v -0.0725528672337532 0.000976156210526824 -0.00944104976952076
v -0.07075627148151398 0.0013013440184295177 -0.005831098183989525
v -0.07434703409671783 0.00026001661899499595 -0.014416806399822235
v -0.0726136788725853 0.00002421287354081869 -0.0144098661839962
v -0.0707295835018158 -0.0002942396968137473 -0.046070974320173264
v -0.07426819205284119 0.00047952175373211503 -0.007433982100337744
v -0.07252922654151917 0.00029913263279013336 -0.007433046121150255
v -0.07074104994535446 -0.000035762088373303413 -0.007379036862403154
v -0.0743088498711586 -0.00005461144610308111 -0.007427426520735025
v -0.07257712632417679 -0.00021896729595027864 -0.007423860486596823
v -0.07080921530723572 -0.0004511304141487926 -0.007323410827666521
v -0.07439374923706055 -0.0005869138985872269 -0.007684760726988316
v -0.07266049087047577 -0.0007309799548238516 -0.0076723042875528336
v -0.07088708132505417 -0.0009128296514973044 -0.007605503313243389
v -0.0671592503786087 0.00008327231626026332 0.04913436993956566
v -0.06838090717792511 0.0004160504031460732 0.0504341758787632
v -0.06838090717792511 0.0004160504031460732 0.0504341758787632
v -0.06690403819084167 -0.00002811106969602406 0.04992211237549782
v -0.06690403819084167 -0.00002811106969602406 0.04992211237549782
v -0.06583285331726074 0.00006458579446189106 0.04869075119495392
v -0.06583285331726074 0.00006458579446189106 0.04869075119495392
v -0.06583285331726074 0.00006458579446189106 0.04869075119495392
v -0.06681296974420547 -0.0001888882543426007 -0.04927743971347809
v -0.06821288168430328 -0.00008600906585343182 -0.050575826317071915
v -0.06653766334056854 0.00021550318342633545 -0.050017986446619034
v -0.06653766334056854 0.00021550318342633545 -0.050017986446619034
v -0.06537075340747833 0.00019389690714888275 -0.04887351393699646
v -0.06537075340747833 0.00019389690714888275 -0.04887351393699646
v 0.06617369502782822 -0.00009357579983770847 -0.04933091625571251
v 0.06747404485940933 -0.00006977806333452463 -0.05075530335307121
v 0.06622248142957687 -0.0004848116950597614 -0.04697198048233986
v 0.065177321434021 -0.00044388973037712276 -0.045925695449113846
v 0.06612419337034225 0.001404167851433158 -0.049370575696229935
v 0.06748143583536148 0.0013162121176719666 -0.05076684057712555
v 0.06591977924108505 0.0009528733789920807 -0.05009530484676361
v 0.06591977924108505 0.0009528733789920807 -0.05009530484676361
v 0.06480323523283005 0.0009846714092418551 -0.04888555780053139
v 0.06480323523283005 0.0009846714092418551 -0.04888555780053139
v 0.06480323523283005 0.0009846714092418551 -0.04888555780053139
v 0.0660598948597908 0.0014526909217238426 0.049400489777326584
v 0.067442886531353 0.0013769359793514013 0.05078788101673126
v 0.06612704694271088 0.0015894281677901745 0.046945396810770035
v 0.0650666281580925 0.0016974180471152067 0.04590959846973419
v 0.06606142222881317 -0.00014861507224850357 0.04939883574843407
v 0.06744220107793808 -0.00007959088543429971 0.05078078806400299
v 0.06592943519353867 0.00039750844007357955 0.05007530748844147
v 0.06592943519353867 0.00039750844007357955 0.05007530748844147
v 0.06475018709897995 0.0003501877363305539 0.04892772063612938
v -0.06690718978643417 -0.00046149917761795223 -0.004063404630869627
v -0.06833475828170776 -0.0003771568590309471 -0.004052628297358751
v -0.06690367311239243 -0.0005641094176098704 -0.009123407304286957
v -0.06690367311239243 -0.0005641094176098704 -0.009123407304286957
v -0.06580482423305511 -0.0006783861899748445 -0.00911504402756691
v -0.06580482423305511 -0.0006783861899748445 -0.00911504402756691
v -0.06704531610012054 -0.0013572170864790678 -0.005783851258456707
v -0.06704531610012054 -0.0013572170864790678 -0.005783851258456707
v -0.06597314774990082 -0.0016107952687889338 -0.005780583713203669
v -0.06597314774990082 -0.0016107952687889338 -0.005780583713203669
v -0.06704563647508621 -0.0008457526564598083 -0.01106157898902893
v -0.06596264988183975 -0.0009672968881204724 -0.011029757559299469
v -0.06739624589681625 -0.0012710820883512497 0.0468842089176178
v -0.06851521134376526 -0.0004479868512134999 0.04812739044427872
v -0.06680699437856674 -0.0005817430792376399 0.04999307543039322
v -0.06680699437856674 -0.0005817430792376399 0.04999307543039322
v -0.06587672978639603 -0.000593438046053052 0.048648204654455185
v -0.06587672978639603 -0.000593438046053052 0.048648204654455185
v -0.06691841036081314 0.0015134147834032774 -0.01150151714682579
v -0.0658150389790535 0.001572881592437625 -0.011471504345536232
v -0.06692760437726974 0.0014689546078443527 -0.04687671735882759
v -0.06833001971244812 0.001324571669101715 -0.04812188819050789
v -0.06657751649618149 0.0007588578737340868 -0.04998113214969635
v -0.06657751649618149 0.0007588578737340868 -0.04998113214969635
v -0.06540068984031677 0.0007962782401591539 -0.04884786903858185
v -0.06540068984031677 0.0007962782401591539 -0.04884786903858185
v -0.06719788163900375 -0.0009768942836672068 0.04929559305310249
v -0.06841841340065002 -0.00044838429312221706 0.05062345787882805
v -0.06691902875900269 -0.0003926931822206825 -0.046885665506124496
v -0.06831146031618118 -0.00028051037224940956 -0.048132386058568954
v -0.06683260947465897 0.001223420025780797 -0.04926234111189842
v -0.06823118031024933 0.0011036449577659369 -0.05056365206837654
v -0.06699395924806595 0.0006839886773377657 0.04676275700330734
v -0.06699395924806595 0.0006839886773377657 0.04676275700330734
v -0.06825564056634903 0.0012078233994543552 0.04806935414671898
v -0.06691855937242508 0.0015130257233977318 -0.0036638961173594
v -0.06834040582180023 0.0014342817012220621 -0.0036500701680779457
v 0.06625634431838989 -0.0006226686527952552 -0.011054754257202148
v 0.06520598381757736 -0.0006760439136996865 -0.011023400351405144
v 0.06520598381757736 -0.0006760439136996865 -0.011023400351405144
v 0.0659821629524231 0.00041366685763932765 -0.05003603920340538
v 0.0659821629524231 0.00041366685763932765 -0.05003603920340538
v 0.06483246386051178 0.00033695570891723037 -0.04886326938867569
v 0.06483246386051178 0.00033695570891723037 -0.04886326938867569
v 0.06483246386051178 0.00033695570891723037 -0.04886326938867569
v 0.06619485467672348 0.0015794583596289158 -0.003642030991613865
v 0.06518948823213577 0.0017258578445762396 -0.0036523127928376198
v 0.06590130925178528 0.0009586104424670339 0.050101108849048615
v 0.06590130925178528 0.0009586104424670339 0.050101108849048615
v 0.06590130925178528 0.0009586104424670339 0.050101108849048615
v 0.06474004685878754 0.0010033163707703352 0.048933472484350204
v 0.06613365560770035 -0.00040088637615554035 0.046954695135354996
v 0.0675152987241745 -0.0003682413080241531 0.0482981875538826
v 0.06620608270168304 0.001556068891659379 -0.04696778580546379
v 0.06756237149238586 0.0014435453340411186 -0.048309218138456345
v 0.06619799882173538 -0.0004201801202725619 -0.004055228549987078
v 0.06757183372974396 -0.0003691701858770102 -0.004045587033033371
v 0.06620842963457108 0.0016107915434986353 -0.01148698665201664
v 0.06516747921705246 0.0016857392620295286 -0.011454932391643524
v 0.06516747921705246 0.0016857392620295286 -0.011454932391643524
v 0.06618334352970123 -0.00045293240691535175 -0.009114876389503479
v 0.06618334352970123 -0.00045293240691535175 -0.009114876389503479
v 0.06756647676229477 -0.0004177820810582489 -0.009125875309109688
v 0.06756647676229477 -0.0004177820810582489 -0.009125875309109688
v 0.06631555408239365 -0.0010562893003225327 -0.005766632966697216
v 0.06631555408239365 -0.0010562893003225327 -0.005766632966697216
v 0.06766732037067413 -0.0010036497842520475 -0.005777795799076557
v 0.06766732037067413 -0.0010036497842520475 -0.005777795799076557
v -0.06765943020582199 0.00022350663493853062 0.05043074116110802
v -0.06765943020582199 0.00022350663493853062 0.05043074116110802
v -0.06654365360736847 0.00029008861747570336 0.04915165528655052
v -0.06740782409906387 -0.00005173531826585531 -0.050543829798698425
v -0.06612449884414673 -0.000052654213504865766 -0.0492551214993
v 0.06693239510059357 -0.00040490165702067316 -0.04929478093981743
v 0.0656944215297699 -0.0003837918338831514 -0.048001985996961594
v 0.06672140955924988 0.0012386573944240808 -0.05068517476320267
v 0.06672140955924988 0.0012386573944240808 -0.05068517476320267
v 0.06672140955924988 0.0012386573944240808 -0.05068517476320267
v 0.06549576669931412 0.0012392177013680339 -0.049312084913253784
v 0.06686267256736755 0.0016162171959877014 0.049315545707941055
v 0.06560864299535751 0.00158633291721344 0.048034194856882095
v 0.06669685989618301 0.00007459928747266531 0.05068619176745415
v 0.06669685989618301 0.00007459928747266531 0.05068619176745415
v 0.06669685989618301 0.00007459928747266531 0.05068619176745415
v 0.06545328348875046 0.00008593837264925241 0.04933321475982666
v 0.06545328348875046 0.00008593837264925241 0.04933321475982666
v -0.06765734404325485 -0.00039644792559556663 -0.00737818842753768
v -0.06637516617774963 -0.0004490768478717655 -0.007419075351208448
v -0.0677374079823494 -0.0008281575283035636 -0.007319848984479904
v -0.06644387543201447 -0.0010373438708484173 -0.007409418933093548
v -0.06791391223669052 -0.0012470660731196404 -0.007584478706121445
v -0.06662262976169586 -0.0014031401369720697 -0.007626878097653389
v -0.06640315055847168 -0.0005073958309367299 -0.0008266828954219818
v -0.06807033717632294 -0.0009147572563961148 0.04487290605902672
v -0.06807033717632294 -0.0009147572563961148 0.04487290605902672
v -0.06745582818984985 -0.00027040354325436056 0.050882257521152496
v -0.06745582818984985 -0.00027040354325436056 0.050882257521152496
v -0.0663595125079155 -0.0002803008246701211 0.049383312463760376
v -0.06640665978193283 0.0015410715714097023 -0.01416839100420475
v -0.06772031635046005 0.0015769742894917727 -0.04500831291079521
v -0.0672215074300766 0.0005036437651142478 -0.050886835902929306
v -0.0672215074300766 0.0005036437651142478 -0.050886835902929306
v -0.06593349575996399 0.0005007942672818899 -0.04955558106303215
v -0.06686969101428986 -0.0014343282673507929 0.047997817397117615
v -0.06806427240371704 -0.0009239190258085728 0.04919315502047539
v -0.06806427240371704 -0.0009239190258085728 0.04919315502047539
v -0.06764372438192368 -0.0003777421952690929 -0.049150556325912476
v -0.06636343151330948 -0.0003854705428238958 -0.047947246581315994
v -0.0665096789598465 -0.0008734595030546188 0.04919322952628136
v -0.0665096789598465 -0.0008734595030546188 0.04919322952628136
v -0.0676671490073204 -0.0007462789071723819 0.05057821050286293
v -0.06637173146009445 0.0014268818777054548 -0.047937050461769104
v -0.06766894459724426 0.0014263354241847992 -0.049141980707645416
v -0.06771490722894669 0.0007445589872077107 0.04907720163464546
v -0.06771490722894669 0.0007445589872077107 0.04907720163464546
v -0.06659724563360214 0.0003109475364908576 0.04785114526748657
v -0.06615360081195831 0.001043988624587655 -0.04923206567764282
v -0.06742540746927261 0.0010533800814300776 -0.050521671772003174
v -0.06771519035100937 0.0015817813109606504 -0.0007625604630447924
v -0.06637465208768845 0.0009613343281671405 0.043696802109479904
v -0.06771522760391235 0.0015815561637282372 -0.009408880025148392
v -0.06640654057264328 0.0015412461943924427 -0.005810766946524382
v -0.06780161708593369 -0.000696966890245676 -0.01428549736738205
v -0.06642576307058334 -0.0005295006558299065 -0.043945297598838806
v 0.06574663519859314 -0.00048682987107895315 -0.014172317460179329
v 0.06700373440980911 -0.000576621969230473 -0.045147377997636795
v 0.0666046142578125 0.0006529454840347171 -0.050984326750040054
v 0.0666046142578125 0.0006529454840347171 -0.050984326750040054
v 0.06536632031202316 0.0006641903892159462 -0.04958034306764603
v 0.06574016064405441 0.0016881637275218964 -0.0008053028723224998
v 0.06691331416368484 0.0015557717997580767 0.04498414322733879
v 0.06658168137073517 0.000664305523969233 0.05099571868777275
v 0.06658168137073517 0.000664305523969233 0.05099571868777275
v 0.0653398185968399 0.0006751565379090607 0.049597740173339844
v 0.06685272604227066 -0.0003770461480598897 0.049325451254844666
v 0.06560631096363068 -0.00031735686934553087 0.04803851246833801
v 0.06559388339519501 0.00018538953736424446 -0.04921763390302658
v 0.06673174351453781 0.00007928843842819333 -0.050646599382162094
v 0.06673174351453781 0.00007928843842819333 -0.050646599382162094
v 0.06673174351453781 0.00007928843842819333 -0.050646599382162094
v 0.06692184507846832 0.0015683313831686974 -0.04929202422499657
v 0.06568824499845505 0.0015861555002629757 -0.04800472408533096
v 0.06543618440628052 0.0012661130167543888 0.04934779182076454
v 0.06543618440628052 0.0012661130167543888 0.04934779182076454
v 0.06669127196073532 0.001255131559446454 0.05069867521524429
v 0.06669127196073532 0.001255131559446454 0.05069867521524429
v 0.06669127196073532 0.001255131559446454 0.05069867521524429
v 0.06698296219110489 -0.0005322541110217571 -0.0007483495865017176
v 0.06566748768091202 -0.000443924538558349 0.04382245987653732
v 0.06692584604024887 0.0015515538398176432 -0.0058052134700119495
v 0.06574498116970062 0.0017035973723977804 -0.009380839765071869
v 0.06696445494890213 0.0015760951209813356 -0.01427409052848816
v 0.06572959572076797 0.0016334238462150097 -0.04399268701672554
v 0.06693720817565918 -0.0003342552518006414 -0.007364605087786913
v 0.06567689031362534 -0.000364807405276224 -0.007409587036818266
v 0.066996268928051 -0.0007084001554176211 -0.007300187833607197
v 0.06574296951293945 -0.000747264944948256 -0.007402127608656883
v 0.06708761304616928 -0.0011033692862838507 -0.007574680261313915
v 0.06585916131734848 -0.0010344248730689287 -0.0076170433312654495
v -0.06860874593257904 0.00019003183115273714 0.05178955942392349
v -0.06769385933876038 -0.00006800127448514104 0.05077026039361954
v -0.06769385933876038 -0.00006800127448514104 0.05077026039361954
v -0.06852550804615021 0.0002757520414888859 -0.05188050866127014
v -0.06852550804615021 0.0002757520414888859 -0.05188050866127014
v -0.06852550804615021 0.0002757520414888859 -0.05188050866127014
v -0.06740806996822357 0.00022735606762580574 -0.05089544132351875
v -0.06740806996822357 0.00022735606762580574 -0.05089544132351875
v 0.06801916658878326 -0.0003492680552881211 -0.04875887557864189
v 0.0671314224600792 -0.0004631060583051294 -0.047875188291072845
v 0.0678291767835617 0.0008606930496171117 -0.05206993967294693
v 0.0678291767835617 0.0008606930496171117 -0.05206993967294693
v 0.06677178293466568 0.0009275898337364197 -0.051015179604291916
v 0.06797745078802109 0.001533180009573698 0.048741381615400314
v 0.06705454736948013 0.0015551315154880285 0.04785093292593956
v 0.06780445575714111 0.0004106375272385776 0.052072640508413315
v 0.06780445575714111 0.0004106375272385776 0.052072640508413315
v 0.06675640493631363 0.00039169893716461957 0.05100875347852707
v -0.06879620254039764 -0.0004256722459103912 -0.00907004252076149
v -0.06879620254039764 -0.0004256722459103912 -0.00907004252076149
v -0.06783407926559448 -0.0004979249788448215 -0.009072057902812958
v -0.06783407926559448 -0.0004979249788448215 -0.009072057902812958
v -0.0689304918050766 -0.0010169302113354206 -0.005733855068683624
v -0.0689304918050766 -0.0010169302113354206 -0.005733855068683624
v -0.06799567490816116 -0.0011712086852639914 -0.005728024989366531
v -0.06799567490816116 -0.0011712086852639914 -0.005728024989366531
v -0.06890780478715897 -0.0006880335276946425 -0.011104092001914978
v -0.06799165159463882 -0.0007878139149397612 -0.011077752336859703
v -0.06864386051893234 -0.0002792230516206473 0.05197751149535179
v -0.06864386051893234 -0.0002792230516206473 0.05197751149535179
v -0.06864386051893234 -0.0002792230516206473 0.05197751149535179
v -0.06757146865129471 -0.0005699963076040149 0.0509757325053215
v -0.06757146865129471 -0.0005699963076040149 0.0509757325053215
v -0.06882042437791824 0.0014821181539446115 -0.011558320373296738
v -0.06787393987178802 0.001535271294414997 -0.011528458446264267
v -0.06851831823587418 0.0007650876650586724 -0.051879044622182846
v -0.06851831823587418 0.0007650876650586724 -0.051879044622182846
v -0.06851831823587418 0.0007650876650586724 -0.051879044622182846
v -0.06743324548006058 0.0007612290792167187 -0.05086275190114975
v -0.06743324548006058 0.0007612290792167187 -0.05086275190114975
v 0.06806818395853043 -0.0005919139366596937 -0.011098479852080345
v 0.06718061864376068 -0.0006401151185855269 -0.011075135320425034
v 0.06782105565071106 0.0003841230063699186 -0.052062682807445526
v 0.06782105565071106 0.0003841230063699186 -0.052062682807445526
v 0.06678477674722672 0.00038379657780751586 -0.05098283290863037
v 0.06799028068780899 0.001447736518457532 -0.003636043518781662
v 0.0670771673321724 0.00150397140532732 -0.003641065675765276
v 0.06780613213777542 0.0008856208296492696 0.05208006128668785
v 0.06780613213777542 0.0008856208296492696 0.05208006128668785
v 0.06674689054489136 0.000941011356189847 0.051024533808231354
v 0.06800133734941483 0.0014553877990692854 -0.011547649279236794
v 0.06709878146648407 0.0014901519753038883 -0.011514982208609581
v 0.06832575798034668 -0.000335978897055611 -0.04891103506088257
v 0.06997378170490265 -0.0001631332270335406 -0.04891122132539749
v 0.0681118443608284 0.0008407320128753781 -0.052192579954862595
v 0.06978864222764969 0.0007436731830239296 -0.05220095440745354
v 0.06978864222764969 0.0007436731830239296 -0.05220095440745354
v 0.06829701364040375 0.0014888430014252663 0.04889423027634621
v 0.06996740400791168 0.001290139276534319 0.04889805614948273
v 0.06808426976203918 0.0004121959791518748 0.05219716578722
v 0.06976020336151123 0.0004050028801430017 0.052202258259058
v 0.06976020336151123 0.0004050028801430017 0.052202258259058
v 0.06824024766683578 -0.00009345798753201962 -0.05141540989279747
v 0.06990628689527512 0.000002223183400928974 -0.05141646787524223
v 0.06829594820737839 -0.00036353382165543735 0.048899415880441666
v 0.06996355205774307 -0.0002082007413264364 0.04889931529760361
v 0.06826240569353104 0.001312056789174676 -0.05141919106245041
v 0.06992729008197784 0.0011152700753882527 -0.051417965441942215
v 0.06823115050792694 0.0013665445148944855 0.05143998935818672
v 0.06990644335746765 0.001198924146592617 0.051445722579956055
v 0.06833195686340332 0.0014706733636558056 -0.04890910163521767
v 0.06999100744724274 0.0012501898454502225 -0.048910025507211685
v 0.0683431401848793 -0.00037653089384548366 -0.004030496347695589
v 0.06999897211790085 -0.00019620367675088346 -0.004032299388200045
v 0.06834087520837784 -0.0003766973677556962 -0.009062888100743294
v 0.06834087520837784 -0.0003766973677556962 -0.009062888100743294
v 0.07000292837619781 -0.00019627923029474914 -0.009062489494681358
v 0.07000292837619781 -0.00019627923029474914 -0.009062489494681358
v 0.06843027472496033 -0.0009839585982263088 -0.005720328539609909
v 0.06843027472496033 -0.0009839585982263088 -0.005720328539609909
v 0.0700959786772728 -0.0008227616781368852 -0.005725144408643246
v 0.0700959786772728 -0.0008227616781368852 -0.005725144408643246
v -0.06927524507045746 -0.0004930286668241024 0.04868239164352417
v -0.06927524507045746 -0.0004930286668241024 0.04868239164352417
v -0.07058612257242203 -0.00027796856011264026 0.048675063997507095
v -0.06883881241083145 0.00022377233835868537 0.05188208445906639
v -0.06883881241083145 0.00022377233835868537 0.05188208445906639
v -0.07028592377901077 0.0004957424243912101 0.0519799143075943
v -0.07028592377901077 0.0004957424243912101 0.0519799143075943
v -0.06909015774726868 0.0014056828804314137 -0.04869132861495018
v -0.0705280750989914 0.0012397896498441696 -0.0486975759267807
v -0.06881671398878098 0.00029095783247612417 -0.0519832968711853
v -0.0702822282910347 0.0003403358568903059 -0.051969822496175766
v -0.0702822282910347 0.0003403358568903059 -0.051969822496175766
v -0.06918622553348541 -0.00038543387199752033 0.05122624710202217
v -0.06918622553348541 -0.00038543387199752033 0.05122624710202217
v -0.07050982117652893 -0.00019547189003787935 0.05121621489524841
v -0.06908603012561798 -0.0003777175152208656 -0.04870335012674332
v -0.07054387032985687 -0.00023375704768113792 -0.04871223866939545
v -0.06896737217903137 0.0007535750046372414 0.05114196240901947
v -0.07042022794485092 0.0008591001387685537 0.05117660388350487
v -0.06898421049118042 0.0011827112175524235 -0.051186125725507736
v -0.07043865323066711 0.0010885281953960657 -0.0511937141418457
v -0.0690508633852005 0.0012625160161405802 0.04864976182579994
v -0.07052832841873169 0.0012164597865194082 0.048662446439266205
v -0.06913596391677856 0.0014549996703863144 -0.003644657786935568
v -0.0705912634730339 0.0012829944025725126 -0.0036494722589850426
v -0.06922276318073273 -0.0006564258364960551 -0.011107958853244781
v -0.0706738531589508 -0.0004819163295906037 -0.011116720736026764
v 0.07029165327548981 -0.00015014977543614805 -0.04891084507107735
v 0.0703621432185173 -0.00042028617463074625 -0.011107109487056732
v 0.07004325836896896 -0.0004282355948816985 -0.011104485020041466
v 0.06838618963956833 -0.000581629341468215 -0.011104384437203407
v 0.07011140137910843 0.0007247303146868944 -0.05220326408743858
v 0.07011140137910843 0.0007247303146868944 -0.05220326408743858
v 0.07010434567928314 0.00036697505856864154 -0.05220317468047142
v 0.07010434567928314 0.00036697505856864154 -0.05220317468047142
v 0.069780632853508 0.00036854471545666456 -0.05220154672861099
v 0.069780632853508 0.00036854471545666456 -0.05220154672861099
v 0.06810259073972702 0.00038421820499934256 -0.05218813568353653
v 0.07028766721487045 0.0012341811088845134 0.04889858886599541
v 0.0703226625919342 0.0011926379520446062 -0.003635689150542021
v 0.07000108063220978 0.0012305662967264652 -0.0036353706382215023
v 0.06832059472799301 0.0014224755577743053 -0.003634135704487562
v 0.07008334249258041 0.0004021765198558569 0.05220776051282883
v 0.07008334249258041 0.0004021765198558569 0.05220776051282883
v 0.07008920609951019 0.0007663818541914225 0.05220877006649971
v 0.07008920609951019 0.0007663818541914225 0.05220877006649971
v 0.06976645439863205 0.0007852738490328193 0.05220680683851242
v 0.06976645439863205 0.0007852738490328193 0.05220680683851242
v 0.068089060485363 0.0008693956770002842 0.05220049247145653
v 0.07022686302661896 0.000022744701709598303 -0.05141574516892433
v 0.07028698921203613 -0.00018304152763448656 0.04889808967709541
v 0.07021446526050568 0.00001898081973195076 0.05144047737121582
v 0.0698908269405365 -0.000008475821232423186 0.05144098401069641
v 0.06821828335523605 -0.00009262815001420677 0.05143781378865242
v 0.07024669647216797 0.0010746639454737306 -0.05141765996813774
v 0.07023052126169205 0.0011578239500522614 0.05144491791725159
v 0.07030859589576721 0.0012094384292140603 -0.04890986159443855
v 0.07031835615634918 -0.00016895934822969139 -0.004031146410852671
v 0.07032215595245361 0.0011921334080398083 -0.011558104306459427
v 0.07000130414962769 0.0012342703994363546 -0.011557577177882195
v 0.06832613795995712 0.00141697539947927 -0.01155361719429493
v 0.07032512128353119 -0.00016993514145724475 -0.00906204804778099
v 0.07032512128353119 -0.00016993514145724475 -0.00906204804778099
v 0.07041493058204651 -0.0008108244510367513 -0.005727767013013363
v 0.07041493058204651 -0.0008108244510367513 -0.005727767013013363
v -0.07088859379291534 -0.0002565206668805331 0.04867316037416458
v -0.07091040164232254 -0.00012954854173585773 -0.004038256127387285
v -0.07059351354837418 -0.0001819183526095003 -0.0040388284251093864
v -0.06913188099861145 -0.00037242690450511873 -0.00403809268027544
v -0.07060597091913223 0.0005373931489884853 0.051989633589982986
v -0.07060597091913223 0.0005373931489884853 0.051989633589982986
v -0.0706256851553917 0.00017162472067866474 0.05201241001486778
v -0.0706256851553917 0.00017162472067866474 0.05201241001486778
v -0.07034085690975189 0.00025692384224385023 0.051959700882434845
v -0.07034085690975189 0.00025692384224385023 0.051959700882434845
v -0.07034085690975189 0.00025692384224385023 0.051959700882434845
v -0.07034085690975189 0.00025692384224385023 0.051959700882434845
v -0.06892841309309006 -0.0001794111158233136 0.052095863968133926
v -0.06892841309309006 -0.0001794111158233136 0.052095863968133926
v -0.07084440439939499 0.0012450560461729765 -0.04870136082172394
v -0.07092218846082687 0.0012431659270077944 -0.011576937511563301
v -0.07060030847787857 0.0012809233739972115 -0.011573614552617073
v -0.06913937628269196 0.001454483950510621 -0.011564413085579872
v -0.0706062912940979 0.00034653261536732316 -0.05197051912546158
v -0.0706062912940979 0.00034653261536732316 -0.05197051912546158
v -0.07060619443655014 0.0007108555873855948 -0.05197285860776901
v -0.07060619443655014 0.0007108555873855948 -0.05197285860776901
v -0.07028208673000336 0.0007272250950336456 -0.0519857183098793
v -0.07028208673000336 0.0007272250950336456 -0.0519857183098793
v -0.06880996376276016 0.0007598237134516239 -0.05198782682418823
v -0.06880996376276016 0.0007598237134516239 -0.05198782682418823
v -0.07082006335258484 -0.00013101616059429944 0.051213737577199936
v -0.07086341083049774 -0.00020977153326384723 -0.04871491342782974
v -0.07077419012784958 -0.00002422189572826028 -0.051203999668359756
v -0.07045122236013412 -0.00005127963959239423 -0.05120329186320305
v -0.06898755580186844 -0.0001614548673387617 -0.05119622126221657
v -0.07074147462844849 0.0008785163518041372 0.051187604665756226
v -0.07076101750135422 0.0010846257209777832 -0.051196131855249405
v -0.07084380090236664 0.0011428836733102798 0.04866217449307442
v -0.07091053575277328 0.0012452926021069288 -0.003650824073702097
v -0.07098519802093506 -0.0004360482271295041 -0.011119052767753601
v -0.07091163843870163 -0.00014360234490595758 -0.00907067209482193
v -0.07091163843870163 -0.00014360234490595758 -0.00907067209482193
v -0.07059373706579208 -0.00019498620531521738 -0.009072385728359222
v -0.07059373706579208 -0.00019498620531521738 -0.009072385728359222
v -0.06911571323871613 -0.00038584621506743133 -0.00906980037689209
v -0.06911571323871613 -0.00038584621506743133 -0.00906980037689209
v -0.07102262228727341 -0.0008191351080313325 -0.005744697526097298
v -0.07102262228727341 -0.0008191351080313325 -0.005744697526097298
v -0.07070374488830566 -0.0008544322336092591 -0.005744077265262604
v -0.07070374488830566 -0.0008544322336092591 -0.005744077265262604
v -0.06924626231193542 -0.0009735111379995942 -0.005735362879931927
v -0.06924626231193542 -0.0009735111379995942 -0.005735362879931927
v -0.06765259802341461 0.00039613607805222273 0.049778830260038376
v -0.06789448857307434 0.00042602868052199483 0.0500161312520504
v -0.06871549785137177 0.0006824111333116889 0.050989292562007904
v -0.06752420961856842 -0.00011134278611280024 0.05056007206439972
v -0.06752420961856842 -0.00011134278611280024 0.05056007206439972
v -0.06743243336677551 -0.00020655684056691825 -0.04988795146346092
v -0.06769700348377228 -0.00019987425184808671 -0.050140295177698135
v -0.06869450956583023 -0.0001592986227478832 -0.05106646940112114
v -0.06716056913137436 0.00021367637964431196 -0.05067351460456848
v -0.06716056913137436 0.00021367637964431196 -0.05067351460456848
v 0.06675242632627487 -0.00011237239232286811 -0.04998670890927315
v 0.06698282063007355 -0.0001498600177001208 -0.050284720957279205
v 0.06794147938489914 -0.00010730637586675584 -0.05127260461449623
v 0.06682568788528442 -0.0005030614556744695 -0.04757309705018997
v 0.06671706587076187 0.0014237298164516687 -0.05002207309007645
v 0.06698714941740036 0.0014109127223491669 -0.05030148848891258
v 0.06796084344387054 0.0013419045135378838 -0.05127774178981781
v 0.06652096658945084 0.0009468408534303308 -0.05078413337469101
v 0.06652096658945084 0.0009468408534303308 -0.05078413337469101
v 0.06666233390569687 0.0014777323231101036 0.05004784092307091
v 0.06694314628839493 0.001461859093979001 0.05032365396618843
v 0.06792443990707397 0.0013944183010607958 0.05129988491535187
v 0.06673949211835861 0.0015866258181631565 0.04754576459527016
v 0.06666070222854614 -0.0001808305678423494 0.05004766955971718
v 0.0669386088848114 -0.0001641636190470308 0.05032303184270859
v 0.06791575998067856 -0.00011050939792767167 0.051295991986989975
v 0.06651947647333145 0.0003858569834847003 0.05076838284730911
v -0.06753963977098465 -0.0004881493223365396 -0.004050804767757654
v -0.0678606629371643 -0.0004692205402534455 -0.004049035254865885
v -0.06881249696016312 -0.000408604129916057 -0.004038928542286158
v -0.06751354038715363 -0.0005260005127638578 -0.0090703796595335
v -0.06751354038715363 -0.0005260005127638578 -0.0090703796595335
v -0.0676860511302948 -0.001239535864442587 -0.005728869698941708
v -0.0676860511302948 -0.001239535864442587 -0.005728869698941708
v -0.0676770955324173 -0.0008297015447169542 -0.011071758344769478
v -0.06797485053539276 -0.000997826224192977 0.04744143411517143
v -0.06820553541183472 -0.0008104995358735323 0.04771410673856735
v -0.06898727267980576 -0.0005333448061719537 0.048551131039857864
v -0.06734983623027802 -0.0005788871785625815 0.050719253718853
v -0.06734983623027802 -0.0005788871785625815 0.050719253718853
v -0.06755430996417999 0.001552933594211936 -0.011519312858581543
v -0.06755825132131577 0.0015002957079559565 -0.04743867740035057
v -0.0678609237074852 0.001461006235331297 -0.047710176557302475
v -0.06879153847694397 0.0014181649312376976 -0.04855189099907875
v -0.06719263643026352 0.0007702233269810677 -0.05064021050930023
v -0.06719263643026352 0.0007702233269810677 -0.05064021050930023
v -0.06778005510568619 -0.0007979359943419695 0.04991653934121132
v -0.06800194829702377 -0.000770065700635314 0.05018383637070656
v -0.06800194829702377 -0.000770065700635314 0.05018383637070656
v -0.06892555952072144 -0.0004915905883535743 0.05110546573996544
v -0.06754516065120697 -0.00043801809079013765 -0.047448184341192245
v -0.0678444653749466 -0.0004066890978720039 -0.04771970957517624
v -0.06877752393484116 -0.0003857562260236591 -0.04856336861848831
v -0.06745412200689316 0.0012350635370239615 -0.0498727448284626
v -0.06771501153707504 0.0012282555690035224 -0.05012987554073334
v -0.06869824230670929 0.0011785904644057155 -0.05105293169617653
v -0.06750737130641937 0.0010048395488411188 0.047357041388750076
v -0.06750737130641937 0.0010048395488411188 0.047357041388750076
v -0.06777849048376083 0.0011377377668395638 0.047643162310123444
v -0.06872881203889847 0.001279661082662642 0.04850628972053528
v -0.06755363196134567 0.0015532514080405235 -0.0036568683572113514
v -0.06787282228469849 0.0015354768838733435 -0.003653812687844038
v -0.06881816685199738 0.0014825481921434402 -0.003645591903477907
v 0.06686314195394516 -0.0006617746548727155 -0.01106598787009716
v 0.06657426804304123 0.0003993510326836258 -0.05072834715247154
v 0.0667698010802269 0.0015222113579511642 -0.00364235183224082
v 0.06650269031524658 0.0009538838639855385 0.050787344574928284
v 0.06674043834209442 -0.000438002374721691 0.04755697399377823
v 0.06705494225025177 -0.0004369731468614191 0.04786021634936333
v 0.06797508150339127 -0.00038388531538657844 0.04874712601304054
v 0.06680995970964432 0.0015857596881687641 -0.04756774753332138
v 0.067115418612957 0.0015547003131359816 -0.04787127673625946
v 0.06801766902208328 0.0014976742677390575 -0.04875656217336655
v 0.06680662930011749 -0.0004544941184576601 -0.004042231012135744
v 0.06712660938501358 -0.0004483555385377258 -0.004040210973471403
v 0.06802388280630112 -0.0004049217968713492 -0.00403246795758605
v 0.06680064648389816 0.001532952068373561 -0.01150500401854515
v 0.06679349392652512 -0.0004491805739235133 -0.009055325761437416
v 0.06679349392652512 -0.0004491805739235133 -0.009055325761437416
v 0.06711778789758682 -0.0004508009587880224 -0.009057946503162384
v 0.06711778789758682 -0.0004508009587880224 -0.009057946503162384
v 0.06801770627498627 -0.00040047368383966386 -0.009062739089131355
v 0.06801770627498627 -0.00040047368383966386 -0.009062739089131355
v 0.06691083312034607 -0.0010576259810477495 -0.0057111456990242004
v 0.06691083312034607 -0.0010576259810477495 -0.0057111456990242004
v 0.06722818315029144 -0.0010539146605879068 -0.005713563412427902
v 0.06722818315029144 -0.0010539146605879068 -0.005713563412427902
v 0.06811218708753586 -0.0009924855548888445 -0.005717153660953045
v 0.06811218708753586 -0.0009924855548888445 -0.005717153660953045
v -0.06750627607107162 -0.000004907400580123067 0.05002304166555405
v -0.06750627607107162 -0.000004907400580123067 0.05002304166555405
v -0.06709131598472595 0.000004910660209134221 -0.05017269030213356
v 0.06656914204359055 -0.0003804887819569558 -0.04890252277255058
v 0.06641151010990143 0.001197340781800449 -0.050290897488594055
v 0.06649243831634521 0.001563478261232376 0.048927661031484604
v 0.06639854609966278 0.00012279786460567266 0.050284404307603836
v 0.06639854609966278 0.00012279786460567266 0.050284404307603836
v -0.0672772154211998 -0.00038076142664067447 -0.007416790816932917
v -0.06734094023704529 -0.0008798345224931836 -0.007398417219519615
v -0.06750322133302689 -0.0012625954113900661 -0.007622814737260342
v -0.0676778182387352 -0.001013982342556119 0.044544197618961334
v -0.06716875731945038 -0.0002911978808697313 0.05050026625394821
v -0.06716875731945038 -0.0002911978808697313 0.05050026625394821
v -0.06732795387506485 0.001499497564509511 -0.04468053579330444
v -0.06692291051149368 0.0004969611181877553 -0.050514135509729385
v -0.06692291051149368 0.0004969611181877553 -0.050514135509729385
v -0.06770586222410202 -0.0010241661220788956 0.04883411526679993
v -0.06728772073984146 -0.0002702654746826738 -0.04878685995936394
v -0.06738266348838806 -0.0006775844376534224 0.05018271133303642
v -0.06729849427938461 0.0013770440127700567 -0.0487804189324379
v -0.06746017187833786 0.0005090581253170967 0.04868891090154648
v -0.06746017187833786 0.0005090581253170967 0.04868891090154648
v -0.0671301856637001 0.0009743415284901857 -0.05013720318675041
v -0.06731339544057846 0.0015102177858352661 -0.0007837667362764478
v -0.06731255352497101 0.0015101777389645576 -0.009404802694916725
v -0.06739684194326401 -0.0006469651125371456 -0.014248639345169067
v 0.06661862879991531 -0.0004928705748170614 -0.04478815197944641
v 0.06632354110479355 0.0006680104415863752 -0.050588276237249374
v 0.06651721894741058 0.0015468474011868238 0.04461893439292908
v 0.06631051003932953 0.0006715771742165089 0.05059186741709709
v 0.06648693978786469 -0.0003226023109164089 0.048935163766145706
v 0.0664774551987648 0.00017593000666238368 -0.0502236932516098
v 0.0664774551987648 0.00017593000666238368 -0.0502236932516098
v 0.06656365096569061 0.0014900022652000189 -0.04889943450689316
v 0.06637273728847504 0.0012263173703104258 0.0503089465200901
v 0.06637273728847504 0.0012263173703104258 0.0503089465200901
v 0.06658856570720673 -0.00045146499178372324 -0.0007684904849156737
v 0.06654888391494751 0.0015359504614025354 -0.005796137731522322
v 0.0665707215666771 0.0014945867005735636 -0.014237461611628532
v 0.0665406882762909 -0.0002953506482299417 -0.007406864780932665
v 0.0666024386882782 -0.0006915171397849917 -0.007387852296233177
v 0.0667048916220665 -0.0010482645593583584 -0.007618030533194542
v 0.07065973430871964 -0.00014976036618463695 -0.014396395534276962
v 0.07041383534669876 0.000535404309630394 -0.052241772413253784
v 0.07064343243837357 0.0011048107407987118 -0.0006791995838284492
v 0.07039134204387665 0.0005739984335377812 0.05223756656050682
v 0.07059049606323242 7.677881512790918e-7 -0.05050930380821228
v 0.07058284431695938 -0.000021563551854342222 0.0505351684987545
v 0.07049844413995743 0.000843048095703125 -0.05191345885396004
v 0.07048754394054413 0.00023127063468564302 -0.0519120916724205
v 0.07059763371944427 0.0011717909947037697 0.05053995922207832
v 0.07060673832893372 0.0010686889290809631 -0.050509825348854065
v 0.07047058641910553 0.00024889217456802726 0.051929838955402374
v 0.07047972083091736 0.0009065334452316165 0.05193276330828667
v 0.07063028961420059 -0.00015530522796325386 0.04611855000257492
v 0.07064338773488998 0.0011044404236599803 -0.009414156898856163
v 0.0706353560090065 0.001117305364459753 -0.04624856263399124
v 0.07061970233917236 0.000057222467148676515 -0.007419856730848551
v 0.07068438827991486 -0.00042417817167006433 -0.0074041844345629215
v 0.07074017077684402 -0.0008740085177123547 -0.007637577131390572
v -0.07120533287525177 -0.00008724629878997803 -0.0006981745245866477
v -0.07089003920555115 0.0003602143260650337 0.05199330672621727
v -0.07120741158723831 0.0011544384760782123 -0.014406001195311546
v -0.07088124006986618 0.0005264575011096895 -0.052011121064424515
v -0.07114467024803162 -0.00007828237721696496 0.05030328780412674
v -0.07112997025251389 -0.00007312282104976475 -0.05030670762062073
v -0.07096897810697556 0.0006843576557002962 0.05168560519814491
v -0.07100511342287064 0.00009995431173592806 0.05170929431915283
v -0.07111378014087677 0.0011210466036573052 -0.050295256078243256
v -0.07109697163105011 0.0009307169821113348 0.05028887838125229
v -0.0709841176867485 0.0002144957397831604 -0.05168529972434044
v -0.07097920030355453 0.0008571895305067301 -0.051683370023965836
v -0.07117288559675217 0.0011965775629505515 0.045896802097558975
v -0.07120358943939209 0.0011545298621058464 -0.005837177392095327
v -0.07117602974176407 -0.00013740494614467025 -0.0460699200630188
v -0.07118110358715057 0.00009520500316284597 -0.007423123810440302
v -0.071233831346035 -0.00037166077527217567 -0.007404755335301161
v -0.07131364196538925 -0.0008205050835385919 -0.007650046609342098
v 0.06864571571350098 -0.0003334183420520276 -0.014395244419574738
v 0.06970048695802689 -0.0001755428675096482 -0.04624900966882706
v 0.06839072704315186 0.0006022431189194322 -0.05222586542367935
v 0.06947522610425949 0.0005657337605953217 -0.052233416587114334
v 0.06861325353384018 0.001350567676126957 -0.0006782481214031577
v 0.06968171894550323 0.001249208115041256 0.04611858353018761
v 0.06837042421102524 0.0006332437042146921 0.052228424698114395
v 0.06945464015007019 0.0006034249672666192 0.0522274486720562
v 0.0685739666223526 -0.0001351777173113078 -0.05050674453377724
v 0.06965795904397964 -0.00006259663496166468 -0.05050938203930855
v 0.06855867058038712 -0.00020254214177839458 0.05053674429655075
v 0.0696440264582634 -0.00012566824443638325 0.05053826421499252
v 0.06848154217004776 0.0010304722236469388 -0.05191204696893692
v 0.06848154217004776 0.0010304722236469388 -0.05191204696893692
v 0.06956391781568527 0.000932996510528028 -0.051913414150476456
v 0.06846635043621063 0.0001727975468384102 -0.051909107714891434
v 0.06846635043621063 0.0001727975468384102 -0.051909107714891434
v 0.06954999268054962 0.00020031951135024428 -0.051912929862737656
v 0.0685720145702362 0.0014359354972839355 0.050536513328552246
v 0.06965623050928116 0.0012989472597837448 0.05053909495472908
v 0.06859549880027771 0.0013398665469139814 -0.050510335713624954
v 0.06967730075120926 0.0011971145868301392 -0.05051044002175331
v 0.06844650954008102 0.00019867453374899924 0.05191629379987717
v 0.06844650954008102 0.00019867453374899924 0.05191629379987717
v 0.06953126192092896 0.00022250886831898242 0.051921166479587555
v 0.06845530867576599 0.0010714347008615732 0.05192361772060394
v 0.06845530867576599 0.0010714347008615732 0.05192361772060394
v 0.06954102963209152 0.0009916066192090511 0.05192994326353073
v 0.06860235333442688 -0.0003355462977197021 0.046119581907987595
v 0.06972074508666992 -0.00021778998780064285 -0.0006817060057073832
v 0.06861340254545212 0.0013550184667110443 -0.009411759674549103
v 0.06970565021038055 0.001222602790221572 -0.005818803794682026
v 0.06862020492553711 0.0013721375726163387 -0.04624767228960991
v 0.0697081908583641 0.0012318897061049938 -0.014395250007510185
v 0.06860224157571793 -0.00016833850531838834 -0.007420130539685488
v 0.06968419253826141 -0.00003306867438368499 -0.0074198259972035885
v 0.06866307556629181 -0.0006089117377996445 -0.0074010686948895454
v 0.06974639743566513 -0.000473690073704347 -0.007398315239697695
v 0.0687231495976448 -0.0010049198754131794 -0.007630800828337669
v 0.06980543583631516 -0.0008998233824968338 -0.007632737047970295
v -0.06939449161291122 -0.0003245196712668985 -0.0006983060156926513
v -0.07035177946090698 -0.00020736161968670785 0.04590637981891632
v -0.06912573426961899 0.00008790689753368497 0.052018336951732635
v -0.06912573426961899 0.00008790689753368497 0.052018336951732635
v -0.0700196698307991 0.000305754627333954 0.052090730518102646
v -0.0700196698307991 0.000305754627333954 0.052090730518102646
v -0.06939428299665451 0.0013682956341654062 -0.014390446245670319
v -0.07028506696224213 0.0012373750796541572 -0.04604961723089218
v -0.06906464695930481 0.0005273625138215721 -0.052029337733983994
v -0.06999214738607407 0.0005313417059369385 -0.05201851204037666
v -0.06941267102956772 -0.0002300429332535714 0.05030706152319908
v -0.06941267102956772 -0.0002300429332535714 0.05030706152319908
v -0.07029702514410019 -0.000203926203539595 0.0503084771335125
v -0.06931000202894211 -0.00022492007701657712 -0.050295427441596985
v -0.07024189829826355 -0.00013123700045980513 -0.050300195813179016
v -0.06917129456996918 0.00048631051322445273 0.05162427946925163
v -0.06917129456996918 0.00048631051322445273 0.05162427946925163
v -0.07009722292423248 0.0005771241849288344 0.051650069653987885
v -0.06926298886537552 -0.00010746956104412675 0.05173768103122711
v -0.06926298886537552 -0.00010746956104412675 0.05173768103122711
v -0.07018381357192993 0.000007728260243311524 0.051722344011068344
v -0.06930055469274521 0.0012005793396383524 -0.05028041452169418
v -0.07023143768310547 0.001123327761888504 -0.050286028534173965
v -0.06928718835115433 0.0009090655948966742 0.0502510666847229
v -0.07022096961736679 0.0009612444555386901 0.05027260258793831
v -0.06916891038417816 0.00011317974713165313 -0.051683370023965836
v -0.06916891038417816 0.00011317974713165313 -0.051683370023965836
v -0.07009677588939667 0.00016458428581245244 -0.05168424919247627
v -0.06916390359401703 0.0009433679515495896 -0.051691845059394836
v -0.07009226828813553 0.0008955243974924088 -0.051692698150873184
v -0.06934551149606705 0.0013709398917853832 0.04588712006807327
v -0.07032502442598343 0.0012579653412103653 -0.0007019340991973877
v -0.06939361244440079 0.001368099357932806 -0.005828469060361385
v -0.07032547891139984 0.0012583155184984207 -0.009428521618247032
v -0.06936816871166229 -0.00033080970752052963 -0.04605816677212715
v -0.07038413733243942 -0.0003016180999111384 -0.014391379430890083
v -0.06936544179916382 -0.00016962210065685213 -0.00742435222491622
v -0.07030335813760757 -0.00005202597822062671 -0.007426335942000151
v -0.06942006200551987 -0.0005906062433496118 -0.007406182587146759
v -0.0703553631901741 -0.0005023203557357192 -0.007410525344312191
v -0.06951458752155304 -0.000987764447927475 -0.007634783163666725
v -0.07044240087270737 -0.0009162962669506669 -0.007641437463462353
v -0.0685720220208168 0.00030781299574300647 0.0512690432369709
v -0.06804317235946655 0.00006738040247000754 0.05059976503252983
v -0.0684216320514679 0.00006962069892324507 -0.0513986311852932
v -0.06776558607816696 0.00004924667882733047 -0.05079228803515434
v 0.06780838966369629 -0.00017235169070772827 -0.050162527710199356
v 0.0672677606344223 -0.0002615188423078507 -0.0496135875582695
v 0.06770611554384232 0.0011108843609690666 -0.05159460008144379
v 0.06770611554384232 0.0011108843609690666 -0.05159460008144379
v 0.06707293540239334 0.0011706644436344504 -0.0509694442152977
v 0.06707293540239334 0.0011706644436344504 -0.0509694442152977
v 0.06776481866836548 0.0015109812375158072 0.05019500479102135
v 0.0672159194946289 0.001544662518426776 0.04964306578040123
v 0.06768499314785004 0.00017588197079021484 0.051588743925094604
v 0.06768499314785004 0.00017588197079021484 0.051588743925094604
v 0.06705982238054276 0.0001521751837572083 0.05095292627811432
v 0.06705982238054276 0.0001521751837572083 0.05095292627811432
v -0.06858713924884796 -0.0002739577030297369 -0.0074235559441149235
v -0.0680350512266159 -0.00031576500623486936 -0.007421375717967749
v -0.06864292174577713 -0.000698068062774837 -0.007406164892017841
v -0.06809242069721222 -0.0007652242202311754 -0.0074025047942996025
v -0.06875494867563248 -0.001061777351424098 -0.00762863177806139
v -0.06822457164525986 -0.0011311059352010489 -0.0076255155727267265
v -0.06879212707281113 -0.00047967801219783723 0.045623812824487686
v -0.06806643307209015 -0.0004330146766733378 -0.0007447053212672472
v -0.06853943318128586 -0.0001336405985057354 0.05167483538389206
v -0.06785916537046432 -0.00032385726808570325 0.05103294923901558
v -0.06785916537046432 -0.00032385726808570325 0.05103294923901558
v -0.06785916537046432 -0.00032385726808570325 0.05103294923901558
v -0.06861146539449692 0.0014152680523693562 -0.045749273151159286
v -0.06806736439466476 0.0014683161862194538 -0.014307450503110886
v -0.06830737739801407 0.0005169623182155192 -0.051748570054769516
v -0.06830737739801407 0.0005169623182155192 -0.051748570054769516
v -0.06758152693510056 0.0005035880021750927 -0.051131151616573334
v -0.06878036260604858 -0.00047035186435095966 0.050012946128845215
v -0.06822644174098969 -0.0005926740122959018 0.049483608454465866
v -0.06822644174098969 -0.0005926740122959018 0.049483608454465866
v -0.06856689602136612 -0.00020097041851840913 -0.04997274652123451
v -0.0679839700460434 -0.00023443190730176866 -0.04944232478737831
v -0.06860149651765823 -0.00041296539711765945 0.05146380513906479
v -0.06796455383300781 -0.0005488627357408404 0.05084751546382904
v -0.06858434528112411 0.0012196097522974014 -0.049959298223257065
v -0.06800149381160736 0.001259339856915176 -0.04943106323480606
v -0.06859681010246277 0.0008341531502082944 0.049904704093933105
v -0.06859681010246277 0.0008341531502082944 0.049904704093933105
v -0.06810078024864197 0.0006351738702505827 0.04932257533073425
v -0.06844474375247955 0.00091226224321872 -0.05137697234749794
v -0.0677822157740593 0.0009663200471550226 -0.05077710375189781
v -0.06861627846956253 0.0014373587910085917 -0.0007161948597058654
v -0.06799449771642685 0.0013436281587928534 0.04510285705327988
v -0.0686163455247879 0.0014374458696693182 -0.009417662397027016
v -0.06806761771440506 0.0014682563487440348 -0.00581967132166028
v -0.06867735087871552 -0.0005198136204853654 -0.014355167746543884
v -0.06806397438049316 -0.0003985761140938848 -0.04530307650566101
v 0.06784403324127197 -0.0003573918656911701 -0.04592940956354141
v 0.06734468787908554 -0.0004071169241797179 -0.014317421242594719
v 0.06764905899763107 0.0006275310297496617 -0.05190064385533333
v 0.06697408109903336 0.0006464826874434948 -0.051225196570158005
v 0.06778592616319656 0.0014660044107586145 0.04578958824276924
v 0.06727548688650131 0.001460396684706211 -0.0007249512709677219
v 0.06762246787548065 0.000651506707072258 0.05191674083471298
v 0.06695212423801422 0.000662975711748004 0.05123620107769966
v 0.06775765120983124 -0.0002706233353819698 0.0501973032951355
v 0.06720814108848572 -0.0002957788237836212 0.049647007137537
v 0.06769755482673645 0.00015074660768732429 -0.05157877504825592
v 0.06769755482673645 0.00015074660768732429 -0.05157877504825592
v 0.06708446890115738 0.00014124200970400125 -0.05093085765838623
v 0.06708446890115738 0.00014124200970400125 -0.05093085765838623
v 0.06780803948640823 0.0014153227675706148 -0.05016835406422615
v 0.0672612413764 0.0014450703747570515 -0.04961685836315155
v 0.06767994910478592 0.0011353688314557076 0.05160395801067352
v 0.06767994910478592 0.0011353688314557076 0.05160395801067352
v 0.06705029308795929 0.0011793584562838078 0.050972502678632736
v 0.06705029308795929 0.0011793584562838078 0.050972502678632736
v 0.0678417831659317 -0.00039579762960784137 -0.0007002705242484808
v 0.06727692484855652 -0.0004210234328638762 0.04531554505228996
v 0.06779102981090546 0.0014403266832232475 -0.005813086871057749
v 0.06727655231952667 0.0014582709409296513 -0.00939767062664032
v 0.06781306862831116 0.0014213845133781433 -0.014358147978782654
v 0.06731534749269485 0.0014755118172615767 -0.04545702412724495
v 0.06780257821083069 -0.00024755645426921546 -0.007417456712573767
v 0.06729036569595337 -0.0002807257405947894 -0.007414891850203276
v 0.06786061078310013 -0.000657547963783145 -0.007397604174911976
v 0.06735341250896454 -0.0006913428660482168 -0.007395200431346893
v 0.06793230772018433 -0.0010114142205566168 -0.007626274600625038
v 0.06743267923593521 -0.001033199019730091 -0.007622133009135723
v 0.04898683354258537 0.016223732382059097 -0.03180880844593048
v 0.048934340476989746 0.016153957694768906 -0.027205899357795715
v 0.04887006804347038 0.01608865335583687 -0.02260151319205761
v 0.04880969226360321 0.01605953276157379 -0.018003225326538086
v 0.048667073249816895 0.015797581523656845 -0.013446137309074402
v 0.056443773210048676 0.011020703241229057 -0.01882479153573513
v 0.056443773210048676 0.011020703241229057 -0.01882479153573513
v 0.056524328887462616 0.011096182279288769 -0.02397903986275196
v 0.056524328887462616 0.011096182279288769 -0.02397903986275196
v 0.05657133460044861 0.01114300824701786 -0.02913413941860199
v 0.05657133460044861 0.01114300824701786 -0.02913413941860199
v 0.056592974811792374 0.011167631484568119 -0.03428879380226135
v 0.056592974811792374 0.011167631484568119 -0.03428879380226135
v 0.056607652455568314 0.011186323128640652 -0.039442725479602814
v 0.056607652455568314 0.011186323128640652 -0.039442725479602814
v -0.05736016482114792 0.011130920611321926 -0.018871881067752838
v -0.05736016482114792 0.011130920611321926 -0.018871881067752838
v -0.05736037716269493 0.011126788333058357 -0.02402329631149769
v -0.05736037716269493 0.011126788333058357 -0.02402329631149769
v -0.05736501142382622 0.011125853285193443 -0.02917492389678955
v -0.05736501142382622 0.011125853285193443 -0.02917492389678955
v -0.05737064406275749 0.011124096810817719 -0.03432676941156387
v -0.05737064406275749 0.011124096810817719 -0.03432676941156387
v -0.05738215520977974 0.011127767153084278 -0.03947855532169342
v -0.05738215520977974 0.011127767153084278 -0.03947855532169342
v -0.06437595188617706 0.0028572205919772387 -0.03691132739186287
v -0.06437595188617706 0.0028572205919772387 -0.03691132739186287
v -0.06436087191104889 0.0028506871312856674 -0.031192803755402565
v -0.06436087191104889 0.0028506871312856674 -0.031192803755402565
v -0.06435978412628174 0.002854652237147093 -0.025473998859524727
v -0.06435978412628174 0.002854652237147093 -0.025473998859524727
v -0.06436039507389069 0.0028594317846000195 -0.01975546032190323
v -0.06436039507389069 0.0028594317846000195 -0.01975546032190323
v -0.06436191499233246 0.0028647335711866617 -0.014036968350410461
v -0.06436191499233246 0.0028647335711866617 -0.014036968350410461
v 0.0567944273352623 -0.010140014812350273 -0.018892591819167137
v 0.0567944273352623 -0.010140014812350273 -0.018892591819167137
v 0.056755587458610535 -0.010096962563693523 -0.024041933938860893
v 0.056755587458610535 -0.010096962563693523 -0.024041933938860893
v 0.05669303610920906 -0.010018691420555115 -0.02918962948024273
v 0.05669303610920906 -0.010018691420555115 -0.02918962948024273
v 0.056690994650125504 -0.009993241168558598 -0.034338295459747314
v 0.056690994650125504 -0.009993241168558598 -0.034338295459747314
v 0.05670063942670822 -0.009978478774428368 -0.039487503468990326
v 0.05670063942670822 -0.009978478774428368 -0.039487503468990326
v 0.06373400241136551 -0.0017721850890666246 -0.03691139444708824
v 0.06373400241136551 -0.0017721850890666246 -0.03691139444708824
v 0.06378259509801865 -0.0018388873431831598 -0.031194284558296204
v 0.06378259509801865 -0.0018388873431831598 -0.031194284558296204
v 0.06377032399177551 -0.001847931882366538 -0.025478003546595573
v 0.06377032399177551 -0.001847931882366538 -0.025478003546595573
v 0.06374427676200867 -0.001837387913838029 -0.01975933462381363
v 0.06374427676200867 -0.001837387913838029 -0.01975933462381363
v 0.06378807127475739 -0.0018956854473799467 -0.014039894565939903
v 0.06378807127475739 -0.0018956854473799467 -0.014039894565939903
v -0.04984031617641449 0.016315478831529617 -0.03185233101248741
v -0.04983771592378616 0.01632251963019371 -0.027243012562394142
v -0.0498306043446064 0.016320068389177322 -0.022632893174886703
v -0.04981869086623192 0.016306806355714798 -0.01802278310060501
v -0.04980307072401047 0.016283880919218063 -0.013413861393928528
v 0.049182675778865814 -0.015175608918070793 -0.018032358959317207
v 0.04917941614985466 -0.015184354968369007 -0.02264307253062725
v 0.04917540401220322 -0.015184975229203701 -0.027253199368715286
v 0.04917015880346298 -0.01516186073422432 -0.03186311945319176
v 0.04916660115122795 -0.015136397443711758 -0.03647169843316078
v -0.06444526463747025 -0.0020243930630385876 -0.0197642520070076
v -0.06444526463747025 -0.0020243930630385876 -0.0197642520070076
v -0.0644279271364212 -0.001983041176572442 -0.025483930483460426
v -0.0644279271364212 -0.001983041176572442 -0.025483930483460426
v -0.06441143155097961 -0.00194449070841074 -0.03120347671210766
v -0.06441143155097961 -0.00194449070841074 -0.03120347671210766
v -0.06439609825611115 -0.0019091640133410692 -0.03692327439785004
v -0.06439609825611115 -0.0019091640133410692 -0.03692327439785004
v -0.06438589841127396 -0.0018796285148710012 -0.04264329746365547
v -0.06438589841127396 -0.0018796285148710012 -0.04264329746365547
v -0.05736155807971954 -0.010071112774312496 -0.03435476869344711
v -0.05736155807971954 -0.010071112774312496 -0.03435476869344711
v -0.05736304819583893 -0.010090810246765614 -0.029202880337834358
v -0.05736304819583893 -0.010090810246765614 -0.029202880337834358
v -0.05736639350652695 -0.010113252326846123 -0.024051483720541
v -0.05736639350652695 -0.010113252326846123 -0.024051483720541
v -0.057383131235837936 -0.01014947984367609 -0.018901070579886436
v -0.057383131235837936 -0.01014947984367609 -0.018901070579886436
v -0.05742186680436134 -0.010208271443843842 -0.013751581311225891
v -0.05742186680436134 -0.010208271443843842 -0.013751581311225891
v 0.06371154636144638 0.002995576709508896 -0.019736556336283684
v 0.06371154636144638 0.002995576709508896 -0.019736556336283684
v 0.06369127333164215 0.002984880469739437 -0.025459622964262962
v 0.06369127333164215 0.002984880469739437 -0.025459622964262962
v 0.06371212005615234 0.0030111991800367832 -0.031182780861854553
v 0.06371212005615234 0.0030111991800367832 -0.031182780861854553
v 0.06374923139810562 0.0030515806283801794 -0.03690556436777115
v 0.06374923139810562 0.0030515806283801794 -0.03690556436777115
v 0.06379354745149612 0.0030980403535068035 -0.042628441005945206
v 0.06379354745149612 0.0030980403535068035 -0.042628441005945206
v -0.049803558737039566 -0.01514234859496355 -0.018065232783555984
v -0.04980231821537018 -0.015057122334837914 -0.022688468918204308
v -0.04980041831731796 -0.01496600080281496 -0.02730976603925228
v -0.04979933798313141 -0.014873153530061245 -0.031930264085531235
v -0.049797672778367996 -0.014777769334614277 -0.036550458520650864
v -0.06896644085645676 0.00153740169480443 -0.039688754826784134
v -0.0689745619893074 0.0015207333490252495 -0.03336209058761597
v -0.06897906213998795 0.0015086180064827204 -0.02703585848212242
v -0.0689791738986969 0.0015095439739525318 -0.020710447803139687
v -0.06898143887519836 0.0015071984380483627 -0.014384571462869644
v -0.06903082132339478 -0.0005635126726701856 -0.020714186131954193
v -0.0690213292837143 -0.0005434053018689156 -0.027042074128985405
v -0.0690096989274025 -0.0005330696003511548 -0.033370304852724075
v -0.06899264454841614 -0.0005287283565849066 -0.039698582142591476
v -0.06896072626113892 -0.0004878424515482038 -0.04602677375078201
v 0.06819897145032883 -0.00048813651665113866 -0.039853088557720184
v 0.06820553541183472 -0.0004872930876445025 -0.03348875790834427
v 0.06820867210626602 -0.0004791376122739166 -0.027124786749482155
v 0.06820856779813766 -0.0004684044688474387 -0.020761089399456978
v 0.06820879131555557 -0.0004738650459330529 -0.014397744089365005
v 0.06818220019340515 0.0014944297727197409 -0.020753713324666023
v 0.06818324327468872 0.0014955336228013039 -0.02711913175880909
v 0.06818129122257233 0.0014872970059514046 -0.033484261482954025
v 0.06817985326051712 0.001488058129325509 -0.039849087595939636
v 0.06818258762359619 0.0015206353273242712 -0.046213600784540176
v 0.07607579231262207 0.00041895921458490193 -0.03988325223326683
v 0.07607579231262207 0.00041895921458490193 -0.03988325223326683
v 0.07607579231262207 0.00041895921458490193 -0.03988325223326683
v 0.07608255743980408 0.0004205013101454824 -0.03351226821541786
v 0.07608738541603088 0.0004231808998156339 -0.027141660451889038
v 0.07608989626169205 0.0004411210538819432 -0.020770952105522156
v 0.076088085770607 0.00045959523413330317 -0.014399411156773567
v 0.07608627527952194 0.0004213870270177722 -0.020768890157341957
v 0.07608627527952194 0.0004213870270177722 -0.020768890157341957
v 0.07608406245708466 0.00042157885036431253 -0.027139633893966675
v 0.07608406245708466 0.00042157885036431253 -0.027139633893966675
v 0.07608406245708466 0.00042157885036431253 -0.027139633893966675
v 0.07608167082071304 0.0004217885434627533 -0.033510494977235794
v 0.07608167082071304 0.0004217885434627533 -0.033510494977235794
v 0.07608167082071304 0.0004217885434627533 -0.033510494977235794
v 0.07607776671648026 0.00042253072024323046 -0.03988141939043999
v 0.07607776671648026 0.00042253072024323046 -0.03988141939043999
v 0.07607776671648026 0.00042253072024323046 -0.03988141939043999
v 0.07607177644968033 0.0004202896379865706 -0.04625207558274269
v -0.076013945043087 0.0005147563060745597 -0.03975040093064308
v -0.07603655010461807 0.0005642829928547144 -0.033422429114580154
v -0.07604935765266418 0.0005658752052113414 -0.027093026787042618
v -0.07604935765266418 0.0005658752052113414 -0.027093026787042618
v -0.07604935765266418 0.0005658752052113414 -0.027093026787042618
v -0.07604280114173889 0.0005688308738172054 -0.020763074979186058
v -0.07604280114173889 0.0005688308738172054 -0.020763074979186058
v -0.07604280114173889 0.0005688308738172054 -0.020763074979186058
v -0.07605600357055664 0.0005634535336866975 -0.014421429485082626
v -0.07605600357055664 0.0005634535336866975 -0.014421429485082626
v -0.07611692696809769 0.0005687313969247043 -0.02075354754924774
v -0.07609859853982925 0.0005642937030643225 -0.02708333358168602
v -0.07607020437717438 0.0005617697024717927 -0.033415716141462326
v -0.07607020437717438 0.0005617697024717927 -0.033415716141462326
v -0.07607020437717438 0.0005617697024717927 -0.033415716141462326
v -0.07604371756315231 0.0005657203146256506 -0.03974743187427521
v -0.07602059096097946 0.000560432905331254 -0.0460791289806366
v 0.07410047948360443 0.00022744917077943683 -0.039881203323602676
v 0.07410047948360443 0.00022744917077943683 -0.039881203323602676
v 0.07410047948360443 0.00022744917077943683 -0.039881203323602676
v 0.07410047948360443 0.00022744917077943683 -0.039881203323602676
v 0.07410736382007599 0.00022819322475697845 -0.0335104763507843
v 0.07410736382007599 0.00022819322475697845 -0.0335104763507843
v 0.07411260902881622 0.00022681959671899676 -0.027140000835061073
v 0.07411698997020721 0.00022560765501111746 -0.02076982706785202
v 0.07412302494049072 0.00018767670553643256 -0.014400433748960495
v 0.07216475903987885 0.00004190910840407014 -0.0398792065680027
v 0.07217168807983398 0.00004288859781809151 -0.033508557826280594
v 0.07217679917812347 0.00004354718839749694 -0.027138058096170425
v 0.07218150049448013 0.000038493977626785636 -0.020767660811543465
v 0.07218954712152481 -0.000009415496606379747 -0.014398008584976196
v 0.07017777860164642 -0.00026648640050552785 -0.02077120915055275
v 0.0701749250292778 -0.0002743929799180478 -0.02714131772518158
v 0.07017061859369278 -0.00028065938386134803 -0.033511705696582794
v 0.07016371190547943 -0.0002811351732816547 -0.03988233953714371
v 0.0701509565114975 -0.00025400935555808246 -0.04625321179628372
v 0.0741112008690834 0.0006633048178628087 -0.020767947658896446
v 0.07410898804664612 0.0006640595383942127 -0.027138609439134598
v 0.07410644739866257 0.0006632673903368413 -0.03350929543375969
v 0.07410644739866257 0.0006632673903368413 -0.03350929543375969
v 0.07410252094268799 0.0006633384618908167 -0.039879895746707916
v 0.07410252094268799 0.0006633384618908167 -0.039879895746707916
v 0.07410252094268799 0.0006633384618908167 -0.039879895746707916
v 0.07410252094268799 0.0006633384618908167 -0.039879895746707916
v 0.07409678399562836 0.0006631083670072258 -0.04625030234456062
v 0.07217646390199661 0.0009061624296009541 -0.020767442882061005
v 0.07217426598072052 0.0009068130748346448 -0.027137750759720802
v 0.0721714049577713 0.0009036771953105927 -0.033508218824863434
v 0.07216716557741165 0.0009009623900055885 -0.03987868130207062
v 0.072161965072155 0.0009047080529853702 -0.04624892398715019
v 0.07016219198703766 0.0012487450148910284 -0.03988036885857582
v 0.07016485929489136 0.0012436110991984606 -0.03350942209362984
v 0.07016655057668686 0.0012415630044415593 -0.02713843621313572
v 0.07016703486442566 0.0012355083599686623 -0.020767398178577423
v 0.07016710937023163 0.0012346943840384483 -0.01439639925956726
v -0.07424293458461761 0.0007181147811934352 -0.03974302113056183
v -0.07426625490188599 0.0007739389548078179 -0.033414434641599655
v -0.07427925616502762 0.0007750566001050174 -0.027086196467280388
v -0.07427925616502762 0.0007750566001050174 -0.027086196467280388
v -0.07427925616502762 0.0007750566001050174 -0.027086196467280388
v -0.07427925616502762 0.0007750566001050174 -0.027086196467280388
v -0.07427357882261276 0.0007773509132675827 -0.020759217441082
v -0.07427357882261276 0.0007773509132675827 -0.020759217441082
v -0.07427357882261276 0.0007773509132675827 -0.020759217441082
v -0.07427357882261276 0.0007773509132675827 -0.020759217441082
v -0.07428599894046783 0.0007723566377535462 -0.01442149467766285
v -0.07428599894046783 0.0007723566377535462 -0.01442149467766285
v -0.07428599894046783 0.0007723566377535462 -0.01442149467766285
v -0.07428599894046783 0.0007723566377535462 -0.01442149467766285
v -0.07251757383346558 0.0009615543531253934 -0.039734918624162674
v -0.07253512740135193 0.0009722447721287608 -0.03340538218617439
v -0.07254919409751892 0.0009783566929399967 -0.027076909318566322
v -0.0725448727607727 0.0009810775518417358 -0.020750345662236214
v -0.0725448727607727 0.0009810775518417358 -0.020750345662236214
v -0.0725448727607727 0.0009810775518417358 -0.020750345662236214
v -0.0725448727607727 0.0009810775518417358 -0.020750345662236214
v -0.07255570590496063 0.0009769184980541468 -0.014415495097637177
v -0.07255570590496063 0.0009769184980541468 -0.014415495097637177
v -0.07255570590496063 0.0009769184980541468 -0.014415495097637177
v -0.07075147330760956 0.0013045615050941706 -0.020733606070280075
v -0.07075291872024536 0.0013031926937401295 -0.02706369012594223
v -0.07074197381734848 0.0013125569093972445 -0.0333944708108902
v -0.07072688639163971 0.0013275647070258856 -0.03972569853067398
v -0.0707072839140892 0.001330879982560873 -0.04605723172426224
v -0.07434473186731339 0.00031677694641985 -0.02075386978685856
v -0.074327252805233 0.000315622630296275 -0.027082353830337524
v -0.07429973036050797 0.0003179089108016342 -0.03341223672032356
v -0.07427416741847992 0.00031987775582820177 -0.039743829518556595
v -0.07425228506326675 0.00031098630279302597 -0.04607579484581947
v -0.07261085510253906 0.00006787717575207353 -0.020748410373926163
v -0.07259450107812881 0.0000719394301995635 -0.02707921341061592
v -0.07256853580474854 0.00007918474148027599 -0.03340945765376091
v -0.07254455983638763 0.0000765993318054825 -0.03974049910902977
v -0.07252326607704163 0.00006894086254760623 -0.04607230797410011
v -0.07075607031583786 -0.00031146881519816816 -0.03973822295665741
v -0.0707775428891182 -0.000302150467177853 -0.033405009657144547
v -0.07079596072435379 -0.00029515763162635267 -0.02707095816731453
v -0.07080916315317154 -0.0003049681836273521 -0.020736778154969215
v -0.07081498205661774 -0.0003284108533989638 -0.014400819316506386
v -0.06640635430812836 0.0015378785319626331 -0.020121663808822632
v -0.06640752404928207 0.0015352622140198946 -0.026074929162859917
v -0.06641199439764023 0.001533660339191556 -0.03202805668115616
v -0.06641453504562378 0.0015293194446712732 -0.03798124939203262
v -0.06642017513513565 0.0015226255636662245 -0.043934352695941925
v -0.06771619617938995 0.0016028308309614658 -0.0388617143034935
v -0.06771614402532578 0.0015885189641267061 -0.03271548077464104
v -0.06771369278430939 0.0015822972636669874 -0.026569604873657227
v -0.06771372258663177 0.0015823610592633486 -0.020423611626029015
v -0.06771500408649445 0.0015814686194062233 -0.014277582988142967
v -0.06778015196323395 -0.0006646182155236602 -0.020431339740753174
v -0.06776698678731918 -0.0006379284895956516 -0.026577645912766457
v -0.06775538623332977 -0.0006122889462858438 -0.032724231481552124
v -0.06774269789457321 -0.0005910323234274983 -0.03887102007865906
v -0.0677236020565033 -0.000540053122676909 -0.04501798748970032
v -0.06644119322299957 -0.0005746671231463552 -0.03799137845635414
v -0.06645482033491135 -0.0006049569929018617 -0.03203684836626053
v -0.06646817177534103 -0.0006415990646928549 -0.026082094758749008
v -0.06648356467485428 -0.000678312499076128 -0.020127546042203903
v -0.06650794297456741 -0.0007262194994837046 -0.014173904433846474
v 0.06575438380241394 -0.0005093024810776114 -0.020137902349233627
v 0.06576570123434067 -0.0005125459283590317 -0.026102442294359207
v 0.06577225774526596 -0.0005002762190997601 -0.032066721469163895
v 0.06577108800411224 -0.0005009672604501247 -0.03803093358874321
v 0.06575886905193329 -0.0005219354061409831 -0.04399513825774193
v 0.0670178085565567 -0.0005851449677720666 -0.03897533565759659
v 0.06702364981174469 -0.0005751984426751733 -0.0328039787709713
v 0.06702141463756561 -0.0005596650298684835 -0.026633135974407196
v 0.06701106578111649 -0.000538445427082479 -0.020462583750486374
v 0.06700168550014496 -0.0005293299909681082 -0.014292187988758087
v 0.06697065383195877 0.0015846872702240944 -0.02044820599257946
v 0.06696967035531998 0.0015836537349969149 -0.026621684432029724
v 0.06696724891662598 0.0015747200231999159 -0.03279479965567589
v 0.06696910411119461 0.0015721374657005072 -0.03896789997816086
v 0.06697772443294525 0.0016078681219369173 -0.04514091834425926
v 0.06571891158819199 0.0016258310060948133 -0.038025420159101486
v 0.06571509689092636 0.0016420113388448954 -0.03205796703696251
v 0.06571661680936813 0.0016511892899870872 -0.026090795174241066
v 0.0657198503613472 0.0016429880633950233 -0.020124303176999092
v 0.06572920083999634 0.0016852796543389559 -0.014158787205815315
v -0.06732232123613358 0.0015209356788545847 -0.03859349712729454
v -0.06731951236724854 0.00151208252646029 -0.032506078481674194
v -0.06731487065553665 0.001509582856670022 -0.026418769732117653
v -0.06731341034173965 0.0015100839082151651 -0.020331380888819695
v -0.06731317937374115 0.0015098447911441326 -0.014243889600038528
v -0.06737682968378067 -0.0006102911429479718 -0.02033647894859314
v -0.06736526638269424 -0.0005798659985885024 -0.02642485499382019
v -0.06735562533140182 -0.0005503507563844323 -0.03251336142420769
v -0.06734555959701538 -0.0005231372779235244 -0.038601767271757126
v -0.06733187288045883 -0.0004581728426273912 -0.04468943551182747
v 0.06663253158330917 -0.0004915087483823299 -0.038680654019117355
v 0.06663469225168228 -0.0004906634567305446 -0.03257318586111069
v 0.06662847101688385 -0.0004880274354945868 -0.026465917006134987
v 0.06661640852689743 -0.00046849341015331447 -0.020358888432383537
v 0.06660842150449753 -0.00044568811426870525 -0.01425161398947239
v 0.06657415628433228 0.0015285129193216562 -0.020346496254205704
v 0.06657271087169647 0.0015448967460542917 -0.026455312967300415
v 0.06657176464796066 0.0015367697924375534 -0.03256424888968468
v 0.06657629460096359 0.0015236374456435442 -0.038673218339681625
v 0.06658804416656494 0.0015437090769410133 -0.0447826161980629
v 0.07065344601869583 -0.00012182630598545074 -0.020767074078321457
v 0.07064983248710632 -0.00012691860320046544 -0.027137521654367447
v 0.0706450417637825 -0.00013128441059961915 -0.033507924526929855
v 0.07063788920640945 -0.00013066979590803385 -0.03987850248813629
v 0.07062679529190063 -0.00010868854587897658 -0.0462491512298584
v 0.07063952833414078 0.0011063329875469208 -0.03987821936607361
v 0.07064317166805267 0.0011050368193536997 -0.033507831394672394
v 0.07064579427242279 0.0011064137797802687 -0.02713744156062603
v 0.07064802944660187 0.0011067150626331568 -0.020767180249094963
v 0.07064943760633469 0.0011096022790297866 -0.014396939426660538
v -0.07119906693696976 0.001157363411039114 -0.020739464089274406
v -0.07120171934366226 0.0011562295258045197 -0.027068041265010834
v -0.07118825614452362 0.001157656079158187 -0.03339782729744911
v -0.0711749792098999 0.0011774450540542603 -0.0397280715405941
v -0.071161650121212 0.0012007707264274359 -0.046058423817157745
v -0.0711987316608429 -0.0001430180564057082 -0.039737917482852936
v -0.07122065126895905 -0.00013372531975619495 -0.03340601176023483
v -0.07124403119087219 -0.00013815448619425297 -0.027073582634329796
v -0.07125842571258545 -0.00014607011689804494 -0.02073984034359455
v -0.07126150280237198 -0.0001697218685876578 -0.01440109871327877
v 0.06864150613546371 -0.0003144733782391995 -0.02076626941561699
v 0.06864035874605179 -0.0003208552661817521 -0.027136875316500664
v 0.06863710284233093 -0.000327621673932299 -0.03350738808512688
v 0.06863047182559967 -0.000327324349200353 -0.03987789899110794
v 0.06861983239650726 -0.0002989223867189139 -0.04624837264418602
v 0.06971198320388794 -0.00020975302322767675 -0.03987865895032883
v 0.0697186142206192 -0.0002105782914441079 -0.033507876098155975
v 0.06972232460975647 -0.00020789154223166406 -0.027137044817209244
v 0.06972429901361465 -0.00020621108706109226 -0.02076619304716587
v 0.06972838938236237 -0.00021896939142607152 -0.014395149424672127
v 0.06862077116966248 0.001350451959297061 -0.03987681493163109
v 0.06862322986125946 0.0013540610671043396 -0.03350608050823212
v 0.06862509250640869 0.001363064395263791 -0.027135422453284264
v 0.0686248168349266 0.0013651952613145113 -0.02076468989253044
v 0.06862133741378784 0.0013565393164753914 -0.014393726363778114
v 0.06970901787281036 0.0012208472471684217 -0.020765772089362144
v 0.06970899552106857 0.0012174933217465878 -0.02713640034198761
v 0.0697077214717865 0.0012136695440858603 -0.033507104963064194
v 0.0697055384516716 0.0012133283307775855 -0.039877865463495255
v 0.06970430910587311 0.0012304901611059904 -0.04624859616160393
v -0.06939119100570679 0.0013694604858756065 -0.020722821354866028
v -0.06939170509576797 0.0013686302118003368 -0.027052683755755424
v -0.06938111037015915 0.0013637340161949396 -0.033383533358573914
v -0.06936746090650558 0.0013658588286489248 -0.039714712649583817
v -0.06935624033212662 0.0013444903306663036 -0.04604567214846611
v -0.07029865682125092 0.0012665553949773312 -0.039719220250844955
v -0.07031259685754776 0.0012597719905897975 -0.03338832035660744
v -0.07032273709774017 0.001258554751984775 -0.02705744281411171
v -0.07032161951065063 0.0012606719974428415 -0.020727742463350296
v -0.07032574713230133 0.0012586248340085149 -0.014394855126738548
v -0.06939766556024551 -0.000366014166502282 -0.03972487151622772
v -0.06941733509302139 -0.00037718735984526575 -0.03339081630110741
v -0.06943205744028091 -0.00039553476381115615 -0.02705634944140911
v -0.0694422647356987 -0.00041398880421184003 -0.02072240225970745
v -0.06945082545280457 -0.0004333866236265749 -0.014387162402272224
v -0.07037629932165146 -0.0002762555086519569 -0.020727025344967842
v -0.07036473602056503 -0.00026245435583405197 -0.027061138302087784
v -0.07034871727228165 -0.00024468169431202114 -0.033395931124687195
v -0.07032891362905502 -0.000240860361373052 -0.03973015770316124
v -0.07030172646045685 -0.00022637596703134477 -0.04606363922357559
v -0.06860923022031784 0.0014519065152853727 -0.039471548050642014
v -0.06861446052789688 0.0014414757024496794 -0.03319242224097252
v -0.06861606985330582 0.0014377175830304623 -0.026912951841950417
v -0.06861532479524612 0.0014385951217263937 -0.020633883774280548
v -0.06861624121665955 0.001437686150893569 -0.014355231076478958
v -0.06806575506925583 0.001468875678256154 -0.02050497755408287
v -0.06806549429893494 0.001468568341806531 -0.026702523231506348
v -0.06806345283985138 0.0014627387281507254 -0.032899949699640274
v -0.06805836409330368 0.0014633575920015574 -0.03909711167216301
v -0.06806156039237976 0.0014334928710013628 -0.045293744653463364
v -0.0686655044555664 -0.0005031782202422619 -0.0206356979906559
v -0.06865748763084412 -0.000482044619275257 -0.026916628703475
v -0.06864900887012482 -0.0004588680749293417 -0.03319787606596947
v -0.0686374232172966 -0.00043561725760810077 -0.03947901725769043
v -0.0686132088303566 -0.0003750726755242795 -0.04575943201780319
v -0.06808976083993912 -0.000470120896352455 -0.03910510241985321
v -0.0681038573384285 -0.0004963683895766735 -0.032906047999858856
v -0.06811538338661194 -0.0005221111932769418 -0.026706749573349953
v -0.06812653690576553 -0.000544030568562448 -0.020507754758000374
v -0.06814304739236832 -0.0005644983612000942 -0.01430877111852169
v 0.06785323470830917 -0.00038128902087919414 -0.03961712867021561
v 0.06785910576581955 -0.0003796018136199564 -0.03330397605895996
v 0.06786003708839417 -0.0003768383467104286 -0.026990627869963646
v 0.06785668432712555 -0.00037564357626251876 -0.02067726105451584
v 0.06785524636507034 -0.00038514737389050424 -0.01436379924416542
v 0.06734615564346313 -0.00039575304253958166 -0.020546432584524155
v 0.06734982877969742 -0.00040244541014544666 -0.02677486091852188
v 0.0673491433262825 -0.00041206760215573013 -0.0330030582845211
v 0.06734349578619003 -0.0004217935202177614 -0.03923118859529495
v 0.06733544170856476 -0.00042406676220707595 -0.04545946419239044
v 0.06782370060682297 0.0014261407777667046 -0.020672066137194633
v 0.06782525032758713 0.00142969423905015 -0.026985907927155495
v 0.06782418489456177 0.0014209928922355175 -0.03329978138208389
v 0.06782474368810654 0.0014137288089841604 -0.03961390256881714
v 0.06782855093479156 0.0014406959526240826 -0.04592803865671158
v 0.06731238961219788 0.0014537505339831114 -0.039227187633514404
v 0.06731204688549042 0.0014596013352274895 -0.03299751877784729
v 0.0673135444521904 0.0014653848484158516 -0.026768116280436516
v 0.06731244921684265 0.001460233237594366 -0.020538751035928726
v 0.06730104237794876 0.0014381308574229479 -0.014308847486972809
v 0.05243073031306267 0.014079080894589424 -0.015933813527226448
v 0.05253191292285919 0.014200217090547085 -0.020766763016581535
v 0.052592385560274124 0.014254326932132244 -0.02560594119131565
v 0.052672404795885086 0.014344423078000546 -0.035288017243146896
v 0.052643585950136185 0.014310412108898163 -0.03044641762971878
v -0.061288852244615555 0.0066753169521689415 -0.038474392145872116
v -0.061271943151950836 0.006667297333478928 -0.03301208093762398
v -0.061267562210559845 0.006669183727353811 -0.02754984237253666
v -0.06127125397324562 0.006680791266262531 -0.016625352203845978
v -0.06126781180500984 0.006673912052065134 -0.022087551653385162
v 0.06059630215167999 -0.005531779490411282 -0.038477204740047455
v 0.0606052465736866 -0.005563683342188597 -0.03301667049527168
v 0.06062008813023567 -0.005600685253739357 -0.027557101100683212
v 0.06070039048790932 -0.0056939502246677876 -0.016642015427350998
v 0.06062095984816551 -0.005616406444460154 -0.022098256275057793
v -0.04666345193982124 0.01696053519845009 -0.015637151896953583
v -0.04667910933494568 0.01698433607816696 -0.0201695766299963
v -0.04668768122792244 0.016985349357128143 -0.024702105671167374
v 0.04587024822831154 0.016948699951171875 -0.03372763469815254
v 0.04582943022251129 0.016887117177248 -0.02920197695493698
v -0.053454454988241196 0.014339039102196693 -0.015965983271598816
v -0.05346091464161873 0.014343486167490482 -0.020807107910513878
v -0.05346941202878952 0.014348218217492104 -0.025648774579167366
v -0.05348251014947891 0.01434645801782608 -0.035331010818481445
v -0.05347689613699913 0.01434952300041914 -0.0304905716329813
v 0.05286866053938866 -0.013303115963935852 -0.01597924903035164
v 0.05285489559173584 -0.013296511024236679 -0.020821761339902878
v 0.05284277722239494 -0.013285588473081589 -0.025663496926426888
v 0.052805762737989426 -0.01320009957998991 -0.035345256328582764
v 0.052814919501543045 -0.013234029524028301 -0.030504999682307243
v -0.06128441542387009 -0.0056914277374744415 -0.03848910704255104
v -0.061286553740501404 -0.005706533789634705 -0.033027004450559616
v -0.061295054852962494 -0.005728850141167641 -0.027565322816371918
v -0.061331942677497864 -0.005796270444989204 -0.016644058749079704
v -0.061306584626436234 -0.005755408201366663 -0.022104114294052124
v 0.06059309095144272 0.006808063946664333 -0.03845087066292763
v 0.06055648252367973 0.006768784951418638 -0.03298608586192131
v 0.060517728328704834 0.006727933418005705 -0.027521364390850067
v 0.060467179864645004 0.0066737462766468525 -0.01659398339688778
v 0.060465969145298004 0.006676157936453819 -0.02205713838338852
v -0.04664531722664833 -0.015403772704303265 -0.033855337649583817
v -0.046644747257232666 -0.01549824234098196 -0.02931133471429348
v -0.046644795686006546 -0.015595338307321072 -0.024767110124230385
v 0.04603307694196701 -0.01579125225543976 -0.01564306579530239
v 0.04602952301502228 -0.015797264873981476 -0.020176367834210396
v -0.05347199738025665 -0.013308766297996044 -0.015999745577573776
v -0.053463488817214966 -0.013249618001282215 -0.02084810845553875
v -0.05345817655324936 -0.013190408237278461 -0.025695709511637688
v -0.05345635861158371 -0.013079673051834106 -0.03539051488041878
v -0.053456611931324005 -0.013134308159351349 -0.030543126165866852
v -0.0669298991560936 0.0015051104128360748 -0.04134119302034378
v -0.06692622601985931 0.0015118718147277832 -0.03531237691640854
v -0.06692110747098923 0.0015100024174898863 -0.029283585026860237
v -0.06691865622997284 0.0015128874219954014 -0.017225507646799088
v -0.06691907346248627 0.0015115134883672 -0.02325456030666828
v -0.06694508343935013 -0.0005138521082699299 -0.041350651532411575
v -0.06695766001939774 -0.0005498799728229642 -0.03532080724835396
v -0.06696706265211105 -0.0005779744824394584 -0.029290372505784035
v -0.06699515134096146 -0.0006457067793235183 -0.017230117693543434
v -0.06698094308376312 -0.0006124250357970595 -0.023260213434696198
v 0.06625322252511978 -0.00048375336336903274 -0.04142017662525177
v 0.06625943630933762 -0.00047666727914474905 -0.03537502512335777
v 0.06625696271657944 -0.00048195288400165737 -0.02932983636856079
v 0.06623523682355881 -0.00045701776980422437 -0.017239462584257126
v 0.06624676287174225 -0.00048174962284974754 -0.023284805938601494
v 0.0662066712975502 0.001552799018099904 -0.04141455516219139
v 0.06619909405708313 0.0015628531109541655 -0.03536713123321533
v 0.0661977231502533 0.0015773428604006767 -0.029319943860173225
v 0.06619901210069656 0.0015443332958966494 -0.017226196825504303
v 0.06619969010353088 0.0015730841550976038 -0.02327299863100052
v 0.07131540775299072 -0.000049812719225883484 -0.01758144050836563
v 0.07131078839302063 -0.00003918679431080818 -0.02395196631550789
v 0.0713062435388565 -0.00004130942397750914 -0.030322495847940445
v 0.07129193842411041 -0.00003906965139321983 -0.043063703924417496
v 0.07130052149295807 -0.000042983272578567266 -0.036693014204502106
v 0.07129622250795364 0.0010090305004268885 -0.04306327924132347
v 0.07130135595798492 0.0010102392407134175 -0.03669297695159912
v 0.071304552257061 0.0010124936234205961 -0.030322615057229996
v 0.07130908966064453 0.0010127878049388528 -0.017582224681973457
v 0.07130727171897888 0.0010160233359783888 -0.023952312767505646
v -0.07178381085395813 0.0010695548262447119 -0.017578620463609695
v -0.07178007811307907 0.0010701201390475035 -0.02390877716243267
v -0.0717775896191597 0.0010663578286767006 -0.030236350372433662
v -0.07175057381391525 0.0011026316788047552 -0.04289601370692253
v -0.07176213711500168 0.0010717177065089345 -0.03656601533293724
v -0.07176804542541504 -0.00003486027708277106 -0.04290471598505974
v -0.07179062068462372 -0.0000326473091263324 -0.03657311573624611
v -0.07181549817323685 -0.00003249861765652895 -0.03024197369813919
v -0.07184267789125443 -0.000048910616897046566 -0.017574969679117203
v -0.07183803617954254 -0.00003966927761211991 -0.02391035109758377
v 0.07510486245155334 0.0003321735712233931 -0.017585530877113342
v 0.07510232925415039 0.0003244144609197974 -0.023955725133419037
v 0.07509767264127731 0.0003234673640690744 -0.03032614290714264
v 0.07508388161659241 0.0003223372041247785 -0.043067701160907745
v 0.07509218901395798 0.00032326902146451175 -0.03669675439596176
v 0.07509218901395798 0.00032326902146451175 -0.03669675439596176
v 0.07509218901395798 0.00032326902146451175 -0.03669675439596176
v 0.07509218901395798 0.00032326902146451175 -0.03669675439596176
v 0.07313168048858643 0.00012116564903408289 -0.017583902925252914
v 0.07312726229429245 0.00013088193372823298 -0.023953838273882866
v 0.0731223076581955 0.00013365820632316172 -0.030324233695864677
v 0.07310836762189865 0.00013301291619427502 -0.04306556656956673
v 0.07311664521694183 0.00013282158761285245 -0.036694783717393875
v 0.07311664521694183 0.00013282158761285245 -0.036694783717393875
v 0.07311664521694183 0.00013282158761285245 -0.036694783717393875
v 0.07311664521694183 0.00013282158761285245 -0.036694783717393875
v 0.0691634938120842 -0.00022948274272494018 -0.04306258261203766
v 0.06917200982570648 -0.00023941180552355945 -0.03669212758541107
v 0.0691770538687706 -0.00023694484843872488 -0.03032149188220501
v 0.06918215751647949 -0.00024162521003745496 -0.01757965423166752
v 0.06917966157197952 -0.00023394901654683053 -0.023950675502419472
v 0.07508730888366699 0.0005424711853265762 -0.0430658794939518
v 0.07508730888366699 0.0005424711853265762 -0.0430658794939518
v 0.07508730888366699 0.0005424711853265762 -0.0430658794939518
v 0.07508730888366699 0.0005424711853265762 -0.0430658794939518
v 0.07509265840053558 0.0005430473829619586 -0.036695294082164764
v 0.07509265840053558 0.0005430473829619586 -0.036695294082164764
v 0.07509265840053558 0.0005430473829619586 -0.036695294082164764
v 0.07509265840053558 0.0005430473829619586 -0.036695294082164764
v 0.07509531080722809 0.0005422950489446521 -0.030324509367346764
v 0.07509531080722809 0.0005422950489446521 -0.030324509367346764
v 0.07509531080722809 0.0005422950489446521 -0.030324509367346764
v 0.07509531080722809 0.0005422950489446521 -0.030324509367346764
v 0.07510017603635788 0.0005417076754383743 -0.017583006992936134
v 0.07509759068489075 0.0005423420225270092 -0.023953748866915703
v 0.07509759068489075 0.0005423420225270092 -0.023953748866915703
v 0.07509759068489075 0.0005423420225270092 -0.023953748866915703
v 0.07311217486858368 0.0007840361213311553 -0.043064408004283905
v 0.07311735302209854 0.0007846391526982188 -0.036694034934043884
v 0.07312043011188507 0.0007863149512559175 -0.030323445796966553
v 0.07312493026256561 0.0007839607424102724 -0.01758255995810032
v 0.07312290370464325 0.0007877853931859136 -0.02395286224782467
v 0.06916487216949463 0.0012811294291168451 -0.017579855397343636
v 0.06916654855012894 0.0012845799792557955 -0.02395038492977619
v 0.06916507333517075 0.0012737340293824673 -0.0303209088742733
v 0.06916030496358871 0.0012673265300691128 -0.04306231439113617
v 0.06916294991970062 0.001267111743800342 -0.036691609770059586
v -0.07516203075647354 0.000671195040922612 -0.017593607306480408
v -0.07516203075647354 0.000671195040922612 -0.017593607306480408
v -0.07516203075647354 0.000671195040922612 -0.017593607306480408
v -0.07516203075647354 0.000671195040922612 -0.017593607306480408
v -0.07516203075647354 0.000671195040922612 -0.017593607306480408
v -0.07515892386436462 0.0006727846339344978 -0.023927418515086174
v -0.07515892386436462 0.0006727846339344978 -0.023927418515086174
v -0.07515892386436462 0.0006727846339344978 -0.023927418515086174
v -0.07515892386436462 0.0006727846339344978 -0.023927418515086174
v -0.07515892386436462 0.0006727846339344978 -0.023927418515086174
v -0.07515891641378403 0.0006684018298983574 -0.030254177749156952
v -0.07511642575263977 0.0005886958097107708 -0.042911872267723083
v -0.07514640688896179 0.00070137158036232 -0.03658318519592285
v -0.07339321076869965 0.0008796739857643843 -0.017588069662451744
v -0.07339321076869965 0.0008796739857643843 -0.017588069662451744
v -0.07338979840278625 0.0008812047308310866 -0.023919422179460526
v -0.07338979840278625 0.0008812047308310866 -0.023919422179460526
v -0.07338979840278625 0.0008812047308310866 -0.023919422179460526
v -0.07338979840278625 0.0008812047308310866 -0.023919422179460526
v -0.07338979840278625 0.0008812047308310866 -0.023919422179460526
v -0.07338869571685791 0.0008773853769525886 -0.030245622619986534
v -0.07335496693849564 0.0008620881708338857 -0.042904000729322433
v -0.07337266951799393 0.0008770672138780355 -0.03657451272010803
v -0.0698237195611 0.0012765631545335054 -0.04288160800933838
v -0.06983735412359238 0.0012902622111141682 -0.036550913006067276
v -0.06985229253768921 0.0012927674688398838 -0.03021997958421707
v -0.06985675543546677 0.00129554676823318 -0.017558930441737175
v -0.069854237139225 0.0012960786698386073 -0.023889834061264992
v -0.07514695823192596 0.0004429384716786444 -0.042911551892757416
v -0.07517188042402267 0.00043961245683021843 -0.036579687148332596
v -0.07517188042402267 0.00043961245683021843 -0.036579687148332596
v -0.07517188042402267 0.00043961245683021843 -0.036579687148332596
v -0.07519904524087906 0.00043851969530805945 -0.03024788200855255
v -0.07523038983345032 0.00043329328764230013 -0.017587540671229362
v -0.07522549480199814 0.0004425366350915283 -0.023918097838759422
v -0.07337790727615356 0.0001957958156708628 -0.042908016592264175
v -0.07340171188116074 0.00019547939882613719 -0.036576393991708755
v -0.07342828065156937 0.0001916645560413599 -0.03024599514901638
v -0.07345757633447647 0.00018169971008319408 -0.01758345402777195
v -0.07345299422740936 0.00019108026754111052 -0.02391669526696205
v -0.06990879774093628 -0.0003344799333717674 -0.017555996775627136
v -0.06990323960781097 -0.00031934920116327703 -0.02389034815132618
v -0.06988845020532608 -0.0002995957329403609 -0.030225105583667755
v -0.06984717398881912 -0.00026458813226781785 -0.04289340600371361
v -0.06987064331769943 -0.0002801733498927206 -0.03655959293246269
v -0.06582482159137726 0.0015525901690125465 -0.0405159518122673
v -0.06582144647836685 0.0015599587932229042 -0.03464995324611664
v -0.06581665575504303 0.001562296412885189 -0.028784308582544327
v -0.06581477075815201 0.001568318111822009 -0.01705220155417919
v -0.06581491976976395 0.0015646799001842737 -0.022918229922652245
v -0.06834015250205994 0.0014347336255013943 -0.017450103536248207
v -0.06833929568529129 0.0014350004494190216 -0.02368798293173313
v -0.06834012269973755 0.0014343487564474344 -0.02992650307714939
v -0.06833349168300629 0.0014193805400282145 -0.04240186884999275
v -0.06833530217409134 0.0014318125322461128 -0.03616464138031006
v -0.0683518797159195 -0.0004006911476608366 -0.042410481721162796
v -0.06836957484483719 -0.000445834913989529 -0.03617098182439804
v -0.06837782263755798 -0.00047202673158608377 -0.029930708929896355
v -0.06839859485626221 -0.0005116893444210291 -0.017450736835598946
v -0.0683901309967041 -0.0004956634948030114 -0.02369055524468422
v -0.06591150164604187 -0.0007616410730406642 -0.017058083787560463
v -0.06589221954345703 -0.0007157624932006001 -0.022925706580281258
v -0.06587439775466919 -0.0006734872004017234 -0.028793122619390488
v -0.06584341078996658 -0.0006000333232805133 -0.040527861565351486
v -0.06586002558469772 -0.0006376543315127492 -0.03466072306036949
v 0.06520254164934158 -0.0005120413843542337 -0.040539540350437164
v 0.0652070939540863 -0.0005275879520922899 -0.03466986492276192
v 0.0652042031288147 -0.0005415786290541291 -0.028799474239349365
v 0.06518512964248657 -0.0005558104021474719 -0.017057575285434723
v 0.06519421935081482 -0.0005529329646378756 -0.022929079830646515
v 0.06759878247976303 -0.0003632747975643724 -0.01747516542673111
v 0.06760221719741821 -0.0003578525211196393 -0.023746348917484283
v 0.06760347634553909 -0.00036040713894180954 -0.030017279088497162
v 0.06759166717529297 -0.00036652651033364236 -0.042558155953884125
v 0.06759960204362869 -0.00036605491186492145 -0.03628796339035034
v 0.0675683245062828 0.0014161032158881426 -0.042555999010801315
v 0.06756666302680969 0.0014180452562868595 -0.03628404811024666
v 0.067567378282547 0.0014268271625041962 -0.030012400820851326
v 0.06756260991096497 0.001416216604411602 -0.017469516023993492
v 0.06756851077079773 0.0014327275566756725 -0.023740965873003006
v 0.06515863537788391 0.0017053026240319014 -0.017042657360434532
v 0.06515592336654663 0.0017218117136508226 -0.022915370762348175
v 0.06515362113714218 0.0017254296690225601 -0.028789129108190536
v 0.06516803056001663 0.0017414975445717573 -0.04053867235779762
v 0.0651572048664093 0.0017298029270023108 -0.034663841128349304
v -0.06755364686250687 0.001553284004330635 -0.01732533611357212
v -0.06755330413579941 0.0015535957645624876 -0.023447999730706215
v -0.06755459308624268 0.0015538712032139301 -0.02957058511674404
v -0.06755950301885605 0.0015675709582865238 -0.04181612282991409
v -0.06755755841732025 0.0015686789993196726 -0.035693224519491196
v -0.06757698953151703 -0.0005424421979114413 -0.04182502627372742
v -0.06759006530046463 -0.0005754237063229084 -0.03570164740085602
v -0.06759839504957199 -0.0006002465961501002 -0.029578210785984993
v -0.06762504577636719 -0.0006569469114765525 -0.017332026734948158
v -0.06761202961206436 -0.0006285683484748006 -0.0234550591558218
v 0.06684424728155136 -0.0005013125482946634 -0.017348114401102066
v 0.0668555274605751 -0.0005262248450890183 -0.023492809385061264
v 0.06686335802078247 -0.0005432344041764736 -0.029637755826115608
v 0.06685516238212585 -0.0005504540167748928 -0.041928768157958984
v 0.06686272472143173 -0.0005510665941983461 -0.035783104598522186
v 0.0668141096830368 0.0015580437611788511 -0.041921719908714294
v 0.06680759787559509 0.0015526639763265848 -0.03577449172735214
v 0.06680699437856674 0.0015625397209078074 -0.029627440497279167
v 0.06680645048618317 0.0015521980822086334 -0.017332714051008224
v 0.06680943816900253 0.0015708538703620434 -0.023480230942368507
v 0.0703139454126358 -0.00022194450139068067 -0.043066076934337616
v 0.07032269239425659 -0.00022679890389554203 -0.03669533506035805
v 0.07032814621925354 -0.00022354788961820304 -0.030324889346957207
v 0.0703343078494072 -0.00021287400159053504 -0.01758456975221634
v 0.07033171504735947 -0.00021594655117951334 -0.023954670876264572
v 0.07032462954521179 0.001184250577352941 -0.017582101747393608
v 0.07032385468482971 0.0011908258311450481 -0.023952746763825417
v 0.0703219622373581 0.0011907959124073386 -0.030323443934321404
v 0.0703163594007492 0.001200683182105422 -0.04306474328041077
v 0.07031973451375961 0.001193736563436687 -0.036694154143333435
v -0.07087413221597672 0.0012840235140174627 -0.042892277240753174
v -0.07088880985975266 0.001265249215066433 -0.036561425775289536
v -0.07090263068675995 0.0012487673666328192 -0.030230848118662834
v -0.07090885192155838 0.0012464296305552125 -0.017570076510310173
v -0.07090505212545395 0.0012486866908147931 -0.023900747299194336
v -0.07096386700868607 -0.00024805564316920936 -0.017569925636053085
v -0.07095932215452194 -0.00024128923541866243 -0.023905105888843536
v -0.07094047963619232 -0.0002345129323657602 -0.030239522457122803
v -0.07089666277170181 -0.00024521336308680475 -0.04290467128157616
v -0.07091985642910004 -0.0002477708912920207 -0.03657229244709015
v 0.06834928691387177 -0.00042451926856301725 -0.04306604713201523
v 0.06835749745368958 -0.0004319789295550436 -0.0366952009499073
v 0.06836219131946564 -0.0004267230106052011 -0.030324699357151985
v 0.0683630108833313 -0.00041021613287739456 -0.017584115266799927
v 0.06836337596178055 -0.0004162250261288136 -0.023954398930072784
v 0.070017009973526 -0.00024040983407758176 -0.01758391223847866
v 0.07001427561044693 -0.0002442432742100209 -0.02395433746278286
v 0.0700111836194992 -0.0002504412259440869 -0.030324900522828102
v 0.06999717652797699 -0.00024625248624943197 -0.04306638240814209
v 0.07000595331192017 -0.00025284846196882427 -0.036695633083581924
v 0.06833741813898087 0.001435786485671997 -0.01757868379354477
v 0.06834111362695694 0.0014506129082292318 -0.0239501241594553
v 0.06833970546722412 0.0014413350727409124 -0.03032137081027031
v 0.06833713501691818 0.0014451148454099894 -0.0430634431540966
v 0.06833793967962265 0.001437014201655984 -0.03669244050979614
v 0.06999769806861877 0.0012355258222669363 -0.043064817786216736
v 0.07000036537647247 0.0012288033030927181 -0.0366939939558506
v 0.0700022429227829 0.0012266748817637563 -0.03032306209206581
v 0.07000263780355453 0.0012213097652420402 -0.017581280320882797
v 0.07000347226858139 0.0012267881538718939 -0.023952173069119453
v -0.06911362707614899 0.0014714882709085941 -0.04288112372159958
v -0.06912209838628769 0.0014666479546576738 -0.036549072712659836
v -0.06913300603628159 0.0014557379763573408 -0.030217379331588745
v -0.06913655251264572 0.001455062534660101 -0.017555300146341324
v -0.06913450360298157 0.001456142868846655 -0.023886099457740784
v -0.07059147208929062 0.0012844109442085028 -0.01756439171731472
v -0.0705881267786026 0.0012859684647992253 -0.023895515128970146
v -0.07058651745319366 0.0012863304000347853 -0.030226072296500206
v -0.07055661827325821 0.001308534061536193 -0.04288841411471367
v -0.07057175785303116 0.0012988322414457798 -0.036557190120220184
v -0.06918839365243912 -0.0005123706068843603 -0.017555752769112587
v -0.06918246299028397 -0.0004979006480425596 -0.023889582604169846
v -0.06916921585798264 -0.00047796402941457927 -0.030224064365029335
v -0.06913327425718307 -0.00045783593668602407 -0.042892247438430786
v -0.06915649026632309 -0.00047451138379983604 -0.036558300256729126
v -0.07058190554380417 -0.00027857927489094436 -0.04290140047669411
v -0.07060550898313522 -0.0002826349518727511 -0.036567918956279755
v -0.0706244558095932 -0.0002754934539552778 -0.03023374080657959
v -0.0706462487578392 -0.00029702248866669834 -0.017564523965120316
v -0.07064106315374374 -0.00028658154769800603 -0.023898832499980927
v -0.06881824880838394 0.0014828338753432035 -0.01752721332013607
v -0.06881721317768097 0.0014834373723715544 -0.023834917694330215
v -0.0688173919916153 0.001485263928771019 -0.03014376014471054
v -0.06880326569080353 0.0015096096321940422 -0.042761657387018204
v -0.06880970299243927 0.001503176987171173 -0.03645271435379982
v -0.0678694099187851 0.001539196353405714 -0.042050670832395554
v -0.0678691416978836 0.001540875295177102 -0.035881757736206055
v -0.06787075102329254 0.0015352293848991394 -0.029713045805692673
v -0.06787199527025223 0.0015355667565017939 -0.017375336959958076
v -0.06787049025297165 0.0015361011028289795 -0.023544173687696457
v -0.06882204115390778 -0.00047689242637716234 -0.04277096688747406
v -0.06884299218654633 -0.0005009735468775034 -0.03646043688058853
v -0.06885258108377457 -0.0005108468467369676 -0.03014976531267166
v -0.06887034326791763 -0.0005492331692948937 -0.01752948760986328
v -0.06886406987905502 -0.0005326253594830632 -0.023839179426431656
v -0.06794250756502151 -0.0006241868250072002 -0.017380475997924805
v -0.06792974472045898 -0.000602578860707581 -0.02355019934475422
v -0.06791487336158752 -0.0005775497993454337 -0.029719967395067215
v -0.06788884103298187 -0.0005236264551058412 -0.04206012189388275
v -0.06790504604578018 -0.0005546342581510544 -0.03589010611176491
v 0.06804724037647247 -0.000434272427810356 -0.017556698992848396
v 0.06804869323968887 -0.0004389163514133543 -0.023901106789708138
v 0.06804856657981873 -0.0004454829904716462 -0.030245715752243996
v 0.0680365189909935 -0.0004420978657435626 -0.04293536767363548
v 0.06804442405700684 -0.00044895647442899644 -0.03659048676490784
v 0.06716356426477432 -0.0005222657928243279 -0.04218979924917221
v 0.06717096269130707 -0.000514076673425734 -0.0359925851225853
v 0.06717294454574585 -0.000500728259794414 -0.029795801267027855
v 0.06715989857912064 -0.00047440125490538776 -0.01740248128771782
v 0.06716790050268173 -0.0004854356811847538 -0.023599212989211082
v 0.0680203065276146 0.0014668437652289867 -0.04293173924088478
v 0.06801952421665192 0.0014588828198611736 -0.03658631816506386
v 0.0680207684636116 0.0014656407292932272 -0.030240772292017937
v 0.06801681965589523 0.0014555412344634533 -0.017549334093928337
v 0.06802182644605637 0.001473873620852828 -0.02389509044587612
v 0.067121222615242 0.0015176963061094284 -0.01738973893225193
v 0.06712619215250015 0.0015362552367150784 -0.023588774725794792
v 0.06712381541728973 0.0015287550631910563 -0.02978738211095333
v 0.06712783128023148 0.0015319122467190027 -0.04218478873372078
v 0.06712356209754944 0.0015245713293552399 -0.03598599508404732
v 0.04918414354324341 -0.015210083685815334 0.0040401979349553585
v 0.04919053986668587 -0.015212099999189377 0.009389027953147888
v 0.04919545352458954 -0.015215971507132053 0.014737704768776894
v 0.04920017346739769 -0.015218868851661682 0.020086050033569336
v 0.049203500151634216 -0.015220394358038902 0.025434384122490883
v 0.0492054708302021 -0.015219752676784992 0.030782604590058327
v 0.04920659586787224 -0.015215751715004444 0.036130744963884354
v -0.049742452800273895 -0.015540351159870625 0.03074393980205059
v -0.04974532127380371 -0.015464535914361477 0.02539842203259468
v -0.049753520637750626 -0.015400753356516361 0.020055538043379784
v -0.04975512623786926 -0.015336708165705204 0.014714844524860382
v -0.0497540645301342 -0.015262952074408531 0.009374672546982765
v -0.049767717719078064 -0.015240204520523548 0.0040393550880253315
v -0.04976408928632736 -0.015263746492564678 -0.0013092262670397758
v 0.04894978180527687 0.016185976564884186 0.030746659263968468
v 0.04891979694366455 0.016186613589525223 0.025393277406692505
v 0.04888610914349556 0.016175754368305206 0.020039070397615433
v 0.04884329065680504 0.016138877719640732 0.014682503417134285
v 0.048786263912916183 0.016050726175308228 0.009318415075540543
v 0.04862644523382187 0.0157947801053524 0.0039443038403987885
v 0.048471156507730484 0.015499056316912174 -0.001416382030583918
v -0.04980248212814331 0.016271069645881653 0.00403807545080781
v -0.049809589982032776 0.016275260597467422 0.009388495236635208
v -0.049830112606287 0.016225114464759827 0.014753459021449089
v -0.049827639013528824 0.015969689935445786 0.02013610117137432
v -0.0498351976275444 0.015756968408823013 0.025506502017378807
v -0.049836866557598114 0.015547959133982658 0.030867649242281914
v -0.04982973262667656 0.015329587273299694 0.0362207368016243
v -0.057364512234926224 0.01113322377204895 0.004640235565602779
v -0.057364512234926224 0.01113322377204895 0.004640235565602779
v -0.05737483128905296 0.011127017438411713 0.010411776602268219
v -0.05737483128905296 0.011127017438411713 0.010411776602268219
v -0.05745925009250641 0.011070990934967995 0.01619918830692768
v -0.05745925009250641 0.011070990934967995 0.01619918830692768
v -0.057453662157058716 0.01082630641758442 0.021977782249450684
v -0.057453662157058716 0.01082630641758442 0.021977782249450684
v -0.05739941447973251 0.010529209859669209 0.02774096094071865
v -0.05739941447973251 0.010529209859669209 0.02774096094071865
v -0.057321980595588684 0.01024315133690834 0.03349561616778374
v -0.057321980595588684 0.01024315133690834 0.03349561616778374
v -0.05751151591539383 0.010326254181563854 0.03924865275621414
v -0.05751151591539383 0.010326254181563854 0.03924865275621414
v 0.05673136189579964 -0.010068275965750217 0.004643785301595926
v 0.05673136189579964 -0.010068275965750217 0.004643785301595926
v 0.05674849450588226 -0.01008906215429306 0.010406790301203728
v 0.05674849450588226 -0.01008906215429306 0.010406790301203728
v 0.05675793066620827 -0.010099031031131744 0.0161691065877676
v 0.05675793066620827 -0.010099031031131744 0.0161691065877676
v 0.056761857122182846 -0.010100482031702995 0.021931087598204613
v 0.056761857122182846 -0.010100482031702995 0.021931087598204613
v 0.0567631796002388 -0.01009814627468586 0.02769259177148342
v 0.0567631796002388 -0.01009814627468586 0.02769259177148342
v 0.056760288774967194 -0.0100871492177248 0.033457301557064056
v 0.056760288774967194 -0.0100871492177248 0.033457301557064056
v 0.056706834584474564 -0.010013693012297153 0.03922015056014061
v 0.056706834584474564 -0.010013693012297153 0.03922015056014061
v -0.057316504418849945 -0.010076186619699001 0.0046387785114347935
v -0.057316504418849945 -0.010076186619699001 0.0046387785114347935
v -0.057335786521434784 -0.010127997025847435 0.010396672412753105
v -0.057335786521434784 -0.010127997025847435 0.010396672412753105
v -0.05742799490690231 -0.010328481905162334 0.016145816072821617
v -0.05742799490690231 -0.010328481905162334 0.016145816072821617
v -0.057531941682100296 -0.010556510649621487 0.021896706894040108
v -0.057531941682100296 -0.010556510649621487 0.021896706894040108
v -0.05761885270476341 -0.010766460560262203 0.027653979137539864
v -0.05761885270476341 -0.010766460560262203 0.027653979137539864
v -0.0575706847012043 -0.010790007188916206 0.033425990492105484
v -0.0575706847012043 -0.010790007188916206 0.033425990492105484
v -0.057521041482686996 -0.01077216025441885 0.03919343650341034
v -0.057521041482686996 -0.01077216025441885 0.03919343650341034
v -0.0647553876042366 -0.0027044895105063915 0.03627553582191467
v -0.06450986117124557 -0.0024080872535705566 0.030090337619185448
v -0.0644007995724678 -0.002162547316402197 0.02390163391828537
v -0.0644007995724678 -0.002162547316402197 0.02390163391828537
v -0.06435219943523407 -0.00196671555750072 0.01770116575062275
v -0.06435219943523407 -0.00196671555750072 0.01770116575062275
v -0.06436344236135483 -0.001844173762947321 0.011474242433905602
v -0.06436344236135483 -0.001844173762947321 0.011474242433905602
v -0.06436079740524292 -0.001840576296672225 0.00527920899912715
v -0.06436079740524292 -0.001840576296672225 0.00527920899912715
v -0.0643443614244461 -0.0018187854439020157 -0.0009099612943828106
v -0.0643443614244461 -0.0018187854439020157 -0.0009099612943828106
v 0.05634447932243347 0.010931654833257198 0.004615397658199072
v 0.05634447932243347 0.010931654833257198 0.004615397658199072
v 0.05640433356165886 0.0110248988494277 0.010368160903453827
v 0.05640433356165886 0.0110248988494277 0.010368160903453827
v 0.05639847368001938 0.011010568588972092 0.016125960275530815
v 0.05639847368001938 0.011010568588972092 0.016125960275530815
v 0.05641826614737511 0.011012348346412182 0.02188560552895069
v 0.05641826614737511 0.011012348346412182 0.02188560552895069
v 0.05645011365413666 0.011019934900105 0.027645301073789597
v 0.05645011365413666 0.011019934900105 0.027645301073789597
v 0.056488342583179474 0.011029606685042381 0.033403921872377396
v 0.056488342583179474 0.011029606685042381 0.033403921872377396
v 0.05640750005841255 0.010960694402456284 0.03913465514779091
v 0.05640750005841255 0.010960694402456284 0.03913465514779091
v 0.06368578225374222 0.0029765034560114145 0.03621860593557358
v 0.06368578225374222 0.0029765034560114145 0.03621860593557358
v 0.06375013291835785 0.0030454457737505436 0.03002520650625229
v 0.06375013291835785 0.0030454457737505436 0.03002520650625229
v 0.06373374164104462 0.0030529878567904234 0.023839004337787628
v 0.06373374164104462 0.0030529878567904234 0.023839004337787628
v 0.06372051686048508 0.003060351824387908 0.017656054347753525
v 0.06372051686048508 0.003060351824387908 0.017656054347753525
v 0.06374359875917435 0.0030949783977121115 0.011476589366793633
v 0.06374359875917435 0.0030949783977121115 0.011476589366793633
v 0.06376862525939941 0.0030782113317400217 0.005291581153869629
v 0.06376862525939941 0.0030782113317400217 0.005291581153869629
v 0.06379957497119904 0.0030613967683166265 -0.0008998264675028622
v 0.06379957497119904 0.0030613967683166265 -0.0008998264675028622
v -0.06436484307050705 0.002861695596948266 0.005274615250527859
v -0.06436484307050705 0.002861695596948266 0.005274615250527859
v -0.0643668919801712 0.002857455750927329 0.011466236785054207
v -0.0643668919801712 0.002857455750927329 0.011466236785054207
v -0.0643065869808197 0.0025745041202753782 0.01765243522822857
v -0.0643065869808197 0.0025745041202753782 0.01765243522822857
v -0.06431243568658829 0.0023233992978930473 0.023827118799090385
v -0.06431243568658829 0.0023233992978930473 0.023827118799090385
v -0.06433524936437607 0.00208991183899343 0.03000357374548912
v -0.06433524936437607 0.00208991183899343 0.03000357374548912
v -0.06434445083141327 0.0019485531374812126 0.036196015775203705
v -0.06434445083141327 0.0019485531374812126 0.036196015775203705
v -0.06458776444196701 0.0020803939551115036 0.042386528104543686
v 0.06373365968465805 -0.0018179221078753471 0.005288221407681704
v 0.06373365968465805 -0.0018179221078753471 0.005288221407681704
v 0.06373362988233566 -0.0018247468397021294 0.011478694155812263
v 0.06373362988233566 -0.0018247468397021294 0.011478694155812263
v 0.06373048573732376 -0.0018219707999378443 0.017669834196567535
v 0.06373048573732376 -0.0018219707999378443 0.017669834196567535
v 0.06373023241758347 -0.0018188119865953922 0.023861117660999298
v 0.06373023241758347 -0.0018188119865953922 0.023861117660999298
v 0.06373067200183868 -0.0018150454852730036 0.030052535235881805
v 0.06373067200183868 -0.0018150454852730036 0.030052535235881805
v 0.06371691823005676 -0.0017862555105239153 0.03624078258872032
v 0.06371691823005676 -0.0017862555105239153 0.03624078258872032
v 0.06363597512245178 -0.0016913092695176601 0.04242734983563423
v 0.06363597512245178 -0.0016913092695176601 0.04242734983563423
v -0.06909509003162384 -0.0006562848575413227 0.0392332449555397
v -0.06909509003162384 -0.0006562848575413227 0.0392332449555397
v -0.06902913749217987 -0.0006517539732158184 0.03257868066430092
v -0.06898041814565659 -0.0004768049984704703 0.02592315524816513
v -0.06897661089897156 -0.0004683880542870611 0.01926540583372116
v -0.06898204237222672 -0.0004705127503257245 0.012609066441655159
v -0.0689835399389267 -0.0004711822548415512 0.0059546674601733685
v -0.06898270547389984 -0.0004706905165221542 -0.0007000105688348413
v -0.06898118555545807 0.0015083306934684515 0.005954328458756208
v -0.06898081302642822 0.0015084054321050644 0.012608621269464493
v -0.06898365914821625 0.0015097775030881166 0.019268177449703217
v -0.06898245215415955 0.0015006586909294128 0.025925343856215477
v -0.06897390633821487 0.0013375079724937677 0.032580386847257614
v -0.06898443400859833 0.0009151480626314878 0.039220452308654785
v -0.06890926510095596 0.0013902517966926098 0.045849163085222244
v 0.06816837191581726 0.0014673876576125622 0.03939959034323692
v 0.06819352507591248 0.0014904034323990345 0.03271779417991638
v 0.0681888535618782 0.0014923284761607647 0.02603720687329769
v 0.06818225234746933 0.0014911547768861055 0.019357889890670776
v 0.06817375123500824 0.001489515881985426 0.012678660452365875
v 0.06816665083169937 0.0014868888538330793 0.005999081302434206
v 0.06816226989030838 0.0014821495860815048 -0.0006809278856962919
v 0.06820421665906906 -0.00045770916040055454 0.005999458488076925
v 0.06820209324359894 -0.00045656735892407596 0.012680968269705772
v 0.06820175051689148 -0.0004571251047309488 0.01936248503625393
v 0.06820162385702133 -0.00045741008943878114 0.02604406699538231
v 0.0682009905576706 -0.0004577894869726151 0.03272583708167076
v 0.06818050891160965 -0.0004493789456319064 0.039406612515449524
v 0.06815367192029953 -0.0004404827195685357 0.046086691319942474
v 0.07608102262020111 0.00042153740650974214 0.03943769261240959
v 0.07608102262020111 0.00042153740650974214 0.03943769261240959
v 0.07609110325574875 0.00042096542892977595 0.032749250531196594
v 0.07609110325574875 0.00042096542892977595 0.032749250531196594
v 0.07609070837497711 0.00042107183253392577 0.02606329880654812
v 0.07609021663665771 0.00042112107621505857 0.019377347081899643
v 0.0760897845029831 0.0004211574560031295 0.012691488489508629
v 0.07608963549137115 0.0004211912746541202 0.006005834322422743
v 0.07609003782272339 0.0004211923514958471 -0.0006797559326514602
v 0.07609003782272339 0.0004211923514958471 -0.0006797559326514602
v 0.07609345763921738 0.0004213157808408141 0.006005152594298124
v 0.07609294354915619 0.00042126415064558387 0.012691488489508629
v 0.07609294354915619 0.00042126415064558387 0.012691488489508629
v 0.07609294354915619 0.00042126415064558387 0.012691488489508629
v 0.07609309256076813 0.00042081368155777454 0.019377844408154488
v 0.07609313726425171 0.0004208036116324365 0.026063986122608185
v 0.07609309256076813 0.0004208024765830487 0.03275003284215927
v 0.07608442008495331 0.0004206994781270623 0.039437875151634216
v 0.07606346160173416 0.0004293163656257093 0.046125274151563644
v -0.07604322582483292 0.0004115710034966469 0.039249029010534286
v -0.07605399191379547 0.00043035426642745733 0.03259008750319481
v -0.07605404406785965 0.00045416189823299646 0.025933071970939636
v -0.0760539323091507 0.000477914116345346 0.019276250153779984
v -0.07605371624231339 0.0005009023007005453 0.01261972263455391
v -0.07605499774217606 0.0005181963206268847 0.005961654242128134
v -0.07605886459350586 0.0005205278284847736 -0.0006971643888391554
v -0.07605373859405518 0.0005626995698548853 0.0059608886949718
v -0.07605372369289398 0.0005627073114737868 0.012619692832231522
v -0.07605372369289398 0.0005627651698887348 0.01927667111158371
v -0.07605372369289398 0.0005627181380987167 0.025933455675840378
v -0.07605372369289398 0.0005627181380987167 0.025933455675840378
v -0.07605503499507904 0.0005625779158435762 0.032591961324214935
v -0.07605503499507904 0.0005625779158435762 0.032591961324214935
v -0.07605503499507904 0.0005625779158435762 0.032591961324214935
v -0.07604118436574936 0.0005646554054692388 0.03925125300884247
v -0.07601489871740341 0.000560533138923347 0.04590902104973793
v 0.07410556077957153 0.0006637347396463156 0.03943643718957901
v 0.07410556077957153 0.0006637347396463156 0.03943643718957901
v 0.0741162821650505 0.0006618699990212917 0.03274894878268242
v 0.0741162821650505 0.0006618699990212917 0.03274894878268242
v 0.0741162821650505 0.0006618699990212917 0.03274894878268242
v 0.0741162821650505 0.0006618699990212917 0.03274894878268242
v 0.0741162821650505 0.0006618699990212917 0.03274894878268242
v 0.07411588728427887 0.0006619381019845605 0.02606312744319439
v 0.07411588728427887 0.0006619381019845605 0.02606312744319439
v 0.07411512732505798 0.0006620414787903428 0.019377242773771286
v 0.07411512732505798 0.0006620414787903428 0.019377242773771286
v 0.07411512732505798 0.0006620414787903428 0.019377242773771286
v 0.07411512732505798 0.0006620414787903428 0.019377242773771286
v 0.0741138830780983 0.0006621477077715099 0.012691380456089973
v 0.0741138830780983 0.0006621477077715099 0.012691380456089973
v 0.0741138830780983 0.0006621477077715099 0.012691380456089973
v 0.07411278039216995 0.0006621625507250428 0.006005673203617334
v 0.07411278039216995 0.0006621625507250428 0.006005673203617334
v 0.07411278039216995 0.0006621625507250428 0.006005673203617334
v 0.07411278039216995 0.0006621625507250428 0.006005673203617334
v 0.07411278039216995 0.0006621625507250428 0.006005673203617334
v 0.07411261647939682 0.0006623995723202825 -0.0006798862013965845
v 0.07411261647939682 0.0006623995723202825 -0.0006798862013965845
v 0.07411261647939682 0.0006623995723202825 -0.0006798862013965845
v 0.07216911017894745 0.0008980768034234643 0.03943527489900589
v 0.0721810832619667 0.0008981791324913502 0.03274862468242645
v 0.0721810832619667 0.0008981791324913502 0.03274862468242645
v 0.0721810832619667 0.0008981791324913502 0.03274862468242645
v 0.07218066602945328 0.0008982932195067406 0.026062874123454094
v 0.07218066602945328 0.0008982932195067406 0.026062874123454094
v 0.07218066602945328 0.0008982932195067406 0.026062874123454094
v 0.07217954844236374 0.0008985296590253711 0.01937711238861084
v 0.07217954844236374 0.0008985296590253711 0.01937711238861084
v 0.07217954844236374 0.0008985296590253711 0.01937711238861084
v 0.07217733561992645 0.0008991720387712121 0.012691482901573181
v 0.07217733561992645 0.0008991720387712121 0.012691482901573181
v 0.07217733561992645 0.0008991720387712121 0.012691482901573181
v 0.07217733561992645 0.0008991720387712121 0.012691482901573181
v 0.07217511534690857 0.0008999452693387866 0.006005919072777033
v 0.07217511534690857 0.0008999452693387866 0.006005919072777033
v 0.07217385619878769 0.0009006633190438151 -0.0006797072710469365
v 0.07217385619878769 0.0009006633190438151 -0.0006797072710469365
v 0.07016775012016296 0.0012541452888399363 0.006007334217429161
v 0.07017107307910919 0.00125459348782897 0.0126932542771101
v 0.07017438113689423 0.0012548503000289202 0.019379010424017906
v 0.07017695158720016 0.001254862523637712 0.02606462500989437
v 0.0701780766248703 0.0012548083905130625 0.03275013342499733
v 0.07015694677829742 0.001212964067235589 0.03943547233939171
v 0.07013985514640808 0.0012486791238188744 0.04612100496888161
v 0.07411859184503555 0.00022616320347879082 0.006005303468555212
v 0.07411813735961914 0.00022906862432137132 0.012691324576735497
v 0.07411813735961914 0.00022906862432137132 0.012691324576735497
v 0.07411813735961914 0.00022906862432137132 0.012691324576735497
v 0.07411813735961914 0.00022906862432137132 0.012691324576735497
v 0.07411813735961914 0.00022906862432137132 0.012691324576735497
v 0.0741179808974266 0.000229071534704417 0.019377563148736954
v 0.0741179808974266 0.000229071534704417 0.019377563148736954
v 0.07411794364452362 0.00022902354248799384 0.026063842698931694
v 0.07411789894104004 0.00022902907221578062 0.0327499583363533
v 0.07411789894104004 0.00022902907221578062 0.0327499583363533
v 0.07411003112792969 0.00022354260727297515 0.039435114711523056
v 0.07408633083105087 0.00026076860376633704 0.04611983895301819
v 0.07218340784311295 0.00003837954136542976 0.006005326751619577
v 0.07218308001756668 0.0000411942892242223 0.012691356241703033
v 0.07218308001756668 0.0000411942892242223 0.012691356241703033
v 0.07218283414840698 0.00004126739804632962 0.019377361983060837
v 0.07218267023563385 0.00004120339872315526 0.026063553988933563
v 0.07218257337808609 0.000041147228330373764 0.03274985030293465
v 0.07218257337808609 0.000041147228330373764 0.03274985030293465
v 0.07217644155025482 0.000017647776985540986 0.03943445906043053
v 0.07215546071529388 0.00003294588532298803 0.046118102967739105
v 0.07016520202159882 -0.00025806724443100393 0.03943784907460213
v 0.07017835974693298 -0.00026664286269806325 0.03275211155414581
v 0.07017869502305984 -0.00026671853265725076 0.02606557123363018
v 0.07017920166254044 -0.0002670052635949105 0.019378988072276115
v 0.07017938047647476 -0.0002675252908375114 0.012692425400018692
v 0.07017973065376282 -0.00027011436759494245 0.006005690898746252
v 0.07017458230257034 -0.00027321858215145767 -0.0006816779496148229
v -0.07427303493022919 0.00021628815738949925 0.03924797475337982
v -0.07428394258022308 0.00023205718025565147 0.03258977830410004
v -0.0742834135890007 0.00025043683126568794 0.025932924821972847
v -0.07428332418203354 0.00026856287149712443 0.01927613466978073
v -0.0742826983332634 0.00028780108550563455 0.012619325891137123
v -0.07428338378667831 0.00030835194047540426 0.005961042363196611
v -0.07428468763828278 0.00033040426205843687 -0.0006974149728193879
v -0.07254201173782349 0.000029615301173180342 0.03924678638577461
v -0.07255362719297409 0.000035790668334811926 0.03258936107158661
v -0.07255247980356216 0.00005112946382723749 0.025932757183909416
v -0.07255228608846664 0.00006301363464444876 0.019275857135653496
v -0.07255188375711441 0.0000758678070269525 0.012618811801075935
v -0.07255291193723679 0.00009153957944363356 0.005960378330200911
v -0.07255256175994873 0.00011795609316322953 -0.000697799667250365
v -0.07075773179531097 -0.0002533723309170455 0.005960376467555761
v -0.07075516134500504 -0.00025696909870021045 0.012619789689779282
v -0.07075438648462296 -0.00026233200333081186 0.01927773840725422
v -0.07075472176074982 -0.00026848280685953796 0.025935551151633263
v -0.07076822221279144 -0.00031903732451610267 0.03259260952472687
v -0.07077056169509888 -0.0003611565043684095 0.03925054147839546
v -0.07075797766447067 -0.00035646636388264596 0.04590917006134987
v -0.07428351044654846 0.0007716932450421154 0.005957698915153742
v -0.07428329437971115 0.0007717255502939224 0.012618368491530418
v -0.07428322732448578 0.0007717640255577862 0.01927640661597252
v -0.07428322732448578 0.0007717640255577862 0.01927640661597252
v -0.07428322732448578 0.0007717433618381619 0.02593350037932396
v -0.07428322732448578 0.0007717433618381619 0.02593350037932396
v -0.07428472489118576 0.0007728347554802895 0.032590482383966446
v -0.07427109777927399 0.0007743879687041044 0.0392465703189373
v -0.07424142956733704 0.0007399215828627348 0.045901987701654434
v -0.07255315035581589 0.0009759855456650257 0.005956317763775587
v -0.07255271822214127 0.0009760370012372732 0.012616859748959541
v -0.07255271822214127 0.0009760370012372732 0.012616859748959541
v -0.07255249470472336 0.0009760810062289238 0.019275831058621407
v -0.07255245745182037 0.0009760778630152345 0.025933479890227318
v -0.07255245745182037 0.0009760778630152345 0.025933479890227318
v -0.07255245745182037 0.0009760778630152345 0.025933479890227318
v -0.07255341112613678 0.0009737421059980989 0.032590191811323166
v -0.07254096120595932 0.000979582080617547 0.03924497589468956
v -0.07251475006341934 0.000973920919932425 0.045897774398326874
v -0.07074694335460663 0.0012692107120528817 0.03924788162112236
v -0.07075626403093338 0.0012840726412832737 0.03259405866265297
v -0.07075565308332443 0.0013023242354393005 0.025937890633940697
v -0.07075516134500504 0.0013011442497372627 0.019278809428215027
v -0.07075535506010056 0.0013014418072998524 0.012617722153663635
v -0.0707557201385498 0.00130131421610713 0.005957663059234619
v -0.07075658440589905 0.0013009804533794522 -0.0007022663485258818
v -0.06640593707561493 -0.0005096710519865155 0.005542812868952751
v -0.06640607863664627 -0.0005098540568724275 0.011911924928426743
v -0.06637796759605408 -0.0005690688267350197 0.018313216045498848
v -0.06639565527439117 -0.0007396711735054851 0.024700572714209557
v -0.06649073958396912 -0.0010252590291202068 0.031069839373230934
v -0.06668967753648758 -0.0012710066512227058 0.03742837533354759
v -0.06687517464160919 -0.0014451546594500542 0.04378959909081459
v -0.06796534359455109 -0.0009303197730332613 0.038359135389328
v -0.06796534359455109 -0.0009303197730332613 0.038359135389328
v -0.06780526041984558 -0.0008744294755160809 0.03184698149561882
v -0.06770934909582138 -0.0006041266024112701 0.025331009179353714
v -0.0676942765712738 -0.000535588595084846 0.018803641200065613
v -0.06771498918533325 -0.0005449351156130433 0.01227230578660965
v -0.0677158460021019 -0.0005452290643006563 0.005755209363996983
v -0.06771323084831238 -0.0005450602620840073 -0.0007622768171131611
v -0.06771468371152878 0.001581854885444045 0.005753937643021345
v -0.06771422177553177 0.0015818958636373281 0.01227070577442646
v -0.06772882491350174 0.0015945485793054104 0.0187812652438879
v -0.0677240863442421 0.0015152094420045614 0.025287039577960968
v -0.06774011254310608 0.0011191042140126228 0.031791575253009796
v -0.06771348416805267 0.0008666047360748053 0.038304779678583145
v -0.06763067096471786 0.0013070786371827126 0.044802818447351456
v -0.06642995029687881 0.0007767794886603951 0.03733000159263611
v -0.0664648488163948 0.0008972467621788383 0.030962547287344933
v -0.06644193828105927 0.0012570950202643871 0.024608684703707695
v -0.06643015891313553 0.0014483153354376554 0.0182567797601223
v -0.06640954315662384 0.0015381528064608574 0.011907622218132019
v -0.06640853732824326 0.0015390063636004925 0.005537408869713545
v -0.06640753149986267 0.0015398492105305195 -0.0008325549424625933
v 0.06571982055902481 0.0016921537462621927 0.005573139060288668
v 0.06570000946521759 0.0016901504714041948 0.011945534497499466
v 0.06569387763738632 0.0016684005968272686 0.01831311546266079
v 0.06570600718259811 0.0016455883160233498 0.024679796770215034
v 0.06571836024522781 0.001623714342713356 0.031049175187945366
v 0.0656895786523819 0.0016119787469506264 0.03743000328540802
v 0.06565453857183456 0.0016190146561712027 0.043813154101371765
v 0.06693828105926514 0.00152238504961133 0.03845052421092987
v 0.06696593016386032 0.001555310795083642 0.03191667050123215
v 0.06695562601089478 0.0015555962454527617 0.02538803033530712
v 0.06694550067186356 0.0015584419015794992 0.018857846036553383
v 0.06693699955940247 0.0015600984916090965 0.012325946241617203
v 0.06693331152200699 0.0015594188589602709 0.005792484153062105
v 0.06693041324615479 0.0015567766968160868 -0.000743247801437974
v 0.0669899433851242 -0.0005375439068302512 0.005787007510662079
v 0.06698806583881378 -0.000536162406206131 0.012321850284934044
v 0.06698644161224365 -0.0005349015118554235 0.01885656639933586
v 0.06698619574308395 -0.0005346180405467749 0.02539152093231678
v 0.0669863149523735 -0.0005351976724341512 0.03192673996090889
v 0.06695687025785446 -0.0005184268811717629 0.03846132382750511
v 0.06692083925008774 -0.000501511269249022 0.0449952557682991
v 0.06570304930210114 -0.00045992559171281755 0.03744557499885559
v 0.06573133170604706 -0.0004915468161925673 0.031070368364453316
v 0.06572990864515305 -0.0004933850141242146 0.02469273842871189
v 0.06572915613651276 -0.0004943743115290999 0.018315261229872704
v 0.06573060154914856 -0.0004942443920299411 0.011938095092773438
v 0.06573224067687988 -0.0004896622849628329 0.0055611347779631615
v 0.0657263919711113 -0.00047800966422073543 -0.0008157981210388243
v -0.06756801158189774 -0.001005464931949973 0.03807554766535759
v -0.06739822775125504 -0.0008908967720344663 0.03161146491765976
v -0.0673002302646637 -0.0006051409291103482 0.025141308084130287
v -0.06728705018758774 -0.000488406396470964 0.018655112013220787
v -0.0673140287399292 -0.0004738097486551851 0.012163311243057251
v -0.0673137977719307 -0.0004744485195260495 0.005691328551620245
v -0.06731029599905014 -0.0004748012579511851 -0.0007812629919499159
v -0.06731415539979935 0.0015102415345609188 0.005688271019607782
v -0.06731496006250381 0.001510225934907794 0.012160390615463257
v -0.0673367977142334 0.001505575841292739 0.01862034574151039
v -0.06733892858028412 0.0014031387399882078 0.025077294558286667
v -0.06736515462398529 0.0009955959394574165 0.03153127431869507
v -0.06732135266065598 0.0008557842811569571 0.03800361230969429
v -0.06724164634943008 0.0012230859138071537 0.04446407034993172
v 0.0665443018078804 0.001501375576481223 0.038131412118673325
v 0.06657183170318604 0.0015159898903220892 0.031645435839891434
v 0.06655820459127426 0.0015240160282701254 0.025168022140860558
v 0.0665459930896759 0.0015329467132687569 0.018690209835767746
v 0.06654129922389984 0.0015424173325300217 0.012211441993713379
v 0.06654871255159378 0.001544892555102706 0.005728804972022772
v 0.06655359268188477 0.0015376934316009283 -0.0007588554290123284
v 0.06659528613090515 -0.0004625593719538301 0.005717081483453512
v 0.06659376621246338 -0.00046462981845252216 0.012202711775898933
v 0.06659266352653503 -0.00046436916454695165 0.01868821308016777
v 0.0665937215089798 -0.00046393866068683565 0.025173839181661606
v 0.06659533083438873 -0.00046368894982151687 0.031659748405218124
v 0.06656575947999954 -0.00045207663788460195 0.038145359605550766
v 0.06652941554784775 -0.0004417198651935905 0.044630829244852066
v 0.07064493745565414 0.0011034791823476553 0.006006523501127958
v 0.07064779102802277 0.0011030081659555435 0.01269218884408474
v 0.07065081596374512 0.0011026498395949602 0.019377784803509712
v 0.07065262645483017 0.0011025122366845608 0.026063337922096252
v 0.07065331935882568 0.0011026307474821806 0.03274891898036003
v 0.07063837349414825 0.0010843800846487284 0.039434053003787994
v 0.0706205815076828 0.001117816660553217 0.046120356768369675
v 0.0706472173333168 -0.00013529093121178448 0.039434611797332764
v 0.07065524160861969 -0.00012601178605109453 0.03274998813867569
v 0.070655457675457 -0.0001259554410353303 0.026063749566674232
v 0.07065568119287491 -0.0001259686250705272 0.01937771402299404
v 0.0706559419631958 -0.0001262995065189898 0.01269153505563736
v 0.07065626233816147 -0.00012934199185110629 0.006005425471812487
v 0.0706513375043869 -0.00013408027007244527 -0.0006810968043282628
v -0.07120548188686371 -0.00010132280294783413 0.00595983536913991
v -0.07120367884635925 -0.00010846424265764654 0.012618623673915863
v -0.07120352238416672 -0.00011557727702893317 0.019276047125458717
v -0.07120389491319656 -0.00012283981777727604 0.025933198630809784
v -0.07120740413665771 -0.00014727210509590805 0.03258974477648735
v -0.07119755446910858 -0.00016077744658105075 0.03924664482474327
v -0.07118558883666992 -0.00015785972937010229 0.04590372368693352
v -0.07118664681911469 0.001101147849112749 0.039246074855327606
v -0.07120200991630554 0.0011269822716712952 0.03259029984474182
v -0.0712040364742279 0.0011542581487447023 0.02593395672738552
v -0.07120412588119507 0.0011541566345840693 0.019275696948170662
v -0.07120444625616074 0.0011541107669472694 0.012616457417607307
v -0.07120496779680252 0.0011540971463546157 0.005956206005066633
v -0.07120603322982788 0.0011540933046489954 -0.000704642035998404
v 0.06861373782157898 0.0013489408884197474 0.0060063740238547325
v 0.06861884891986847 0.0013485136441886425 0.01269070990383625
v 0.06862495094537735 0.0013485085219144821 0.019374996423721313
v 0.06863010674715042 0.0013488749973475933 0.02605917491018772
v 0.06863348186016083 0.0013493327423930168 0.03274347260594368
v 0.06861474364995956 0.0013475310988724232 0.039429519325494766
v 0.06859590113162994 0.0013839774765074253 0.04611603543162346
v 0.06969894468784332 0.0012011261424049735 0.03943194821476936
v 0.06972000747919083 0.0012177866883575916 0.03274557366967201
v 0.06971775740385056 0.0012187185930088162 0.026060905307531357
v 0.06971390545368195 0.0012200337368994951 0.019376300275325775
v 0.06970980763435364 0.0012213231530040503 0.012691576033830643
v 0.06970632821321487 0.001222591265104711 0.006006656214594841
v 0.06970610469579697 0.00122233631554991 -0.0006788704777136445
v 0.06862333416938782 -0.00032295830897055566 0.03943466395139694
v 0.06864051520824432 -0.00032156644738279283 0.03275014087557793
v 0.06864092499017715 -0.00032151382765732706 0.026063913479447365
v 0.06864114105701447 -0.0003211751754861325 0.019377676770091057
v 0.06864091008901596 -0.0003200764476787299 0.012691488489508629
v 0.06864222884178162 -0.0003200851788278669 0.006005547475069761
v 0.06863801926374435 -0.00032753354753367603 -0.0006805489538237453
v 0.06972553580999374 -0.00021643922082148492 0.006004882510751486
v 0.06972473859786987 -0.0002162429445888847 0.012691264972090721
v 0.06972475349903107 -0.00021640057093463838 0.019377630203962326
v 0.06972438097000122 -0.00021633770666085184 0.026063820347189903
v 0.06972400844097137 -0.0002163353783544153 0.03275005891919136
v 0.06970866769552231 -0.0002296681923326105 0.039435748010873795
v 0.06968764215707779 -0.00023894754122011364 0.04612082242965698
v -0.06939509510993958 -0.00032614843803457916 0.0059600831009447575
v -0.06939376890659332 -0.0003280305245425552 0.012618444859981537
v -0.06939120590686798 -0.0003301880497019738 0.01927717588841915
v -0.06939181685447693 -0.0003305813006591052 0.02593620866537094
v -0.06941654533147812 -0.0004514993343036622 0.03259504213929176
v -0.06942464411258698 -0.0003724094422068447 0.039252039045095444
v -0.06944023817777634 -0.00031409013899974525 0.045909784734249115
v -0.06944023817777634 -0.00031409013899974525 0.045909784734249115
v -0.07034853100776672 -0.0002638353907968849 0.03924873471260071
v -0.07033674418926239 -0.0002814320323523134 0.032591309398412704
v -0.07032375037670135 -0.0002242768823634833 0.025934316217899323
v -0.0703231617808342 -0.0002195544948335737 0.019276296719908714
v -0.07032475620508194 -0.0002141643490176648 0.012618541717529297
v -0.07032688707113266 -0.00021134523558430374 0.005959945265203714
v -0.0703275129199028 -0.00021114744595251977 -0.000698945252224803
v -0.06941932439804077 0.0009399206610396504 0.03925028443336487
v -0.06939844787120819 0.0012381020933389664 0.032601498067379
v -0.06939699500799179 0.0013646893203258514 0.025944780558347702
v -0.0693950206041336 0.0013684877194464207 0.019283298403024673
v -0.06939335912466049 0.0013679149560630322 0.012618007138371468
v -0.0693935826420784 0.0013679296243935823 0.005958943627774715
v -0.06939392536878586 0.0013679047115147114 -0.0006996418815106153
v -0.07032463699579239 0.0012579825706779957 0.005958265624940395
v -0.07032454013824463 0.0012580021284520626 0.01261756382882595
v -0.07032481580972672 0.0012581590563058853 0.01928051933646202
v -0.0703260526061058 0.0012560156174004078 0.025940917432308197
v -0.07033462822437286 0.0011887052096426487 0.03259572386741638
v -0.07033947855234146 0.0011266510700806975 0.039248328655958176
v -0.07028457522392273 0.001349311089143157 0.04589610546827316
v -0.06873899698257446 -0.0005687084048986435 0.039006687700748444
v -0.0686594694852829 -0.0006003789603710175 0.03239142522215843
v -0.06861075758934021 -0.0004182447155471891 0.02577180229127407
v -0.0686093121767044 -0.0004003839276265353 0.019145000725984573
v -0.06861796975135803 -0.0003991910198237747 0.01252075843513012
v -0.06861842423677444 -0.0004008235118817538 0.005902369972318411
v -0.06861604005098343 -0.00040408989298157394 -0.000716119073331356
v -0.06806831061840057 -0.00043068345985375345 0.005811595823615789
v -0.06806734949350357 -0.0004303651803638786 0.012367945164442062
v -0.06805405765771866 -0.00043225075933150947 0.018934575840830803
v -0.06805427372455597 -0.00046056750579737127 0.025501452386379242
v -0.06810662150382996 -0.0006583256181329489 0.03205966576933861
v -0.06819471716880798 -0.0006392633076757193 0.038611169904470444
v -0.06819471716880798 -0.0006392633076757193 0.038611169904470444
v -0.06825903058052063 -0.0005959448171779513 0.04516426846385002
v -0.06825903058052063 -0.0005959448171779513 0.04516426846385002
v -0.06861639022827148 0.0014373590238392353 0.005902170669287443
v -0.06861663609743118 0.0014373462181538343 0.012520544230937958
v -0.06862267851829529 0.0014348039403557777 0.019139867275953293
v -0.0686262995004654 0.0014061951078474522 0.025755757465958595
v -0.06863769888877869 0.0012008077464997768 0.03237209469079971
v -0.06862179934978485 0.0008726035011932254 0.038981661200523376
v -0.06854412704706192 0.0013815411366522312 0.04557501897215843
v -0.06807395815849304 0.0008450343739241362 0.03856971114873886
v -0.06810269504785538 0.001096799736842513 0.03201774135231972
v -0.06807661056518555 0.001408884534612298 0.02546839602291584
v -0.06807371228933334 0.0014687776565551758 0.018921006470918655
v -0.06806625425815582 0.0014681846369057894 0.01236729882657528
v -0.06806681305170059 0.0014681618195027113 0.005811078939586878
v -0.06806740909814835 0.0014681527391076088 -0.0007450084667652845
v 0.06780888140201569 0.001411862438544631 0.03914681077003479
v 0.06783424317836761 0.0014282662887126207 0.032503992319107056
v 0.06782657653093338 0.0014277389273047447 0.025862859562039375
v 0.0678168535232544 0.0014286665245890617 0.019222328439354897
v 0.06780613958835602 0.001430360833182931 0.012582952156662941
v 0.0677977204322815 0.0014322665520012379 0.0059430706314742565
v 0.06779193133115768 0.0014321317430585623 -0.0006976851727813482
v 0.06727880984544754 0.0014544068835675716 0.005850893910974264
v 0.06728628277778625 0.0014514254871755838 0.012426501139998436
v 0.06729653477668762 0.0014496052172034979 0.0190025195479393
v 0.06730726361274719 0.0014498154632747173 0.025578346103429794
v 0.06731659919023514 0.001452819211408496 0.032152965664863586
v 0.06729335337877274 0.0014458887744694948 0.03873065859079361
v 0.06726924329996109 0.001489476766437292 0.045308634638786316
v 0.06784657388925552 -0.00038764948840253055 0.005942256655544043
v 0.06784489005804062 -0.00038629185291938484 0.012584742158651352
v 0.06784488260746002 -0.00038640896673314273 0.019227156415581703
v 0.06784544140100479 -0.0003863937163259834 0.025869624689221382
v 0.0678456649184227 -0.00038619243423454463 0.032512057572603226
v 0.06782224774360657 -0.00039479180122725666 0.0391540564596653
v 0.06779340654611588 -0.0003991927660536021 0.045795563608407974
v 0.06730679422616959 -0.00041355143184773624 0.03873823210597038
v 0.06733187288045883 -0.00041863249498419464 0.032161083072423935
v 0.06733212620019913 -0.0004187101440038532 0.025582823902368546
v 0.0673322081565857 -0.0004186784790363163 0.01900467276573181
v 0.06733328104019165 -0.0004193004861008376 0.012426631525158882
v 0.0673355981707573 -0.00042200434836559 0.005848763044923544
v 0.06733128428459167 -0.00042653511627577245 -0.0007291429210454226
v 0.04605960100889206 -0.0158710815012455 0.033046554774045944
v 0.046056896448135376 -0.01586661860346794 0.027757763862609863
v 0.04605356231331825 -0.0158628411591053 0.02246900275349617
v 0.04604960232973099 -0.015861093997955322 0.017180368304252625
v -0.04661739617586136 -0.015901979058980942 0.001311917440034449
v -0.04661578685045242 -0.015877269208431244 0.0065985810942947865
v -0.04659966379404068 -0.01589687168598175 0.011878857389092445
v 0.04549666866660118 0.01661672815680504 0.0012274837354198098
v 0.04560832306742668 0.01677800714969635 0.0065338690765202045
v 0.04569125548005104 0.016850687563419342 0.011841727420687675
v 0.045732531696558 0.01687513291835785 0.01713724434375763
v -0.046714428812265396 0.01611647754907608 0.033107858151197433
v -0.04671567678451538 0.016333583742380142 0.027818096801638603
v -0.04670940339565277 0.01654323935508728 0.022519225254654884
v -0.05345269292593002 0.014334064908325672 0.0015314744086936116
v -0.05345815420150757 0.014335202053189278 0.0070586674846708775
v -0.05347943305969238 0.01431839819997549 0.012599481269717216
v -0.053511764854192734 0.014161339960992336 0.018156345933675766
v -0.05350649729371071 0.013505750335752964 0.03476587310433388
v -0.05349553003907204 0.013681956566870213 0.029235949739813805
v -0.05350827798247337 0.013920195400714874 0.023702610284090042
v 0.05281997472047806 -0.013258999213576317 0.0015331684844568372
v 0.052836209535598755 -0.013275771401822567 0.007060193922370672
v 0.05284598469734192 -0.013287714682519436 0.012587038800120354
v 0.05285337194800377 -0.013294864445924759 0.018113236874341965
v 0.05285746604204178 -0.01328479778021574 0.03469063341617584
v 0.05285784602165222 -0.013293038122355938 0.029164832085371017
v 0.05285683646798134 -0.01329586561769247 0.023639196529984474
v -0.06170494854450226 -0.006565402261912823 0.03797399252653122
v -0.06164835765957832 -0.006461254321038723 0.03197220340371132
v -0.061533186584711075 -0.006236623041331768 0.025974463671445847
v -0.06137925758957863 -0.005962389055639505 0.01998610608279705
v -0.061224475502967834 -0.005619736388325691 0.0019900696352124214
v -0.06125427782535553 -0.0056489380076527596 0.0079930629581213
v -0.06126473844051361 -0.005730842240154743 0.013994861394166946
v 0.06065903976559639 0.006847103126347065 0.03793690726161003
v 0.06065903976559639 0.006847103126347065 0.03793690726161003
v 0.060517314821481705 0.006715609226375818 0.03194553405046463
v 0.060502637177705765 0.006726767867803574 0.025952378287911415
v 0.060495417565107346 0.006740591023117304 0.019961215555667877
v 0.060547929257154465 0.006746373139321804 0.0019967290572822094
v 0.060547929257154465 0.006746373139321804 0.0019967290572822094
v 0.06054045259952545 0.0067879799753427505 0.007986543700098991
v 0.06053246930241585 0.006790896411985159 0.013973215594887733
v -0.053404390811920166 -0.013282887637615204 0.0015299181686714292
v -0.05341967195272446 -0.013303416781127453 0.007051942404359579
v -0.053446877747774124 -0.013415109366178513 0.012567097321152687
v -0.053487587720155716 -0.013562377542257309 0.018082208931446075
v -0.053482986986637115 -0.013791420497000217 0.03465694934129715
v -0.05351646617054939 -0.013784117065370083 0.02912822552025318
v -0.05351455509662628 -0.013691828586161137 0.023602258414030075
v 0.0521727092564106 0.01372026652097702 0.0014664145419374108
v 0.05234023556113243 0.013997302390635014 0.0069900150410830975
v 0.05245048552751541 0.014144507236778736 0.01252276822924614
v 0.05248614028096199 0.014176648110151291 0.018056781962513924
v 0.05260372906923294 0.014239097014069557 0.034632064402103424
v 0.05256674066185951 0.014218393713235855 0.029114438220858574
v 0.05252499505877495 0.014199514873325825 0.023587079718708992
v -0.0612054169178009 0.005703031085431576 0.037978287786245346
v -0.061207566410303116 0.0058138505555689335 0.031983356922864914
v -0.06129109859466553 0.006123687140643597 0.02600165084004402
v -0.06131294369697571 0.006396383512765169 0.02001067064702511
v -0.061273396015167236 0.006680802907794714 0.00198926730081439
v -0.061275284737348557 0.006678720936179161 0.007988696917891502
v -0.061325546354055405 0.006640286184847355 0.014007849618792534
v 0.060638077557086945 -0.005595909431576729 0.0379798598587513
v 0.060661014169454575 -0.0056368461810052395 0.031982190907001495
v 0.06065885350108147 -0.005641432479023933 0.025984298437833786
v 0.06065830960869789 -0.0056442199274897575 0.019987836480140686
v 0.06063065677881241 -0.005610491149127483 0.001997347455471754
v 0.06065162271261215 -0.005636138375848532 0.007994163781404495
v 0.06065724417567253 -0.0056445845402777195 0.013991117477416992
v -0.06727150082588196 -0.0011876532807946205 0.04100395366549492
v -0.06710410118103027 -0.0010768240317702293 0.034583061933517456
v -0.06694788485765457 -0.0007973965257406235 0.028164606541395187
v -0.0668904259800911 -0.0005669631063938141 0.021728243678808212
v -0.06691745668649673 -0.00047921351506374776 0.0024130502715706825
v -0.06691870838403702 -0.00047877695760689676 0.008840516209602356
v -0.06690996885299683 -0.00047972353058867157 0.015281474217772484
v -0.06687820702791214 0.0010736521799117327 0.0409146212041378
v -0.06696128100156784 0.0007977017667144537 0.03449363633990288
v -0.06695936620235443 0.0011566884350031614 0.028075331822037697
v -0.066945381462574 0.0014387520495802164 0.021668076515197754
v -0.06691943109035492 0.0015128680970519781 0.0024087615311145782
v -0.06692039966583252 0.0015127162914723158 0.008836407214403152
v -0.06693471223115921 0.0015131209511309862 0.015257170423865318
v 0.06615647673606873 0.001553656067699194 0.04104655981063843
v 0.0661877766251564 0.001548319822177291 0.0346052311360836
v 0.06619176268577576 0.0015549033414572477 0.028170309960842133
v 0.06618174910545349 0.0015756741631776094 0.021740954369306564
v 0.06619508564472198 0.0016105340328067541 0.0024427343159914017
v 0.0661817193031311 0.0016040110494941473 0.008879736065864563
v 0.0661686435341835 0.0015957038849592209 0.01531178504228592
v 0.06617273390293121 -0.00044319636072032154 0.04105967655777931
v 0.06620665639638901 -0.00045973071246407926 0.03462166339159012
v 0.06621842086315155 -0.00046639409265480936 0.02818356454372406
v 0.06621701270341873 -0.0004667660396080464 0.02174502983689308
v 0.06621794402599335 -0.0004591403703670949 0.0024302261881530285
v 0.06621869653463364 -0.0004653033975046128 0.008868319913744926
v 0.06621673703193665 -0.0004671455535572022 0.015306752175092697
v 0.07130445539951324 0.0010070950957015157 0.002663387916982174
v 0.07130666822195053 0.0010053261648863554 0.009348917752504349
v 0.0713094174861908 0.0010045042727142572 0.01603446528315544
v 0.07131152600049973 0.0010039529297500849 0.0227200910449028
v 0.07128946483135223 0.0010038935579359531 0.04277776926755905
v 0.0713103860616684 0.001007025595754385 0.03609124571084976
v 0.07131239771842957 0.0010038332547992468 0.02940574660897255
v 0.0713009312748909 -0.00008241311297751963 0.042776018381118774
v 0.07131339609622955 -0.0000484822376165539 0.03609226644039154
v 0.07131453603506088 -0.000043078354792669415 0.02940654754638672
v 0.0713147222995758 -0.000042941945139318705 0.022720370441675186
v 0.07131408154964447 -0.00005003504338674247 0.0026621203869581223
v 0.07131527364253998 -0.00004351814277470112 0.009348344057798386
v 0.07131493836641312 -0.00004292061203159392 0.016034400090575218
v -0.07178778946399689 -5.077745299786329e-7 0.002630909439176321
v -0.07178641855716705 -0.00001281281583942473 0.009289387613534927
v -0.07178584486246109 -0.00002321964711882174 0.015947187319397926
v -0.07178624719381332 -0.00003245298285037279 0.02260434627532959
v -0.07176971435546875 -0.00005319924093782902 0.042574722319841385
v -0.07178094983100891 -0.00004471579450182617 0.03591777756810188
v -0.07178682088851929 -0.00004179636016488075 0.029261035844683647
v -0.07177703827619553 0.0011738402536138892 0.0425700917840004
v -0.07177811115980148 0.0010297216940671206 0.03591766580939293
v -0.07178764790296555 0.0010638833045959473 0.02926202304661274
v -0.07178641110658646 0.0010665166191756725 0.022604890167713165
v -0.07178754359483719 0.0010664622532203794 0.00262590404599905
v -0.07178698480129242 0.001066466560587287 0.009286273270845413
v -0.0717865601181984 0.0010664956644177437 0.015946004539728165
v 0.07510154694318771 0.000541621062438935 0.002662896178662777
v 0.07510154694318771 0.000541621062438935 0.002662896178662777
v 0.07510154694318771 0.0005416180356405675 0.009348530322313309
v 0.07510154694318771 0.0005416180356405675 0.009348530322313309
v 0.07510154694318771 0.0005416180356405675 0.009348530322313309
v 0.0751022920012474 0.0005415305495262146 0.01603432185947895
v 0.0751022920012474 0.0005415305495262146 0.01603432185947895
v 0.0751022920012474 0.0005415305495262146 0.01603432185947895
v 0.07510299980640411 0.00054146972252056 0.02272028662264347
v 0.07510299980640411 0.00054146972252056 0.02272028662264347
v 0.07508248835802078 0.0005439898231998086 0.04278162866830826
v 0.07510381937026978 0.0005414105835370719 0.03609209135174751
v 0.07510381937026978 0.0005414105835370719 0.03609209135174751
v 0.07510381937026978 0.0005414105835370719 0.03609209135174751
v 0.07510381937026978 0.0005414105835370719 0.03609209135174751
v 0.07510381937026978 0.0005414105835370719 0.03609209135174751
v 0.07510345429182053 0.0005414241459220648 0.029406214132905006
v 0.07510345429182053 0.0005414241459220648 0.029406214132905006
v 0.07510345429182053 0.0005414241459220648 0.029406214132905006
v 0.07312357425689697 0.0007833095733076334 0.0026629245840013027
v 0.07312357425689697 0.0007833095733076334 0.0026629245840013027
v 0.07312357425689697 0.0007833095733076334 0.0026629245840013027
v 0.07312357425689697 0.0007833095733076334 0.0026629245840013027
v 0.07312484085559845 0.0007832508999854326 0.009348584339022636
v 0.07312484085559845 0.0007832508999854326 0.009348584339022636
v 0.07312484085559845 0.0007832508999854326 0.009348584339022636
v 0.07312484085559845 0.0007832508999854326 0.009348584339022636
v 0.07312680035829544 0.0007829241221770644 0.016034243628382683
v 0.07312680035829544 0.0007829241221770644 0.016034243628382683
v 0.07312680035829544 0.0007829241221770644 0.016034243628382683
v 0.07312680035829544 0.0007829241221770644 0.016034243628382683
v 0.07312813401222229 0.0007826973451301455 0.022720040753483772
v 0.07312813401222229 0.0007826973451301455 0.022720040753483772
v 0.07312813401222229 0.0007826973451301455 0.022720040753483772
v 0.07310765981674194 0.0007925289683043957 0.04277986288070679
v 0.07312788814306259 0.0007836775621399283 0.03609178960323334
v 0.07312788814306259 0.0007836775621399283 0.03609178960323334
v 0.07312788814306259 0.0007836775621399283 0.03609178960323334
v 0.07312788814306259 0.0007836775621399283 0.03609178960323334
v 0.07312871515750885 0.0007825434440746903 0.029405830428004265
v 0.07312871515750885 0.0007825434440746903 0.029405830428004265
v 0.07312871515750885 0.0007825434440746903 0.029405830428004265
v 0.06914611905813217 0.0012751533649861813 0.04277362301945686
v 0.06916791200637817 0.001275079557672143 0.036087099462747574
v 0.06917392462491989 0.001265750266611576 0.02940180152654648
v 0.06917024403810501 0.0012668271083384752 0.02271745726466179
v 0.06915871053934097 0.0012732415925711393 0.0026640063151717186
v 0.06916046142578125 0.0012705549597740173 0.009348735213279724
v 0.0691654235124588 0.0012683200184255838 0.016033070161938667
v 0.07508643716573715 0.0003355787484906614 0.042778994888067245
v 0.0751054659485817 0.0003249104483984411 0.03609302639961243
v 0.0751054659485817 0.0003249104483984411 0.03609302639961243
v 0.0751054659485817 0.0003249104483984411 0.03609302639961243
v 0.07510549575090408 0.0003249148139730096 0.029406961053609848
v 0.07510553300380707 0.00032490314333699644 0.02272084727883339
v 0.07510446757078171 0.00032339218887500465 0.002662037033587694
v 0.0751057118177414 0.00032510526943951845 0.009348252788186073
v 0.07510547339916229 0.0003250583540648222 0.016034534201025963
v 0.07510547339916229 0.0003250583540648222 0.016034534201025963
v 0.07510547339916229 0.0003250583540648222 0.016034534201025963
v 0.07510547339916229 0.0003250583540648222 0.016034534201025963
v 0.0731138214468956 0.0001213961950270459 0.04277675226330757
v 0.07312966138124466 0.0001327109057456255 0.03609279915690422
v 0.07313036918640137 0.00013315168325789273 0.02940683625638485
v 0.07313043624162674 0.00013319443678483367 0.022720566019415855
v 0.07312961667776108 0.0001277414703508839 0.0026620617136359215
v 0.0731310024857521 0.00013227348972577602 0.009348338469862938
v 0.07313060015439987 0.00013315891555976123 0.016034357249736786
v 0.07313060015439987 0.00013315891555976123 0.016034357249736786
v 0.07313060015439987 0.00013315891555976123 0.016034357249736786
v 0.06918182224035263 -0.00025114204618148506 0.002662018407136202
v 0.06918149441480637 -0.0002480297989677638 0.00934801995754242
v 0.06918132305145264 -0.000249511533183977 0.016034206375479698
v 0.06918135285377502 -0.0002499225956853479 0.022720441222190857
v 0.06915577501058578 -0.00027495293761603534 0.04277711734175682
v 0.06917411834001541 -0.00025739087141118944 0.03609209135174751
v 0.06918096542358398 -0.0002500721893738955 0.029406556859612465
v -0.07517044246196747 0.0004213856882415712 0.002632180694490671
v -0.07516813278198242 0.000405894941650331 0.009290674701333046
v -0.07516846060752869 0.0003842604055535048 0.01594783551990986
v -0.07516872882843018 0.0003629668499343097 0.022604743018746376
v -0.07515043020248413 0.00032075366470962763 0.04257766902446747
v -0.07516403496265411 0.000320950523018837 0.035919297486543655
v -0.07516870647668839 0.00034174975007772446 0.029261328279972076
v -0.07339895516633987 0.0002082429564325139 0.002631387673318386
v -0.07339750230312347 0.0001888354599941522 0.009290013462305069
v -0.0733976885676384 0.00017130610649473965 0.01594753935933113
v -0.07339808344841003 0.00015599360631313175 0.02260449156165123
v -0.07338033616542816 0.00012728531146422029 0.042576082050800323
v -0.07339309900999069 0.00012893170060124248 0.03591855615377426
v -0.07339806854724884 0.00014102440036367625 0.029261169955134392
v -0.07339806854724884 0.00014102440036367625 0.029261169955134392
v -0.06988327950239182 -0.0002224667405243963 0.04257756099104881
v -0.06987922638654709 -0.0003163970250170678 0.03592071309685707
v -0.06985997408628464 -0.0002790743892546743 0.029263461008667946
v -0.06985589116811752 -0.0002578764397185296 0.022605523467063904
v -0.06985944509506226 -0.0002503370342310518 0.0026305760256946087
v -0.06985834985971451 -0.00025026765069924295 0.009289151057600975
v -0.06985648721456528 -0.00025407059001736343 0.01594717800617218
v -0.07514502108097076 0.0006735357455909252 0.04257695749402046
v -0.0751638263463974 0.0006670652655884624 0.035919588059186935
v -0.0751638263463974 0.0006670652655884624 0.035919588059186935
v -0.07516846805810928 0.0006672152667306364 0.029261792078614235
v -0.07516846805810928 0.0006672152667306364 0.029261792078614235
v -0.07516846805810928 0.0006672152667306364 0.029261792078614235
v -0.07516846805810928 0.0006672284798696637 0.022605111822485924
v -0.07516871392726898 0.0006671824958175421 0.0026281974278390408
v -0.07516851276159286 0.0006672122981399298 0.009289531037211418
v -0.07516847550868988 0.0006672227755188942 0.015947969630360603
v -0.07337974011898041 0.000920034246519208 0.042572662234306335
v -0.07339349389076233 0.0008769049309194088 0.03591787815093994
v -0.07339833676815033 0.000876199803315103 0.0292618740350008
v -0.07339833676815033 0.000876199803315103 0.0292618740350008
v -0.07339833676815033 0.000876199803315103 0.0292618740350008
v -0.07339797914028168 0.0008762537036091089 0.02260504849255085
v -0.07339797914028168 0.0008762537036091089 0.02260504849255085
v -0.07339876890182495 0.0008761431090533733 0.0026261378079652786
v -0.07339876890182495 0.0008761431090533733 0.0026261378079652786
v -0.07339828461408615 0.000876206555403769 0.009287264198064804
v -0.07339804619550705 0.0008762411307543516 0.01594698615372181
v -0.06985735893249512 0.0012944232439622283 0.0026286370120942593
v -0.06985718756914139 0.0012943428009748459 0.009288094937801361
v -0.06985709071159363 0.0012944519985467196 0.015950383618474007
v -0.06985790282487869 0.0012944634072482586 0.022612590342760086
v -0.06983973830938339 0.001344071002677083 0.04256293177604675
v -0.06988134235143661 0.0010171665344387293 0.03592127561569214
v -0.0698644369840622 0.0012526833452284336 0.02927286922931671
v -0.0661851316690445 -0.0013947540428489447 0.040158484131097794
v -0.0661851316690445 -0.0013947540428489447 0.040158484131097794
v -0.0659896731376648 -0.0011800490319728851 0.03386715054512024
v -0.0659896731376648 -0.0011800490319728851 0.03386715054512024
v -0.06583748757839203 -0.0009209088748320937 0.027570759877562523
v -0.06583748757839203 -0.0009209088748320937 0.027570759877562523
v -0.06578624993562698 -0.00072132283821702 0.021258700639009476
v -0.06581304967403412 -0.0005424540722742677 0.002294293139129877
v -0.06581424176692963 -0.0005463745910674334 0.008596232160925865
v -0.06579513102769852 -0.0005853325128555298 0.014930680394172668
v -0.06834154576063156 -0.0003991521371062845 0.0025631370954215527
v -0.06834205985069275 -0.00039608529186807573 0.009150465950369835
v -0.06834053248167038 -0.0003958453598897904 0.01574152149260044
v -0.06832854449748993 -0.00040219604852609336 0.022337915375828743
v -0.06848237663507462 -0.0004984249826520681 0.042100775986909866
v -0.06842885911464691 -0.0006171459099277854 0.03551681712269783
v -0.06834933906793594 -0.0004949613939970732 0.028933964669704437
v -0.0682978630065918 0.0012449095956981182 0.04204592481255531
v -0.0683693215250969 0.0009090632665902376 0.03548077866435051
v -0.06836339831352234 0.001270785927772522 0.02890181355178356
v -0.06834783405065536 0.0014231163077056408 0.022320106625556946
v -0.06834042072296143 0.0014340421184897423 0.0025629205629229546
v -0.06834028661251068 0.0014340404886752367 0.009150071069598198
v -0.0683404877781868 0.001433877507224679 0.01574024371802807
v -0.06581701338291168 0.0015690831933170557 0.002287500072270632
v -0.06581813097000122 0.001567070372402668 0.008591251447796822
v -0.0658499225974083 0.0014882958494126797 0.014880439266562462
v -0.06585856527090073 0.0012401462299749255 0.021158358082175255
v -0.0658583864569664 0.0006428497144952416 0.040051452815532684
v -0.0658583864569664 0.0006428497144952416 0.040051452815532684
v -0.06586027890443802 0.0007800397579558194 0.03374532610177994
v -0.06586624681949615 0.000983450561761856 0.02744203619658947
v 0.06510995328426361 0.0016921127680689096 0.04012870788574219
v 0.06514891237020493 0.0017115212976932526 0.03381473571062088
v 0.06515629589557648 0.001736123114824295 0.027508782222867012
v 0.0651441141963005 0.0017466156277805567 0.021210309118032455
v 0.06518147140741348 0.0017548296600580215 0.0023167822510004044
v 0.0651564672589302 0.0017695985734462738 0.008619876578450203
v 0.06513811647891998 0.0017657685093581676 0.014915497973561287
v 0.06753367930650711 0.0014334002044051886 0.002592906355857849
v 0.06754089891910553 0.0014279813040047884 0.009200593456625938
v 0.06755001097917557 0.0014248297084122896 0.015807731077075005
v 0.06756223738193512 0.0014230383094400167 0.022416040301322937
v 0.0675370916724205 0.0014258818700909615 0.042243655771017075
v 0.0675642341375351 0.001429764786735177 0.03563316911458969
v 0.06757038086652756 0.0014224338810890913 0.02902381867170334
v 0.06755015254020691 -0.00039539727731607854 0.042250145226716995
v 0.0675772875547409 -0.00038760792813263834 0.03564068675041199
v 0.06758784502744675 -0.0003835329262074083 0.029030846431851387
v 0.06758759915828705 -0.00038364759529940784 0.022420600056648254
v 0.06758952140808105 -0.00039022284909151495 0.0025902874767780304
v 0.06758884340524673 -0.0003842092992272228 0.009200280532240868
v 0.06758742034435272 -0.0003836352552752942 0.015810450538992882
v 0.06516466289758682 -0.000517551670782268 0.002305783797055483
v 0.06516515463590622 -0.0005254504503682256 0.008611524477601051
v 0.06516309827566147 -0.0005279956385493279 0.014917464926838875
v 0.0651625245809555 -0.0005245089996606112 0.0212240070104599
v 0.06511970609426498 -0.000452815875178203 0.04013924300670624
v 0.06515230983495712 -0.000498512526974082 0.03383508324623108
v 0.0651635006070137 -0.0005218380829319358 0.027530865743756294
v -0.06755351275205612 -0.0005176360718905926 0.0024800864048302174
v -0.06755459308624268 -0.0005167543422430754 0.008979493752121925
v -0.06755083054304123 -0.0005148837808519602 0.01548764482140541
v -0.06753057986497879 -0.0005381820956245065 0.022001182660460472
v -0.06786924600601196 -0.0009748403681442142 0.04149341583251953
v -0.06773803383111954 -0.000977216986939311 0.034998416900634766
v -0.06758668273687363 -0.0007410908583551645 0.028507493436336517
v -0.06750130653381348 0.0011831368319690228 0.041418012231588364
v -0.06758465617895126 0.0008705523796379566 0.03493187949061394
v -0.06757727265357971 0.001295274356380105 0.028441835194826126
v -0.06757135689258575 0.0015452129300683737 0.021959342062473297
v -0.06755381077528 0.0015532702673226595 0.002478472888469696
v -0.06755397468805313 0.0015533010009676218 0.008977269753813744
v -0.06755909323692322 0.00155434082262218 0.015473991632461548
v 0.06677684932947159 0.001548180589452386 0.0025093713775277138
v 0.06677674502134323 0.0015489771030843258 0.009024534374475479
v 0.06677600741386414 0.0015478564891964197 0.015535475686192513
v 0.06679052859544754 0.0015427963808178902 0.02204478718340397
v 0.06676425039768219 0.0015101470053195953 0.04157811030745506
v 0.06679438799619675 0.001527117332443595 0.03506345674395561
v 0.06679949909448624 0.0015393092762678862 0.02855287678539753
v 0.06677994877099991 -0.00048500820412300527 0.041590504348278046
v 0.06681406497955322 -0.0005040414398536086 0.03507595509290695
v 0.06682683527469635 -0.0005068216705694795 0.028560737147927284
v 0.06682619452476501 -0.0005068635800853372 0.022045690566301346
v 0.0668276846408844 -0.0005063889548182487 0.0025011030957102776
v 0.06682837009429932 -0.0005083077121526003 0.009016124531626701
v 0.06682632118463516 -0.0005075472872704268 0.015530984848737717
v 0.07030314207077026 0.0011636565905064344 0.04277793690562248
v 0.07032689452171326 0.0011854005279019475 0.03609231859445572
v 0.07033277302980423 0.0011979405535385013 0.029407136142253876
v 0.07033132016658783 0.0011978230904787779 0.022721506655216217
v 0.07032222300767899 0.0011975974775850773 0.002664078027009964
v 0.07032513618469238 0.001197492703795433 0.00934998132288456
v 0.07032839953899384 0.001197742996737361 0.016035810112953186
v 0.07033458352088928 -0.0002226928190793842 0.0026622768491506577
v 0.07033515721559525 -0.00021519718575291336 0.009348904713988304
v 0.07033488899469376 -0.0002142957819160074 0.016035277396440506
v 0.07033450901508331 -0.00021389356697909534 0.022721711546182632
v 0.07031333446502686 -0.0002156040573026985 0.0427786149084568
v 0.07032999396324158 -0.00020751156262122095 0.03609399124979973
v 0.07033417373895645 -0.00021381440456025302 0.02940800040960312
v -0.07091469317674637 -0.0003000849101226777 0.04257776588201523
v -0.07091900706291199 -0.0002681619662325829 0.035919930785894394
v -0.07091090828180313 -0.00021893761004321277 0.029263140633702278
v -0.0709092989563942 -0.0002099900448229164 0.022605828940868378
v -0.07091286778450012 -0.0001946699048858136 0.002630473580211401
v -0.07091068476438522 -0.00019810334197245538 0.009289784356951714
v -0.07090912759304047 -0.00020362049690447748 0.015948209911584854
v -0.07091085612773895 0.0012452814262360334 0.0026265583001077175
v -0.07091028243303299 0.0012454023817554116 0.009286906570196152
v -0.07090988755226135 0.0012454634997993708 0.01594717428088188
v -0.07090972363948822 0.0012455261312425137 0.022606538608670235
v -0.07089381664991379 0.0013275612145662308 0.042571455240249634
v -0.07090070098638535 0.001188336405903101 0.03591955825686455
v -0.07091309875249863 0.0012461740989238024 0.029264329001307487
v 0.06831534206867218 0.0014210822992026806 0.04277372360229492
v 0.06834061443805695 0.0014375392347574234 0.03608739748597145
v 0.06834830343723297 0.0014386498369276524 0.029401514679193497
v 0.06834317743778229 0.0014375005848705769 0.022717205807566643
v 0.06832470744848251 0.0014322458300739527 0.002663969062268734
v 0.06832894682884216 0.0014342148788273335 0.009348608553409576
v 0.0683365985751152 0.0014359080232679844 0.016032971441745758
v 0.07000169903039932 0.001238552969880402 0.0026641669683158398
v 0.070003941655159 0.001238673459738493 0.009349886327981949
v 0.07000742852687836 0.0012386166490614414 0.01603532023727894
v 0.0700109526515007 0.0012382885906845331 0.022720541805028915
v 0.06998256593942642 0.0012056659907102585 0.04277710244059563
v 0.07000522315502167 0.001221019891090691 0.0360909178853035
v 0.07001327723264694 0.0012377931270748377 0.02940560132265091
v 0.06836030632257462 -0.00040972427814267576 0.0026630768552422523
v 0.06835916638374329 -0.0004043904773425311 0.009349362924695015
v 0.06835823506116867 -0.00040509874816052616 0.016035564243793488
v 0.06835838407278061 -0.0004056906036566943 0.022721953690052032
v 0.06832537055015564 -0.0003955203283112496 0.042779117822647095
v 0.06834855675697327 -0.00040324110887013376 0.03609428182244301
v 0.06835782527923584 -0.0004058526537846774 0.02940845489501953
v 0.06999175250530243 -0.00024809359456412494 0.042779892683029175
v 0.07001009583473206 -0.0002440660900902003 0.036094389855861664
v 0.07001589238643646 -0.0002447412989567965 0.029408099129796028
v 0.07001637667417526 -0.0002448596933390945 0.022721663117408752
v 0.07001662254333496 -0.00025060909683816135 0.002661757171154022
v 0.0700167864561081 -0.00024564177147112787 0.009348612278699875
v 0.07001666724681854 -0.00024522162857465446 0.016035227105021477
v -0.0692162811756134 -0.0004927649861201644 0.04258618503808975
v -0.0692162811756134 -0.0004927649861201644 0.04258618503808975
v -0.0691995918750763 -0.000582281849347055 0.03592860698699951
v -0.06915000826120377 -0.00047486842959187925 0.029269538819789886
v -0.06913375109434128 -0.00041515982593409717 0.022608956322073936
v -0.06913900375366211 -0.0004164016281720251 0.0026314249262213707
v -0.06913864612579346 -0.0004160342214163393 0.009290039539337158
v -0.06913653016090393 -0.0004165771824773401 0.015949035063385963
v -0.07059536129236221 -0.00023657127167098224 0.0026304800994694233
v -0.07059336453676224 -0.00023663238971494138 0.009289911016821861
v -0.07059130072593689 -0.00024129307712428272 0.015948208048939705
v -0.07059120386838913 -0.0002471545885782689 0.022606099024415016
v -0.07060642540454865 -0.00033872105996124446 0.04257909953594208
v -0.07061133533716202 -0.00032648685737513006 0.03592081367969513
v -0.07059389352798462 -0.00025985189131461084 0.029263921082019806
v -0.069137342274189 0.001454659504815936 0.0026307436637580395
v -0.06913696974515915 0.0014547293540090322 0.009289300069212914
v -0.06913662701845169 0.0014547097962349653 0.0159526988863945
v -0.06913948059082031 0.001457082573324442 0.022615643218159676
v -0.06909917294979095 0.0013062661746516824 0.04255573824048042
v -0.0691426694393158 0.0010126549750566483 0.035922326147556305
v -0.06913884729146957 0.0013951521832495928 0.02927635982632637
v -0.0705757886171341 0.0013957656919956207 0.042571842670440674
v -0.07059453427791595 0.0011884230189025402 0.03592095896601677
v -0.07059794664382935 0.0012728937435895205 0.029268372803926468
v -0.07059191167354584 0.0012829650659114122 0.02261003851890564
v -0.07059246301651001 0.0012827713508158922 0.0026282831095159054
v -0.07059215009212494 0.0012829420156776905 0.009287949651479721
v -0.0705919936299324 0.0012830065097659826 0.015948880463838577
v -0.06882061809301376 -0.0004477719485294074 0.0026145619340240955
v -0.06882078945636749 -0.0004450671549420804 0.009255623444914818
v -0.06881915777921677 -0.0004441060300450772 0.01589803583920002
v -0.0688130110502243 -0.0004442230274435133 0.022543640807271004
v -0.06894891709089279 -0.0005809263093397021 0.04246930778026581
v -0.06890905648469925 -0.0006963007617741823 0.03582899644970894
v -0.06883501261472702 -0.000530546996742487 0.02919057384133339
v -0.06810673326253891 -0.000786387943662703 0.04173681139945984
v -0.06800451874732971 -0.0008201833115890622 0.03520653396844864
v -0.06800451874732971 -0.0008201833115890622 0.03520653396844864
v -0.06789110600948334 -0.0006459522992372513 0.028677042573690414
v -0.06785240024328232 -0.000498734530992806 0.022134169936180115
v -0.06787274032831192 -0.0004990495508536696 0.0025126966647803783
v -0.06787312030792236 -0.0004982375539839268 0.009047457948327065
v -0.0678706094622612 -0.000498224631883204 0.01558828167617321
v -0.06877420097589493 0.0012940035667270422 0.042426664382219315
v -0.06883030384778976 0.0010229363106191158 0.0358119010925293
v -0.06882347166538239 0.0013902653008699417 0.029181744903326035
v -0.06882306933403015 0.0014809875283390284 0.022540466859936714
v -0.06881881505250931 0.0014823260717093945 0.0026145903393626213
v -0.06881878525018692 0.0014823556412011385 0.009255301207304
v -0.06881880760192871 0.0014821786899119616 0.015900006517767906
v -0.06787232309579849 0.0015354345086961985 0.002512184903025627
v -0.06787164509296417 0.0015354726929217577 0.00904637761414051
v -0.0678723081946373 0.0015360035467892885 0.015582190826535225
v -0.06788201630115509 0.0015311730094254017 0.022105667740106583
v -0.06781930476427078 0.0012112166732549667 0.04167024791240692
v -0.06789501756429672 0.0008837501518428326 0.035154540091753006
v -0.06788824498653412 0.0013129120925441384 0.028628366068005562
v 0.06799665093421936 0.0014669594820588827 0.0026451172307133675
v 0.06800307333469391 0.0014685592614114285 0.009309830144047737
v 0.06801222264766693 0.0014692049007862806 0.015973888337612152
v 0.06802136451005936 0.0014693927951157093 0.022637873888015747
v 0.06799446046352386 0.001445448724552989 0.042635876685380936
v 0.06802024692296982 0.0014621599111706018 0.03596927970647812
v 0.06802835315465927 0.0014695925638079643 0.029302604496479034
v 0.06708374619483948 0.0014904802665114403 0.041854552924633026
v 0.0671134889125824 0.0015107933431863785 0.03530078008770943
v 0.06711909919977188 0.0015112529508769512 0.028749307617545128
v 0.06711108982563019 0.0015095069538801908 0.02219901978969574
v 0.06708481162786484 0.0015139288734644651 0.0025412426330149174
v 0.06709024310112 0.0015116690192371607 0.00909450463950634
v 0.06709720194339752 0.0015110417734831572 0.01564638502895832
v 0.06800536811351776 -0.0004288860072847456 0.04264280945062637
v 0.06803043186664581 -0.000434151355875656 0.03597710654139519
v 0.06804034858942032 -0.0004310061631258577 0.029310591518878937
v 0.06804027408361435 -0.00043094504508189857 0.022644026204943657
v 0.06804192811250687 -0.00043565555824898183 0.0026440825313329697
v 0.06804105639457703 -0.00043061605538241565 0.009310871362686157
v 0.06803996860980988 -0.00043074795394204557 0.01597744971513748
v 0.06714683026075363 -0.0004927483387291431 0.002537657506763935
v 0.06714651733636856 -0.0004893551813438535 0.009092019870877266
v 0.06714406609535217 -0.0004876656166743487 0.015646299347281456
v 0.06714338809251785 -0.00048715443699620664 0.02220078743994236
v 0.06709784269332886 -0.00046741796541027725 0.04186329245567322
v 0.0671302005648613 -0.00048308863188140094 0.035309772938489914
v 0.06714320927858353 -0.00048735245945863426 0.028755439445376396
v -0.04978898912668228 0.016264405101537704 -0.005768442060798407
v 0.04851582273840904 0.015505381859838963 -0.00941169448196888
v -0.05736031383275986 0.011135672219097614 -0.005787670612335205
v -0.05736031383275986 0.011135672219097614 -0.005787670612335205
v 0.056332290172576904 0.010832066647708416 -0.005792880896478891
v 0.06379083544015884 0.003040846437215805 -0.009367549791932106
v 0.06379083544015884 0.003040846437215805 -0.009367549791932106
v -0.06436283886432648 0.00286728679202497 -0.005804020911455154
v -0.06436283886432648 0.00286728679202497 -0.005804020911455154
v -0.0689813643693924 0.0015081469900906086 -0.005824607331305742
v 0.06816305220127106 0.0014860222581773996 -0.009408403187990189
v 0.0760902687907219 0.00042110407957807183 -0.009415257722139359
v 0.0760902687907219 0.00042110407957807183 -0.009415257722139359
v -0.07604920119047165 0.0005632257089018822 -0.005835837218910456
v 0.07411299645900726 0.000662204809486866 -0.009415294975042343
v 0.07411299645900726 0.000662204809486866 -0.009415294975042343
v 0.07411299645900726 0.000662204809486866 -0.009415294975042343
v 0.07411299645900726 0.000662204809486866 -0.009415294975042343
v 0.07411299645900726 0.000662204809486866 -0.009415294975042343
v 0.07217412441968918 0.0009003140730783343 -0.009414711967110634
v 0.07016586512327194 0.0012515655253082514 -0.005819276906549931
v -0.07427939772605896 0.0007721681613475084 -0.0058368477039039135
v -0.07255029678344727 0.0009764694841578603 -0.005835387390106916
v -0.07255029678344727 0.0009764694841578603 -0.005835387390106916
v -0.07255029678344727 0.0009764694841578603 -0.005835387390106916
v -0.07075705379247665 0.0013010199181735516 -0.009434591978788376
v -0.06771530210971832 0.0015817400999367237 -0.005816514138132334
v -0.06640621274709702 0.0015415654052048922 -0.009398028254508972
v 0.06693098694086075 0.0015516583807766438 -0.00939081609249115
v 0.06573683768510818 0.0016917353495955467 -0.005786533933132887
v -0.06731276959180832 0.0015102813486009836 -0.005814709234982729
v 0.06655558198690414 0.0015422017313539982 -0.009385667741298676
v 0.07064370065927505 0.0011046258732676506 -0.005819554906338453
v -0.0712052658200264 0.0011545345187187195 -0.009435510262846947
v 0.06861431896686554 0.0013557437341660261 -0.005817891098558903
v 0.0697057917714119 0.0012236793991178274 -0.009413236752152443
v -0.06939466297626495 0.0013681829441338778 -0.00942632369697094
v -0.07032527774572372 0.0012582268100231886 -0.005832108668982983
v -0.06861599534749985 0.0014375736936926842 -0.005822706501930952
v -0.06806765496730804 0.0014682284090667963 -0.009412050247192383
v 0.06779289245605469 0.0014408747665584087 -0.009403571486473083
v 0.06727394461631775 0.0014645757619291544 -0.005807099398225546
v -0.046638473868370056 0.01690712943673134 -0.007547557819634676
v -0.05344431847333908 0.014332300052046776 -0.007561034522950649
v 0.06056152284145355 0.006727355998009443 -0.007559939753264189
v 0.06056152284145355 0.006727355998009443 -0.007559939753264189
v 0.052133843302726746 0.013550682924687862 -0.007613294757902622
v -0.06127191334962845 0.0066865067929029465 -0.00758532015606761
v -0.06691768765449524 0.0015133977867662907 -0.007607291918247938
v 0.0661960318684578 0.0016289439518004656 -0.007586407940834761
v 0.07130298018455505 0.0010093835880979896 -0.007616985123604536
v -0.07177790999412537 0.001066880184225738 -0.007636575493961573
v 0.07510088384151459 0.0005417308420874178 -0.007617731112986803
v 0.07510088384151459 0.0005417308420874178 -0.007617731112986803
v 0.07510088384151459 0.0005417308420874178 -0.007617731112986803
v 0.07312250137329102 0.0007832290139049292 -0.0076176016591489315
v 0.06916148215532303 0.0012852976797148585 -0.0076158177107572556
v -0.07515314966440201 0.0006690073059871793 -0.007640322204679251
v -0.07338521629571915 0.0008776502218097448 -0.00763852009549737
v -0.07338521629571915 0.0008776502218097448 -0.00763852009549737
v -0.07338521629571915 0.0008776502218097448 -0.00763852009549737
v -0.07338521629571915 0.0008776502218097448 -0.00763852009549737
v -0.06985943019390106 0.0012938111322000623 -0.007629781030118465
v -0.06834027916193008 0.0014339089393615723 -0.007617651950567961
v -0.06581461429595947 0.0015735914930701256 -0.007601134013384581
v 0.0675349310040474 0.001462398562580347 -0.007604421582072973
v 0.06518753618001938 0.0017625503242015839 -0.007581397425383329
v -0.0675530731678009 0.001553043955937028 -0.007611207198351622
v 0.06677262485027313 0.0015634566079825163 -0.007592916022986174
v 0.07032126188278198 0.0012026290642097592 -0.007616688497364521
v -0.07090690732002258 0.0012453891104087234 -0.007635742425918579
v 0.068330317735672 0.0014565782621502876 -0.00761431036517024
v 0.07000172138214111 0.0012438567355275154 -0.007616083137691021
v -0.06913948804140091 0.0014536180533468723 -0.007626333739608526
v -0.07059238106012344 0.0012825168669223785 -0.007630812935531139
v -0.06881944835186005 0.0014815260656177998 -0.007621742319315672
v -0.06787239015102386 0.001535122748464346 -0.007614513393491507
v 0.06799855083227158 0.0014954176731407642 -0.007610201369971037
v 0.06708433479070663 0.001533919246867299 -0.007600753102451563
v -0.04082486778497696 -0.015746507793664932 -0.004155498929321766
v -0.035036295652389526 -0.015799205750226974 -0.004151585511863232
v -0.02924892120063305 -0.015814173966646194 -0.004149461165070534
v -0.023460647091269493 -0.01581193134188652 -0.004148196429014206
v -0.017671210691332817 -0.015811774879693985 -0.004147250205278397
v -0.011880860663950443 -0.015811603516340256 -0.00414668396115303
v -0.006089871749281883 -0.015811581164598465 -0.0041466932743787766
v -0.00029882899252697825 -0.015811588615179062 -0.004146459512412548
v 0.005492180585861206 -0.015811406075954437 -0.004145280458033085
v 0.011283491738140583 -0.015811271965503693 -0.004145387560129166
v 0.017074503004550934 -0.01581127569079399 -0.004145934246480465
v 0.02286558598279953 -0.015811122953891754 -0.004147184081375599
v 0.02865634486079216 -0.015810567885637283 -0.004149044863879681
v 0.03444722667336464 -0.015806347131729126 -0.004151863977313042
v 0.04023849219083786 -0.015812329947948456 -0.004157599993050098
v 0.04602910205721855 -0.01589178666472435 -0.004167899489402771
v 0.040267590433359146 -0.015811417251825333 0.03793603181838989
v 0.034477293491363525 -0.015809033066034317 0.03793741390109062
v 0.028688304126262665 -0.01581084355711937 0.037937987595796585
v 0.022899888455867767 -0.015821654349565506 0.03793853521347046
v 0.017111636698246002 -0.015832770615816116 0.03793802112340927
v 0.011323547922074795 -0.01585400104522705 0.03793664276599884
v 0.005534639116376638 -0.01587461680173874 0.03793506324291229
v -0.0002545046736486256 -0.015897441655397415 0.03793373331427574
v -0.006043408997356892 -0.015919100493192673 0.03793042525649071
v -0.011832601390779018 -0.015944384038448334 0.037927571684122086
v -0.01762286014854908 -0.015974421054124832 0.037926264107227325
v -0.023413866758346558 -0.015995845198631287 0.03792230784893036
v -0.02920687571167946 -0.016019701957702637 0.03792202100157738
v -0.03500071167945862 -0.016008958220481873 0.037919752299785614
v -0.04079331085085869 -0.016047947108745575 0.037909507751464844
v -0.04658496379852295 -0.0161004438996315 0.03788895905017853
v 0.03972185403108597 0.016957752406597137 -0.0038008568808436394
v 0.033977653831243515 0.016910608857870102 -0.003794626798480749
v 0.028219494968652725 0.016901861876249313 -0.0038041542284190655
v -0.02353970892727375 0.01690410077571869 -0.003770739771425724
v -0.02930796518921852 0.01690410077571869 -0.003771045710891485
v -0.03508225828409195 0.0169040746986866 -0.0037710191681981087
v -0.03508225828409195 0.0169040746986866 -0.0037710191681981087
v -0.040862180292606354 0.01690392941236496 -0.003770718351006508
v -0.040862180292606354 0.01690392941236496 -0.003770718351006508
v -0.040862180292606354 0.01690392941236496 -0.003770718351006508
v -0.04664504900574684 0.016910087317228317 -0.003770125098526478
v -0.040934327989816666 0.015580582432448864 0.03787378594279289
v -0.0351940393447876 0.016130950301885605 0.037929270416498184
v -0.0294252410531044 0.016421876847743988 0.0379544273018837
v -0.02364833652973175 0.016602572053670883 0.0379725880920887
v -0.017867228016257286 0.016718421131372452 0.03798633813858032
v -0.01208355464041233 0.016765858978033066 0.03799441084265709
v -0.006298412103205919 0.016791585832834244 0.037998538464307785
v -0.0005113778170198202 0.016815032809972763 0.03800022974610329
v 0.005277736112475395 0.016832523047924042 0.03799978643655777
v 0.011068686842918396 0.016841918230056763 0.03799635171890259
v 0.016861144453287125 0.01684560999274254 0.037989646196365356
v 0.02265496365725994 0.01683616265654564 0.037979014217853546
v 0.028449300676584244 0.016802556812763214 0.03796388953924179
v 0.03424329310655594 0.016743987798690796 0.03794394060969353
v 0.04003603756427765 0.016688920557498932 0.037921030074357986
v 0.0458262674510479 0.016672223806381226 0.037894606590270996
v -0.04089133441448212 0.01087749283760786 -0.040314894169569016
v -0.03510820493102074 0.010886723175644875 -0.04066712036728859
v -0.029319236055016518 0.010897968895733356 -0.04083452373743057
v -0.023528285324573517 0.010908450931310654 -0.040886275470256805
v -0.01773783378303051 0.010919265449047089 -0.040908921509981155
v -0.011948006227612495 0.010930691845715046 -0.040922295302152634
v -0.006158707197755575 0.010942807421088219 -0.040932826697826385
v -0.00036985453334636986 0.01095561869442463 -0.04094313457608223
v 0.005418707616627216 0.010969108901917934 -0.04095761477947235
v 0.011207256466150284 0.010983319953083992 -0.04097741097211838
v 0.01699638180434704 0.010998192243278027 -0.0409892313182354
v 0.02278658002614975 0.011013433337211609 -0.04097485914826393
v 0.028573695570230484 0.011025817133486271 -0.040773142129182816
v 0.03434743732213974 0.011037331074476242 -0.04034138470888138
v 0.039990149438381195 0.01099968422204256 -0.040766533464193344
v 0.04575285315513611 0.01073550246655941 -0.04112169146537781
v 0.040183886885643005 -0.009897672571241856 -0.040345449000597
v 0.03440462052822113 -0.009912315756082535 -0.04049619287252426
v 0.028632082045078278 -0.009927685372531414 -0.04092083126306534
v 0.02284073457121849 -0.009942527860403061 -0.040925487875938416
v 0.017050232738256454 -0.009957665577530861 -0.04093547910451889
v 0.011259823106229305 -0.009972364641726017 -0.040944963693618774
v 0.005469199735671282 -0.009986496530473232 -0.04095622897148132
v -0.0003218539641238749 -0.009999986737966537 -0.04096714034676552
v -0.0061133732087910175 -0.010012790560722351 -0.04096943885087967
v -0.01190519705414772 -0.010024887509644032 -0.040962666273117065
v -0.017697203904390335 -0.010036349296569824 -0.0409468449652195
v -0.02348925732076168 -0.010047348216176033 -0.04091757908463478
v -0.029281048104166985 -0.01005796529352665 -0.04085415601730347
v -0.03506918251514435 -0.010066129267215729 -0.04065513610839844
v -0.04085754603147507 -0.010075842961668968 -0.04046529904007912
v -0.04661975055932999 -0.010063729248940945 -0.040950387716293335
v 0.04007362946867943 0.010996165685355663 0.04109429940581322
v 0.034282028675079346 0.010948630049824715 0.04106719791889191
v 0.02848995476961136 0.010899385437369347 0.04100843891501427
v 0.022698266431689262 0.010849063284695148 0.04094761610031128
v 0.016906779259443283 0.010798241011798382 0.04089447855949402
v 0.01111548114567995 0.010747190564870834 0.040852274745702744
v 0.005324533209204674 0.010696201585233212 0.04081914201378822
v -0.00046604734961874783 0.01064552552998066 0.04079712927341461
v -0.006256072781980038 0.010595549829304218 0.04078875854611397
v -0.012045714072883129 0.010546772740781307 0.04079689830541611
v -0.017835788428783417 0.010500069707632065 0.04081139713525772
v -0.023626061156392097 0.010453340597450733 0.040751829743385315
v -0.029388513416051865 0.010393628850579262 0.04069750756025314
v -0.035147979855537415 0.010344292968511581 0.04080698639154434
v -0.04079429432749748 0.010184139013290405 0.04131539165973663
v -0.04656575620174408 0.01004207693040371 0.04176562651991844
v -0.04067651182413101 -0.010646168142557144 0.04151717200875282
v -0.03502817079424858 -0.010602947324514389 0.04073423519730568
v -0.0292514618486166 -0.01054572593420744 0.040773600339889526
v -0.02346232160925865 -0.01049872674047947 0.040788084268569946
v -0.017670564353466034 -0.010451694950461388 0.041133444756269455
v -0.01187896728515625 -0.010403658263385296 0.04114270210266113
v -0.006087771616876125 -0.010354431346058846 0.04114481806755066
v -0.00029681299929507077 -0.010304449126124382 0.04114662483334541
v 0.005493927747011185 -0.01025419682264328 0.04114069417119026
v 0.01128451433032751 -0.010203897953033447 0.04112662747502327
v 0.017075030133128166 -0.010153614915907383 0.04110953211784363
v 0.022865543141961098 -0.010103670880198479 0.04108210280537605
v 0.028656024485826492 -0.010054019279778004 0.04103977233171463
v 0.034446705132722855 -0.010005536489188671 0.040983907878398895
v 0.040235891938209534 -0.009957704693078995 0.040840521454811096
v 0.04602121189236641 -0.009905523620545864 0.0407077856361866
v 0.0402674600481987 -0.015018329955637455 0.04022069275379181
v 0.0402674600481987 -0.015018329955637455 0.04022069275379181
v 0.03447883948683739 -0.01504643727093935 0.040236566215753555
v 0.03447883948683739 -0.01504643727093935 0.040236566215753555
v 0.028690095990896225 -0.015081365592777729 0.04024975374341011
v 0.028690095990896225 -0.015081365592777729 0.04024975374341011
v 0.02290128916501999 -0.015121138654649258 0.04026148095726967
v 0.02290128916501999 -0.015121138654649258 0.04026148095726967
v 0.01711212284862995 -0.015162421390414238 0.04027077928185463
v 0.01711212284862995 -0.015162421390414238 0.04027077928185463
v 0.011322849430143833 -0.015204127877950668 0.04027606546878815
v 0.011322849430143833 -0.015204127877950668 0.04027606546878815
v 0.005533479154109955 -0.015249454416334629 0.04028068482875824
v 0.005533479154109955 -0.015249454416334629 0.04028068482875824
v -0.0002561917353887111 -0.015299920924007893 0.04028668254613876
v -0.0002561917353887111 -0.015299920924007893 0.04028668254613876
v -0.006046181544661522 -0.01535154227167368 0.04029074311256409
v -0.006046181544661522 -0.01535154227167368 0.04029074311256409
v -0.011836674995720387 -0.015404433943331242 0.040292613208293915
v -0.011836674995720387 -0.015404433943331242 0.040292613208293915
v -0.017627665773034096 -0.01545970793813467 0.04029402509331703
v -0.017627665773034096 -0.01545970793813467 0.04029402509331703
v -0.02341906540095806 -0.01551669929176569 0.040296152234077454
v -0.02341906540095806 -0.01551669929176569 0.040296152234077454
v -0.029211392626166344 -0.01556419301778078 0.040303196758031845
v -0.029211392626166344 -0.01556419301778078 0.040303196758031845
v -0.03500670939683914 -0.015578440390527248 0.040314268320798874
v -0.03500670939683914 -0.015578440390527248 0.040314268320798874
v -0.04080308973789215 -0.0155077138915658 0.040287282317876816
v -0.04080308973789215 -0.0155077138915658 0.040287282317876816
v -0.04659198224544525 -0.015314213000237942 0.04016489535570145
v -0.04659198224544525 -0.015314213000237942 0.04016489535570145
v -0.04094460979104042 0.015067304484546185 0.040269635617733
v -0.04094460979104042 0.015067304484546185 0.040269635617733
v -0.03517603501677513 0.01528100110590458 0.04021301865577698
v -0.03517603501677513 0.01528100110590458 0.04021301865577698
v -0.029412314295768738 0.01557887252420187 0.04023149609565735
v -0.029412314295768738 0.01557887252420187 0.04023149609565735
v -0.023644132539629936 0.015580165199935436 0.040132615715265274
v -0.023644132539629936 0.015580165199935436 0.040132615715265274
v -0.01786639727652073 0.015595435164868832 0.04010499268770218
v -0.01786639727652073 0.015595435164868832 0.04010499268770218
v -0.01208257395774126 0.015645869076251984 0.04012463241815567
v -0.01208257395774126 0.015645869076251984 0.04012463241815567
v -0.0062956130132079124 0.01569768786430359 0.04014468193054199
v -0.0062956130132079124 0.01569768786430359 0.04014468193054199
v -0.0005067710299044847 0.015746939927339554 0.04015962779521942
v -0.0005067710299044847 0.015746939927339554 0.04015962779521942
v 0.005283549427986145 0.01579434797167778 0.04017280787229538
v 0.005283549427986145 0.01579434797167778 0.04017280787229538
v 0.01107504777610302 0.01583901047706604 0.04018624126911163
v 0.01107504777610302 0.01583901047706604 0.04018624126911163
v 0.01686748117208481 0.015879537910223007 0.040199678391218185
v 0.01686748117208481 0.015879537910223007 0.040199678391218185
v 0.022660432383418083 0.015915807336568832 0.04021407663822174
v 0.022660432383418083 0.015915807336568832 0.04021407663822174
v 0.028453810140490532 0.015947598963975906 0.04023096710443497
v 0.028453810140490532 0.015947598963975906 0.04023096710443497
v 0.034248024225234985 0.01596837490797043 0.04024665430188179
v 0.034248024225234985 0.01596837490797043 0.04024665430188179
v 0.04004358872771263 0.015960007905960083 0.040245890617370605
v 0.04004358872771263 0.015960007905960083 0.040245890617370605
v 0.04583761468529701 0.01589713990688324 0.04019293561577797
v 0.04013001173734665 0.015962235629558563 -0.04004079848527908
v 0.04013001173734665 0.015962235629558563 -0.04004079848527908
v 0.034342024475336075 0.016094572842121124 -0.04020003229379654
v 0.034342024475336075 0.016094572842121124 -0.04020003229379654
v 0.0285508930683136 0.0160982683300972 -0.04023899510502815
v 0.0285508930683136 0.0160982683300972 -0.04023899510502815
v 0.022763855755329132 0.016060106456279755 -0.04022553935647011
v 0.022763855755329132 0.016060106456279755 -0.04022553935647011
v 0.01697789505124092 0.016038335859775543 -0.04021817073225975
v 0.01697789505124092 0.016038335859775543 -0.04021817073225975
v 0.011191437020897865 0.01602749526500702 -0.04021480306982994
v 0.011191437020897865 0.01602749526500702 -0.04021480306982994
v 0.005404445808380842 0.016019128262996674 -0.040210191160440445
v 0.005404445808380842 0.016019128262996674 -0.040210191160440445
v -0.0003829391789622605 0.016009904444217682 -0.04020453244447708
v -0.0003829391789622605 0.016009904444217682 -0.04020453244447708
v -0.006170689594000578 0.015999358147382736 -0.04019835963845253
v -0.006170689594000578 0.015999358147382736 -0.04019835963845253
v -0.011958715505897999 0.01598890870809555 -0.04019146040081978
v -0.011958715505897999 0.01598890870809555 -0.04019146040081978
v -0.017746994271874428 0.015979714691638947 -0.040183551609516144
v -0.017746994271874428 0.015979714691638947 -0.040183551609516144
v -0.023535510525107384 0.01597321778535843 -0.040175661444664
v -0.023535510525107384 0.01597321778535843 -0.040175661444664
v -0.029324179515242577 0.015970870852470398 -0.04016782343387604
v -0.029324179515242577 0.015970870852470398 -0.04016782343387604
v -0.035112712532281876 0.015975315123796463 -0.04015852138400078
v -0.035112712532281876 0.015975315123796463 -0.04015852138400078
v -0.040900807827711105 0.015988562256097794 -0.04014652594923973
v -0.040900807827711105 0.015988562256097794 -0.04014652594923973
v -0.04668436571955681 0.016020070761442184 -0.0401388481259346
v -0.04668436571955681 0.016020070761442184 -0.0401388481259346
v -0.040899936109781265 0.016828805208206177 -0.037983134388923645
v -0.035112109035253525 0.016812141984701157 -0.0379905067384243
v -0.029324345290660858 0.016806885600090027 -0.03799675777554512
v -0.023536307737231255 0.01680735871195793 -0.03800206258893013
v -0.017748387530446053 0.016808118671178818 -0.038006819784641266
v -0.011960836127400398 0.016809426248073578 -0.038011107593774796
v -0.006173625122755766 0.016811691224575043 -0.03801460936665535
v -0.00038687678170390427 0.01681237295269966 -0.038016777485609055
v 0.0053992862813174725 0.016808774322271347 -0.038016825914382935
v 0.011184784583747387 0.01680157333612442 -0.03801474720239639
v 0.016969578340649605 0.016792528331279755 -0.038011547178030014
v 0.022754041478037834 0.0167732834815979 -0.038005877286195755
v 0.02853766642510891 0.01675231382250786 -0.03799581155180931
v 0.034321002662181854 0.016859594732522964 -0.03798835352063179
v 0.04010810703039169 0.01694975420832634 -0.03797190263867378
v 0.04589741304516792 0.016890384256839752 -0.03794855996966362
v 0.0402211919426918 -0.014950348064303398 -0.04019172489643097
v 0.0402211919426918 -0.014950348064303398 -0.04019172489643097
v 0.03443191573023796 -0.014967408962547779 -0.04018472135066986
v 0.03443191573023796 -0.014967408962547779 -0.04018472135066986
v 0.028643328696489334 -0.014973198994994164 -0.040188707411289215
v 0.028643328696489334 -0.014973198994994164 -0.040188707411289215
v 0.02285350300371647 -0.01497974805533886 -0.04019276052713394
v 0.02285350300371647 -0.01497974805533886 -0.04019276052713394
v 0.017063232138752937 -0.014986931346356869 -0.04019882157444954
v 0.017063232138752937 -0.014986931346356869 -0.04019882157444954
v 0.011272437870502472 -0.014993874356150627 -0.04020483046770096
v 0.011272437870502472 -0.014993874356150627 -0.04020483046770096
v 0.005481223575770855 -0.014999344944953918 -0.04021067917346954
v 0.005481223575770855 -0.014999344944953918 -0.04021067917346954
v -0.00031020233291201293 -0.015004714019596577 -0.04021596163511276
v -0.00031020233291201293 -0.015004714019596577 -0.04021596163511276
v -0.006101880222558975 -0.015013696625828743 -0.040220532566308975
v -0.006101880222558975 -0.015013696625828743 -0.040220532566308975
v -0.011893754824995995 -0.015024472959339619 -0.04022213816642761
v -0.011893754824995995 -0.015024472959339619 -0.04022213816642761
v -0.017685603350400925 -0.015036679804325104 -0.040222082287073135
v -0.017685603350400925 -0.015036679804325104 -0.040222082287073135
v -0.023477395996451378 -0.015050305984914303 -0.04022280499339104
v -0.023477395996451378 -0.015050305984914303 -0.04022280499339104
v -0.029269205406308174 -0.015064561739563942 -0.04022836685180664
v -0.029269205406308174 -0.015064561739563942 -0.04022836685180664
v -0.03506161645054817 -0.015073707327246666 -0.04023893177509308
v -0.03506161645054817 -0.015073707327246666 -0.04023893177509308
v -0.04085472598671913 -0.01504590641707182 -0.04023794084787369
v -0.04085472598671913 -0.01504590641707182 -0.04023794084787369
v -0.04664618894457817 -0.014970464631915092 -0.04021638259291649
v -0.04664618894457817 -0.014970464631915092 -0.04021638259291649
v 0.039805106818675995 0.016930479556322098 -0.011257540434598923
v 0.03404228389263153 0.016905825585126877 -0.011264514178037643
v 0.02827681228518486 0.016903646290302277 -0.01127483882009983
v 0.02827681228518486 0.016903646290302277 -0.01127483882009983
v 0.02827681228518486 0.016903646290302277 -0.01127483882009983
v -0.02349945902824402 0.016904093325138092 -0.011231280863285065
v -0.02927764132618904 0.016904093325138092 -0.011230895295739174
v -0.03506029024720192 0.016904093325138092 -0.011230189353227615
v -0.040845662355422974 0.016904018819332123 -0.01122986525297165
v -0.040845662355422974 0.016904018819332123 -0.01122986525297165
v -0.04663592204451561 0.01690572127699852 -0.011228296905755997
v 0.040227990597486496 -0.015700239688158035 -0.03799626603722572
v 0.03443768247961998 -0.015688516199588776 -0.038001518696546555
v 0.0286468006670475 -0.01566913351416588 -0.038008470088243484
v 0.0228556040674448 -0.015647366642951965 -0.03801597282290459
v 0.017064783722162247 -0.015623743645846844 -0.03802386671304703
v 0.011273572221398354 -0.015597603283822536 -0.03803117573261261
v 0.00548205804079771 -0.01556932833045721 -0.03803771734237671
v -0.0003094168205279857 -0.015539965592324734 -0.03804391995072365
v -0.006100856699049473 -0.015511809848248959 -0.038050029426813126
v -0.011892518028616905 -0.015489947982132435 -0.03805559501051903
v -0.01768452674150467 -0.01547169592231512 -0.03806079924106598
v -0.023476911708712578 -0.015451011247932911 -0.03806573152542114
v -0.02926948480308056 -0.015414376743137836 -0.03807009384036064
v -0.03506186977028847 -0.015361503697931767 -0.038073454052209854
v -0.0408540777862072 -0.015331233851611614 -0.03807635232806206
v -0.046646252274513245 -0.015312383882701397 -0.03807875141501427
v 0.040259480476379395 -0.016331613063812256 -0.010818319395184517
v 0.03445876017212868 -0.016301527619361877 -0.010821903124451637
v 0.028662044554948807 -0.01629457250237465 -0.010827360674738884
v 0.02286825142800808 -0.016295555979013443 -0.010831592604517937
v 0.017075087875127792 -0.01629631221294403 -0.010833457112312317
v 0.011282231658697128 -0.01629672944545746 -0.010834632441401482
v 0.005489218980073929 -0.016297195106744766 -0.010835081338882446
v -0.0003034954715985805 -0.01629732921719551 -0.010836584493517876
v -0.006096560508012772 -0.01629791036248207 -0.010837556794285774
v -0.011889851652085781 -0.01629682257771492 -0.010837871581315994
v -0.017683157697319984 -0.01629609614610672 -0.010838788002729416
v -0.02347674034535885 -0.01629534363746643 -0.010839952155947685
v -0.029270734637975693 -0.01629481092095375 -0.01084114983677864
v -0.03506610915064812 -0.016293764114379883 -0.010841749608516693
v -0.04086385294795036 -0.016249224543571472 -0.010836126282811165
v -0.046665702015161514 -0.016072459518909454 -0.010807659476995468
v -0.04083222150802612 -0.015759125351905823 -0.009071080014109612
v -0.04083222150802612 -0.015759125351905823 -0.009071080014109612
v -0.035048309713602066 -0.015825174748897552 -0.009074173867702484
v -0.035048309713602066 -0.015825174748897552 -0.009074173867702484
v -0.02926129847764969 -0.015822362154722214 -0.009071586653590202
v -0.02926129847764969 -0.015822362154722214 -0.009071586653590202
v -0.023470960557460785 -0.015814851969480515 -0.009070584550499916
v -0.023470960557460785 -0.015814851969480515 -0.009070584550499916
v -0.01767907850444317 -0.015812721103429794 -0.009069988504052162
v -0.01767907850444317 -0.015812721103429794 -0.009069988504052162
v -0.011886664666235447 -0.015812546014785767 -0.009069785475730896
v -0.011886664666235447 -0.015812546014785767 -0.009069785475730896
v -0.00609407527372241 -0.015812881290912628 -0.009070076048374176
v -0.00609407527372241 -0.015812881290912628 -0.009070076048374176
v -0.0003012205706909299 -0.01581244170665741 -0.009069755673408508
v -0.0003012205706909299 -0.01581244170665741 -0.009069755673408508
v 0.005491047166287899 -0.015812214463949203 -0.009068481624126434
v 0.005491047166287899 -0.015812214463949203 -0.009068481624126434
v 0.011282951571047306 -0.015812698751688004 -0.00906875915825367
v 0.011282951571047306 -0.015812698751688004 -0.00906875915825367
v 0.017074888572096825 -0.015814535319805145 -0.009068993851542473
v 0.017074888572096825 -0.015814535319805145 -0.009068993851542473
v 0.022866347804665565 -0.015819303691387177 -0.009070102125406265
v 0.022866347804665565 -0.015819303691387177 -0.009070102125406265
v 0.02865755744278431 -0.01583024486899376 -0.009071027860045433
v 0.02865755744278431 -0.01583024486899376 -0.009071027860045433
v 0.034448206424713135 -0.015855416655540466 -0.009072011336684227
v 0.034448206424713135 -0.015855416655540466 -0.009072011336684227
v 0.04023715853691101 -0.01592959463596344 -0.009076947346329689
v 0.04023715853691101 -0.01592959463596344 -0.009076947346329689
v 0.04602174833416939 -0.016084540635347366 -0.009098708629608154
v 0.04602174833416939 -0.016084540635347366 -0.009098708629608154
v -0.040897417813539505 -0.016838502138853073 -0.005763921421021223
v -0.040897417813539505 -0.016838502138853073 -0.005763921421021223
v -0.03509864956140518 -0.016903914511203766 -0.00576956057921052
v -0.03509864956140518 -0.016903914511203766 -0.00576956057921052
v -0.02929779700934887 -0.016902174800634384 -0.0057667153887450695
v -0.02929779700934887 -0.016902174800634384 -0.0057667153887450695
v -0.0234982892870903 -0.016893766820430756 -0.005764262285083532
v -0.0234982892870903 -0.016893766820430756 -0.005764262285083532
v -0.017699506133794785 -0.016888339072465897 -0.005762381013482809
v -0.017699506133794785 -0.016888339072465897 -0.005762381013482809
v -0.01190063264220953 -0.01688522845506668 -0.005760831292718649
v -0.01190063264220953 -0.01688522845506668 -0.005760831292718649
v -0.006101930979639292 -0.016884271055459976 -0.005760787520557642
v -0.006101930979639292 -0.016884271055459976 -0.005760787520557642
v -0.0003037820861209184 -0.01688302308320999 -0.005759757477790117
v -0.0003037820861209184 -0.01688302308320999 -0.005759757477790117
v 0.005494456272572279 -0.016882501542568207 -0.005758140701800585
v 0.005494456272572279 -0.016882501542568207 -0.005758140701800585
v 0.011292634531855583 -0.016882311552762985 -0.005757934879511595
v 0.011292634531855583 -0.016882311552762985 -0.005757934879511595
v 0.0170900896191597 -0.01688230410218239 -0.0057571264915168285
v 0.0170900896191597 -0.01688230410218239 -0.0057571264915168285
v 0.02288687974214554 -0.016881108283996582 -0.0057557146064937115
v 0.02288687974214554 -0.016881108283996582 -0.0057557146064937115
v 0.02868262305855751 -0.016878895461559296 -0.005751886870712042
v 0.02868262305855751 -0.016878895461559296 -0.005751886870712042
v 0.03447779640555382 -0.016887377947568893 -0.005746022332459688
v 0.03447779640555382 -0.016887377947568893 -0.005746022332459688
v 0.04027518630027771 -0.01697555184364319 -0.005751296412199736
v 0.04027518630027771 -0.01697555184364319 -0.005751296412199736
v 0.046080030500888824 -0.016991261392831802 -0.00574688334017992
v 0.046080030500888824 -0.016991261392831802 -0.00574688334017992
v -0.040868259966373444 0.016906101256608963 -0.015643171966075897
v -0.03507694974541664 0.016903553158044815 -0.0156443789601326
v -0.03507694974541664 0.016903553158044815 -0.0156443789601326
v -0.03507694974541664 0.016903553158044815 -0.0156443789601326
v -0.03507694974541664 0.016903553158044815 -0.0156443789601326
v -0.02928910031914711 0.016904093325138092 -0.01564452052116394
v -0.023503774777054787 0.016904093325138092 -0.01564529351890087
v -0.017724797129631042 0.016904093325138092 -0.015647558495402336
v -0.011955289170145988 0.016904089599847794 -0.015652094036340714
v -0.006192286964505911 0.016904089599847794 -0.01565716229379177
v -0.00043265626300126314 0.016904093325138092 -0.015659229829907417
v 0.005324771627783775 0.016904093325138092 -0.01566115766763687
v 0.011079669930040836 0.016904093325138092 -0.015664901584386826
v 0.01683395728468895 0.016904093325138092 -0.01566939800977707
v 0.022587034851312637 0.01690411940217018 -0.015675904229283333
v 0.02833699807524681 0.016903910785913467 -0.01567758619785309
v 0.02833699807524681 0.016903910785913467 -0.01567758619785309
v 0.02833699807524681 0.016903910785913467 -0.01567758619785309
v 0.02833699807524681 0.016903910785913467 -0.01567758619785309
v 0.03410061076283455 0.016904234886169434 -0.015668999403715134
v 0.039865680038928986 0.016921021044254303 -0.015657057985663414
v 0.04563011974096298 0.016736764460802078 -0.015645602717995644
v -0.04088610038161278 0.01691320911049843 -0.020175142213702202
v -0.03509392589330673 0.016900792717933655 -0.020178427919745445
v -0.03509392589330673 0.016900792717933655 -0.020178427919745445
v -0.02930477447807789 0.016904056072235107 -0.020180128514766693
v -0.02930477447807789 0.016904056072235107 -0.020180128514766693
v -0.02930477447807789 0.016904056072235107 -0.020180128514766693
v -0.02930477447807789 0.016904056072235107 -0.020180128514766693
v -0.02930477447807789 0.016904056072235107 -0.020180128514766693
v -0.02351834625005722 0.016904115676879883 -0.02018260583281517
v -0.02351834625005722 0.016904115676879883 -0.02018260583281517
v -0.02351834625005722 0.016904115676879883 -0.02018260583281517
v -0.017736149951815605 0.01690404862165451 -0.020185861736536026
v -0.011958399787545204 0.01690404862165451 -0.02018980123102665
v -0.006184966303408146 0.016904044896364212 -0.020194046199321747
v -0.0004152754554525018 0.016904067248106003 -0.02019619755446911
v 0.005351452622562647 0.016904093325138092 -0.020196938887238503
v 0.01111605390906334 0.016904190182685852 -0.020198198035359383
v 0.01111605390906334 0.016904190182685852 -0.020198198035359383
v 0.01111605390906334 0.016904190182685852 -0.020198198035359383
v 0.016879063099622726 0.016904082149267197 -0.020199693739414215
v 0.016879063099622726 0.016904082149267197 -0.020199693739414215
v 0.016879063099622726 0.016904082149267197 -0.020199693739414215
v 0.022642312571406364 0.016904093325138092 -0.020200595259666443
v 0.028406444936990738 0.01690404862165451 -0.020198674872517586
v 0.028406444936990738 0.01690404862165451 -0.020198674872517586
v 0.028406444936990738 0.01690404862165451 -0.020198674872517586
v 0.028406444936990738 0.01690404862165451 -0.020198674872517586
v 0.028406444936990738 0.01690404862165451 -0.020198674872517586
v 0.03417239338159561 0.01690192148089409 -0.020189683884382248
v 0.039941463619470596 0.016929596662521362 -0.020176352933049202
v 0.04571320861577988 0.016795016825199127 -0.02015545964241028
v -0.040895942598581314 0.01691269874572754 -0.024706054478883743
v -0.03510469198226929 0.01689855009317398 -0.02471020817756653
v -0.03510469198226929 0.01689855009317398 -0.02471020817756653
v -0.029314745217561722 0.0169038288295269 -0.024713635444641113
v -0.029314745217561722 0.0169038288295269 -0.024713635444641113
v -0.029314745217561722 0.0169038288295269 -0.024713635444641113
v -0.029314745217561722 0.0169038288295269 -0.024713635444641113
v -0.023527370765805244 0.016904324293136597 -0.02471664361655712
v -0.023527370765805244 0.016904324293136597 -0.02471664361655712
v -0.017742181196808815 0.016903970390558243 -0.024720732122659683
v -0.017742181196808815 0.016903970390558243 -0.024720732122659683
v -0.011960013769567013 0.016904033720493317 -0.02472478151321411
v -0.011960013769567013 0.016904033720493317 -0.02472478151321411
v -0.006180465221405029 0.016904164105653763 -0.02472880482673645
v -0.006180465221405029 0.016904164105653763 -0.02472880482673645
v -0.000404170248657465 0.016904316842556 -0.02473044954240322
v 0.005370037630200386 0.016904249787330627 -0.024730375036597252
v 0.005370037630200386 0.016904249787330627 -0.024730375036597252
v 0.005370037630200386 0.016904249787330627 -0.024730375036597252
v 0.011142267845571041 0.016904305666685104 -0.024730663746595383
v 0.011142267845571041 0.016904305666685104 -0.024730663746595383
v 0.011142267845571041 0.016904305666685104 -0.024730663746595383
v 0.011142267845571041 0.016904305666685104 -0.024730663746595383
v 0.011142267845571041 0.016904305666685104 -0.024730663746595383
v 0.016913242638111115 0.016904693096876144 -0.024729834869503975
v 0.016913242638111115 0.016904693096876144 -0.024729834869503975
v 0.016913242638111115 0.016904693096876144 -0.024729834869503975
v 0.016913242638111115 0.016904693096876144 -0.024729834869503975
v 0.016913242638111115 0.016904693096876144 -0.024729834869503975
v 0.02268366329371929 0.016904063522815704 -0.02472810447216034
v 0.02268366329371929 0.016904063522815704 -0.02472810447216034
v 0.02268366329371929 0.016904063522815704 -0.02472810447216034
v 0.02268366329371929 0.016904063522815704 -0.02472810447216034
v 0.02268366329371929 0.016904063522815704 -0.02472810447216034
v 0.02845476195216179 0.016904495656490326 -0.024723516777157784
v 0.02845476195216179 0.016904495656490326 -0.024723516777157784
v 0.02845476195216179 0.016904495656490326 -0.024723516777157784
v 0.02845476195216179 0.016904495656490326 -0.024723516777157784
v 0.03422771021723747 0.01690177619457245 -0.02471381425857544
v 0.04000251740217209 0.016930919140577316 -0.024698933586478233
v 0.045779187232255936 0.01685362681746483 -0.024677349254488945
v 0.04008405655622482 0.01688820868730545 -0.03375042602419853
v 0.03430033475160599 0.016861189156770706 -0.03376620262861252
v 0.02851816825568676 0.016880422830581665 -0.03377725929021835
v 0.022737033665180206 0.0168907567858696 -0.03378532826900482
v 0.016956130042672157 0.01689550280570984 -0.03379053249955177
v 0.011174858547747135 0.016898445785045624 -0.03379303589463234
v 0.005392554681748152 0.016902204602956772 -0.03379485383629799
v 0.005392554681748152 0.016902204602956772 -0.03379485383629799
v 0.005392554681748152 0.016902204602956772 -0.03379485383629799
v 0.005392554681748152 0.016902204602956772 -0.03379485383629799
v -0.0003909091465175152 0.016905371099710464 -0.033794716000556946
v -0.0003909091465175152 0.016905371099710464 -0.033794716000556946
v -0.0003909091465175152 0.016905371099710464 -0.033794716000556946
v -0.0003909091465175152 0.016905371099710464 -0.033794716000556946
v -0.006175345275551081 0.01690681278705597 -0.033792492002248764
v -0.006175345275551081 0.01690681278705597 -0.033792492002248764
v -0.006175345275551081 0.01690681278705597 -0.033792492002248764
v -0.011960857547819614 0.016906999051570892 -0.033789120614528656
v -0.011960857547819614 0.016906999051570892 -0.033789120614528656
v -0.011960857547819614 0.016906999051570892 -0.033789120614528656
v -0.017747268080711365 0.01690717041492462 -0.03378484770655632
v -0.023534543812274933 0.01690784841775894 -0.03378020226955414
v -0.029322536662220955 0.01690741628408432 -0.0337752029299736
v -0.035111770033836365 0.016905583441257477 -0.03377031534910202
v -0.04090176150202751 0.01692064478993416 -0.03376615419983864
v -0.04669269174337387 0.016966741532087326 -0.033765245229005814
v 0.04004903882741928 0.016916025429964066 -0.029224153608083725
v 0.034270141273736954 0.016899552196264267 -0.029238874092698097
v 0.02849152311682701 0.016898684203624725 -0.029250018298625946
v 0.022715242579579353 0.016901928931474686 -0.029256228357553482
v 0.016939247027039528 0.016903407871723175 -0.029260145500302315
v 0.016939247027039528 0.016903407871723175 -0.029260145500302315
v 0.016939247027039528 0.016903407871723175 -0.029260145500302315
v 0.01116220559924841 0.016903307288885117 -0.02926189824938774
v 0.01116220559924841 0.016903307288885117 -0.02926189824938774
v 0.01116220559924841 0.016903307288885117 -0.02926189824938774
v 0.01116220559924841 0.016903307288885117 -0.02926189824938774
v 0.005383921787142754 0.01690416783094406 -0.029263034462928772
v 0.005383921787142754 0.01690416783094406 -0.029263034462928772
v 0.005383921787142754 0.01690416783094406 -0.029263034462928772
v 0.005383921787142754 0.01690416783094406 -0.029263034462928772
v 0.005383921787142754 0.01690416783094406 -0.029263034462928772
v -0.00039563531754538417 0.01690494269132614 -0.02926310896873474
v -0.00039563531754538417 0.01690494269132614 -0.02926310896873474
v -0.00039563531754538417 0.01690494269132614 -0.02926310896873474
v -0.00039563531754538417 0.01690494269132614 -0.02926310896873474
v -0.006177338771522045 0.016905121505260468 -0.029261084273457527
v -0.006177338771522045 0.016905121505260468 -0.029261084273457527
v -0.006177338771522045 0.016905121505260468 -0.029261084273457527
v -0.011960407719016075 0.01690499484539032 -0.029257722198963165
v -0.011960407719016075 0.01690499484539032 -0.029257722198963165
v -0.01774543710052967 0.016905002295970917 -0.029253462329506874
v -0.01774543710052967 0.016905002295970917 -0.029253462329506874
v -0.01774543710052967 0.016905002295970917 -0.029253462329506874
v -0.01774543710052967 0.016905002295970917 -0.029253462329506874
v -0.01774543710052967 0.016905002295970917 -0.029253462329506874
v -0.01774543710052967 0.016905002295970917 -0.029253462329506874
v -0.023531947284936905 0.016905613243579865 -0.029249338433146477
v -0.023531947284936905 0.016905613243579865 -0.029249338433146477
v -0.023531947284936905 0.016905613243579865 -0.029249338433146477
v -0.023531947284936905 0.016905613243579865 -0.029249338433146477
v -0.029320117086172104 0.016904912889003754 -0.029245056211948395
v -0.029320117086172104 0.016904912889003754 -0.029245056211948395
v -0.029320117086172104 0.016904912889003754 -0.029245056211948395
v -0.029320117086172104 0.016904912889003754 -0.029245056211948395
v -0.029320117086172104 0.016904912889003754 -0.029245056211948395
v -0.03510997071862221 0.016900159418582916 -0.029240695759654045
v -0.04090050980448723 0.01691422238945961 -0.0292364489287138
v -0.04669176787137985 0.016978345811367035 -0.02923394739627838
v -0.0408528670668602 -0.015405823476612568 -0.033852849155664444
v -0.0350605770945549 -0.015427055768668652 -0.03384993225336075
v -0.029268469661474228 -0.015457256697118282 -0.033846352249383926
v -0.023476429283618927 -0.015489577315747738 -0.03384200111031532
v -0.01768437959253788 -0.015520432032644749 -0.03383723646402359
v -0.011892406269907951 -0.015551001764833927 -0.0338323749601841
v -0.006100653670728207 -0.015581485815346241 -0.033827390521764755
v -0.0003091952239628881 -0.015612008981406689 -0.033821724355220795
v 0.0054826135747134686 -0.015642475336790085 -0.033816028386354446
v 0.011274575255811214 -0.015672773122787476 -0.03380970284342766
v 0.017066461965441704 -0.01570257917046547 -0.03380278870463371
v 0.02285785973072052 -0.015731696039438248 -0.033795226365327835
v 0.02285785973072052 -0.015731696039438248 -0.033795226365327835
v 0.02285785973072052 -0.015731696039438248 -0.033795226365327835
v 0.02864893525838852 -0.01576002687215805 -0.033787600696086884
v 0.02864893525838852 -0.01576002687215805 -0.033787600696086884
v 0.02864893525838852 -0.01576002687215805 -0.033787600696086884
v 0.02864893525838852 -0.01576002687215805 -0.033787600696086884
v 0.03444000706076622 -0.01578676700592041 -0.033780649304389954
v 0.040231212973594666 -0.015806686133146286 -0.03377505764365196
v 0.04602307453751564 -0.01579676941037178 -0.03377440571784973
v -0.040852148085832596 -0.015497121028602123 -0.029310008510947227
v -0.035059720277786255 -0.015517276711761951 -0.02930808626115322
v -0.035059720277786255 -0.015517276711761951 -0.02930808626115322
v -0.02926754578948021 -0.015541077591478825 -0.02930525690317154
v -0.02347574383020401 -0.015565046109259129 -0.029301561415195465
v -0.017683956772089005 -0.015589036978781223 -0.029297735542058945
v -0.011892003007233143 -0.015613014809787273 -0.029293932020664215
v -0.006099849473685026 -0.015637077391147614 -0.02928994596004486
v -0.00030783945112489164 -0.015661045908927917 -0.029285574331879616
v 0.005484466906636953 -0.015685006976127625 -0.029280927032232285
v 0.011276558972895145 -0.015708856284618378 -0.029275670647621155
v 0.017068710178136826 -0.01573256403207779 -0.029269812628626823
v 0.02286057360470295 -0.015756305307149887 -0.02926291711628437
v 0.028651636093854904 -0.015780482441186905 -0.0292558204382658
v 0.028651636093854904 -0.015780482441186905 -0.0292558204382658
v 0.03444269672036171 -0.015804454684257507 -0.029249241575598717
v 0.0402335524559021 -0.01581992208957672 -0.02924363873898983
v 0.046024881303310394 -0.01581350341439247 -0.029241377487778664
v -0.040851663798093796 -0.015584713779389858 -0.024767283350229263
v -0.035058945417404175 -0.015601648949086666 -0.024766406044363976
v -0.029266586527228355 -0.015620305202901363 -0.024764293804764748
v -0.02347448468208313 -0.015638109296560287 -0.024761656299233437
v -0.01768261194229126 -0.015656068921089172 -0.024758724495768547
v -0.011890583671629429 -0.015674147754907608 -0.024755768477916718
v -0.006098527926951647 -0.01569220796227455 -0.024752765893936157
v -0.00030639005126431584 -0.015710212290287018 -0.02474939450621605
v 0.005485882516950369 -0.015728160738945007 -0.02474570833146572
v 0.01127827912569046 -0.015745937824249268 -0.024741658940911293
v 0.01707075722515583 -0.015763334929943085 -0.024736762046813965
v 0.02286299131810665 -0.01578064262866974 -0.02473100647330284
v 0.028654761612415314 -0.015798795968294144 -0.024724384769797325
v 0.03444581478834152 -0.015817590057849884 -0.02471775934100151
v 0.040236350148916245 -0.01582605019211769 -0.02471211552619934
v 0.0460270531475544 -0.015807218849658966 -0.02470886893570423
v 0.04024440050125122 -0.0158795528113842 -0.015649596229195595
v 0.034452687948942184 -0.015878569334745407 -0.015657024458050728
v 0.02865912765264511 -0.015860363841056824 -0.0156632661819458
v 0.022865423932671547 -0.015853501856327057 -0.015668360516428947
v 0.017072265967726707 -0.015850279480218887 -0.01567166857421398
v 0.011279751546680927 -0.015846773982048035 -0.015673881396651268
v 0.005487656220793724 -0.015842512249946594 -0.015675446018576622
v -0.00030404937569983304 -0.015837617218494415 -0.015677262097597122
v -0.006095694378018379 -0.015832476317882538 -0.01567908190190792
v -0.01188772451132536 -0.01582695171236992 -0.015680087730288506
v -0.017679860815405846 -0.01582123339176178 -0.015681345015764236
v -0.023472027853131294 -0.01581544429063797 -0.015682950615882874
v -0.029264692217111588 -0.015808772295713425 -0.01568443886935711
v -0.03505776822566986 -0.015803709626197815 -0.01568547636270523
v -0.040851809084415436 -0.015800364315509796 -0.015684355050325394
v -0.04664710536599159 -0.015790220350027084 -0.015676910057663918
v 0.04023972153663635 -0.015833701938390732 -0.020180227234959602
v 0.03444916754961014 -0.015827473253011703 -0.020186759531497955
v 0.02865763008594513 -0.015809010714292526 -0.020193399861454964
v 0.022865016013383865 -0.015793826431035995 -0.020199190825223923
v 0.017072170972824097 -0.015782222151756287 -0.020203987136483192
v 0.011279283091425896 -0.01577126607298851 -0.020207544788718224
v 0.0054869153536856174 -0.01576019451022148 -0.020210320129990578
v -0.0003051506937481463 -0.015748754143714905 -0.020212937146425247
v -0.0060971505008637905 -0.015736933797597885 -0.020215438678860664
v -0.011889135465025902 -0.01572515442967415 -0.020217519253492355
v -0.017681093886494637 -0.015713192522525787 -0.02021949179470539
v -0.023473111912608147 -0.01570126786828041 -0.02022171951830387
v -0.029265305027365685 -0.0156891867518425 -0.02022377960383892
v -0.03505796939134598 -0.015675947070121765 -0.020225131884217262
v -0.04085136577486992 -0.01566985994577408 -0.02022499404847622
v -0.04664537310600281 -0.015690501779317856 -0.02022254467010498
v 0.04026797041296959 -0.015876080840826035 0.03304986283183098
v 0.034476809203624725 -0.01587732881307602 0.033051613718271255
v 0.028686242178082466 -0.015873506665229797 0.0330524742603302
v 0.02289641834795475 -0.01587042585015297 0.033052802085876465
v 0.017107609659433365 -0.015868913382291794 0.03305228799581528
v 0.011319541372358799 -0.015867751091718674 0.03305094316601753
v 0.005531500559300184 -0.015866365283727646 0.03304947912693024
v -0.00025737204123288393 -0.015864551067352295 0.033047571778297424
v -0.006045402493327856 -0.015862073749303818 0.03304458409547806
v -0.01183347962796688 -0.015858564525842667 0.03304162994027138
v -0.01762150600552559 -0.01585383713245392 0.03303999826312065
v -0.02340766414999962 -0.01584789901971817 0.03303616866469383
v -0.02920178510248661 -0.015839960426092148 0.033036790788173676
v -0.03499365225434303 -0.015827741473913193 0.033035386353731155
v -0.04078390821814537 -0.015847306698560715 0.033027105033397675
v -0.046569906175136566 -0.016074467450380325 0.03300471603870392
v 0.04026496037840843 -0.01586751639842987 0.027761349454522133
v 0.04026496037840843 -0.01586751639842987 0.027761349454522133
v 0.04026496037840843 -0.01586751639842987 0.027761349454522133
v 0.034473542124032974 -0.0158667154610157 0.027763642370700836
v 0.028682703152298927 -0.01586584374308586 0.02776482328772545
v 0.028682703152298927 -0.01586584374308586 0.02776482328772545
v 0.02289232239127159 -0.015865065157413483 0.027765223756432533
v 0.02289232239127159 -0.015865065157413483 0.027765223756432533
v 0.02289232239127159 -0.015865065157413483 0.027765223756432533
v 0.02289232239127159 -0.015865065157413483 0.027765223756432533
v 0.01710239239037037 -0.01586432009935379 0.027764953672885895
v 0.01710239239037037 -0.01586432009935379 0.027764953672885895
v 0.01710239239037037 -0.01586432009935379 0.027764953672885895
v 0.011313256807625294 -0.01586334779858589 0.027764203026890755
v 0.011313256807625294 -0.01586334779858589 0.027764203026890755
v 0.011313256807625294 -0.01586334779858589 0.027764203026890755
v 0.00552442017942667 -0.015862111002206802 0.027763206511735916
v 0.00552442017942667 -0.015862111002206802 0.027763206511735916
v 0.00552442017942667 -0.015862111002206802 0.027763206511735916
v -0.0002639088488649577 -0.01586061343550682 0.027761412784457207
v -0.0002639088488649577 -0.01586061343550682 0.027761412784457207
v -0.0060523091815412045 -0.015858840197324753 0.027759522199630737
v -0.0060523091815412045 -0.015858840197324753 0.027759522199630737
v -0.0060523091815412045 -0.015858840197324753 0.027759522199630737
v -0.011840665712952614 -0.01585683599114418 0.027756981551647186
v -0.017629170790314674 -0.015854723751544952 0.02775435522198677
v -0.023417796939611435 -0.015852753072977066 0.027752185240387917
v -0.02920646406710148 -0.015850208699703217 0.027750404551625252
v -0.03499481454491615 -0.015838783234357834 0.027747947722673416
v -0.04078226536512375 -0.015828285366296768 0.027740955352783203
v -0.046564072370529175 -0.015974927693605423 0.02772209420800209
v 0.04026155173778534 -0.015865955501794815 0.022473132237792015
v 0.04026155173778534 -0.015865955501794815 0.022473132237792015
v 0.04026155173778534 -0.015865955501794815 0.022473132237792015
v 0.04026155173778534 -0.015865955501794815 0.022473132237792015
v 0.04026155173778534 -0.015865955501794815 0.022473132237792015
v 0.03446974605321884 -0.01586611196398735 0.022475963458418846
v 0.03446974605321884 -0.01586611196398735 0.022475963458418846
v 0.03446974605321884 -0.01586611196398735 0.022475963458418846
v 0.03446974605321884 -0.01586611196398735 0.022475963458418846
v 0.02867833524942398 -0.015865951776504517 0.02247769571840763
v 0.02867833524942398 -0.015865951776504517 0.02247769571840763
v 0.022887490689754486 -0.015865907073020935 0.022478394210338593
v 0.022887490689754486 -0.015865907073020935 0.022478394210338593
v 0.01709703356027603 -0.015866011381149292 0.022478371858596802
v 0.01709703356027603 -0.015866011381149292 0.022478371858596802
v 0.01130688190460205 -0.015866074711084366 0.022477928549051285
v 0.01130688190460205 -0.015866074711084366 0.022477928549051285
v 0.01130688190460205 -0.015866074711084366 0.022477928549051285
v 0.005517265759408474 -0.015866100788116455 0.022477127611637115
v 0.005517265759408474 -0.015866100788116455 0.022477127611637115
v 0.005517265759408474 -0.015866100788116455 0.022477127611637115
v 0.005517265759408474 -0.015866100788116455 0.022477127611637115
v -0.00027187407249584794 -0.015866130590438843 0.02247585728764534
v -0.00027187407249584794 -0.015866130590438843 0.02247585728764534
v -0.00027187407249584794 -0.015866130590438843 0.02247585728764534
v -0.00027187407249584794 -0.015866130590438843 0.02247585728764534
v -0.006060874089598656 -0.015866227447986603 0.022474467754364014
v -0.006060874089598656 -0.015866227447986603 0.022474467754364014
v -0.006060874089598656 -0.015866227447986603 0.022474467754364014
v -0.011849865317344666 -0.015866372734308243 0.022472674027085304
v -0.011849865317344666 -0.015866372734308243 0.022472674027085304
v -0.011849865317344666 -0.015866372734308243 0.022472674027085304
v -0.011849865317344666 -0.015866372734308243 0.022472674027085304
v -0.011849865317344666 -0.015866372734308243 0.022472674027085304
v -0.017638863995671272 -0.015866544097661972 0.022470226511359215
v -0.017638863995671272 -0.015866544097661972 0.022470226511359215
v -0.02342827431857586 -0.015866968780755997 0.022467996925115585
v -0.029217563569545746 -0.015867743641138077 0.022465767338871956
v -0.035005953162908554 -0.01586398482322693 0.022462982684373856
v -0.04079314321279526 -0.015853077173233032 0.022456523030996323
v -0.04657760262489319 -0.01593300700187683 0.022440843284130096
v 0.04025743529200554 -0.01586567983031273 0.017185164615511894
v 0.04025743529200554 -0.01586567983031273 0.017185164615511894
v 0.04025743529200554 -0.01586567983031273 0.017185164615511894
v 0.04025743529200554 -0.01586567983031273 0.017185164615511894
v 0.03446546941995621 -0.015866048634052277 0.01718861050903797
v 0.03446546941995621 -0.015866048634052277 0.01718861050903797
v 0.028673876076936722 -0.015866119414567947 0.01719066873192787
v 0.028673876076936722 -0.015866119414567947 0.01719066873192787
v 0.028673876076936722 -0.015866119414567947 0.01719066873192787
v 0.022882472723722458 -0.015866082161664963 0.017191799357533455
v 0.022882472723722458 -0.015866082161664963 0.017191799357533455
v 0.0170914214104414 -0.015866119414567947 0.017192136496305466
v 0.0170914214104414 -0.015866119414567947 0.017192136496305466
v 0.0170914214104414 -0.015866119414567947 0.017192136496305466
v 0.01130071934312582 -0.01586618274450302 0.017191829159855843
v 0.01130071934312582 -0.01586618274450302 0.017191829159855843
v 0.0055103483609855175 -0.0158662348985672 0.017191313207149506
v 0.0055103483609855175 -0.0158662348985672 0.017191313207149506
v -0.00027988493093289435 -0.01586627960205078 0.017190653830766678
v -0.00027988493093289435 -0.01586627960205078 0.017190653830766678
v -0.006069697439670563 -0.015866342931985855 0.017189588397741318
v -0.006069697439670563 -0.015866342931985855 0.017189588397741318
v -0.006069697439670563 -0.015866342931985855 0.017189588397741318
v -0.011859203688800335 -0.015866462141275406 0.017188487574458122
v -0.011859203688800335 -0.015866462141275406 0.017188487574458122
v -0.017648708075284958 -0.015866588801145554 0.017186766490340233
v -0.017648708075284958 -0.015866588801145554 0.017186766490340233
v -0.017648708075284958 -0.015866588801145554 0.017186766490340233
v -0.02343778870999813 -0.015866756439208984 0.01718444749712944
v -0.02343778870999813 -0.015866756439208984 0.01718444749712944
v -0.02343778870999813 -0.015866756439208984 0.01718444749712944
v -0.02922714501619339 -0.015867263078689575 0.017181748524308205
v -0.03501560539007187 -0.015866700559854507 0.01717839576303959
v -0.03501560539007187 -0.015866700559854507 0.01717839576303959
v -0.03501560539007187 -0.015866700559854507 0.01717839576303959
v -0.03501560539007187 -0.015866700559854507 0.01717839576303959
v -0.03501560539007187 -0.015866700559854507 0.01717839576303959
v -0.040803615003824234 -0.015862368047237396 0.01717357523739338
v -0.04658959060907364 -0.01591675356030464 0.01716003753244877
v -0.04082809388637543 -0.015870247036218643 0.0013200269313529134
v -0.03503776714205742 -0.015873674303293228 0.0013257685350254178
v -0.029247649013996124 -0.015879318118095398 0.001328683109022677
v -0.023457784205675125 -0.015878114849328995 0.0013300395803526044
v -0.01766788400709629 -0.015877719968557358 0.0013310612412169576
v -0.011877586133778095 -0.015877507627010345 0.0013316298136487603
v -0.006086754146963358 -0.015877414494752884 0.0013318379642441869
v -0.0002956887474283576 -0.01587740331888199 0.0013318854616954923
v 0.005495321936905384 -0.015877429395914078 0.001332817249931395
v 0.011286646127700806 -0.015877556055784225 0.0013329434441402555
v 0.017078092321753502 -0.015877701342105865 0.0013323855819180608
v 0.02286955714225769 -0.015877846628427505 0.0013311171205714345
v 0.028660936281085014 -0.015878289937973022 0.001329178106971085
v 0.034452278167009354 -0.015877366065979004 0.0013260572450235486
v 0.04024377837777138 -0.015868887305259705 0.0013210863107815385
v 0.04603556543588638 -0.015868131071329117 0.001313556102104485
v -0.040828313678503036 -0.01586727425456047 0.00660658860579133
v -0.03503771126270294 -0.01586906611919403 0.00661185709759593
v -0.03503771126270294 -0.01586906611919403 0.00661185709759593
v -0.0292468573898077 -0.015870872884988785 0.006615072954446077
v -0.0292468573898077 -0.015870872884988785 0.006615072954446077
v -0.0292468573898077 -0.015870872884988785 0.006615072954446077
v -0.0292468573898077 -0.015870872884988785 0.006615072954446077
v -0.02345617488026619 -0.015870176255702972 0.006616875994950533
v -0.02345617488026619 -0.015870176255702972 0.006616875994950533
v -0.017666028812527657 -0.01586998999118805 0.006618455518037081
v -0.017666028812527657 -0.01586998999118805 0.006618455518037081
v -0.017666028812527657 -0.01586998999118805 0.006618455518037081
v -0.011875573545694351 -0.015870068222284317 0.006619547959417105
v -0.011875573545694351 -0.015870068222284317 0.006619547959417105
v -0.006084554363042116 -0.0158701129257679 0.006619765888899565
v -0.006084554363042116 -0.0158701129257679 0.006619765888899565
v -0.00029313561390154064 -0.015870127826929092 0.0066196187399327755
v -0.00029313561390154064 -0.015870127826929092 0.0066196187399327755
v 0.005498149897903204 -0.015870139002799988 0.006619911175221205
v 0.005498149897903204 -0.015870139002799988 0.006619911175221205
v 0.011289474554359913 -0.015870127826929092 0.0066203041933476925
v 0.011289474554359913 -0.015870127826929092 0.0066203041933476925
v 0.01708110235631466 -0.0158701129257679 0.006619942840188742
v 0.01708110235631466 -0.0158701129257679 0.006619942840188742
v 0.022873343899846077 -0.0158701092004776 0.006618787068873644
v 0.022873343899846077 -0.0158701092004776 0.006618787068873644
v 0.02866516448557377 -0.015869975090026855 0.006616988684982061
v 0.02866516448557377 -0.015869975090026855 0.006616988684982061
v 0.02866516448557377 -0.015869975090026855 0.006616988684982061
v 0.03445686772465706 -0.015870973467826843 0.006613991688936949
v 0.03445686772465706 -0.015870973467826843 0.006613991688936949
v 0.04024861380457878 -0.0158698707818985 0.006609396543353796
v 0.04604047164320946 -0.01585971564054489 0.006602732930332422
v -0.04081501439213753 -0.015864107757806778 0.011889755725860596
v -0.03502751514315605 -0.015865478664636612 0.011895058676600456
v -0.03502751514315605 -0.015865478664636612 0.011895058676600456
v -0.03502751514315605 -0.015865478664636612 0.011895058676600456
v -0.03502751514315605 -0.015865478664636612 0.011895058676600456
v -0.029238099232316017 -0.015865817666053772 0.01189851388335228
v -0.029238099232316017 -0.015865817666053772 0.01189851388335228
v -0.029238099232316017 -0.015865817666053772 0.01189851388335228
v -0.029238099232316017 -0.015865817666053772 0.01189851388335228
v -0.029238099232316017 -0.015865817666053772 0.01189851388335228
v -0.023448139429092407 -0.015865471214056015 0.01190079003572464
v -0.023448139429092407 -0.015865471214056015 0.01190079003572464
v -0.023448139429092407 -0.015865471214056015 0.01190079003572464
v -0.023448139429092407 -0.015865471214056015 0.01190079003572464
v -0.01765810139477253 -0.015865463763475418 0.011902647092938423
v -0.01765810139477253 -0.015865463763475418 0.011902647092938423
v -0.01186823844909668 -0.015865545719861984 0.01190418004989624
v -0.01186823844909668 -0.015865545719861984 0.01190418004989624
v -0.006077672354876995 -0.015865564346313477 0.011904813349246979
v -0.006077672354876995 -0.015865564346313477 0.011904813349246979
v -0.00028687564190477133 -0.015865590423345566 0.011905048042535782
v -0.00028687564190477133 -0.015865590423345566 0.011905048042535782
v 0.005503979977220297 -0.015865609049797058 0.011905506253242493
v 0.005503979977220297 -0.015865609049797058 0.011905506253242493
v 0.011295025236904621 -0.015865597873926163 0.011905936524271965
v 0.011295025236904621 -0.015865597873926163 0.011905936524271965
v 0.017086157575249672 -0.01586558297276497 0.01190597377717495
v 0.017086157575249672 -0.01586558297276497 0.01190597377717495
v 0.022877367213368416 -0.015865575522184372 0.011905442923307419
v 0.022877367213368416 -0.015865575522184372 0.011905442923307419
v 0.022877367213368416 -0.015865575522184372 0.011905442923307419
v 0.028668900951743126 -0.015865541994571686 0.011904047802090645
v 0.028668900951743126 -0.015865541994571686 0.011904047802090645
v 0.028668900951743126 -0.015865541994571686 0.011904047802090645
v 0.028668900951743126 -0.015865541994571686 0.011904047802090645
v 0.03446073830127716 -0.015865158289670944 0.011901505291461945
v 0.03446073830127716 -0.015865158289670944 0.011901505291461945
v 0.03446073830127716 -0.015865158289670944 0.011901505291461945
v 0.03446073830127716 -0.015865158289670944 0.011901505291461945
v 0.03446073830127716 -0.015865158289670944 0.011901505291461945
v 0.03446073830127716 -0.015865158289670944 0.011901505291461945
v 0.040252864360809326 -0.015866532921791077 0.011897450312972069
v 0.040252864360809326 -0.015866532921791077 0.011897450312972069
v 0.040252864360809326 -0.015866532921791077 0.011897450312972069
v 0.040252864360809326 -0.015866532921791077 0.011897450312972069
v 0.040252864360809326 -0.015866532921791077 0.011897450312972069
v 0.04604526609182358 -0.01586141809821129 0.011891724541783333
v 0.03974662721157074 0.016975630074739456 0.0012811498017981648
v 0.03398542106151581 0.016915559768676758 0.0012937980936840177
v 0.02822224050760269 0.01690056174993515 0.0012869612546637654
v -0.02355872094631195 0.01690410077571869 0.0013067863183096051
v -0.029322732239961624 0.016904104501008987 0.0013048622058704495
v -0.035094257444143295 0.016904056072235107 0.0013037516037002206
v -0.035094257444143295 0.016904056072235107 0.0013037516037002206
v -0.04087202996015549 0.016903851181268692 0.0013037218013778329
v -0.04087202996015549 0.016903851181268692 0.0013037218013778329
v -0.04665300250053406 0.016913671046495438 0.0013044100487604737
v 0.039824001491069794 0.016970448195934296 0.006586612667888403
v 0.03403855115175247 0.0169113427400589 0.006604416761547327
v 0.028257951140403748 0.016900401562452316 0.0066007343120872974
v 0.028257951140403748 0.016900401562452316 0.0066007343120872974
v 0.02248554676771164 0.016904566437005997 0.006602918263524771
v 0.02248554676771164 0.016904566437005997 0.006602918263524771
v 0.02248554676771164 0.016904566437005997 0.006602918263524771
v 0.016720501706004143 0.0169040746986866 0.006611334625631571
v 0.016720501706004143 0.0169040746986866 0.006611334625631571
v 0.010955329984426498 0.016904108226299286 0.006619150284677744
v 0.0051913782954216 0.016904108226299286 0.006623667199164629
v -0.0005666598444804549 0.016904108226299286 0.006624442059546709
v -0.0063210888765752316 0.016904104501008987 0.0066241188906133175
v -0.01206914521753788 0.016904108226299286 0.0066164820455014706
v -0.01781724952161312 0.016904108226299286 0.006608699914067984
v -0.023572124540805817 0.016904108226299286 0.006602639798074961
v -0.029334241524338722 0.016904115676879883 0.006598339881747961
v -0.035104308277368546 0.016904044896364212 0.006595814134925604
v -0.035104308277368546 0.016904044896364212 0.006595814134925604
v -0.04088059440255165 0.016903772950172424 0.0065949163399636745
v -0.0466609001159668 0.01691795140504837 0.00659547233954072
v 0.03989913687109947 0.016941115260124207 0.01188211515545845
v 0.034102000296115875 0.016899485141038895 0.011904574930667877
v 0.02831028215587139 0.016901623457670212 0.011908391490578651
v 0.02252693846821785 0.016906000673770905 0.01191084273159504
v 0.016750240698456764 0.016903303563594818 0.011916933581233025
v 0.016750240698456764 0.016903303563594818 0.011916933581233025
v 0.016750240698456764 0.016903303563594818 0.011916933581233025
v 0.016750240698456764 0.016903303563594818 0.011916933581233025
v 0.016750240698456764 0.016903303563594818 0.011916933581233025
v 0.010978310368955135 0.016904231160879135 0.011922581121325493
v 0.010978310368955135 0.016904231160879135 0.011922581121325493
v 0.010978310368955135 0.016904231160879135 0.011922581121325493
v 0.010978310368955135 0.016904231160879135 0.011922581121325493
v 0.005209046881645918 0.01690421625971794 0.011926719918847084
v 0.005209046881645918 0.01690421625971794 0.011926719918847084
v 0.005209046881645918 0.01690421625971794 0.011926719918847084
v 0.005209046881645918 0.01690421625971794 0.011926719918847084
v -0.000556993531063199 0.016904115676879883 0.01192813366651535
v -0.000556993531063199 0.016904115676879883 0.01192813366651535
v -0.000556993531063199 0.016904115676879883 0.01192813366651535
v -0.006319009233266115 0.016904078423976898 0.011927669867873192
v -0.006319009233266115 0.016904078423976898 0.011927669867873192
v -0.012073979713022709 0.016904111951589584 0.011923454701900482
v -0.012073979713022709 0.016904111951589584 0.011923454701900482
v -0.012073979713022709 0.016904111951589584 0.011923454701900482
v -0.01782040297985077 0.016904111951589584 0.01190994493663311
v -0.023578088730573654 0.016904111951589584 0.011900335550308228
v -0.023578088730573654 0.016904111951589584 0.011900335550308228
v -0.029343029484152794 0.016904115676879883 0.01189497485756874
v -0.029343029484152794 0.016904115676879883 0.01189497485756874
v -0.035110924392938614 0.016904037445783615 0.011889353394508362
v -0.035110924392938614 0.016904037445783615 0.011889353394508362
v -0.035110924392938614 0.016904037445783615 0.011889353394508362
v -0.04088720306754112 0.016903702169656754 0.01188669167459011
v -0.04666728898882866 0.016921978443861008 0.01188691146671772
v 0.03994034230709076 0.01691153645515442 0.01716933213174343
v 0.03414635732769966 0.01688222587108612 0.01719450205564499
v 0.028352629393339157 0.01690560206770897 0.017206477001309395
v 0.022564107552170753 0.016911078244447708 0.017212355509400368
v 0.016780683770775795 0.01690078154206276 0.017218254506587982
v 0.01100179087370634 0.016903743147850037 0.017222866415977478
v 0.01100179087370634 0.016903743147850037 0.017222866415977478
v 0.01100179087370634 0.016903743147850037 0.017222866415977478
v 0.01100179087370634 0.016903743147850037 0.017222866415977478
v 0.01100179087370634 0.016903743147850037 0.017222866415977478
v 0.01100179087370634 0.016903743147850037 0.017222866415977478
v 0.005225982517004013 0.0169040709733963 0.017226221039891243
v 0.005225982517004013 0.0169040709733963 0.017226221039891243
v 0.005225982517004013 0.0169040709733963 0.017226221039891243
v 0.005225982517004013 0.0169040709733963 0.017226221039891243
v 0.005225982517004013 0.0169040709733963 0.017226221039891243
v -0.0005472521297633648 0.016903076320886612 0.017227670177817345
v -0.0005472521297633648 0.016903076320886612 0.017227670177817345
v -0.0005472521297633648 0.016903076320886612 0.017227670177817345
v -0.006317749619483948 0.016902614384889603 0.0172265712171793
v -0.006317749619483948 0.016902614384889603 0.0172265712171793
v -0.006317749619483948 0.016902614384889603 0.0172265712171793
v -0.006317749619483948 0.016902614384889603 0.0172265712171793
v -0.006317749619483948 0.016902614384889603 0.0172265712171793
v -0.01208677887916565 0.01690308377146721 0.017221074551343918
v -0.01208677887916565 0.01690308377146721 0.017221074551343918
v -0.01208677887916565 0.01690308377146721 0.017221074551343918
v -0.01208677887916565 0.01690308377146721 0.017221074551343918
v -0.01208677887916565 0.01690308377146721 0.017221074551343918
v -0.017854342237114906 0.016903966665267944 0.017208736389875412
v -0.017854342237114906 0.016903966665267944 0.017208736389875412
v -0.017854342237114906 0.016903966665267944 0.017208736389875412
v -0.017854342237114906 0.016903966665267944 0.017208736389875412
v -0.02361953631043434 0.016907207667827606 0.017196470871567726
v -0.029385704547166824 0.016911335289478302 0.01718718372285366
v -0.035155393183231354 0.016884170472621918 0.0171844270080328
v -0.040926627814769745 0.01682804524898529 0.017192265018820763
v -0.0466960147023201 0.016757473349571228 0.0172115545719862
v -0.04095147177577019 0.016354553401470184 0.03305920958518982
v -0.03518575429916382 0.016647804528474808 0.03306721895933151
v -0.02941645123064518 0.016814909875392914 0.03308062255382538
v -0.023641718551516533 0.016895420849323273 0.033092595636844635
v -0.017863648012280464 0.016934625804424286 0.033102650195360184
v -0.012083089910447598 0.01694401353597641 0.03310944512486458
v -0.006300654727965593 0.01693916693329811 0.03311339020729065
v -0.000516224536113441 0.01693958044052124 0.03311505913734436
v 0.0052700042724609375 0.016929548233747482 0.03311360999941826
v 0.011058219708502293 0.01692363992333412 0.03310961648821831
v 0.016848379746079445 0.016920138150453568 0.033103544265031815
v 0.022640064358711243 0.016917314380407333 0.033094100654125214
v 0.028432881459593773 0.016911253333091736 0.03308020532131195
v 0.03422611206769943 0.016898587346076965 0.03306156024336815
v 0.04001912102103233 0.016870509833097458 0.03303937986493111
v 0.045809902250766754 0.016789451241493225 0.03301811218261719
v -0.040955908596515656 0.0165826715528965 0.02777935564517975
v -0.03518708795309067 0.016839265823364258 0.027773955836892128
v -0.02941276878118515 0.016920164227485657 0.02778293751180172
v -0.023638611659407616 0.01692841574549675 0.027794847264885902
v -0.01786291040480137 0.016927246004343033 0.027806390076875687
v -0.012085466645658016 0.016921237111091614 0.02781449817121029
v -0.006306201685220003 0.016915131360292435 0.02781926840543747
v -0.0005251063266769052 0.016911759972572327 0.027821145951747894
v 0.005258251912891865 0.016910389065742493 0.02781984582543373
v 0.011043433099985123 0.016907911747694016 0.02781621925532818
v 0.01683041639626026 0.01690438762307167 0.0278110820800066
v 0.02262066677212715 0.016906477510929108 0.027803048491477966
v 0.028412919491529465 0.01690640300512314 0.027791036292910576
v 0.028412919491529465 0.01690640300512314 0.027791036292910576
v 0.03420595824718475 0.01690315455198288 0.027773598209023476
v 0.03999869152903557 0.016900628805160522 0.02775123342871666
v 0.045791156589984894 0.016859453171491623 0.027729582041502
v -0.040945932269096375 0.016684625297784805 0.02248799428343773
v -0.03517744690179825 0.016870561987161636 0.02247941493988037
v -0.029404865577816963 0.016925454139709473 0.02248462848365307
v -0.023633046075701714 0.016915667802095413 0.022496238350868225
v -0.023633046075701714 0.016915667802095413 0.022496238350868225
v -0.01786140352487564 0.0169081911444664 0.02250855416059494
v -0.012088212184607983 0.01690395176410675 0.02251812070608139
v -0.006312906742095947 0.016901884227991104 0.02252376452088356
v -0.0005361320218071342 0.01690201833844185 0.022524990141391754
v 0.005242608953267336 0.016903307288885117 0.022524088621139526
v 0.005242608953267336 0.016903307288885117 0.022524088621139526
v 0.011023953557014465 0.016902532428503036 0.0225207656621933
v 0.011023953557014465 0.016902532428503036 0.0225207656621933
v 0.011023953557014465 0.016902532428503036 0.0225207656621933
v 0.01680760644376278 0.016899846494197845 0.02251593768596649
v 0.02259521372616291 0.016909081488847733 0.022509146481752396
v 0.028386378660798073 0.016909442842006683 0.022499797865748405
v 0.034179531037807465 0.016898129135370255 0.022483695298433304
v 0.03997206315398216 0.016908053308725357 0.022459816187620163
v 0.04576393589377403 0.016875803470611572 0.022434880957007408
v -0.04085264354944229 0.016903985291719437 -0.007547833491116762
v -0.04085264354944229 0.016903985291719437 -0.007547833491116762
v -0.04085264354944229 0.016903985291719437 -0.007547833491116762
v -0.03507009148597717 0.016904089599847794 -0.007548466790467501
v -0.0292911846190691 0.01690409705042839 -0.007548703346401453
v -0.023518381640315056 0.01690409705042839 -0.007549016270786524
v 0.028241615742444992 0.016903091222047806 -0.007589301560074091
v 0.03400483727455139 0.016906999051570892 -0.00757884094491601
v 0.03975244611501694 0.016945894807577133 -0.007578536402434111
v 0.045459017157554626 0.016456715762615204 -0.007617312949150801
v -0.04370194301009178 -0.015871532261371613 0.014527000486850739
v -0.03791484236717224 -0.015864811837673187 0.014534277841448784
v -0.03791484236717224 -0.015864811837673187 0.014534277841448784
v -0.03791484236717224 -0.015864811837673187 0.014534277841448784
v -0.03212684020400047 -0.015866275876760483 0.014538183808326721
v -0.03212684020400047 -0.015866275876760483 0.014538183808326721
v -0.03212684020400047 -0.015866275876760483 0.014538183808326721
v -0.03212684020400047 -0.015866275876760483 0.014538183808326721
v -0.026338037103414536 -0.01586587354540825 0.014541363343596458
v -0.026338037103414536 -0.01586587354540825 0.014541363343596458
v -0.026338037103414536 -0.01586587354540825 0.014541363343596458
v -0.020548013970255852 -0.01586570218205452 0.014543678611516953
v -0.020548013970255852 -0.01586570218205452 0.014543678611516953
v -0.020548013970255852 -0.01586570218205452 0.014543678611516953
v -0.014758804813027382 -0.01586572453379631 0.014545630663633347
v -0.014758804813027382 -0.01586572453379631 0.014545630663633347
v -0.014758804813027382 -0.01586572453379631 0.014545630663633347
v -0.008968797512352467 -0.015865705907344818 0.014546772465109825
v -0.008968797512352467 -0.015865705907344818 0.014546772465109825
v -0.008968797512352467 -0.015865705907344818 0.014546772465109825
v -0.0031786763574928045 -0.015865713357925415 0.014547640457749367
v -0.0031786763574928045 -0.015865713357925415 0.014547640457749367
v 0.04315124452114105 -0.015864983201026917 0.014538882300257683
v 0.04315124452114105 -0.015864983201026917 0.014538882300257683
v 0.04315124452114105 -0.015864983201026917 0.014538882300257683
v 0.037359125912189484 -0.015865597873926163 0.014543360099196434
v 0.037359125912189484 -0.015865597873926163 0.014543360099196434
v 0.037359125912189484 -0.015865597873926163 0.014543360099196434
v 0.037359125912189484 -0.015865597873926163 0.014543360099196434
v 0.03156731277704239 -0.015865642577409744 0.014546329155564308
v 0.03156731277704239 -0.015865642577409744 0.014546329155564308
v 0.03156731277704239 -0.015865642577409744 0.014546329155564308
v 0.025775715708732605 -0.015865717083215714 0.014548063278198242
v 0.025775715708732605 -0.015865717083215714 0.014548063278198242
v 0.025775715708732605 -0.015865717083215714 0.014548063278198242
v 0.019984355196356773 -0.01586569845676422 0.014548944309353828
v 0.019984355196356773 -0.01586569845676422 0.014548944309353828
v 0.014193245209753513 -0.015865713357925415 0.014549020677804947
v 0.014193245209753513 -0.015865713357925415 0.014549020677804947
v 0.008402319625020027 -0.015865735709667206 0.014548668637871742
v 0.008402319625020027 -0.015865735709667206 0.014548668637871742
v 0.0026117058005183935 -0.015865735709667206 0.014548145234584808
v 0.0026117058005183935 -0.015865735709667206 0.014548145234584808
v -0.04382196068763733 0.016694393008947372 0.019851265475153923
v -0.03805282711982727 0.01681501790881157 0.019833775237202644
v -0.032282471656799316 0.01690850779414177 0.01983276568353176
v -0.02651209570467472 0.016916576772928238 0.019840076565742493
v -0.020743535831570625 0.016906846314668655 0.01985262893140316
v -0.014973976649343967 0.01690361648797989 0.019864646717905998
v -0.009202086366713047 0.01690187305212021 0.019873138517141342
v -0.009202086366713047 0.01690187305212021 0.019873138517141342
v -0.0034290801268070936 0.01690187305212021 0.019876085221767426
v -0.0034290801268070936 0.01690187305212021 0.019876085221767426
v 0.042853232473134995 0.016907423734664917 0.01979989744722843
v 0.0370609350502491 0.016897059977054596 0.01982782408595085
v 0.03126685693860054 0.016896270215511322 0.01984771527349949
v 0.025475135073065758 0.016914889216423035 0.019857823848724365
v 0.01968712918460369 0.016903560608625412 0.01986454240977764
v 0.013903327286243439 0.016900893300771713 0.019869908690452576
v 0.013903327286243439 0.016900893300771713 0.019869908690452576
v 0.013903327286243439 0.016900893300771713 0.019869908690452576
v 0.013903327286243439 0.016900893300771713 0.019869908690452576
v 0.00812316033989191 0.01690385490655899 0.019874051213264465
v 0.00812316033989191 0.01690385490655899 0.019874051213264465
v 0.00812316033989191 0.01690385490655899 0.019874051213264465
v 0.00812316033989191 0.01690385490655899 0.019874051213264465
v 0.00812316033989191 0.01690385490655899 0.019874051213264465
v 0.002345921704545617 0.01690276339650154 0.019876517355442047
v 0.002345921704545617 0.01690276339650154 0.019876517355442047
v 0.002345921704545617 0.01690276339650154 0.019876517355442047
v 0.04255373030900955 0.0004901420325040817 -0.040730416774749756
v 0.03723283112049103 0.0005615625414066017 -0.04019523784518242
v 0.031472448259592056 0.000553456018678844 -0.04042641073465347
v 0.0257091261446476 0.0005428404547274113 -0.04094303026795387
v 0.01991911232471466 0.0005277921445667744 -0.04099682718515396
v 0.014128949493169785 0.0005127139156684279 -0.04101964458823204
v 0.008338860236108303 0.0004982270183973014 -0.04102219641208649
v 0.0025487157981842756 0.00048442481784150004 -0.041022442281246185
v -0.04376113414764404 0.00039747386472299695 -0.040265992283821106
v -0.03797321394085884 0.00040508664096705616 -0.04032101854681969
v -0.03219456225633621 0.00041456552571617067 -0.04072580486536026
v -0.02640562690794468 0.00042513629887253046 -0.04090430960059166
v -0.020614398643374443 0.00043590040877461433 -0.04097135737538338
v -0.014823179692029953 0.000447059515863657 -0.0410018153488636
v -0.009032249450683594 0.00045883189886808395 -0.04101627320051193
v -0.003241631668061018 0.00047129514859989285 -0.041022323071956635
v -0.043287359178066254 -0.00022972372244112194 0.04169198125600815
v -0.03774837777018547 -0.00017675253911875188 0.04082820564508438
v -0.032195620238780975 -0.00010947312694042921 0.040699150413274765
v -0.026435479521751404 -0.00004854009603150189 0.040756821632385254
v -0.020651068538427353 0.000002162560122087598 0.04078184813261032
v -0.014859568327665329 0.00004940232611261308 0.04106852784752846
v -0.009068221785128117 0.00009769672760739923 0.04106872156262398
v -0.0032771630212664604 0.0001472385774832219 0.041069865226745605
v 0.04304458573460579 0.00054354895837605 0.040762584656476974
v 0.03725891560316086 0.0004954703617841005 0.041003379970788956
v 0.03146852180361748 0.00044728023931384087 0.04106763005256653
v 0.025677619501948357 0.00039806196582503617 0.04108631983399391
v 0.019886523485183716 0.00034820809378288686 0.041090164333581924
v 0.014095560647547245 0.00029804735095240176 0.04108820855617523
v 0.00830458290874958 0.0002477425732649863 0.04108421504497528
v 0.002513725543394685 0.00019736740796361119 0.04107668995857239
v -0.043695591390132904 -0.015867318958044052 0.03934147208929062
v -0.03790232911705971 -0.01590975746512413 0.039369452744722366
v -0.03210689499974251 -0.015948381274938583 0.03937793895602226
v -0.026311973109841347 -0.01594378426671028 0.03937830403447151
v -0.020519699901342392 -0.015897076576948166 0.039379287511110306
v -0.014728585258126259 -0.015847787261009216 0.03938062861561775
v -0.008938411250710487 -0.01579604670405388 0.03938021510839462
v -0.003149025607854128 -0.01575220748782158 0.0393814742565155
v 0.04316232353448868 -0.015544186346232891 0.03936837613582611
v 0.03737261891365051 -0.015551398508250713 0.03937111422419548
v 0.03158384934067726 -0.015562272630631924 0.039374396204948425
v 0.025795577093958855 -0.015584004111588001 0.039376914501190186
v 0.020007025450468063 -0.015609257854521275 0.039379559457302094
v 0.014218431897461414 -0.015639331191778183 0.03938046842813492
v 0.008429540321230888 -0.01567373052239418 0.039380889385938644
v 0.0026404072996228933 -0.015712089836597443 0.039381299167871475
v 0.0429370142519474 0.01640024036169052 0.03933975473046303
v 0.03714396804571152 0.01644163206219673 0.03936484083533287
v 0.0313497930765152 0.01647976040840149 0.0393817201256752
v 0.025555359199643135 0.016495231539011 0.03939220681786537
v 0.019761402159929276 0.016493793576955795 0.03939979895949364
v 0.013967970386147499 0.01647985726594925 0.03940466418862343
v 0.008175602182745934 0.016454271972179413 0.03940483555197716
v 0.002384706400334835 0.016418851912021637 0.039400551468133926
v -0.04380989447236061 0.01492401398718357 0.03923192620277405
v -0.03807346522808075 0.01562655344605446 0.039339788258075714
v -0.03230665624141693 0.015927251428365707 0.039353981614112854
v -0.02653582952916622 0.016207486391067505 0.03938891738653183
v -0.020756494253873825 0.016274888068437576 0.039383526891469955
v -0.014975340105593204 0.016304198652505875 0.03938031569123268
v -0.00919099897146225 0.016340404748916626 0.039387259632349014
v -0.003404180286452174 0.016379255801439285 0.03939440846443176
v -0.043793950229883194 0.016563192009925842 -0.039316583424806595
v -0.03800593689084053 0.016543418169021606 -0.03932259604334831
v -0.03221827745437622 0.016527868807315826 -0.03932887315750122
v -0.026430178433656693 0.016522828489542007 -0.039333902299404144
v -0.020642012357711792 0.016522984951734543 -0.03933883085846901
v -0.014853999949991703 0.016526397317647934 -0.03934388607740402
v -0.00906621478497982 0.016532156616449356 -0.03934863209724426
v -0.0032786624506115913 0.016538772732019424 -0.03935253247618675
v 0.043008651584386826 0.016656074672937393 -0.03929606080055237
v 0.043008651584386826 0.016656074672937393 -0.03929606080055237
v 0.03722513094544411 0.016613848507404327 -0.03931097313761711
v 0.03143863007426262 0.01655881106853485 -0.039336081594228745
v 0.025652408599853516 0.016551561653614044 -0.03934934362769127
v 0.019866671413183212 0.0165487639605999 -0.039352498948574066
v 0.014081149362027645 0.0165429525077343 -0.03935356065630913
v 0.008295227773487568 0.01654248684644699 -0.03935464844107628
v 0.002508541801944375 0.01654253900051117 -0.03935468941926956
v 0.04300931841135025 0.014956762082874775 -0.04035215452313423
v 0.037235669791698456 0.015222162939608097 -0.040708597749471664
v 0.0314505472779274 0.015213929116725922 -0.04069174453616142
v 0.025664016604423523 0.015206807292997837 -0.04073334112763405
v 0.01987643912434578 0.015188513323664665 -0.0407424233853817
v 0.014088794589042664 0.015173552557826042 -0.040738075971603394
v 0.008301285095512867 0.015159514732658863 -0.04072588309645653
v 0.0025137828197330236 0.015146143734455109 -0.040712665766477585
v -0.04379742592573166 0.015056387521326542 -0.040502093732357025
v -0.0380084365606308 0.015071715228259563 -0.040577732026576996
v -0.03221885487437248 0.015080566518008709 -0.040627386420965195
v -0.026429153978824615 0.015088520012795925 -0.04065171629190445
v -0.020639773458242416 0.015098261646926403 -0.04066874086856842
v -0.014850800856947899 0.01510912086814642 -0.04068181291222572
v -0.00906219333410263 0.015120812691748142 -0.040692288428545
v -0.0032740042079240084 0.015133178792893887 -0.04070165380835533
v -0.04374481737613678 -0.01426305528730154 -0.040793612599372864
v -0.037956032902002335 -0.014255574904382229 -0.04072119668126106
v -0.03216655179858208 -0.014252024702727795 -0.04070821404457092
v -0.02637551538646221 -0.014239218086004257 -0.04070892184972763
v -0.020583994686603546 -0.01422664150595665 -0.040716830641031265
v -0.01479203812777996 -0.014214785769581795 -0.04072658345103264
v -0.008999875746667385 -0.014202729798853397 -0.04073292016983032
v -0.0032077564392238855 -0.014190123416483402 -0.04073343425989151
v 0.04309989884495735 -0.014059455133974552 -0.0407152995467186
v 0.03731848672032356 -0.014084587804973125 -0.04065318405628204
v 0.031534139066934586 -0.014106184244155884 -0.04067438468337059
v 0.025745924562215805 -0.014118844643235207 -0.04068119078874588
v 0.019956255331635475 -0.014133945107460022 -0.04069256782531738
v 0.014165942557156086 -0.014148809015750885 -0.04070312902331352
v 0.008375221863389015 -0.014163180254399776 -0.04071437194943428
v 0.0025840408634394407 -0.014176914468407631 -0.04072641208767891
v -0.043814342468976974 0.014265058562159538 0.04101991653442383
v -0.043814342468976974 0.014265058562159538 0.04101991653442383
v -0.038034092634916306 0.01444789208471775 0.04077290743589401
v -0.03226600959897041 0.014543084427714348 0.040741778910160065
v -0.02654273994266987 0.014612610451877117 0.04071937873959541
v -0.020757323130965233 0.014657246880233288 0.04073147848248482
v -0.014971601776778698 0.014703545719385147 0.040526293218135834
v -0.00918439868837595 0.014753710478544235 0.04054301604628563
v -0.00339557696133852 0.014804347418248653 0.04056072607636452
v 0.042944036424160004 0.015203558839857578 0.04091734439134598
v 0.042944036424160004 0.015203558839857578 0.04091734439134598
v 0.037146177142858505 0.015155106782913208 0.04083879292011261
v 0.031353313475847244 0.01510552503168583 0.04076801985502243
v 0.025560997426509857 0.015056217089295387 0.04071382060647011
v 0.01976870559155941 0.01500636711716652 0.0406695120036602
v 0.013976703397929668 0.01495599839836359 0.040631867945194244
v 0.008185210637748241 0.01490545179694891 0.04060191661119461
v 0.0023943581618368626 0.014854938723146915 0.04057933762669563
v 0.04316052794456482 -0.014120891690254211 0.04068710282444954
v 0.03737137094140053 -0.014167961664497852 0.04074288159608841
v 0.031582027673721313 -0.014212767593562603 0.040778156369924545
v 0.025792628526687622 -0.014260946772992611 0.04080712050199509
v 0.020003115758299828 -0.01431004423648119 0.04083020240068436
v 0.01421339064836502 -0.014360126107931137 0.04085004702210426
v 0.008423390798270702 -0.014410591684281826 0.04086549952626228
v 0.0026331888511776924 -0.014460653066635132 0.040873076766729355
v -0.04369442164897919 -0.014710461720824242 0.04095206782221794
v -0.04369442164897919 -0.014710461720824242 0.04095206782221794
v -0.03790044039487839 -0.014790826477110386 0.040774568915367126
v -0.032110441476106644 -0.014760296791791916 0.04076843708753586
v -0.02632077783346176 -0.014707701280713081 0.04076492413878441
v -0.020530803129076958 -0.014657747931778431 0.040765222162008286
v -0.014739630743861198 -0.01460961438715458 0.04087116941809654
v -0.008948240429162979 -0.014560953713953495 0.04087696224451065
v -0.0031572754960507154 -0.014510991051793098 0.040877245366573334
v -0.04374207556247711 0.01690441370010376 -0.00932810828089714
v -0.04374207556247711 0.01690441370010376 -0.00932810828089714
v -0.04374207556247711 0.01690441370010376 -0.00932810828089714
v -0.037956394255161285 0.01690404862165451 -0.009328436106443405
v -0.03217406943440437 0.01690409705042839 -0.009328728541731834
v -0.026395337656140327 0.01690409705042839 -0.009329529479146004
v 0.042641911655664444 0.016801930963993073 -0.009365985170006752
v 0.03690284118056297 0.016934186220169067 -0.009357433766126633
v 0.03113992139697075 0.016900595277547836 -0.009368332102894783
v 0.025375941768288612 0.016904368996620178 -0.00936996191740036
v 0.025375941768288612 0.016904368996620178 -0.00936996191740036
v 0.025375941768288612 0.016904368996620178 -0.00936996191740036
v 0.025375941768288612 0.016904368996620178 -0.00936996191740036
v 0.04291709139943123 0.01692783087491989 -0.02695215307176113
v 0.03713926300406456 0.016906939446926117 -0.02696911431849003
v 0.03136228397488594 0.016903076320886612 -0.026982013136148453
v 0.025587422773241997 0.01690290868282318 -0.02698981761932373
v 0.025587422773241997 0.01690290868282318 -0.02698981761932373
v 0.01981365494430065 0.016904324293136597 -0.02699386700987816
v 0.01981365494430065 0.016904324293136597 -0.02699386700987816
v 0.01981365494430065 0.016904324293136597 -0.02699386700987816
v 0.014039807952940464 0.016904305666685104 -0.02699626423418522
v 0.014039807952940464 0.016904305666685104 -0.02699626423418522
v 0.014039807952940464 0.016904305666685104 -0.02699626423418522
v 0.014039807952940464 0.016904305666685104 -0.02699626423418522
v 0.008265488781034946 0.016904108226299286 -0.026996849104762077
v 0.008265488781034946 0.016904108226299286 -0.026996849104762077
v 0.008265488781034946 0.016904108226299286 -0.026996849104762077
v 0.008265488781034946 0.016904108226299286 -0.026996849104762077
v 0.002489221515133977 0.016904495656490326 -0.026996852830052376
v 0.002489221515133977 0.016904495656490326 -0.026996852830052376
v 0.002489221515133977 0.016904495656490326 -0.026996852830052376
v 0.002489221515133977 0.016904495656490326 -0.026996852830052376
v -0.04379429295659065 0.016944389790296555 -0.026969317346811295
v -0.03800319507718086 0.016899850219488144 -0.02697339467704296
v -0.03221256285905838 0.016901686787605286 -0.026977580040693283
v -0.03221256285905838 0.016901686787605286 -0.026977580040693283
v -0.03221256285905838 0.016901686787605286 -0.026977580040693283
v -0.03221256285905838 0.016901686787605286 -0.026977580040693283
v -0.02642374113202095 0.016904868185520172 -0.026981234550476074
v -0.02642374113202095 0.016904868185520172 -0.026981234550476074
v -0.02642374113202095 0.016904868185520172 -0.026981234550476074
v -0.02642374113202095 0.016904868185520172 -0.026981234550476074
v -0.02063673362135887 0.016904383897781372 -0.02698516473174095
v -0.02063673362135887 0.016904383897781372 -0.02698516473174095
v -0.02063673362135887 0.016904383897781372 -0.02698516473174095
v -0.014851820655167103 0.01690424233675003 -0.02698974311351776
v -0.014851820655167103 0.01690424233675003 -0.02698974311351776
v -0.00906920526176691 0.016904380172491074 -0.026993339881300926
v -0.00906920526176691 0.016904380172491074 -0.026993339881300926
v -0.0032887367997318506 0.016904577612876892 -0.02699648030102253
v -0.0032887367997318506 0.016904577612876892 -0.02699648030102253
v -0.0032887367997318506 0.016904577612876892 -0.02699648030102253
v -0.04375071823596954 -0.015285852365195751 -0.03938936069607735
v -0.037958744913339615 -0.015318605117499828 -0.03938915953040123
v -0.03216615691781044 -0.01536675076931715 -0.03938872367143631
v -0.02637317031621933 -0.015391972847282887 -0.039386969059705734
v -0.02058064192533493 -0.01539535541087389 -0.039384037256240845
v -0.01478858757764101 -0.015392052941024303 -0.0393805131316185
v -0.00899683590978384 -0.015390493907034397 -0.03937651216983795
v -0.0032053033355623484 -0.015394845046103 -0.0393717922270298
v 0.04312119632959366 -0.015429808758199215 -0.0393296554684639
v 0.03733036667108536 -0.01545520406216383 -0.039332494139671326
v 0.031540170311927795 -0.015455334447324276 -0.039337508380413055
v 0.025750037282705307 -0.01544905360788107 -0.039344120770692825
v 0.01995960809290409 -0.015440029092133045 -0.039349958300590515
v 0.01416880264878273 -0.015432202257215977 -0.039356764405965805
v 0.00837752129882574 -0.015419785864651203 -0.03936200588941574
v 0.0025861200410872698 -0.015405715443193913 -0.03936685621738434
v 0.04313312843441963 -0.015817951411008835 -0.022443819791078568
v 0.037342704832553864 -0.015829123556613922 -0.022448992356657982
v 0.03155181184411049 -0.015813715755939484 -0.02245563268661499
v 0.03155181184411049 -0.015813715755939484 -0.02245563268661499
v 0.02576008439064026 -0.015796124935150146 -0.022462110966444016
v 0.019967932254076004 -0.01578085869550705 -0.022467929869890213
v 0.01417517103254795 -0.015766464173793793 -0.02247271127998829
v 0.008382642641663551 -0.01575196161866188 -0.02247636578977108
v 0.0025903291534632444 -0.015737269073724747 -0.022479582577943802
v -0.043748196214437485 -0.015628904104232788 -0.022495636716485023
v -0.03795485198497772 -0.015630606561899185 -0.022496070712804794
v -0.03216208145022392 -0.015646912157535553 -0.02249499037861824
v -0.026369817554950714 -0.01566234603524208 -0.022492868825793266
v -0.02057780884206295 -0.015677254647016525 -0.022490395233035088
v -0.014785845763981342 -0.015692301094532013 -0.02248784713447094
v -0.008993825875222683 -0.015707336366176605 -0.02248544432222843
v -0.0032017843332141638 -0.015722356736660004 -0.022482693195343018
v -0.043716102838516235 -0.015621826983988285 -0.007373899221420288
v -0.03792803734540939 -0.015658657997846603 -0.007367510348558426
v -0.032144319266080856 -0.015705488622188568 -0.007365396246314049
v -0.02635808289051056 -0.015700779855251312 -0.007363210432231426
v -0.020569080486893654 -0.01569846272468567 -0.007361947558820248
v -0.014778578653931618 -0.01569787785410881 -0.007361401803791523
v -0.008987507782876492 -0.015697982162237167 -0.007361235097050667
v -0.0031961656641215086 -0.01569794863462448 -0.007361454889178276
v 0.04312990978360176 -0.01582459732890129 -0.007380055729299784
v 0.03733963519334793 -0.015721812844276428 -0.007369446102529764
v 0.03154894709587097 -0.015704121440649033 -0.00736504141241312
v 0.025758542120456696 -0.015700064599514008 -0.007362751290202141
v 0.019968068227171898 -0.015697874128818512 -0.007361125200986862
v 0.014177183620631695 -0.015697184950113297 -0.007360400632023811
v 0.008386217057704926 -0.015697114169597626 -0.007359806448221207
v 0.0025951077695935965 -0.01569744199514389 -0.007360438816249371
v -0.04375584051012993 -0.016168996691703796 -0.007338053081184626
v -0.03797304257750511 -0.01630266010761261 -0.007365758065134287
v -0.03218045085668564 -0.01632625237107277 -0.007365548517554998
v -0.026385359466075897 -0.016317974776029587 -0.0073637100867927074
v -0.02058921381831169 -0.01631402224302292 -0.007362495642155409
v -0.014793096110224724 -0.016312018036842346 -0.007361969444900751
v -0.008996735326945782 -0.01631184294819832 -0.0073615978471934795
v -0.0032005610410124063 -0.016311902552843094 -0.007362022530287504
v 0.04315090924501419 -0.0164811871945858 -0.007368857506662607
v 0.03736264631152153 -0.0163491889834404 -0.007352656219154596
v 0.031569626182317734 -0.016318436712026596 -0.0073559642769396305
v 0.025776082649827003 -0.01631435751914978 -0.007358769420534372
v 0.019981641322374344 -0.016312144696712494 -0.007359547074884176
v 0.014186584390699863 -0.01631120592355728 -0.0073598348535597324
v 0.008391100913286209 -0.016310740262269974 -0.007359701674431562
v 0.0025954062584787607 -0.016311008483171463 -0.007360515650361776
v 0.04319101199507713 -0.017020296305418015 -0.007618974894285202
v 0.03736947476863861 -0.016921523958444595 -0.007598812226206064
v 0.03157086297869682 -0.01688462868332863 -0.007599739823490381
v 0.02577589638531208 -0.016882404685020447 -0.007604470942169428
v 0.019980980083346367 -0.016881771385669708 -0.007606897968798876
v 0.014185869134962559 -0.01688111573457718 -0.007607963401824236
v 0.00839016679674387 -0.016880974173545837 -0.007608357351273298
v 0.002594224875792861 -0.01688128337264061 -0.007609212305396795
v -0.04379657655954361 -0.016747862100601196 -0.007597430143505335
v -0.037988997995853424 -0.016878191381692886 -0.007616205606609583
v -0.03218642249703407 -0.016893498599529266 -0.007617280352860689
v -0.026388036087155342 -0.016886863857507706 -0.007615243550390005
v -0.020591208711266518 -0.01688402146100998 -0.007613219786435366
v -0.014794576913118362 -0.016882233321666718 -0.0076116337440907955
v -0.008998183533549309 -0.01688215881586075 -0.007610915694385767
v -0.0032018055208027363 -0.016882188618183136 -0.007610708009451628
v 0.042713575065135956 0.01684848591685295 -0.013396594673395157
v 0.03695020079612732 0.01692032441496849 -0.013401016592979431
v 0.03118564933538437 0.01690240576863289 -0.013413848355412483
v 0.02542652003467083 0.016904175281524658 -0.013414710760116577
v 0.02542652003467083 0.016904175281524658 -0.013414710760116577
v 0.02542652003467083 0.016904175281524658 -0.013414710760116577
v -0.043752558529376984 0.0169047974050045 -0.013375088572502136
v -0.037961166352033615 0.0169040709733963 -0.013376254588365555
v -0.037961166352033615 0.0169040709733963 -0.013376254588365555
v -0.037961166352033615 0.0169040709733963 -0.013376254588365555
v -0.037961166352033615 0.0169040709733963 -0.013376254588365555
v -0.037961166352033615 0.0169040709733963 -0.013376254588365555
v -0.03217362239956856 0.016904093325138092 -0.013376513496041298
v -0.026383861899375916 0.016904093325138092 -0.013374827802181244
v 0.042792290449142456 0.016893256455659866 -0.01790846697986126
v 0.037021905183792114 0.016910169273614883 -0.01792255789041519
v 0.031256042420864105 0.016903311014175415 -0.017934195697307587
v 0.025496946647763252 0.016904141753911972 -0.017937472090125084
v 0.025496946647763252 0.016904141753911972 -0.017937472090125084
v 0.019737856462597847 0.016904089599847794 -0.017935747280716896
v 0.013978969305753708 0.016904089599847794 -0.017932774499058723
v 0.008219379000365734 0.016904089599847794 -0.017930444329977036
v 0.0024585765786468983 0.016904082149267197 -0.01792857050895691
v -0.04377547279000282 0.016937773674726486 -0.01790693961083889
v -0.03798189386725426 0.0169028639793396 -0.01791083812713623
v -0.032191429287195206 0.016903534531593323 -0.0179123654961586
v -0.032191429287195206 0.016903534531593323 -0.0179123654961586
v -0.032191429287195206 0.016903534531593323 -0.0179123654961586
v -0.032191429287195206 0.016903534531593323 -0.0179123654961586
v -0.032191429287195206 0.016903534531593323 -0.0179123654961586
v -0.0264043640345335 0.016904138028621674 -0.017913060262799263
v -0.0264043640345335 0.016904138028621674 -0.017913060262799263
v -0.0264043640345335 0.016904138028621674 -0.017913060262799263
v -0.02062118425965309 0.016904085874557495 -0.01791595108807087
v -0.014843713492155075 0.016904082149267197 -0.017919233068823814
v -0.009071961045265198 0.0169040746986866 -0.01792409084737301
v -0.0033051541540771723 0.016904078423976898 -0.01792759820818901
v 0.042861081659793854 0.016926713287830353 -0.0224278774112463
v 0.0370878130197525 0.016910675913095474 -0.022445134818553925
v 0.03131692856550217 0.016903460025787354 -0.022457176819443703
v 0.03131692856550217 0.016903460025787354 -0.022457176819443703
v 0.025548148900270462 0.016904234886169434 -0.02246301993727684
v 0.025548148900270462 0.016904234886169434 -0.02246301993727684
v 0.025548148900270462 0.016904234886169434 -0.02246301993727684
v 0.025548148900270462 0.016904234886169434 -0.02246301993727684
v 0.01978088729083538 0.01690414547920227 -0.022464502602815628
v 0.01978088729083538 0.01690414547920227 -0.022464502602815628
v 0.014014211483299732 0.01690446212887764 -0.022464552894234657
v 0.014014211483299732 0.01690446212887764 -0.022464552894234657
v 0.014014211483299732 0.01690446212887764 -0.022464552894234657
v 0.008245805278420448 0.016904160380363464 -0.022464320063591003
v 0.0024764433037489653 0.01690414920449257 -0.022463791072368622
v 0.0024764433037489653 0.01690414920449257 -0.022463791072368622
v -0.043787796050310135 0.01694590225815773 -0.022438257932662964
v -0.03799593821167946 0.016900144517421722 -0.022442778572440147
v -0.0322050005197525 0.01690201461315155 -0.022446051239967346
v -0.0322050005197525 0.01690201461315155 -0.022446051239967346
v -0.0322050005197525 0.01690201461315155 -0.022446051239967346
v -0.0322050005197525 0.01690201461315155 -0.022446051239967346
v -0.026416219770908356 0.016904372721910477 -0.02244868315756321
v -0.026416219770908356 0.016904372721910477 -0.02244868315756321
v -0.026416219770908356 0.016904372721910477 -0.02244868315756321
v -0.026416219770908356 0.016904372721910477 -0.02244868315756321
v -0.026416219770908356 0.016904372721910477 -0.02244868315756321
v -0.020631086081266403 0.01690400391817093 -0.02245183102786541
v -0.020631086081266403 0.01690400391817093 -0.02245183102786541
v -0.014849042519927025 0.01690400391817093 -0.0224558487534523
v -0.009070634841918945 0.01690402254462242 -0.022459877654910088
v -0.009070634841918945 0.01690402254462242 -0.022459877654910088
v -0.003295414848253131 0.016904108226299286 -0.02246285416185856
v -0.003295414848253131 0.016904108226299286 -0.02246285416185856
v -0.04379613697528839 0.016940534114837646 -0.03602997958660126
v -0.038005925714969635 0.016911134123802185 -0.036031387746334076
v -0.03221781551837921 0.01690482720732689 -0.03603781387209892
v -0.02642969600856304 0.016905225813388824 -0.03604324162006378
v -0.02064185030758381 0.016905125230550766 -0.03604820370674133
v -0.014854458160698414 0.016905713826417923 -0.0360526479780674
v -0.00906769186258316 0.01690620556473732 -0.03605657070875168
v -0.0032815884333103895 0.016905702650547028 -0.03605935350060463
v 0.042991314083337784 0.0169050395488739 -0.03600378334522247
v 0.03720477968454361 0.01688705012202263 -0.03602328523993492
v 0.031420283019542694 0.016872789710760117 -0.03603607416152954
v 0.025637293234467506 0.01685701683163643 -0.036045875400304794
v 0.01985492929816246 0.016877181828022003 -0.03605317696928978
v 0.014071997255086899 0.016887187957763672 -0.03605697676539421
v 0.008288360200822353 0.01689804717898369 -0.03605959936976433
v 0.002503745025023818 0.016903094947338104 -0.03606054559350014
v -0.043797049671411514 0.016943253576755524 -0.03150003403425217
v -0.038006238639354706 0.016904719173908234 -0.03150342404842377
v -0.032216448336839676 0.016904499381780624 -0.03150811791419983
v -0.0264272503554821 0.01690710335969925 -0.03151252493262291
v -0.0264272503554821 0.01690710335969925 -0.03151252493262291
v -0.0264272503554821 0.01690710335969925 -0.03151252493262291
v -0.020639557391405106 0.016906578093767166 -0.03151689097285271
v -0.020639557391405106 0.016906578093767166 -0.03151689097285271
v -0.014853356406092644 0.01690613478422165 -0.03152121603488922
v -0.014853356406092644 0.01690613478422165 -0.03152121603488922
v -0.014853356406092644 0.01690613478422165 -0.03152121603488922
v -0.014853356406092644 0.01690613478422165 -0.03152121603488922
v -0.009068301878869534 0.016906138509511948 -0.03152520954608917
v -0.009068301878869534 0.016906138509511948 -0.03152520954608917
v -0.009068301878869534 0.016906138509511948 -0.03152520954608917
v -0.009068301878869534 0.016906138509511948 -0.03152520954608917
v -0.003284493461251259 0.016905806958675385 -0.03152789548039436
v -0.003284493461251259 0.016905806958675385 -0.03152789548039436
v -0.003284493461251259 0.016905806958675385 -0.03152789548039436
v -0.003284493461251259 0.016905806958675385 -0.03152789548039436
v -0.003284493461251259 0.016905806958675385 -0.03152789548039436
v -0.003284493461251259 0.016905806958675385 -0.03152789548039436
v 0.04295946657657623 0.016922034323215485 -0.0314769521355629
v 0.037176791578531265 0.0168943852186203 -0.031495414674282074
v 0.031395915895700455 0.016887731850147247 -0.03150847181677818
v 0.02561625838279724 0.01689448207616806 -0.03151751682162285
v 0.0198373980820179 0.016899779438972473 -0.031523481011390686
v 0.014058454893529415 0.0169009268283844 -0.031526584178209305
v 0.014058454893529415 0.0169009268283844 -0.031526584178209305
v 0.008278701454401016 0.016902469098567963 -0.031528450548648834
v 0.0024979175068438053 0.01690453663468361 -0.03152918815612793
v 0.0024979175068438053 0.01690453663468361 -0.03152918815612793
v 0.0024979175068438053 0.01690453663468361 -0.03152918815612793
v 0.0024979175068438053 0.01690453663468361 -0.03152918815612793
v 0.0024979175068438053 0.01690453663468361 -0.03152918815612793
v 0.0024979175068438053 0.01690453663468361 -0.03152918815612793
v 0.04312571883201599 -0.01579432189464569 -0.03603976592421532
v 0.03733450174331665 -0.01578507199883461 -0.036043234169483185
v 0.03154342621564865 -0.015761815011501312 -0.036049798130989075
v 0.025752367451786995 -0.015735454857349396 -0.03605736419558525
v 0.019960973411798477 -0.01570707932114601 -0.03606545180082321
v 0.01416966412216425 -0.015676893293857574 -0.03607325255870819
v 0.00837792083621025 -0.015644997358322144 -0.03608020395040512
v 0.002586425980553031 -0.015612025745213032 -0.036086853593587875
v -0.04374958202242851 -0.015361753292381763 -0.036125969141721725
v -0.037957288324832916 -0.015375354327261448 -0.036122776567935944
v -0.0321650505065918 -0.015406898222863674 -0.036119185388088226
v -0.026372846215963364 -0.015448472462594509 -0.036114878952503204
v -0.0205805953592062 -0.015482121147215366 -0.03610977530479431
v -0.014788458123803139 -0.015512972138822079 -0.03610451892018318
v -0.008996631018817425 -0.015544936992228031 -0.036099035292863846
v -0.00320506002753973 -0.015578594990074635 -0.036093153059482574
v 0.043128058314323425 -0.01581614837050438 -0.031507525593042374
v 0.03733674809336662 -0.015807650983333588 -0.031511854380369186
v 0.03154587373137474 -0.015783723443746567 -0.031518299132585526
v 0.03154587373137474 -0.015783723443746567 -0.031518299132585526
v 0.02575480192899704 -0.015756815671920776 -0.031525421887636185
v 0.02575480192899704 -0.015756815671920776 -0.031525421887636185
v 0.02575480192899704 -0.015756815671920776 -0.031525421887636185
v 0.02575480192899704 -0.015756815671920776 -0.031525421887636185
v 0.02575480192899704 -0.015756815671920776 -0.031525421887636185
v 0.02575480192899704 -0.015756815671920776 -0.031525421887636185
v 0.01996324397623539 -0.015729781240224838 -0.03153267130255699
v 0.014171714894473553 -0.0157027468085289 -0.031539469957351685
v 0.00837957113981247 -0.015675656497478485 -0.03154580295085907
v 0.0025874320417642593 -0.015648506581783295 -0.031550996005535126
v -0.04374872148036957 -0.0154470419511199 -0.03158239275217056
v -0.03795624151825905 -0.015459789894521236 -0.03158026561141014
v -0.03795624151825905 -0.015459789894521236 -0.03158026561141014
v -0.032164040952920914 -0.015485349111258984 -0.03157749027013779
v -0.026372039690613747 -0.015512666665017605 -0.03157390281558037
v -0.02058015950024128 -0.015539904125034809 -0.03156963735818863
v -0.014788166619837284 -0.015567042864859104 -0.0315653420984745
v -0.008996314369142056 -0.015594196505844593 -0.031560637056827545
v -0.003204547567293048 -0.015621348284184933 -0.03155612573027611
v 0.04313034191727638 -0.01581885665655136 -0.0269759688526392
v 0.03733956441283226 -0.015819799154996872 -0.026980403810739517
v 0.03154873475432396 -0.015801075845956802 -0.026986654847860336
v 0.025757379829883575 -0.01577971875667572 -0.026993686333298683
v 0.019965771585702896 -0.01575920358300209 -0.027000166475772858
v 0.014173842966556549 -0.01573891192674637 -0.027006080374121666
v 0.008381344377994537 -0.015718307346105576 -0.02701108530163765
v 0.0025890194810926914 -0.015697412192821503 -0.027015460655093193
v -0.04374842345714569 -0.01553973276168108 -0.027038946747779846
v -0.03795566409826279 -0.015550668351352215 -0.027038006111979485
v -0.03216337040066719 -0.01557175163179636 -0.027036026120185852
v -0.026371199637651443 -0.015592574141919613 -0.027033241465687752
v -0.02057926170527935 -0.01561343390494585 -0.027029970660805702
v -0.014787293039262295 -0.01563446596264839 -0.027026591822504997
v -0.008995158597826958 -0.01565546914935112 -0.027023134753108025
v -0.0032031273003667593 -0.01567646488547325 -0.02701946347951889
v -0.04375052824616432 -0.01588703691959381 -0.01341150887310505
v -0.03795555233955383 -0.015931084752082825 -0.013417746871709824
v -0.03216153383255005 -0.015936613082885742 -0.013417605310678482
v -0.02636854164302349 -0.015939831733703613 -0.013416703790426254
v -0.020575938746333122 -0.015943363308906555 -0.013415452092885971
v -0.014783574268221855 -0.015946120023727417 -0.013414241373538971
v -0.008991220965981483 -0.015948906540870667 -0.01341361552476883
v -0.0031991861760616302 -0.015950888395309448 -0.01341269537806511
v 0.04314257949590683 -0.01591472700238228 -0.013380410149693489
v 0.03735089302062988 -0.015981797128915787 -0.013391116634011269
v 0.031555917114019394 -0.01595999300479889 -0.013397270813584328
v 0.025761418044567108 -0.015954922884702682 -0.013402694836258888
v 0.01996823213994503 -0.01595524325966835 -0.013406334444880486
v 0.01417585089802742 -0.015955060720443726 -0.013408375903964043
v 0.00838386919349432 -0.015954449772834778 -0.013409683480858803
v 0.0025921904016286135 -0.01595276966691017 -0.013410849496722221
v -0.04374874383211136 -0.015728425234556198 -0.017952661961317062
v -0.03795440495014191 -0.015722695738077164 -0.01795489713549614
v -0.03216105327010155 -0.015728749334812164 -0.017954455688595772
v -0.02636854536831379 -0.015738580375909805 -0.01795293018221855
v -0.02057643048465252 -0.015747442841529846 -0.017951009795069695
v -0.014784413389861584 -0.0157562717795372 -0.017949221655726433
v -0.008992421440780163 -0.015765123069286346 -0.017947759479284286
v -0.0032005272805690765 -0.015773456543684006 -0.01794595457613468
v 0.043136510998010635 -0.01582491770386696 -0.017911577597260475
v 0.03734666854143143 -0.01584675908088684 -0.01791820302605629
v 0.0315549373626709 -0.01582980528473854 -0.017925018444657326
v 0.025762105360627174 -0.01581316441297531 -0.017931025475263596
v 0.01996888965368271 -0.015803895890712738 -0.017935888841748238
v 0.01417592540383339 -0.015796862542629242 -0.017939139157533646
v 0.008383413776755333 -0.015789616852998734 -0.017941590398550034
v 0.0025912891142070293 -0.015781894326210022 -0.017943721264600754
v -0.043682798743247986 -0.016055457293987274 0.03565884009003639
v -0.037892844527959824 -0.01592801883816719 0.03567477688193321
v -0.032100699841976166 -0.015920445322990417 0.03568030893802643
v -0.026307929307222366 -0.015920180827379227 0.035680223256349564
v -0.020516427233815193 -0.01591859757900238 0.035682372748851776
v -0.01472719106823206 -0.015915654599666595 0.03568480163812637
v -0.008937926962971687 -0.015911363065242767 0.03568616509437561
v -0.0031496924348175526 -0.015906155109405518 0.03568989410996437
v 0.043164923787117004 -0.015881352126598358 0.035692621022462845
v 0.03737311810255051 -0.01589077338576317 0.03569507971405983
v 0.03158262372016907 -0.01588648557662964 0.035696230828762054
v 0.025792675092816353 -0.01588539406657219 0.03569682687520981
v 0.020003939047455788 -0.015884891152381897 0.03569667041301727
v 0.014216006733477116 -0.015889808535575867 0.03569534793496132
v 0.008428780362010002 -0.015894893556833267 0.03569357842206955
v 0.0026393458247184753 -0.01590050384402275 0.035691384226083755
v -0.043671347200870514 -0.015879880636930466 0.030374599620699883
v -0.0378866009414196 -0.015813034027814865 0.030387958511710167
v -0.032097361981868744 -0.015828914940357208 0.030392369255423546
v -0.02630653604865074 -0.015838291496038437 0.030393244698643684
v -0.02051784098148346 -0.015843473374843597 0.03039521537721157
v -0.0147302420809865 -0.015848182141780853 0.03039778210222721
v -0.008942612446844578 -0.015852313488721848 0.03040059469640255
v -0.0031544596422463655 -0.0158558189868927 0.030403243377804756
v 0.04316233471035957 -0.015870094299316406 0.030403992161154747
v 0.04316233471035957 -0.015870094299316406 0.030403992161154747
v 0.03737085312604904 -0.015869922935962677 0.030406726524233818
v 0.03157990798354149 -0.015868864953517914 0.030408160760998726
v 0.025789504870772362 -0.015866719186306 0.030408794060349464
v 0.019999699667096138 -0.015864916145801544 0.030408812686800957
v 0.014210784807801247 -0.015863221138715744 0.0304079782217741
v 0.008422210812568665 -0.01586122065782547 0.030406953766942024
v 0.0026339225005358458 -0.01585877314209938 0.030405404046177864
v -0.04367993772029877 -0.015864819288253784 0.02509108930826187
v -0.0378943532705307 -0.015846706926822662 0.02510337345302105
v -0.03210656717419624 -0.015860825777053833 0.025107426568865776
v -0.02631780132651329 -0.015862800180912018 0.025109032168984413
v -0.02052873559296131 -0.01586267352104187 0.025111179798841476
v -0.014739672653377056 -0.015863049775362015 0.025113508105278015
v -0.008950923569500446 -0.015863586217164993 0.02511603944003582
v -0.008950923569500446 -0.015863586217164993 0.02511603944003582
v -0.008950923569500446 -0.015863586217164993 0.02511603944003582
v -0.008950923569500446 -0.015863586217164993 0.02511603944003582
v -0.008950923569500446 -0.015863586217164993 0.02511603944003582
v -0.0031622201204299927 -0.015864089131355286 0.0251177828758955
v 0.043159302324056625 -0.015866216272115707 0.025115428492426872
v 0.043159302324056625 -0.015866216272115707 0.025115428492426872
v 0.043159302324056625 -0.015866216272115707 0.025115428492426872
v 0.043159302324056625 -0.015866216272115707 0.025115428492426872
v 0.037367451936006546 -0.015866290777921677 0.02511865645647049
v 0.037367451936006546 -0.015866290777921677 0.02511865645647049
v 0.037367451936006546 -0.015866290777921677 0.02511865645647049
v 0.037367451936006546 -0.015866290777921677 0.02511865645647049
v 0.037367451936006546 -0.015866290777921677 0.02511865645647049
v 0.03157607838511467 -0.015865866094827652 0.02512061595916748
v 0.03157607838511467 -0.015865866094827652 0.02512061595916748
v 0.03157607838511467 -0.015865866094827652 0.02512061595916748
v 0.025785177946090698 -0.015865519642829895 0.02512161061167717
v 0.025785177946090698 -0.015865519642829895 0.02512161061167717
v 0.025785177946090698 -0.015865519642829895 0.02512161061167717
v 0.025785177946090698 -0.015865519642829895 0.02512161061167717
v 0.025785177946090698 -0.015865519642829895 0.02512161061167717
v 0.019994840025901794 -0.015865415334701538 0.025121740996837616
v 0.019994840025901794 -0.015865415334701538 0.025121740996837616
v 0.019994840025901794 -0.015865415334701538 0.025121740996837616
v 0.019994840025901794 -0.015865415334701538 0.025121740996837616
v 0.01420479454100132 -0.015865255147218704 0.02512136660516262
v 0.01420479454100132 -0.015865255147218704 0.02512136660516262
v 0.01420479454100132 -0.015865255147218704 0.02512136660516262
v 0.01420479454100132 -0.015865255147218704 0.02512136660516262
v 0.008415371179580688 -0.015864942222833633 0.02512064017355442
v 0.008415371179580688 -0.015864942222833633 0.02512064017355442
v 0.008415371179580688 -0.015864942222833633 0.02512064017355442
v 0.008415371179580688 -0.015864942222833633 0.02512064017355442
v 0.008415371179580688 -0.015864942222833633 0.02512064017355442
v 0.008415371179580688 -0.015864942222833633 0.02512064017355442
v 0.002626486122608185 -0.0158645398914814 0.02511943131685257
v 0.002626486122608185 -0.0158645398914814 0.02511943131685257
v 0.002626486122608185 -0.0158645398914814 0.02511943131685257
v 0.002626486122608185 -0.0158645398914814 0.02511943131685257
v 0.002626486122608185 -0.0158645398914814 0.02511943131685257
v 0.002626486122608185 -0.0158645398914814 0.02511943131685257
v -0.043691862374544144 -0.015871364623308182 0.019808953627943993
v -0.03790499269962311 -0.015862390398979187 0.019818317145109177
v -0.03211657702922821 -0.015868302434682846 0.019821971654891968
v -0.03211657702922821 -0.015868302434682846 0.019821971654891968
v -0.026327716186642647 -0.01586795598268509 0.019824929535388947
v -0.026327716186642647 -0.01586795598268509 0.019824929535388947
v -0.026327716186642647 -0.01586795598268509 0.019824929535388947
v -0.02053835242986679 -0.015867386013269424 0.019827473908662796
v -0.02053835242986679 -0.015867386013269424 0.019827473908662796
v -0.014749095775187016 -0.015867091715335846 0.01982947066426277
v -0.014749095775187016 -0.015867091715335846 0.01982947066426277
v -0.008959895931184292 -0.01586683839559555 0.019831456243991852
v -0.008959895931184292 -0.01586683839559555 0.019831456243991852
v -0.0031706704758107662 -0.015866633504629135 0.019832635298371315
v -0.0031706704758107662 -0.015866633504629135 0.019832635298371315
v 0.043155573308467865 -0.015864431858062744 0.01982702501118183
v 0.043155573308467865 -0.015864431858062744 0.01982702501118183
v 0.043155573308467865 -0.015864431858062744 0.01982702501118183
v 0.03736363351345062 -0.015866108238697052 0.019830824807286263
v 0.03736363351345062 -0.015866108238697052 0.019830824807286263
v 0.03736363351345062 -0.015866108238697052 0.019830824807286263
v 0.03736363351345062 -0.015866108238697052 0.019830824807286263
v 0.03157181665301323 -0.015866216272115707 0.019833367317914963
v 0.03157181665301323 -0.015866216272115707 0.019833367317914963
v 0.02578049525618553 -0.01586616039276123 0.019834691658616066
v 0.02578049525618553 -0.01586616039276123 0.019834691658616066
v 0.019989589229226112 -0.015866205096244812 0.01983521319925785
v 0.019989589229226112 -0.015866205096244812 0.01983521319925785
v 0.019989589229226112 -0.015866205096244812 0.01983521319925785
v 0.014198914170265198 -0.015866313129663467 0.01983512192964554
v 0.014198914170265198 -0.015866313129663467 0.01983512192964554
v 0.008408792316913605 -0.015866409987211227 0.019834503531455994
v 0.008408792316913605 -0.015866409987211227 0.019834503531455994
v 0.002618831116706133 -0.01586650311946869 0.019833799451589584
v 0.002618831116706133 -0.01586650311946869 0.019833799451589584
v 0.043137140572071075 -0.015858758240938187 -0.001326856086961925
v 0.037345509976148605 -0.01585565134882927 -0.001319929608143866
v 0.03155425563454628 -0.015863142907619476 -0.001316089415922761
v 0.025763187557458878 -0.015864241868257523 -0.001313661108724773
v 0.019971938803792 -0.015864167362451553 -0.0013120245421305299
v 0.014180722646415234 -0.01586402952671051 -0.001311232801526785
v 0.008389362134039402 -0.01586390659213066 -0.001310787396505475
v 0.0025982833467423916 -0.01586386188864708 -0.001311596017330885
v -0.04372161254286766 -0.015876412391662598 -0.001328224316239357
v -0.037931930273771286 -0.0158405601978302 -0.0013195640640333295
v -0.03214237466454506 -0.015864219516515732 -0.001316186273470521
v -0.02635345235466957 -0.01586514711380005 -0.0013144060503691435
v -0.020564131438732147 -0.015864264219999313 -0.0013133652973920107
v -0.014774229377508163 -0.015864089131355286 -0.001312633277848363
v -0.008983658626675606 -0.01586388424038887 -0.0013121796073392034
v -0.0031926538795232773 -0.015863850712776184 -0.0013122707605361938
v 0.04314209520816803 -0.0158667154610157 0.003961962182074785
v 0.0373503752052784 -0.015875499695539474 0.003967863041907549
v 0.03155886009335518 -0.015876170247793198 0.003971744794398546
v 0.025767294690012932 -0.01587545871734619 0.003974139224737883
v 0.025767294690012932 -0.01587545871734619 0.003974139224737883
v 0.019975626841187477 -0.015875425189733505 0.003975830506533384
v 0.014184091240167618 -0.015875373035669327 0.0039765420369803905
v 0.014184091240167618 -0.015875373035669327 0.0039765420369803905
v 0.008392523974180222 -0.015875305980443954 0.003976802807301283
v 0.002601246116682887 -0.015875283628702164 0.003976138774305582
v 0.002601246116682887 -0.015875283628702164 0.003976138774305582
v -0.0437234491109848 -0.0158785842359066 0.003959531430155039
v -0.03793354332447052 -0.015870701521635056 0.0039665126241743565
v -0.03214305266737938 -0.01587609201669693 0.003970814403146505
v -0.02635255828499794 -0.015876173973083496 0.003973225597292185
v -0.020562171936035156 -0.015875432640314102 0.003974513616412878
v -0.020562171936035156 -0.015875432640314102 0.003974513616412878
v -0.014771759510040283 -0.01587532088160515 0.003975421655923128
v -0.008981076069176197 -0.015875298529863358 0.003975877072662115
v -0.008981076069176197 -0.015875298529863358 0.003975877072662115
v -0.003189900889992714 -0.015875287353992462 0.003975749481469393
v -0.003189900889992714 -0.015875287353992462 0.003975749481469393
v 0.043147023767232895 -0.01586499810218811 0.009250614792108536
v 0.03735462203621864 -0.015867717564105988 0.009255936369299889
v 0.03735462203621864 -0.015867717564105988 0.009255936369299889
v 0.03735462203621864 -0.015867717564105988 0.009255936369299889
v 0.03735462203621864 -0.015867717564105988 0.009255936369299889
v 0.03156224638223648 -0.01586635783314705 0.009259656071662903
v 0.03156224638223648 -0.01586635783314705 0.009259656071662903
v 0.03156224638223648 -0.01586635783314705 0.009259656071662903
v 0.025770466774702072 -0.015866704285144806 0.009261757135391235
v 0.025770466774702072 -0.015866704285144806 0.009261757135391235
v 0.025770466774702072 -0.015866704285144806 0.009261757135391235
v 0.019979050382971764 -0.015866711735725403 0.009262748062610626
v 0.019979050382971764 -0.015866711735725403 0.009262748062610626
v 0.014187837019562721 -0.01586674526333809 0.009263100102543831
v 0.014187837019562721 -0.01586674526333809 0.009263100102543831
v 0.008396617136895657 -0.01586676388978958 0.009262936189770699
v 0.008396617136895657 -0.01586676388978958 0.009262936189770699
v 0.0026054466143250465 -0.01586676388978958 0.009262461215257645
v 0.0026054466143250465 -0.01586676388978958 0.009262461215257645
v -0.043714530766010284 -0.015867147594690323 0.009243907406926155
v -0.03792808949947357 -0.015865016728639603 0.009251140058040619
v -0.03792808949947357 -0.015865016728639603 0.009251140058040619
v -0.03792808949947357 -0.015865016728639603 0.009251140058040619
v -0.03213817998766899 -0.01586700603365898 0.00925525277853012
v -0.03213817998766899 -0.01586700603365898 0.00925525277853012
v -0.03213817998766899 -0.01586700603365898 0.00925525277853012
v -0.03213817998766899 -0.01586700603365898 0.00925525277853012
v -0.03213817998766899 -0.01586700603365898 0.00925525277853012
v -0.026347706094384193 -0.01586690917611122 0.009257964789867401
v -0.026347706094384193 -0.01586690917611122 0.009257964789867401
v -0.02055736631155014 -0.015866592526435852 0.009259859099984169
v -0.02055736631155014 -0.015866592526435852 0.009259859099984169
v -0.02055736631155014 -0.015866592526435852 0.009259859099984169
v -0.02055736631155014 -0.015866592526435852 0.009259859099984169
v -0.014767367392778397 -0.015866640955209732 0.00926142930984497
v -0.014767367392778397 -0.015866640955209732 0.00926142930984497
v -0.014767367392778397 -0.015866640955209732 0.00926142930984497
v -0.008976985700428486 -0.0158667154610157 0.009262338280677795
v -0.008976985700428486 -0.0158667154610157 0.009262338280677795
v -0.003185718087479472 -0.015866737812757492 0.009262319654226303
v -0.003185718087479472 -0.015866737812757492 0.009262319654226303
v -0.04375765845179558 0.01690581440925598 -0.0013413189444690943
v -0.03797733038663864 0.01690390333533287 -0.001341886119917035
v -0.03797733038663864 0.01690390333533287 -0.001341886119917035
v -0.0322013720870018 0.016904104501008987 -0.0013416815781965852
v -0.026431674137711525 0.01690410077571869 -0.0013409318635240197
v 0.04259544238448143 0.01682240143418312 -0.0013890927657485008
v 0.03685164451599121 0.01696004718542099 -0.0013600981328636408
v 0.03109654039144516 0.016897346824407578 -0.001363842748105526
v 0.025335729122161865 0.01690441370010376 -0.0013674937654286623
v -0.043766483664512634 0.016906827688217163 0.0039495606906712055
v -0.03798739239573479 0.01690381020307541 0.003949280362576246
v -0.03798739239573479 0.01690381020307541 0.003949280362576246
v -0.03221342712640762 0.016904111951589584 0.00395034858956933
v -0.02644665539264679 0.016904104501008987 0.0039527746848762035
v 0.042667075991630554 0.016897305846214294 0.003909112419933081
v 0.036893587559461594 0.016958080232143402 0.003945603501051664
v 0.031121037900447845 0.01689809560775757 0.003946458455175161
v 0.02535223215818405 0.016904029995203018 0.00394316716119647
v -0.043773848563432693 0.016907908022403717 0.009240826591849327
v -0.0379956029355526 0.016903720796108246 0.009241243824362755
v -0.0379956029355526 0.016903720796108246 0.009241243824362755
v -0.032222308218479156 0.01690412312746048 0.00924377515912056
v -0.026456482708454132 0.016904111951589584 0.009248236194252968
v -0.02069733291864395 0.016904111951589584 0.009254854172468185
v -0.014944479800760746 0.016904108226299286 0.009264113381505013
v -0.009194277226924896 0.016904108226299286 0.009274756535887718
v -0.0034407253842800856 0.016904111951589584 0.00927695445716381
v 0.04276733845472336 0.0169275663793087 0.009216517210006714
v 0.03697281703352928 0.016933374106884003 0.009252585470676422
v 0.0311800055205822 0.016898103058338165 0.009258231148123741
v 0.025395294651389122 0.01690395176410675 0.00925639271736145
v 0.019619880244135857 0.016904223710298538 0.00926128774881363
v 0.019619880244135857 0.016904223710298538 0.00926128774881363
v 0.019619880244135857 0.016904223710298538 0.00926128774881363
v 0.019619880244135857 0.016904223710298538 0.00926128774881363
v 0.019619880244135857 0.016904223710298538 0.00926128774881363
v 0.013850374147295952 0.01690409705042839 0.009267963469028473
v 0.013850374147295952 0.01690409705042839 0.009267963469028473
v 0.013850374147295952 0.01690409705042839 0.009267963469028473
v 0.008083419874310493 0.016904111951589584 0.00927385501563549
v 0.008083419874310493 0.016904111951589584 0.00927385501563549
v 0.002318953163921833 0.016904108226299286 0.009276585653424263
v -0.04380219429731369 0.016906287521123886 0.014547660946846008
v -0.03802664950489998 0.016902301460504532 0.01453910581767559
v -0.03225362300872803 0.016904309391975403 0.014537665992975235
v -0.02648533321917057 0.016904767602682114 0.01454273983836174
v -0.020724955946207047 0.016904111951589584 0.01455223374068737
v -0.020724955946207047 0.016904111951589584 0.01455223374068737
v -0.014964436180889606 0.016904111951589584 0.01456611230969429
v -0.014964436180889606 0.016904111951589584 0.01456611230969429
v -0.014964436180889606 0.016904111951589584 0.01456611230969429
v -0.014964436180889606 0.016904111951589584 0.01456611230969429
v -0.014964436180889606 0.016904111951589584 0.01456611230969429
v -0.009200994856655598 0.016903668642044067 0.014575287699699402
v -0.009200994856655598 0.016903668642044067 0.014575287699699402
v -0.009200994856655598 0.016903668642044067 0.014575287699699402
v -0.009200994856655598 0.016903668642044067 0.014575287699699402
v -0.009200994856655598 0.016903668642044067 0.014575287699699402
v -0.003435972612351179 0.016903702169656754 0.014578258618712425
v -0.003435972612351179 0.016903702169656754 0.014578258618712425
v -0.003435972612351179 0.016903702169656754 0.014578258618712425
v -0.003435972612351179 0.016903702169656754 0.014578258618712425
v -0.003435972612351179 0.016903702169656754 0.014578258618712425
v 0.0428197905421257 0.016916435211896896 0.014506908133625984
v 0.0370236299932003 0.016899988055229187 0.014539841562509537
v 0.03122837096452713 0.01688891276717186 0.014555348083376884
v 0.025438586249947548 0.01691078394651413 0.014560071751475334
v 0.019655419513583183 0.01690397411584854 0.014565149322152138
v 0.013877582736313343 0.01690300926566124 0.01457100547850132
v 0.013877582736313343 0.01690300926566124 0.01457100547850132
v 0.013877582736313343 0.01690300926566124 0.01457100547850132
v 0.013877582736313343 0.01690300926566124 0.01457100547850132
v 0.013877582736313343 0.01690300926566124 0.01457100547850132
v 0.013877582736313343 0.01690300926566124 0.01457100547850132
v 0.00810333527624607 0.0169045589864254 0.014574974775314331
v 0.00810333527624607 0.0169045589864254 0.014574974775314331
v 0.00810333527624607 0.0169045589864254 0.014574974775314331
v 0.00810333527624607 0.0169045589864254 0.014574974775314331
v 0.00810333527624607 0.0169045589864254 0.014574974775314331
v 0.0023325246293097734 0.016903966665267944 0.014577802270650864
v 0.0023325246293097734 0.016903966665267944 0.014577802270650864
v 0.0023325246293097734 0.016903966665267944 0.014577802270650864
v 0.0023325246293097734 0.016903966665267944 0.014577802270650864
v 0.0023325246293097734 0.016903966665267944 0.014577802270650864
v 0.042923856526613235 0.016802355647087097 0.0356704443693161
v 0.037132102996110916 0.01685316115617752 0.03569446876645088
v 0.031338997185230255 0.016907475888729095 0.03571572154760361
v 0.025545205920934677 0.016940917819738388 0.03573230281472206
v 0.01975185237824917 0.01695028692483902 0.03574437275528908
v 0.013959737494587898 0.016947612166404724 0.03575247898697853
v 0.008169326931238174 0.016951527446508408 0.03575768321752548
v 0.0023806027602404356 0.016962330788373947 0.03576075658202171
v -0.0438210666179657 0.015955675393342972 0.03569788858294487
v -0.03806564211845398 0.01623474434018135 0.035691745579242706
v -0.03230700641870499 0.01656482368707657 0.035715628415346146
v -0.02653489075601101 0.01675255224108696 0.03573165088891983
v -0.020756294950842857 0.016859088093042374 0.03574404865503311
v -0.014974652789533138 0.016917359083890915 0.03575309365987778
v -0.009191298857331276 0.01693829521536827 0.035758309066295624
v -0.0034063374623656273 0.016957320272922516 0.03576098382472992
v 0.04290599003434181 0.01687375083565712 0.030384408310055733
v 0.03711274266242981 0.016897764056921005 0.030406737700104713
v 0.0313197523355484 0.016903970390558243 0.030427290126681328
v 0.025526944547891617 0.0169084295630455 0.030442746356129646
v 0.019735749810934067 0.01690969243645668 0.030453892424702644
v 0.013945775106549263 0.016912925988435745 0.030461033806204796
v 0.008157776668667793 0.016917705535888672 0.03046547807753086
v 0.002371996408328414 0.016921505331993103 0.030467992648482323
v -0.04383779689669609 0.016342997550964355 0.030436372384428978
v -0.03807330131530762 0.01666254550218582 0.030418412759900093
v -0.032300788909196854 0.01685134321451187 0.030426980927586555
v -0.026527008041739464 0.016912203282117844 0.03043830208480358
v -0.020751075819134712 0.016934316605329514 0.03044954501092434
v -0.014973063953220844 0.01693934202194214 0.030459148809313774
v -0.00919320061802864 0.016933750361204147 0.03046487458050251
v -0.003411689307540655 0.016926582902669907 0.030467910692095757
v 0.0428817942738533 0.016897287219762802 0.025093432515859604
v 0.03708969056606293 0.016904495656490326 0.02511749230325222
v 0.03129658102989197 0.016904186457395554 0.025138046592473984
v 0.03129658102989197 0.016904186457395554 0.025138046592473984
v 0.025504358112812042 0.016909673810005188 0.02515147440135479
v 0.019713588058948517 0.01690293475985527 0.025160346180200577
v 0.013926476240158081 0.016901865601539612 0.025166528299450874
v 0.013926476240158081 0.016901865601539612 0.025166528299450874
v 0.008141632191836834 0.01690487191081047 0.025170743465423584
v 0.002359901089221239 0.01690465211868286 0.025172755122184753
v -0.04383322224020958 0.016507547348737717 0.025147654116153717
v -0.0380692258477211 0.016767140477895737 0.02512790821492672
v -0.032296791672706604 0.01691216230392456 0.025129104033112526
v -0.0265230480581522 0.016926642507314682 0.025139624252915382
v -0.020749716088175774 0.016918562352657318 0.025151919573545456
v -0.01497490331530571 0.01691250130534172 0.02516278810799122
v -0.009198527783155441 0.016907118260860443 0.02516956254839897
v -0.0034205287229269743 0.016904734075069427 0.025172747671604156
v 0.04259343817830086 0.01677650585770607 -0.00581487687304616
v 0.03686323016881943 0.016948997974395752 -0.005794561002403498
v 0.03110983595252037 0.016898278146982193 -0.005801917519420385
v 0.02534671314060688 0.016904577612876892 -0.0058043221943080425
v -0.043748803436756134 0.01690496876835823 -0.005767220165580511
v -0.037966303527355194 0.01690400019288063 -0.005767361726611853
v -0.032186783850193024 0.01690409705042839 -0.005767952185124159
v -0.026413366198539734 0.01690409705042839 -0.005768175702542067
v -0.012723620049655437 0.016904093325138092 -0.014363957569003105
v -0.014475461095571518 0.016904093325138092 -0.014337588101625443
v -0.016192622482776642 0.016904093325138092 -0.013989768922328949
v -0.017816640436649323 0.016904093325138092 -0.013332340866327286
v -0.019292201846837997 0.016904093325138092 -0.012387696653604507
v -0.020569058135151863 0.016904093325138092 -0.011188002303242683
v -0.02160373330116272 0.01690409705042839 -0.009774116799235344
v -0.022360987961292267 0.01690409705042839 -0.008194182068109512
v -0.02281503938138485 0.01690409705042839 -0.006501997355371714
v -0.022950422018766403 0.01690410077571869 -0.004755198024213314
v -0.02276252582669258 0.01690410077571869 -0.0030132692772895098
v -0.022257747128605843 0.01690410077571869 -0.0013355184346437454
v -0.02145328000187874 0.01690410077571869 0.00022090785205364227
v -0.02037651836872101 0.01690410077571869 0.0016030134866014123
v -0.019064128398895264 0.016904104501008987 0.0027637318708002567
v -0.017560802400112152 0.016904104501008987 0.003663534764200449
v -0.015917735174298286 0.016904104501008987 0.004271783400326967
v -0.01419087778776884 0.016904104501008987 0.004567761439830065
v -0.012439039535820484 0.016904104501008987 0.004541391972452402
v 0.024141715839505196 0.016904287040233612 -0.0060569834895431995
v 0.02378062531352043 0.016904272139072418 -0.007659686263650656
v 0.02313118800520897 0.016904253512620926 -0.009168753400444984
v 0.02221551723778248 0.016904234886169434 -0.010532790794968605
v 0.021064799278974533 0.016904208809137344 -0.011705350130796432
v 0.019718213006854057 0.016904186457395554 -0.012646500021219254
v 0.018221620470285416 0.016904164105653763 -0.013324189931154251
v 0.016625985503196716 0.01690414547920227 -0.013715343549847603
v 0.014985650777816772 0.01690412312746048 -0.013806639239192009
v 0.014000407420098782 0.01690424606204033 0.0038954471237957478
v 0.0156407468020916 0.01690426468849182 0.0039867437444627285
v 0.017269929870963097 0.016904283314943314 0.00377507321536541
v 0.018832482397556305 0.016904298216104507 0.003267644438892603
v 0.020275188609957695 0.016904309391975403 0.002481738105416298
v 0.0215489212423563 0.016904316842556 0.0014441163511946797
v 0.02261030115187168 0.016904320567846298 0.0001901155337691307
v 0.02342318929731846 0.016904320567846298 -0.0012375627411529422
v 0.023959899321198463 0.0169043131172657 -0.002790295984596014
v 0.02420215867459774 0.016904301941394806 -0.004415217787027359
v -0.010687626898288727 0.016904089599847794 -0.014323009178042412
v -0.008184155449271202 0.016904089599847794 -0.014272654429078102
v -0.005423326976597309 0.016904093325138092 -0.014217127114534378
v -0.003318454371765256 0.016904093325138092 -0.014174791052937508
v -0.00044095274643041193 0.016904093325138092 -0.014116916805505753
v 0.0024359633680433035 0.016904093325138092 -0.014059053733944893
v 0.005311987362802029 0.016904093325138092 -0.014001207426190376
v 0.007885802537202835 0.016904085874557495 -0.0139494389295578
v 0.0106700723990798 0.016904093325138092 -0.01389344036579132
v 0.01308151613920927 0.016904104501008987 -0.013844937086105347
v -0.010532467626035213 0.016904104501008987 0.004494811873883009
v -0.008285176940262318 0.016904104501008987 0.004439907614141703
v -0.0057709552347660065 0.016904104501008987 0.004378483165055513
v -0.0034474479034543037 0.016904104501008987 0.004321718122810125
v -0.0005711831618100405 0.016904104501008987 0.004251447040587664
v 0.0023052438627928495 0.016904104501008987 0.004181173164397478
v 0.005181617569178343 0.016904108226299286 0.004110900219529867
v 0.007562645245343447 0.01690414547920227 0.00405272888019681
v 0.010037422180175781 0.016904175281524658 0.003992267418652773
v 0.012202315963804722 0.016904205083847046 0.003939376678317785
v -0.012725225649774075 0.016904093325138092 -0.013729287311434746
v -0.014407115057110786 0.016904093325138092 -0.013703972101211548
v -0.01600901409983635 0.016904093325138092 -0.013379499316215515
v -0.01752402074635029 0.016904093325138092 -0.012766199186444283
v -0.018900534138083458 0.016904093325138092 -0.011884963139891624
v -0.02009168639779091 0.01690409705042839 -0.010765798389911652
v -0.02105690725147724 0.01690410077571869 -0.009446818381547928
v -0.021763334050774574 0.01690410077571869 -0.00797293521463871
v -0.02218690700829029 0.01690409705042839 -0.006394337397068739
v -0.022313201799988747 0.01690410077571869 -0.0047647906467318535
v -0.022137917578220367 0.016904104501008987 -0.0031397873535752296
v -0.02166702225804329 0.016904104501008987 -0.0015746532008051872
v -0.02091655507683754 0.016904104501008987 -0.0001227009342983365
v -0.01991206780076027 0.016904104501008987 0.0011666315840557218
v -0.018687771633267403 0.016904104501008987 0.002249438315629959
v -0.017285354435443878 0.016904104501008987 0.0030888430774211884
v -0.015752578154206276 0.016904104501008987 0.0036562634631991386
v -0.014141635037958622 0.01690410077571869 0.0039323740638792515
v -0.012451564893126488 0.01690410077571869 0.003906934056431055
v -0.010547967627644539 0.01690410077571869 0.0038604270666837692
v -0.008300676010549068 0.01690410077571869 0.0038055232726037502
v -0.00578645383939147 0.016904104501008987 0.0037440983578562737
v -0.0034629465080797672 0.016904104501008987 0.0036873328499495983
v -0.0005866819992661476 0.016904104501008987 0.003617062233388424
v 0.002289745258167386 0.016904104501008987 0.003546787891536951
v 0.005166118964552879 0.016904104501008987 0.00347651494666934
v 0.0075471471063792706 0.016904141753911972 0.00341834407299757
v 0.01002192310988903 0.01690417155623436 0.003357882145792246
v 0.012186817824840546 0.016904205083847046 0.0033049914054572582
v 0.014010305516421795 0.01690424606204033 0.003260441590100527
v 0.01561729982495308 0.01690426468849182 0.003349882084876299
v 0.01712985895574093 0.016904279589653015 0.0031533646397292614
v 0.01858055777847767 0.01690429449081421 0.0026822593063116074
v 0.01991998963057995 0.016904305666685104 0.0019526114920154214
v 0.0211025420576334 0.0169043131172657 0.0009892667876556516
v 0.02208794467151165 0.016904316842556 -0.0001749677467159927
v 0.022842643782496452 0.016904316842556 -0.0015004470478743315
v 0.02334093302488327 0.0169043131172657 -0.0029420291539281607
v 0.023565849289298058 0.016904298216104507 -0.004450632259249687
v 0.023509733378887177 0.016904287040233612 -0.0059748743660748005
v 0.02317449264228344 0.016904272139072418 -0.0074628484435379505
v 0.022571545094251633 0.016904253512620926 -0.008863888680934906
v 0.02172142080962658 0.016904234886169434 -0.01013028621673584
v 0.020653076469898224 0.016904208809137344 -0.011218907311558723
v 0.0194028839468956 0.016904186457395554 -0.01209268532693386
v 0.018013425171375275 0.016904164105653763 -0.012721864506602287
v 0.016532009467482567 0.01690414547920227 -0.0130850188434124
v 0.01496163010597229 0.016904126852750778 -0.013172419741749763
v 0.013068754225969315 0.016904108226299286 -0.013210490345954895
v 0.010657311417162418 0.016904093325138092 -0.013258995488286018
v 0.007873041555285454 0.016904089599847794 -0.013314994052052498
v 0.005299226846545935 0.01690409705042839 -0.013366762548685074
v 0.002423202618956566 0.01690409705042839 -0.013424606993794441
v -0.00045371332089416683 0.016904093325138092 -0.01348247192800045
v -0.0033312151208519936 0.016904093325138092 -0.013540346175432205
v -0.005436087492853403 0.016904093325138092 -0.013582682237029076
v -0.008196916431188583 0.016904093325138092 -0.0136382095515728
v -0.010700387880206108 0.016904093325138092 -0.01368856430053711
v -0.012724421918392181 0.016698770225048065 -0.014046622440218925
v -0.012724421918392181 0.016698770225048065 -0.014046622440218925
v -0.014441287145018578 0.016698770225048065 -0.014020780101418495
v -0.014441287145018578 0.016698770225048065 -0.014020780101418495
v -0.016100820153951645 0.016698770225048065 -0.013684634119272232
v -0.016100820153951645 0.016698770225048065 -0.013684634119272232
v -0.01767033338546753 0.016698770225048065 -0.013049270957708359
v -0.01767033338546753 0.016698770225048065 -0.013049270957708359
v -0.01909637078642845 0.016698766499757767 -0.01213633082807064
v -0.01909637078642845 0.016698766499757767 -0.01213633082807064
v -0.02033037319779396 0.016698770225048065 -0.010976901277899742
v -0.02033037319779396 0.016698770225048065 -0.010976901277899742
v -0.021330319344997406 0.016698773950338364 -0.009610466659069061
v -0.021330319344997406 0.016698773950338364 -0.009610466659069061
v -0.022062160074710846 0.016698773950338364 -0.008083559572696686
v -0.022062160074710846 0.016698773950338364 -0.008083559572696686
v -0.02250097133219242 0.016698773950338364 -0.006448167841881514
v -0.02250097133219242 0.016698773950338364 -0.006448167841881514
v -0.02263181284070015 0.016698773950338364 -0.004759994335472584
v -0.02263181284070015 0.016698773950338364 -0.004759994335472584
v -0.022450221702456474 0.016698777675628662 -0.003076528199017048
v -0.022450221702456474 0.016698777675628662 -0.003076528199017048
v -0.02196238376200199 0.016698777675628662 -0.0014550858177244663
v -0.02196238376200199 0.016698777675628662 -0.0014550858177244663
v -0.02118491753935814 0.016698777675628662 0.0000491035170853138
v -0.02118491753935814 0.016698777675628662 0.0000491035170853138
v -0.020144294947385788 0.016698777675628662 0.0013848227681592107
v -0.020144294947385788 0.016698777675628662 0.0013848227681592107
v -0.01887594908475876 0.01669878140091896 0.0025065848603844643
v -0.01887594908475876 0.01669878140091896 0.0025065848603844643
v -0.017423078417778015 0.01669878140091896 0.0033761877566576004
v -0.017423078417778015 0.01669878140091896 0.0033761877566576004
v -0.01583515666425228 0.01669878140091896 0.003964023198932409
v -0.01583515666425228 0.01669878140091896 0.003964023198932409
v -0.014166255481541157 0.01669878140091896 0.004250068683177233
v -0.014166255481541157 0.01669878140091896 0.004250068683177233
v -0.012445301748812199 0.01669878140091896 0.004224163945764303
v -0.012445301748812199 0.01669878140091896 0.004224163945764303
v -0.010540218092501163 0.01669878140091896 0.00417762016877532
v -0.010540218092501163 0.01669878140091896 0.00417762016877532
v -0.008292927406728268 0.01669878140091896 0.004122714977711439
v -0.008292927406728268 0.01669878140091896 0.004122714977711439
v -0.0057787043042480946 0.016698777675628662 0.00406129052862525
v -0.0057787043042480946 0.016698777675628662 0.00406129052862525
v -0.003455197671428323 0.016698777675628662 0.004004525486379862
v -0.003455197671428323 0.016698777675628662 0.004004525486379862
v -0.000578932580538094 0.01669878140091896 0.003934255335479975
v -0.000578932580538094 0.01669878140091896 0.003934255335479975
v 0.002297494560480118 0.01669878140091896 0.00386397959664464
v 0.002297494560480118 0.01669878140091896 0.00386397959664464
v 0.005173868034034967 0.01669878140091896 0.003793706651777029
v 0.005173868034034967 0.01669878140091896 0.003793706651777029
v 0.007554895710200071 0.016698822379112244 0.003735537175089121
v 0.007554895710200071 0.016698822379112244 0.003735537175089121
v 0.010029672645032406 0.01669885218143463 0.0036750747822225094
v 0.010029672645032406 0.01669885218143463 0.0036750747822225094
v 0.012194566428661346 0.01669888198375702 0.0036221840418875217
v 0.012194566428661346 0.01669888198375702 0.0036221840418875217
v 0.014005357399582863 0.016698922961950302 0.0035779443569481373
v 0.014005357399582863 0.016698922961950302 0.0035779443569481373
v 0.01562902331352234 0.016698941588401794 0.003668311983346939
v 0.01562902331352234 0.016698941588401794 0.003668311983346939
v 0.017199894413352013 0.01669895648956299 0.0034642177633941174
v 0.017199894413352013 0.01669895648956299 0.0034642177633941174
v 0.018706519156694412 0.016698971390724182 0.0029749516397714615
v 0.018706519156694412 0.016698971390724182 0.0029749516397714615
v 0.02009759098291397 0.016698986291885376 0.0022171749733388424
v 0.02009759098291397 0.016698986291885376 0.0022171749733388424
v 0.02132573164999485 0.016698993742465973 0.001216692035086453
v 0.02132573164999485 0.016698993742465973 0.001216692035086453
v 0.022349122911691666 0.016698993742465973 0.000007573864422738552
v 0.022349122911691666 0.016698993742465973 0.000007573864422738552
v 0.023132918402552605 0.016698993742465973 -0.0013690049527212977
v 0.023132918402552605 0.016698993742465973 -0.0013690049527212977
v 0.02365041710436344 0.016698990017175674 -0.0028661624528467655
v 0.02365041710436344 0.016698990017175674 -0.0028661624528467655
v 0.023884005844593048 0.01669897884130478 -0.004432925023138523
v 0.023884005844593048 0.01669897884130478 -0.004432925023138523
v 0.02382572367787361 0.016698963940143585 -0.006015928927809
v 0.02382572367787361 0.016698963940143585 -0.006015928927809
v 0.02347755990922451 0.01669895276427269 -0.007561266887933016
v 0.02347755990922451 0.01669895276427269 -0.007561266887933016
v 0.0228513665497303 0.0166989304125309 -0.009016323834657669
v 0.0228513665497303 0.0166989304125309 -0.009016323834657669
v 0.021968470886349678 0.016698911786079407 -0.010331539437174797
v 0.021968470886349678 0.016698911786079407 -0.010331539437174797
v 0.02085893787443638 0.016698889434337616 -0.011462127789855003
v 0.02085893787443638 0.016698889434337616 -0.011462127789855003
v 0.019560545682907104 0.016698867082595825 -0.012369593605399132
v 0.019560545682907104 0.016698867082595825 -0.012369593605399132
v 0.018117522820830345 0.016698841005563736 -0.013023028150200844
v 0.018117522820830345 0.016698841005563736 -0.013023028150200844
v 0.016578996554017067 0.016698822379112244 -0.013400183990597725
v 0.016578996554017067 0.016698822379112244 -0.013400183990597725
v 0.014973641373217106 0.01669880375266075 -0.013489529490470886
v 0.014973641373217106 0.01669880375266075 -0.013489529490470886
v 0.01307513564825058 0.01669878140091896 -0.01352771371603012
v 0.01307513564825058 0.01669878140091896 -0.01352771371603012
v 0.010663693770766258 0.016698770225048065 -0.013576216995716095
v 0.010663693770766258 0.016698770225048065 -0.013576216995716095
v 0.00787942111492157 0.016698762774467468 -0.013632217422127724
v 0.00787942111492157 0.016698762774467468 -0.013632217422127724
v 0.005305606871843338 0.016698770225048065 -0.01368398405611515
v 0.005305606871843338 0.016698770225048065 -0.01368398405611515
v 0.002429582877084613 0.016698770225048065 -0.013741832226514816
v 0.002429582877084613 0.016698770225048065 -0.013741832226514816
v -0.0004473330045584589 0.016698770225048065 -0.013799695298075676
v -0.0004473330045584589 0.016698770225048065 -0.013799695298075676
v -0.0033248343970626593 0.016698770225048065 -0.013857569545507431
v -0.0033248343970626593 0.016698770225048065 -0.013857569545507431
v -0.005429707467556 0.016698770225048065 -0.01389990746974945
v -0.005429707467556 0.016698770225048065 -0.01389990746974945
v -0.008190534077584743 0.016698766499757767 -0.013955432921648026
v -0.008190534077584743 0.016698766499757767 -0.013955432921648026
v -0.010694005526602268 0.016698770225048065 -0.014005785807967186
v -0.010694005526602268 0.016698770225048065 -0.014005785807967186
f 2543 9324 2822
f 2822 9649 2543
f 9324 2545 9628
f 9628 2822 9324
f 2635 9414 2821
f 2821 9627 2635
f 9414 2638 9648
f 9648 2821 9414
f 2735 9523 2825
f 2826 9675 2737
f 9524 2740 9658
f 9658 2823 9523
f 2797 9585 2824
f 2824 9658 2797
f 9585 2798 9674
f 9674 2824 9585
f 1881 8660 2827
f 2827 9692 1881
f 8660 1882 9684
f 9684 2827 8660
f 1897 8676 2827
f 2827 9684 1897
f 8676 1898 9692
f 9692 2827 8676
f 1913 8692 2828
f 2828 9708 1913
f 8692 1914 9700
f 9700 2828 8692
f 1929 8708 2828
f 2828 9700 1929
f 8708 1930 9708
f 9708 2828 8708
f 15 5258 2829
f 2829 5255 15
f 5258 17 5259
f 5259 2829 5258
f 18 5260 2829
f 2829 5259 18
f 5260 16 5255
f 5255 2829 5260
f 1253 7499 2830
f 2830 8050 1253
f 7499 1252 8047
f 8047 2830 7499
f 1262 7509 2830
f 2830 8047 1262
f 7509 1264 8050
f 8050 2830 7509
f 9 5265 2831
f 2831 5253 9
f 5265 23 5266
f 5266 2831 5265
f 24 5267 2831
f 2831 5266 24
f 5267 10 5253
f 5253 2831 5267
f 1232 7478 2832
f 2832 8057 1232
f 7478 1231 8054
f 8054 2832 7478
f 1276 7523 2832
f 2832 8054 1276
f 7523 1278 8057
f 8057 2832 7523
f 11 5272 2833
f 2833 5251 11
f 5272 29 5273
f 5273 2833 5272
f 30 5274 2833
f 2833 5273 30
f 5274 12 5251
f 5251 2833 5274
f 839 6736 2834
f 2834 7137 839
f 6736 840 7135
f 7135 2834 6736
f 848 6745 2834
f 2834 7135 848
f 6745 850 7137
f 7137 2834 6745
f 13 5280 2835
f 2835 5257 13
f 5280 37 5281
f 5281 2835 5280
f 38 5282 2835
f 2835 5281 38
f 5282 14 5257
f 5257 2835 5282
f 39 5283 2836
f 2836 5287 39
f 5283 41 5284
f 5284 2836 5283
f 43 5286 2836
f 2836 5284 43
f 5286 44 5287
f 5287 2836 5286
f 1952 8732 2837
f 2837 9724 1952
f 8732 1955 9716
f 9716 2837 8732
f 1842 8617 2837
f 2837 9716 1842
f 8617 1841 9724
f 9724 2837 8617
f 1984 8764 2838
f 2838 9740 1984
f 8764 1986 9732
f 9732 2838 8764
f 1866 8644 2838
f 2838 9732 1866
f 8644 1865 9740
f 9740 2838 8644
f 2015 8794 2839
f 2839 9757 2015
f 8794 2016 9748
f 9748 2839 8794
f 2039 8819 2839
f 2839 9748 2039
f 8819 2040 9757
f 9757 2839 8819
f 2017 8795 2840
f 2840 9773 2017
f 8795 2014 9765
f 9765 2840 8795
f 1882 8660 2840
f 2840 9765 1882
f 8660 1881 9773
f 9773 2840 8660
f 2063 8843 2841
f 2841 9789 2063
f 8843 2065 9781
f 9781 2841 8843
f 1898 8676 2841
f 2841 9781 1898
f 8676 1897 9789
f 9789 2841 8676
f 1985 8763 2842
f 2842 9807 1985
f 8763 1983 9798
f 9798 2842 8763
f 1914 8692 2842
f 2842 9798 1914
f 8692 1913 9807
f 9807 2842 8692
f 1954 8731 2843
f 2843 9824 1954
f 8731 1953 9815
f 9815 2843 8731
f 1930 8708 2843
f 2843 9815 1930
f 8708 1929 9824
f 9824 2843 8708
f 61 5314 2844
f 2844 5318 61
f 5314 62 5315
f 5315 2844 5314
f 64 5317 2844
f 2844 5315 64
f 5317 66 5318
f 5318 2844 5317
f 17 5319 2845
f 2845 5324 17
f 5319 67 5320
f 5320 2845 5319
f 69 5322 2845
f 2845 5320 69
f 5322 71 5324
f 5324 2845 5322
f 16 5260 2846
f 2846 5311 16
f 5260 18 5325
f 5325 2846 5260
f 60 5326 2846
f 2846 5325 60
f 5326 48 5311
f 5311 2846 5326
f 72 5328 2847
f 2847 5334 72
f 5329 75 5332
f 5332 2848 5329
f 78 5333 2848
f 2848 5332 78
f 5333 80 5335
f 5335 2848 5333
f 21 5336 2849
f 2849 5264 21
f 5336 68 5338
f 5338 2849 5336
f 51 5293 2849
f 2849 5338 51
f 5293 5 5264
f 5264 2849 5293
f 23 5339 2850
f 2850 5345 23
f 5339 45 5342
f 5342 2850 5339
f 83 5344 2850
f 2850 5342 83
f 5344 84 5345
f 5345 2850 5344
f 10 5267 2851
f 2851 5302 10
f 5267 24 5346
f 5346 2851 5267
f 73 5348 2851
f 2851 5346 73
f 5348 57 5302
f 5302 2851 5348
f 85 5350 2852
f 2852 5356 85
f 5352 88 5354
f 5354 2853 5352
f 90 5355 2853
f 2853 5354 90
f 5355 92 5357
f 5357 2853 5355
f 27 5358 2854
f 2854 5271 27
f 5358 93 5360
f 5360 2854 5358
f 46 5289 2854
f 2854 5360 46
f 5289 4 5271
f 5271 2854 5289
f 29 5362 2855
f 2855 5367 29
f 5362 95 5363
f 5363 2855 5362
f 97 5365 2855
f 2855 5363 97
f 5365 99 5367
f 5367 2855 5365
f 12 5274 2856
f 2856 5304 12
f 5274 30 5368
f 5368 2856 5274
f 86 5370 2856
f 2856 5368 86
f 5370 59 5304
f 5304 2856 5370
f 101 5372 2858
f 2858 5377 101
f 5372 102 5374
f 5374 2858 5372
f 103 5375 2857
f 2857 5373 103
f 5375 105 5376
f 5376 2857 5375
f 36 5379 2860
f 2860 5279 36
f 5379 96 5381
f 5381 2860 5379
f 55 5297 2859
f 2859 5380 55
f 5298 31 5279
f 5279 2860 5298
f 37 5382 2862
f 2862 5389 37
f 5382 94 5386
f 5386 2862 5382
f 107 5387 2861
f 2861 5384 107
f 5388 109 5389
f 5389 2862 5388
f 14 5282 2863
f 2863 5308 14
f 5282 38 5390
f 5390 2863 5282
f 100 5391 2863
f 2863 5390 100
f 5391 52 5308
f 5308 2863 5391
f 443 6012 2864
f 2864 6116 443
f 6012 743 6489
f 6489 2864 6012
f 747 6015 2864
f 2864 6489 747
f 6015 449 6116
f 6116 2864 6015
f 451 6020 2865
f 2865 6118 451
f 6020 749 6491
f 6491 2865 6020
f 753 6022 2865
f 2865 6491 753
f 6022 456 6118
f 6118 2865 6022
f 458 6026 2866
f 2866 6120 458
f 6026 755 6492
f 6492 2866 6026
f 758 6028 2866
f 2866 6492 758
f 6028 461 6120
f 6120 2866 6028
f 462 6030 2867
f 2867 6124 462
f 6030 759 6493
f 6493 2867 6030
f 763 6033 2867
f 2867 6493 763
f 6033 467 6124
f 6124 2867 6033
f 468 6037 2868
f 2868 6126 468
f 6037 764 6494
f 6494 2868 6037
f 767 6039 2868
f 2868 6494 767
f 6039 471 6126
f 6126 2868 6039
f 472 6041 2869
f 2869 6130 472
f 6041 768 6495
f 6495 2869 6041
f 771 6043 2870
f 2870 6496 771
f 6044 476 6131
f 6131 2871 6044
f 1288 7535 2872
f 2872 8064 1288
f 7535 1290 8061
f 8061 2872 7535
f 1302 7549 2872
f 2872 8061 1302
f 7549 1304 8064
f 8064 2872 7549
f 133 5426 2873
f 2873 5427 133
f 5426 18 5259
f 5259 2873 5426
f 17 5324 2873
f 2873 5259 17
f 5324 71 5427
f 5427 2873 5324
f 856 6753 2874
f 2874 7142 856
f 6753 858 7140
f 7140 2874 6753
f 868 6765 2874
f 2874 7140 868
f 6765 870 7142
f 7142 2874 6765
f 138 5433 2875
f 2875 5434 138
f 5433 24 5266
f 5266 2875 5433
f 23 5345 2875
f 2875 5266 23
f 5345 84 5434
f 5434 2875 5345
f 876 6773 2876
f 2876 7147 876
f 6773 878 7145
f 7145 2876 6773
f 888 6785 2876
f 2876 7145 888
f 6785 890 7147
f 7147 2876 6785
f 142 5440 2877
f 2877 5441 142
f 5440 30 5273
f 5273 2877 5440
f 29 5367 2877
f 2877 5273 29
f 5367 99 5441
f 5441 2877 5367
f 1313 7561 2878
f 2878 8073 1313
f 7561 1315 8069
f 8069 2878 7561
f 1329 7577 2878
f 2878 8069 1329
f 7577 1331 8073
f 8073 2878 7577
f 146 5447 2879
f 2879 5448 146
f 5447 38 5281
f 5281 2879 5447
f 37 5389 2879
f 2879 5281 37
f 5389 109 5448
f 5448 2879 5389
f 66 5449 2880
f 2880 5318 66
f 5449 1 5292
f 5292 2880 5449
f 49 5327 2880
f 2880 5292 49
f 5327 61 5318
f 5318 2880 5327
f 147 5450 2881
f 2881 5452 147
f 5450 81 5340
f 5340 2881 5450
f 44 5286 2882
f 2882 5341 44
f 5285 42 5452
f 5452 2881 5285
f 15 5310 2883
f 2883 5258 15
f 5310 50 5337
f 5337 2883 5310
f 67 5319 2883
f 2883 5337 67
f 5319 17 5258
f 5258 2883 5319
f 62 5314 2885
f 2885 5454 62
f 5313 60 5325
f 5325 2884 5313
f 18 5426 2884
f 2884 5325 18
f 5426 133 5453
f 5453 2884 5426
f 79 5455 2886
f 2886 5334 79
f 5455 54 5300
f 5300 2886 5455
f 56 5347 2886
f 2886 5300 56
f 5347 72 5334
f 5334 2886 5347
f 149 5457 2888
f 2888 5459 149
f 5456 70 5321
f 5321 2887 5456
f 68 5336 2887
f 2887 5321 68
f 5336 21 5458
f 5458 2887 5336
f 9 5307 2889
f 2889 5265 9
f 5307 40 5288
f 5288 2889 5307
f 45 5339 2889
f 2889 5288 45
f 5339 23 5265
f 5265 2889 5339
f 76 5330 2890
f 2890 5461 76
f 5330 73 5346
f 5346 2890 5330
f 24 5433 2890
f 2890 5346 24
f 5433 138 5461
f 5461 2890 5433
f 91 5462 2891
f 2891 5356 91
f 5462 150 5463
f 5463 2891 5462
f 58 5369 2891
f 2891 5463 58
f 5369 85 5356
f 5356 2891 5369
f 152 5465 2893
f 2893 5466 152
f 5465 108 5385
f 5385 2893 5465
f 93 5358 2892
f 2892 5383 93
f 5359 28 5466
f 5466 2893 5359
f 11 5303 2894
f 2894 5272 11
f 5303 55 5380
f 5380 2894 5303
f 95 5362 2894
f 2894 5380 95
f 5362 29 5272
f 5272 2894 5362
f 87 5349 2895
f 2895 5467 87
f 5351 86 5368
f 5368 2896 5351
f 30 5440 2896
f 2896 5368 30
f 5440 142 5468
f 5468 2896 5440
f 106 5469 2897
f 2897 5377 106
f 5469 6 5296
f 5296 2897 5469
f 53 5392 2897
f 2897 5296 53
f 5392 101 5377
f 5377 2897 5392
f 153 5470 2898
f 2898 5472 153
f 5471 98 5364
f 5364 2899 5471
f 96 5379 2899
f 2899 5364 96
f 5378 35 5472
f 5472 2898 5378
f 13 5312 2900
f 2900 5280 13
f 5312 47 5361
f 5361 2900 5312
f 94 5382 2900
f 2900 5361 94
f 5382 37 5280
f 5280 2900 5382
f 102 5372 2902
f 2902 5474 102
f 5371 100 5390
f 5390 2901 5371
f 38 5447 2901
f 2901 5390 38
f 5447 146 5473
f 5473 2901 5447
f 1293 7538 2903
f 2903 8080 1293
f 7538 1291 8077
f 8077 2903 7538
f 1238 7484 2903
f 2903 8077 1238
f 7484 1237 8080
f 8080 2903 7484
f 155 5479 2904
f 2904 5476 155
f 5479 136 5480
f 5480 2904 5479
f 1780 8558 2904
f 2904 5480 1780
f 8558 1778 5476
f 5476 2904 8558
f 1318 7564 2905
f 2905 8087 1318
f 7564 1316 8084
f 8084 2905 7564
f 1245 7491 2905
f 2905 8084 1245
f 7491 1244 8087
f 8087 2905 7491
f 1342 7590 2906
f 2906 8094 1342
f 7590 1344 8091
f 8091 2906 7590
f 1263 7508 2906
f 2906 8091 1263
f 7508 1261 8094
f 8094 2906 7508
f 1356 7603 2907
f 2907 8101 1356
f 7603 1358 8098
f 8098 2907 7603
f 1277 7522 2907
f 2907 8098 1277
f 7522 1275 8101
f 8101 2907 7522
f 160 5489 2908
f 2908 8520 160
f 5490 34 5491
f 5491 2909 5490
f 1782 8560 2909
f 2909 5491 1782
f 8559 1783 8520
f 8520 2908 8559
f 7 5482 2910
f 2910 5477 7
f 5482 145 8519
f 8519 2910 5482
f 1782 8561 2910
f 2910 8519 1782
f 8561 1779 5477
f 5477 2910 8561
f 157 5485 2911
f 2911 8523 157
f 5485 20 8518
f 8518 2911 5485
f 1781 8562 2911
f 2911 8518 1781
f 8562 1786 8523
f 8523 2911 8562
f 2255 9035 2912
f 2912 9875 2255
f 9035 2257 9854
f 9854 2912 9035
f 2319 9104 2914
f 2912 9854 2316
f 9104 2324 9877
f 9876 2913 9105
f 859 6754 2915
f 2915 7157 859
f 6754 857 7155
f 7155 2915 6754
f 895 6791 2915
f 2915 7155 895
f 6791 894 7157
f 7157 2915 6791
f 879 6774 2916
f 2916 7162 879
f 6774 877 7160
f 7160 2916 6774
f 900 6797 2916
f 2916 7160 900
f 6797 901 7162
f 7162 2916 6797
f 905 6802 2917
f 2917 7167 905
f 6802 907 7165
f 7165 2917 6802
f 917 6814 2917
f 2917 7165 917
f 6814 919 7167
f 7167 2917 6814
f 925 6822 2918
f 2918 7172 925
f 6822 927 7170
f 7170 2918 6822
f 847 6742 2918
f 2918 7170 847
f 6742 845 7172
f 7172 2918 6742
f 2099 8878 2919
f 2919 9893 2099
f 8878 2100 9885
f 9885 2919 8878
f 2064 8842 2919
f 2919 9885 2064
f 8842 2062 9893
f 9893 2919 8842
f 2389 9176 2920
f 2920 9910 2389
f 9176 2390 9902
f 9902 2920 9176
f 2422 9208 2920
f 2920 9902 2422
f 9208 2423 9910
f 9910 2920 9208
f 936 6832 2921
f 2921 7182 936
f 6832 935 7180
f 7180 2921 6832
f 918 6813 2921
f 2921 7180 918
f 6813 916 7182
f 7182 2921 6813
f 1826 8601 2922
f 2922 9926 1826
f 8601 1825 9918
f 9918 2922 8601
f 2138 8917 2922
f 2922 9918 2138
f 8917 2140 9926
f 9926 2922 8917
f 25 5268 2923
f 2923 5516 25
f 5268 3 5513
f 5513 2923 5268
f 168 5514 2923
f 2923 5513 168
f 5514 172 5516
f 5516 2923 5514
f 477 6046 2924
f 2924 6133 477
f 6046 772 6497
f 6497 2924 6046
f 776 6049 2924
f 2924 6497 776
f 6049 482 6133
f 6133 2924 6049
f 131 5422 2925
f 2925 5526 131
f 5422 129 5522
f 5522 2925 5422
f 178 5525 2925
f 2925 5522 178
f 5525 185 5526
f 5526 2925 5525
f 2 5478 2926
f 2926 5510 2
f 5478 132 5527
f 5527 2926 5478
f 186 5529 2926
f 2926 5527 186
f 5529 171 5510
f 5510 2926 5529
f 159 5488 2927
f 2927 5533 159
f 5488 26 5517
f 5517 2927 5488
f 173 5530 2927
f 2927 5517 173
f 5530 188 5533
f 5533 2927 5530
f 2141 8918 2928
f 2928 9942 2141
f 8918 2139 9934
f 9934 2928 8918
f 2171 8950 2928
f 2928 9934 2171
f 8950 2173 9942
f 9942 2928 8950
f 169 5534 2929
f 2929 5515 169
f 5534 193 5539
f 5539 2929 5534
f 197 5541 2929
f 2929 5539 197
f 5541 175 5515
f 5515 2929 5541
f 184 5524 2930
f 2930 5547 184
f 5524 177 5543
f 5543 2930 5524
f 199 5544 2930
f 2930 5543 199
f 5544 203 5547
f 5547 2930 5544
f 202 5548 2931
f 2931 5546 202
f 5548 190 5535
f 5535 2931 5548
f 170 5528 2931
f 2931 5535 170
f 5528 183 5546
f 5546 2931 5528
f 207 5550 2932
f 2932 5552 207
f 5550 189 5531
f 5531 2932 5550
f 174 5540 2932
f 2932 5531 174
f 5540 196 5552
f 5552 2932 5540
f 481 6048 2933
f 2933 6135 481
f 6048 775 6498
f 6498 2933 6048
f 777 6052 2933
f 2933 6498 777
f 6052 485 6135
f 6135 2933 6052
f 2116 8894 2934
f 2934 9958 2116
f 8894 2115 9950
f 9950 2934 8894
f 2172 8949 2934
f 2934 9950 2172
f 8949 2170 9958
f 9958 2934 8949
f 194 5538 2935
f 2935 5558 194
f 5538 192 5556
f 5556 2935 5538
f 162 5497 2935
f 2935 5556 162
f 5497 140 5558
f 5558 2935 5497
f 165 5560 2936
f 2936 5503 165
f 5560 204 5545
f 5545 2936 5560
f 200 5562 2936
f 2936 5545 200
f 5562 163 5503
f 5503 2936 5562
f 205 5561 2937
f 2937 5549 205
f 5561 166 5509
f 5509 2937 5561
f 167 5557 2937
f 2937 5509 167
f 5557 191 5549
f 5549 2937 5557
f 206 5551 2938
f 2938 5564 206
f 5551 195 5559
f 5559 2938 5551
f 141 5435 2938
f 2938 5559 141
f 5435 139 5564
f 5564 2938 5435
f 486 6053 2939
f 2939 6137 486
f 6053 778 6499
f 6499 2939 6053
f 779 6056 2939
f 2939 6499 779
f 6056 488 6137
f 6137 2939 6056
f 1552 7804 2940
f 2940 8108 1552
f 7804 1553 8105
f 8105 2940 7804
f 1611 7862 2940
f 2940 8105 1611
f 7862 1612 8108
f 8108 2940 7862
f 450 6016 2942
f 2942 6143 450
f 6015 747 6501
f 6501 2941 6015
f 784 6060 2942
f 2942 6502 784
f 6060 495 6143
f 6143 2942 6060
f 1069 6974 2943
f 2943 7187 1069
f 6974 1070 7185
f 7185 2943 6974
f 1110 7015 2943
f 2943 7185 1110
f 7015 1111 7187
f 7187 2943 7015
f 457 6023 2944
f 2944 6148 457
f 6023 754 6505
f 6505 2944 6023
f 792 6069 2944
f 2944 6505 792
f 6069 505 6148
f 6148 2944 6069
f 780 6058 2945
f 2945 6506 780
f 6058 489 6149
f 6149 2945 6058
f 506 6072 2945
f 2945 6149 506
f 6072 793 6506
f 6506 2945 6072
f 508 6074 2946
f 2946 6153 508
f 6074 797 6507
f 6507 2946 6074
f 749 6020 2946
f 2946 6507 749
f 6020 451 6153
f 6153 2946 6020
f 793 6072 2947
f 2947 6508 793
f 6072 506 6155
f 6155 2947 6072
f 496 6061 2947
f 2947 6155 496
f 6061 785 6508
f 6508 2947 6061
f 787 6066 2948
f 2948 6509 787
f 6066 499 6157
f 6157 2948 6066
f 510 6076 2948
f 2948 6157 510
f 6076 800 6509
f 6509 2948 6076
f 512 6078 2949
f 2949 6161 512
f 6079 804 6511
f 6511 2950 6079
f 743 6012 2949
f 2949 6510 743
f 6012 443 6161
f 6161 2949 6012
f 800 6076 2951
f 2951 6512 800
f 6076 510 6162
f 6162 2951 6076
f 504 6068 2951
f 2951 6162 504
f 6068 790 6512
f 6512 2951 6068
f 1617 7868 2952
f 2952 8115 1617
f 7868 1618 8112
f 8112 2952 7868
f 1576 7827 2952
f 2952 8112 1576
f 7827 1577 8115
f 8115 2952 7827
f 498 6064 2953
f 2953 8542 498
f 6064 786 6514
f 6514 2953 6064
f 1806 8563 2953
f 2953 6514 1806
f 8563 1803 8542
f 8542 2953 8563
f 1114 7019 2954
f 2954 7192 1114
f 7019 1115 7190
f 7190 2954 7019
f 1085 6990 2954
f 2954 7190 1085
f 6990 1086 7192
f 7192 2954 6990
f 1089 6994 2955
f 2955 7197 1089
f 6994 1090 7195
f 7195 2955 6994
f 1120 7025 2955
f 2955 7195 1120
f 7025 1121 7197
f 7197 2955 7025
f 466 6032 2956
f 2956 6174 466
f 6032 762 6517
f 6517 2956 6032
f 812 6087 2956
f 2956 6517 812
f 6087 522 6174
f 6174 2956 6087
f 1582 7833 2957
f 2957 8122 1582
f 7833 1583 8119
f 8119 2957 7833
f 1625 7876 2957
f 2957 8119 1625
f 7876 1626 8122
f 8122 2957 7876
f 476 6044 2959
f 2959 6179 476
f 6043 771 6519
f 6519 2958 6043
f 814 6093 2958
f 2958 6519 814
f 6094 527 6179
f 6179 2959 6094
f 528 6097 2960
f 2960 6181 528
f 6097 816 6520
f 6520 2960 6097
f 768 6041 2960
f 2960 6520 768
f 6041 472 6181
f 6181 2960 6041
f 755 6026 2961
f 2961 6521 755
f 6026 458 6182
f 6182 2961 6026
f 521 6086 2961
f 2961 6182 521
f 6086 811 6521
f 6521 2961 6086
f 530 6099 2962
f 2962 6187 530
f 6099 819 6523
f 6523 2962 6099
f 759 6030 2962
f 2962 6523 759
f 6030 462 6187
f 6187 2962 6030
f 764 6037 2964
f 2964 6525 764
f 6037 468 6189
f 6189 2964 6037
f 527 6094 2963
f 2963 6188 527
f 6095 815 6525
f 6525 2964 6095
f 1631 7882 2965
f 2965 8129 1631
f 7882 1632 8126
f 8126 2965 7882
f 1604 7855 2965
f 2965 8126 1604
f 7855 1605 8129
f 8129 2965 7855
f 524 6091 2966
f 2966 8544 524
f 6091 813 6527
f 6527 2966 6091
f 1807 8564 2966
f 2966 6527 1807
f 8564 1805 8544
f 8544 2966 8564
f 1124 7029 2967
f 2967 7202 1124
f 7029 1125 7200
f 7200 2967 7029
f 1105 7010 2967
f 2967 7200 1105
f 7010 1106 7202
f 7202 2967 7010
f 536 6106 2968
f 2968 6200 536
f 6106 826 6529
f 6529 2968 6106
f 822 6101 2968
f 2968 6529 822
f 6101 532 6200
f 6200 2968 6101
f 541 6111 2969
f 2969 6202 541
f 6111 833 6530
f 6530 2969 6111
f 827 6107 2969
f 2969 6530 827
f 6107 537 6202
f 6202 2969 6107
f 518 6083 2970
f 2970 6204 518
f 6083 810 6531
f 6531 2970 6083
f 832 6110 2970
f 2970 6531 832
f 6110 540 6204
f 6204 2970 6110
f 999 6901 2971
f 2971 7207 999
f 6901 1000 7205
f 7205 2971 6901
f 1130 7035 2971
f 2971 7205 1130
f 7035 1131 7207
f 7207 2971 7035
f 662 5738 2972
f 2972 6533 662
f 5738 293 5889
f 5889 2972 5738
f 298 5746 2972
f 2972 5889 298
f 5746 665 6533
f 6533 2972 5746
f 1456 7705 2973
f 2973 8136 1456
f 7705 1458 8133
f 8133 2973 7705
f 1639 7890 2973
f 2973 8133 1639
f 7890 1640 8136
f 8136 2973 7890
f 675 5760 2974
f 2974 6535 675
f 5760 316 5896
f 5896 2974 5760
f 319 5766 2974
f 2974 5896 319
f 5766 676 6535
f 6535 2974 5766
f 681 5770 2975
f 2975 6536 681
f 5770 324 5899
f 5899 2975 5770
f 286 5732 2975
f 2975 5899 286
f 5732 658 6536
f 6536 2975 5732
f 682 5773 2976
f 2976 6537 682
f 5773 327 5902
f 5902 2976 5773
f 330 5777 2976
f 2976 5902 330
f 5777 683 6537
f 6537 2976 5777
f 686 5779 2977
f 2977 6538 686
f 5779 333 5905
f 5905 2977 5779
f 294 5739 2977
f 2977 5905 294
f 5739 663 6538
f 6538 2977 5739
f 664 5745 2978
f 2978 6539 664
f 5745 297 5908
f 5908 2978 5745
f 324 5770 2978
f 2978 5908 324
f 5770 681 6539
f 6539 2978 5770
f 687 5782 2979
f 2979 6540 687
f 5782 336 5911
f 5911 2979 5782
f 302 5749 2979
f 2979 5911 302
f 5749 670 6540
f 6540 2979 5749
f 688 5785 2980
f 2980 6541 688
f 5785 339 5914
f 5914 2980 5785
f 333 5779 2980
f 2980 5914 333
f 5779 686 6541
f 6541 2980 5779
f 683 5777 2981
f 2981 6542 683
f 5777 330 5917
f 5917 2981 5777
f 315 5759 2981
f 2981 5917 315
f 5759 674 6542
f 6542 2981 5759
f 677 5767 2982
f 2982 6543 677
f 5767 320 5920
f 5920 2982 5767
f 336 5782 2982
f 2982 5920 336
f 5782 687 6543
f 6543 2982 5782
f 1488 7742 2983
f 2983 8143 1488
f 7742 1489 8140
f 8140 2983 7742
f 1646 7897 2983
f 2983 8140 1646
f 7897 1647 8143
f 8143 2983 7897
f 671 5757 2984
f 2984 8547 671
f 5757 311 5931
f 5931 2984 5757
f 1795 8565 2984
f 2984 5931 1795
f 8565 1808 8547
f 8547 2984 8565
f 1019 6920 2985
f 2985 7212 1019
f 6920 1020 7210
f 7210 2985 6920
f 1135 7040 2985
f 2985 7210 1135
f 7040 1136 7212
f 7212 2985 7040
f 693 5797 2986
f 2986 6547 693
f 5797 353 5938
f 5938 2986 5797
f 342 5788 2986
f 2986 5938 342
f 5788 689 6547
f 6547 2986 5788
f 696 5804 2987
f 2987 6548 696
f 5804 360 5941
f 5941 2987 5804
f 354 5798 2987
f 2987 5941 354
f 5798 694 6548
f 6548 2987 5798
f 659 5736 2988
f 2988 6549 659
f 5736 289 5944
f 5944 2988 5736
f 359 5803 2988
f 2988 5944 359
f 5803 695 6549
f 6549 2988 5803
f 1511 7764 2989
f 2989 8150 1511
f 7764 1512 8147
f 8147 2989 7764
f 1653 7904 2989
f 2989 8147 1653
f 7904 1654 8150
f 8150 2989 7904
f 701 5815 2990
f 2990 6551 701
f 5815 371 5952
f 5952 2990 5815
f 377 5822 2990
f 2990 5952 377
f 5822 703 6551
f 6551 2990 5822
f 1042 6944 2991
f 2991 7217 1042
f 6944 1043 7215
f 7215 2991 6944
f 1140 7045 2991
f 2991 7215 1140
f 7045 1141 7217
f 7217 2991 7045
f 714 5836 2992
f 2992 6553 714
f 5836 398 5961
f 5961 2992 5836
f 403 5843 2992
f 2992 5961 403
f 5843 716 6553
f 6553 2992 5843
f 721 5846 2993
f 2993 6554 721
f 5846 407 5964
f 5964 2993 5846
f 364 5809 2993
f 2993 5964 364
f 5809 697 6554
f 6554 2993 5809
f 722 5849 2994
f 2994 6555 722
f 5849 410 5967
f 5967 2994 5849
f 413 5853 2994
f 2994 5967 413
f 5853 723 6555
f 6555 2994 5853
f 726 5855 2995
f 2995 6556 726
f 5855 416 5970
f 5970 2995 5855
f 372 5816 2995
f 2995 5970 372
f 5816 702 6556
f 6556 2995 5816
f 704 5823 2996
f 2996 6557 704
f 5823 378 5973
f 5973 2996 5823
f 407 5846 2996
f 2996 5973 407
f 5846 721 6557
f 6557 2996 5846
f 727 5858 2997
f 2997 6558 727
f 5858 419 5977
f 5977 2997 5858
f 384 5826 2997
f 2997 5977 384
f 5826 709 6558
f 6558 2997 5826
f 728 5861 2998
f 2998 6559 728
f 5861 422 5980
f 5980 2998 5861
f 416 5855 2998
f 2998 5980 416
f 5855 726 6559
f 6559 2998 5855
f 723 5853 2999
f 2999 6560 723
f 5853 413 5983
f 5983 2999 5853
f 397 5835 2999
f 2999 5983 397
f 5835 713 6560
f 6560 2999 5835
f 715 5842 3000
f 3000 6561 715
f 5842 402 5986
f 5986 3000 5842
f 419 5858 3000
f 3000 5986 419
f 5858 727 6561
f 6561 3000 5858
f 1538 7788 3001
f 3001 8157 1538
f 7788 1539 8154
f 8154 3001 7788
f 1660 7911 3001
f 3001 8154 1660
f 7911 1661 8157
f 8157 3001 7911
f 710 5833 3002
f 3002 8548 710
f 5833 393 5998
f 5998 3002 5833
f 1798 8566 3002
f 3002 5998 1798
f 8566 1809 8548
f 8548 3002 8566
f 1059 6964 3003
f 3003 7222 1059
f 6964 1060 7220
f 7220 3003 6964
f 1145 7050 3003
f 3003 7220 1145
f 7050 1146 7222
f 7222 3003 7050
f 698 5813 3004
f 3004 6565 698
f 5813 367 6004
f 6004 3004 5813
f 434 5875 3004
f 3004 6004 434
f 5875 732 6565
f 6565 3004 5875
f 731 5874 3005
f 3005 6566 731
f 5874 433 6007
f 6007 3005 5874
f 439 5880 3005
f 3005 6007 439
f 5880 737 6566
f 6566 3005 5880
f 738 5881 3006
f 3006 6567 738
f 5881 440 6010
f 6010 3006 5881
f 429 5869 3006
f 3006 6010 429
f 5869 730 6567
f 6567 3006 5869
f 960 6858 3007
f 3007 7228 960
f 6858 961 7225
f 7225 3007 6858
f 995 6895 3007
f 3007 7225 995
f 6896 994 7227
f 7228 3007 6895
f 990 6895 3008
f 3009 7237 989
f 6895 995 7233
f 7233 3008 6895
f 1000 6901 3008
f 3008 7233 1000
f 6901 999 7236
f 7236 3008 6901
f 1149 7054 3010
f 3010 7243 1149
f 7054 1150 7241
f 7241 3010 7054
f 1155 7060 3010
f 3010 7241 1155
f 7060 1156 7243
f 7243 3010 7060
f 295 5742 3012
f 3012 5888 295
f 5742 242 5641
f 5641 3012 5742
f 243 5642 3011
f 3011 5640 243
f 5642 296 5887
f 5887 3011 5642
f 293 5740 3014
f 3014 5889 293
f 5741 295 5888
f 5888 3015 5741
f 296 5743 3013
f 3013 5887 296
f 5744 298 5889
f 5889 3014 5744
f 667 5748 3016
f 3016 6571 667
f 5748 669 6570
f 6570 3016 5748
f 601 5638 3016
f 3016 6570 601
f 5638 603 6571
f 6571 3016 5638
f 1398 7645 3017
f 3017 8174 1398
f 7645 1399 8166
f 8166 3017 7645
f 1440 7684 3018
f 3019 8167 1441
f 7684 1438 8175
f 8175 3018 7684
f 1439 7685 3021
f 3021 8199 1439
f 7685 1442 8191
f 8191 3021 7685
f 1459 7706 3020
f 3020 8189 1459
f 7707 1457 8198
f 8197 3020 7706
f 1666 7917 3022
f 3022 8206 1666
f 7917 1667 8203
f 8203 3022 7917
f 1674 7925 3022
f 3022 8203 1674
f 7925 1675 8206
f 8206 3022 7925
f 317 5763 3023
f 3023 5894 317
f 5763 246 5652
f 5652 3023 5763
f 247 5654 3024
f 3024 5653 247
f 5654 318 5895
f 5895 3024 5654
f 316 5762 3026
f 3026 5896 316
f 5761 317 5894
f 5894 3025 5761
f 318 5765 3027
f 3027 5895 318
f 5764 319 5896
f 5896 3026 5764
f 678 5768 3028
f 3028 6575 678
f 5768 680 6574
f 6574 3028 5768
f 608 5651 3028
f 3028 6574 608
f 5651 610 6575
f 6575 3028 5651
f 325 5772 3029
f 3029 5898 325
f 5772 248 5656
f 5656 3029 5772
f 240 5734 3029
f 3029 5656 240
f 5734 287 5898
f 5898 3029 5734
f 324 5771 3030
f 3030 5899 324
f 5771 325 5898
f 5898 3030 5771
f 287 5733 3030
f 3030 5898 287
f 5733 286 5899
f 5899 3030 5733
f 600 5635 3031
f 3031 6577 600
f 5635 599 6576
f 6576 3031 5635
f 611 5655 3031
f 3031 6576 611
f 5655 612 6577
f 6577 3031 5655
f 328 5775 3032
f 3032 5901 328
f 5775 249 5658
f 5658 3032 5775
f 250 5659 3032
f 3032 5658 250
f 5659 329 5901
f 5901 3032 5659
f 327 5774 3033
f 3033 5902 327
f 5774 328 5901
f 5901 3033 5774
f 329 5776 3033
f 3033 5901 329
f 5776 330 5902
f 5902 3033 5776
f 684 5778 3034
f 3034 6579 684
f 5778 685 6578
f 6578 3034 5778
f 613 5657 3034
f 3034 6578 613
f 5657 614 6579
f 6579 3034 5657
f 334 5781 3035
f 3035 5904 334
f 5781 251 5661
f 5661 3035 5781
f 242 5742 3035
f 3035 5661 242
f 5742 295 5904
f 5904 3035 5742
f 333 5780 3036
f 3036 5905 333
f 5780 334 5904
f 5904 3036 5780
f 295 5741 3036
f 3036 5904 295
f 5741 294 5905
f 5905 3036 5741
f 604 5639 3037
f 3037 6582 604
f 5639 602 6581
f 6581 3037 5639
f 615 5660 3037
f 3037 6581 615
f 5660 616 6582
f 6582 3037 5660
f 296 5642 3038
f 3038 5907 296
f 5642 243 5662
f 5662 3038 5642
f 248 5772 3038
f 3038 5662 248
f 5772 325 5907
f 5907 3038 5772
f 297 5743 3039
f 3039 5908 297
f 5743 296 5907
f 5907 3039 5743
f 325 5771 3039
f 3039 5907 325
f 5771 324 5908
f 5908 3039 5771
f 612 5655 3040
f 3040 6585 612
f 5655 611 6583
f 6583 3040 5655
f 668 5747 3040
f 3040 6583 668
f 5747 666 6585
f 6585 3040 5747
f 337 5784 3041
f 3041 5910 337
f 5784 252 5664
f 5664 3041 5784
f 244 5751 3041
f 3041 5664 244
f 5751 303 5910
f 5910 3041 5751
f 336 5783 3042
f 3042 5911 336
f 5783 337 5910
f 5910 3042 5783
f 303 5750 3042
f 3042 5910 303
f 5750 302 5911
f 5911 3042 5750
f 606 5643 3043
f 3043 6587 606
f 5643 605 6586
f 6586 3043 5643
f 617 5663 3043
f 3043 6586 617
f 5663 618 6587
f 6587 3043 5663
f 340 5787 3044
f 3044 5913 340
f 5787 253 5666
f 5666 3044 5787
f 251 5781 3044
f 3044 5666 251
f 5781 334 5913
f 5913 3044 5781
f 339 5786 3045
f 3045 5914 339
f 5786 340 5913
f 5913 3045 5786
f 334 5780 3045
f 3045 5913 334
f 5780 333 5914
f 5914 3045 5780
f 616 5660 3046
f 3046 6589 616
f 5660 615 6588
f 6588 3046 5660
f 619 5665 3046
f 3046 6588 619
f 5665 620 6589
f 6589 3046 5665
f 329 5659 3047
f 3047 5916 329
f 5659 250 5667
f 5667 3047 5659
f 246 5763 3047
f 3047 5667 246
f 5763 317 5916
f 5916 3047 5763
f 330 5776 3048
f 3048 5917 330
f 5776 329 5916
f 5916 3048 5776
f 317 5761 3048
f 3048 5916 317
f 5761 315 5917
f 5917 3048 5761
f 609 5650 3049
f 3049 6592 609
f 5650 607 6590
f 6590 3049 5650
f 685 5778 3049
f 3049 6590 685
f 5778 684 6592
f 6592 3049 5778
f 318 5654 3050
f 3050 5919 318
f 5654 247 5668
f 5668 3050 5654
f 252 5784 3050
f 3050 5668 252
f 5784 337 5919
f 5919 3050 5784
f 320 5765 3051
f 3051 5920 320
f 5765 318 5919
f 5919 3051 5765
f 337 5783 3051
f 3051 5919 337
f 5783 336 5920
f 5920 3051 5783
f 618 5663 3053
f 3053 6595 618
f 5663 617 6594
f 6594 3053 5663
f 680 5768 3052
f 3052 6593 680
f 5769 679 6595
f 6595 3053 5769
f 1407 7655 3054
f 3055 8216 1408
f 7655 1410 8212
f 8212 3054 7655
f 1482 7732 3054
f 3054 8212 1482
f 7733 1480 8216
f 8215 3054 7732
f 1479 7732 3057
f 3058 8226 1480
f 7732 1482 8222
f 8222 3057 7732
f 1489 7742 3056
f 3057 8222 1490
f 7742 1488 8225
f 8225 3056 7742
f 1680 7931 3059
f 3059 8234 1680
f 7931 1681 8231
f 8231 3059 7931
f 1688 7939 3059
f 3059 8231 1688
f 7939 1689 8234
f 8234 3059 7939
f 306 5645 3060
f 3062 5928 308
f 5647 245 5671
f 5672 3061 5648
f 1789 8569 3061
f 3061 5672 1789
f 8568 1794 5926
f 5927 3061 8569
f 310 5754 3063
f 3064 5931 311
f 5752 304 5925
f 5929 3063 5755
f 1792 8570 3064
f 3064 5930 1792
f 8570 1795 5931
f 5931 3064 8570
f 691 5796 3065
f 3065 8550 691
f 5796 692 6598
f 6598 3065 5796
f 1810 8571 3065
f 3065 6598 1810
f 8571 1811 8550
f 8550 3065 8571
f 965 6865 3068
f 3067 7258 966
f 6864 968 7255
f 7252 3066 6866
f 1010 6911 3069
f 3069 7252 1010
f 6911 1009 7259
f 7259 3069 6911
f 1009 6911 3070
f 3070 7264 1009
f 6911 1010 7262
f 7262 3070 6911
f 1020 6920 3070
f 3070 7262 1020
f 6920 1019 7264
f 7264 3070 6920
f 1159 7064 3071
f 3071 7269 1159
f 7064 1160 7267
f 7267 3071 7064
f 1165 7070 3071
f 3071 7267 1165
f 7070 1166 7269
f 7269 3071 7070
f 355 5801 3072
f 3072 5937 355
f 5801 257 5681
f 5681 3072 5801
f 254 5790 3072
f 3072 5681 254
f 5790 343 5937
f 5937 3072 5790
f 353 5799 3073
f 3073 5938 353
f 5799 355 5937
f 5937 3073 5799
f 343 5789 3073
f 3073 5937 343
f 5789 342 5938
f 5938 3073 5789
f 622 5669 3074
f 3074 6603 622
f 5669 621 6602
f 6602 3074 5669
f 623 5679 3074
f 3074 6602 623
f 5679 625 6603
f 6603 3074 5679
f 362 5808 3075
f 3075 5940 362
f 5808 262 5684
f 5684 3075 5808
f 258 5802 3075
f 3075 5684 259
f 5802 356 5940
f 5940 3075 5802
f 360 5806 3076
f 3076 5941 360
f 5806 362 5940
f 5940 3076 5806
f 356 5800 3076
f 3076 5940 356
f 5800 354 5941
f 5941 3076 5800
f 626 5680 3077
f 3077 6605 626
f 5680 624 6604
f 6604 3077 5680
f 628 5683 3077
f 3077 6604 628
f 5683 630 6605
f 6605 3077 5683
f 288 5637 3078
f 3078 5943 288
f 5637 241 5685
f 5685 3078 5637
f 260 5807 3078
f 3078 5685 261
f 5807 361 5943
f 5943 3078 5807
f 289 5735 3079
f 3079 5944 289
f 5735 288 5943
f 5943 3079 5735
f 361 5805 3079
f 3079 5943 361
f 5805 359 5944
f 5944 3079 5805
f 629 5682 3080
f 3080 6607 629
f 5682 627 6606
f 6606 3080 5682
f 661 5737 3080
f 3080 6606 661
f 5737 660 6607
f 6607 3080 5737
f 1417 7662 3081
f 3081 8241 1417
f 7662 1418 8238
f 8238 3081 7662
f 1504 7757 3081
f 3081 8238 1504
f 7757 1503 8241
f 8241 3081 7757
f 1503 7757 3082
f 3082 8249 1503
f 7757 1504 8245
f 8245 3082 7757
f 1512 7764 3082
f 3082 8245 1512
f 7764 1511 8249
f 8249 3082 7764
f 1694 7945 3083
f 3083 8256 1694
f 7945 1695 8253
f 8253 3083 7945
f 1702 7954 3083
f 3083 8253 1702
f 7954 1703 8256
f 8256 3083 7954
f 374 5819 3084
f 3084 5950 374
f 5819 265 5690
f 5690 3084 5819
f 266 5692 3085
f 3085 5691 266
f 5692 376 5951
f 5951 3085 5692
f 371 5817 3086
f 3086 5952 371
f 5817 373 5949
f 5949 3086 5817
f 375 5820 3086
f 3086 5949 375
f 5820 377 5952
f 5952 3086 5820
f 705 5824 3087
f 3087 6612 705
f 5824 707 6610
f 6610 3087 5824
f 635 5689 3088
f 3088 6611 635
f 5689 636 6613
f 6613 3088 5689
f 975 6875 3089
f 3089 7282 975
f 6875 976 7280
f 7280 3089 6875
f 1031 6930 3089
f 3089 7280 1031
f 6930 1029 7282
f 7282 3089 6930
f 1029 6930 3090
f 3090 7292 1029
f 6930 1031 7290
f 7290 3090 6930
f 1043 6944 3090
f 3090 7290 1043
f 6944 1042 7292
f 7292 3090 6944
f 1169 7074 3091
f 3091 7297 1169
f 7074 1170 7295
f 7295 3091 7074
f 1175 7080 3091
f 3091 7295 1175
f 7080 1176 7297
f 7297 3091 7080
f 399 5839 3093
f 3093 5959 399
f 5839 270 5703
f 5703 3093 5839
f 271 5704 3092
f 3092 5702 271
f 5704 400 5958
f 5958 3092 5704
f 398 5838 3095
f 3095 5961 398
f 5837 399 5959
f 5959 3094 5837
f 401 5841 3095
f 3095 5960 401
f 5841 403 5961
f 5961 3095 5841
f 718 5845 3096
f 3096 6617 718
f 5845 720 6616
f 6616 3096 5845
f 640 5701 3096
f 3096 6616 640
f 5701 642 6617
f 6617 3096 5701
f 408 5848 3097
f 3097 5963 408
f 5848 272 5706
f 5706 3097 5848
f 263 5811 3097
f 3097 5706 263
f 5811 365 5963
f 5963 3097 5811
f 407 5847 3098
f 3098 5964 407
f 5847 408 5963
f 5963 3098 5847
f 365 5810 3098
f 3098 5963 365
f 5810 364 5964
f 5964 3098 5810
f 633 5686 3099
f 3099 6620 633
f 5686 632 6619
f 6619 3099 5686
f 644 5705 3099
f 3099 6619 644
f 5705 645 6620
f 6620 3099 5705
f 411 5851 3100
f 3100 5966 411
f 5851 273 5708
f 5708 3100 5851
f 274 5709 3100
f 3100 5708 274
f 5709 412 5966
f 5966 3100 5709
f 410 5850 3101
f 3101 5967 410
f 5850 411 5966
f 5966 3101 5850
f 412 5852 3101
f 3101 5966 412
f 5852 413 5967
f 5967 3101 5852
f 724 5854 3102
f 3102 6622 724
f 5854 725 6621
f 6621 3102 5854
f 646 5707 3102
f 3102 6621 646
f 5707 647 6622
f 6622 3102 5707
f 417 5857 3103
f 3103 5969 417
f 5857 275 5711
f 5711 3103 5857
f 265 5819 3103
f 3103 5711 265
f 5819 374 5969
f 5969 3103 5819
f 416 5856 3104
f 3104 5970 416
f 5856 417 5969
f 5969 3104 5856
f 374 5818 3104
f 3104 5969 374
f 5818 372 5970
f 5970 3104 5818
f 636 5689 3105
f 3105 6625 636
f 5689 635 6624
f 6624 3105 5689
f 648 5710 3105
f 3105 6624 648
f 5710 649 6625
f 6625 3105 5710
f 376 5692 3106
f 3106 5972 376
f 5692 266 5712
f 5712 3106 5692
f 272 5848 3106
f 3106 5712 272
f 5848 408 5972
f 5972 3106 5848
f 378 5821 3107
f 3107 5973 378
f 5821 376 5972
f 5972 3107 5821
f 408 5847 3107
f 3107 5972 408
f 5847 407 5973
f 5973 3107 5847
f 645 5705 3108
f 3108 6628 645
f 5705 644 6627
f 6627 3108 5705
f 708 5825 3108
f 3108 6627 708
f 5825 706 6628
f 6628 3108 5825
f 420 5860 3109
f 3109 5976 420
f 5860 276 5714
f 5714 3109 5860
f 267 5828 3109
f 3109 5714 267
f 5828 385 5976
f 5976 3109 5828
f 419 5859 3110
f 3110 5977 419
f 5859 420 5976
f 5976 3110 5859
f 385 5827 3110
f 3110 5976 385
f 5827 384 5977
f 5977 3110 5827
f 638 5693 3111
f 3111 6630 638
f 5693 637 6629
f 6629 3111 5693
f 650 5713 3111
f 3111 6629 650
f 5713 651 6630
f 6630 3111 5713
f 423 5863 3112
f 3112 5979 423
f 5863 277 5716
f 5716 3112 5863
f 275 5857 3112
f 3112 5716 275
f 5857 417 5979
f 5979 3112 5857
f 422 5862 3113
f 3113 5980 422
f 5862 423 5979
f 5979 3113 5862
f 417 5856 3113
f 3113 5979 417
f 5856 416 5980
f 5980 3113 5856
f 649 5710 3114
f 3114 6632 649
f 5710 648 6631
f 6631 3114 5710
f 652 5715 3114
f 3114 6631 652
f 5715 653 6632
f 6632 3114 5715
f 412 5709 3115
f 3115 5982 412
f 5709 274 5717
f 5717 3115 5709
f 270 5839 3115
f 3115 5717 270
f 5839 399 5982
f 5982 3115 5839
f 413 5852 3116
f 3116 5983 413
f 5852 412 5982
f 5982 3116 5852
f 399 5837 3116
f 3116 5982 399
f 5837 397 5983
f 5983 3116 5837
f 641 5700 3117
f 3117 6635 641
f 5700 639 6633
f 6633 3117 5700
f 725 5854 3117
f 3117 6633 725
f 5854 724 6635
f 6635 3117 5854
f 400 5704 3118
f 3118 5985 400
f 5704 271 5718
f 5718 3118 5704
f 276 5860 3118
f 3118 5718 276
f 5860 420 5985
f 5985 3118 5860
f 402 5840 3119
f 3119 5986 402
f 5840 400 5985
f 5985 3119 5840
f 420 5859 3119
f 3119 5985 420
f 5859 419 5986
f 5986 3119 5859
f 651 5713 3120
f 3120 6637 651
f 5713 650 6636
f 6636 3120 5713
f 719 5844 3120
f 3120 6636 719
f 5844 717 6637
f 6637 3120 5844
f 1424 7669 3121
f 3121 8266 1424
f 7669 1425 8263
f 8263 3121 7669
f 1527 7778 3121
f 3121 8263 1527
f 7778 1525 8266
f 8266 3121 7778
f 1526 7779 3123
f 3122 8277 1525
f 7778 1527 8272
f 8273 3123 7779
f 1539 7788 3122
f 3122 8272 1539
f 7788 1538 8277
f 8277 3122 7788
f 1708 7960 3124
f 3124 8284 1708
f 7960 1709 8281
f 8281 3124 7960
f 1716 7968 3124
f 3124 8281 1716
f 7968 1717 8284
f 8284 3124 7968
f 386 5696 3125
f 3125 5993 386
f 5698 268 5722
f 5721 3125 5697
f 1790 8572 3125
f 3126 5722 1791
f 8572 1797 5993
f 5993 3125 8572
f 390 5831 3130
f 3130 5997 390
f 5830 388 5994
f 5994 3128 5830
f 1797 8573 3127
f 3127 5993 1797
f 8574 1799 5995
f 5996 3129 8573
f 655 5719 3131
f 3131 8552 655
f 5719 654 6640
f 6640 3131 5719
f 1812 8577 3131
f 3131 6640 1812
f 8577 1813 8552
f 8552 3131 8577
f 983 6885 3132
f 3132 7304 983
f 6885 984 7302
f 7302 3132 6885
f 1055 6959 3132
f 3132 7302 1055
f 6959 1054 7304
f 7304 3132 6959
f 1054 6959 3133
f 3133 7309 1054
f 6959 1055 7307
f 7307 3133 6959
f 1060 6964 3133
f 3133 7307 1060
f 6964 1059 7309
f 7309 3133 6964
f 1179 7084 3134
f 3134 7314 1179
f 7084 1180 7312
f 7312 3134 7084
f 1185 7090 3134
f 3134 7312 1185
f 7090 1186 7314
f 7314 3134 7090
f 366 5688 3135
f 3135 6003 366
f 5688 264 5725
f 5725 3135 5688
f 281 5727 3135
f 3135 5725 281
f 5727 432 6003
f 6003 3135 5727
f 367 5812 3136
f 3136 6004 367
f 5812 366 6003
f 6003 3136 5812
f 432 5873 3136
f 3136 6003 432
f 5873 434 6004
f 6004 3136 5873
f 734 5877 3137
f 3137 6645 734
f 5877 736 6644
f 6644 3137 5877
f 700 5814 3137
f 3137 6644 700
f 5814 699 6645
f 6645 3137 5814
f 431 5726 3138
f 3138 6006 431
f 5726 280 5728
f 5728 3138 5726
f 282 5729 3138
f 3138 5728 283
f 5729 437 6006
f 6006 3138 5729
f 433 5872 3139
f 3139 6007 433
f 5872 431 6006
f 6006 3139 5872
f 437 5878 3139
f 3139 6006 437
f 5878 439 6007
f 6007 3139 5878
f 739 5882 3140
f 3140 6647 739
f 5882 741 6646
f 6646 3140 5882
f 735 5876 3140
f 3140 6646 735
f 5876 733 6647
f 6647 3140 5876
f 438 5730 3141
f 3141 6009 438
f 5730 284 5731
f 5731 3141 5730
f 279 5871 3141
f 3141 5731 279
f 5871 430 6009
f 6009 3141 5871
f 440 5879 3142
f 3142 6010 440
f 5879 438 6009
f 6009 3142 5879
f 430 5870 3142
f 3142 6009 430
f 5870 429 6010
f 6010 3142 5870
f 657 5723 3143
f 3143 6649 657
f 5723 656 6648
f 6648 3143 5723
f 742 5883 3143
f 3143 6648 742
f 5883 740 6649
f 6649 3143 5883
f 745 6013 3144
f 3144 6651 745
f 6014 746 6650
f 6650 3145 6014
f 544 5398 3145
f 3145 6650 544
f 5397 546 6651
f 6651 3144 5397
f 449 6018 3147
f 3147 6116 449
f 6017 71 5322
f 5322 3146 6017
f 70 5393 3147
f 3147 5323 70
f 5393 443 6116
f 6116 3147 5393
f 750 6021 3148
f 3148 6653 750
f 6021 751 6652
f 6652 3148 6021
f 548 5402 3148
f 3148 6652 548
f 5402 550 6653
f 6653 3148 5402
f 456 6024 3149
f 3149 6118 456
f 6025 84 5344
f 5344 3150 6025
f 82 5399 3149
f 3149 5343 82
f 5399 451 6118
f 6118 3149 5399
f 756 6027 3151
f 3151 6655 756
f 6027 757 6654
f 6654 3151 6027
f 552 5406 3151
f 3151 6654 552
f 5406 553 6655
f 6655 3151 5406
f 461 6029 3152
f 3152 6120 461
f 6029 89 5353
f 5353 3152 6029
f 87 5404 3152
f 3152 5353 87
f 5404 458 6120
f 6120 3152 5404
f 760 6031 3154
f 3154 6659 760
f 6031 761 6657
f 6657 3154 6031
f 555 5412 3154
f 3154 6657 555
f 5410 556 6658
f 6658 3153 5410
f 467 6036 3156
f 3156 6124 467
f 6034 99 5365
f 5365 3155 6034
f 98 5407 3156
f 3156 5366 98
f 5407 462 6124
f 6124 3156 5407
f 765 6038 3157
f 3157 6661 765
f 6038 766 6660
f 6660 3157 6038
f 557 5415 3157
f 3157 6660 557
f 5415 558 6661
f 6661 3157 5415
f 471 6040 3158
f 3158 6126 471
f 6040 104 5374
f 5374 3158 6040
f 102 5413 3158
f 3158 5374 102
f 5413 468 6126
f 6126 3158 5413
f 769 6042 3159
f 3159 6664 769
f 6042 770 6662
f 6662 3159 6042
f 559 5419 3159
f 3159 6662 559
f 5419 561 6664
f 6664 3159 5419
f 476 6045 3161
f 3161 6131 476
f 6045 109 5388
f 5388 3161 6045
f 107 5416 3160
f 3160 5387 107
f 5416 472 6130
f 6130 3160 5416
f 773 6047 3162
f 3162 6667 773
f 6047 774 6666
f 6666 3162 6047
f 564 5521 3162
f 3162 6666 564
f 5521 566 6667
f 6667 3162 5521
f 482 6051 3163
f 3163 6133 482
f 6051 179 5523
f 5523 3163 6051
f 130 5518 3163
f 3163 5523 130
f 5518 477 6133
f 6133 3163 5518
f 565 5520 3164
f 3164 6669 565
f 5520 563 6668
f 6668 3164 5520
f 567 5554 3164
f 3164 6668 567
f 5554 569 6669
f 6669 3164 5554
f 485 6054 3165
f 3165 6135 485
f 6054 198 5542
f 5542 3165 6054
f 176 6050 3165
f 3165 5542 176
f 6050 481 6135
f 6135 3165 6050
f 570 5555 3166
f 3166 6671 570
f 5555 568 6670
f 6670 3166 5555
f 571 5566 3166
f 3166 6670 571
f 5566 572 6671
f 6671 3166 5566
f 488 6057 3167
f 3167 6137 488
f 6057 164 5563
f 5563 3167 6057
f 201 6055 3167
f 3167 5563 201
f 6055 486 6137
f 6137 3167 6055
f 1305 7550 3168
f 3168 8294 1305
f 7550 1303 8291
f 8291 3168 7550
f 1553 7804 3168
f 3168 8291 1553
f 7804 1552 8294
f 8294 3168 7804
f 1722 7974 3169
f 3169 8301 1722
f 7974 1723 8298
f 8298 3169 7974
f 1730 7982 3169
f 3169 8298 1730
f 7982 1731 8301
f 8301 3169 7982
f 546 5397 3170
f 3170 6676 546
f 5398 544 6674
f 6674 3171 5398
f 573 5573 3171
f 3171 6674 573
f 5573 576 6677
f 6677 3171 5573
f 495 6063 3173
f 3173 6143 495
f 6062 133 5427
f 5427 3172 6062
f 71 6017 3172
f 3172 5427 71
f 6019 450 6143
f 6143 3173 6019
f 869 6764 3174
f 3174 7319 869
f 6764 867 7317
f 7317 3174 6764
f 1070 6974 3174
f 3174 7317 1070
f 6974 1069 7319
f 7319 3174 6974
f 1189 7094 3175
f 3175 7324 1189
f 7094 1190 7322
f 7322 3175 7094
f 1195 7100 3175
f 3175 7322 1195
f 7100 1196 7324
f 7324 3175 7100
f 551 5403 3176
f 3176 6682 551
f 5403 549 6681
f 6681 3176 5403
f 582 5580 3176
f 3176 6681 582
f 5580 584 6682
f 6682 3176 5580
f 505 6071 3177
f 3177 6148 505
f 6071 138 5434
f 5434 3177 6071
f 84 6025 3177
f 3177 5434 84
f 6025 457 6148
f 6148 3177 6025
f 489 5568 3178
f 3178 6149 489
f 5568 64 5315
f 5315 3178 5568
f 62 5581 3178
f 3178 5315 62
f 5581 506 6149
f 6149 3178 5581
f 795 6073 3179
f 3179 6685 795
f 6073 796 6683
f 6683 3179 6073
f 783 6059 3179
f 3179 6683 783
f 6059 782 6685
f 6685 3179 6059
f 798 6075 3180
f 3180 6687 798
f 6075 799 6686
f 6686 3180 6075
f 751 6021 3180
f 3180 6686 751
f 6021 750 6687
f 6687 3180 6021
f 451 5399 3181
f 3181 6153 451
f 5399 82 5451
f 5451 3181 5399
f 148 5584 3181
f 3181 5451 148
f 5584 508 6153
f 6153 3181 5584
f 506 5581 3184
f 3184 6155 506
f 5581 62 5454
f 5454 3184 5581
f 133 6062 3182
f 3182 5453 133
f 6063 495 6154
f 6154 3183 6063
f 577 5574 3185
f 3185 6689 577
f 5574 574 6688
f 6688 3185 5574
f 796 6073 3185
f 3185 6688 796
f 6073 795 6689
f 6689 3185 6073
f 499 5576 3186
f 3186 6157 499
f 5576 77 5331
f 5331 3186 5576
f 74 5587 3186
f 3186 5331 74
f 5587 510 6157
f 6157 3186 5587
f 801 6077 3187
f 3187 6691 801
f 6077 802 6690
f 6690 3187 6077
f 789 6067 3187
f 3187 6690 789
f 6067 788 6691
f 6691 3187 6067
f 805 6080 3188
f 3188 6694 805
f 6080 806 6692
f 6692 3188 6080
f 746 6014 3189
f 3189 6693 746
f 6013 745 6694
f 6694 3188 6013
f 443 5393 3190
f 3190 6161 443
f 5393 70 5456
f 5456 3190 5393
f 149 5590 3191
f 3191 5457 149
f 5589 512 6161
f 6161 3190 5589
f 510 5587 3192
f 3192 6162 510
f 5587 74 5460
f 5460 3192 5587
f 138 6071 3193
f 3193 5461 138
f 6070 504 6162
f 6162 3192 6070
f 583 5579 3194
f 3194 6696 583
f 5579 580 6695
f 6695 3194 5579
f 802 6077 3194
f 3194 6695 802
f 6077 801 6696
f 6696 3194 6077
f 1738 7990 3195
f 3195 8308 1738
f 7990 1739 8305
f 8305 3195 7990
f 1746 7998 3195
f 3195 8305 1746
f 7998 1747 8308
f 8308 3195 7998
f 1345 7591 3196
f 3196 8316 1345
f 7591 1343 8312
f 8312 3196 7591
f 1576 7826 3196
f 3196 8312 1576
f 7826 1575 8316
f 8316 3196 7826
f 579 5575 3197
f 3197 8554 579
f 5575 578 6699
f 6699 3197 5575
f 1814 8578 3197
f 3197 6699 1814
f 8578 1815 8554
f 8554 3197 8578
f 515 5594 3198
f 3198 6167 515
f 5594 156 8522
f 8522 3198 5594
f 1785 8579 3198
f 3198 8522 1785
f 8579 1803 6167
f 6167 3198 8579
f 1199 7104 3199
f 3199 7329 1199
f 7104 1200 7327
f 7327 3199 7104
f 1205 7110 3199
f 3199 7327 1205
f 7110 1206 7329
f 7329 3199 7110
f 910 6805 3200
f 3200 7334 910
f 6805 908 7332
f 7332 3200 6805
f 1085 6989 3200
f 3200 7332 1085
f 6989 1084 7334
f 7334 3200 6989
f 889 6784 3201
f 3201 7339 889
f 6784 887 7337
f 7337 3201 6784
f 1090 6994 3201
f 3201 7337 1090
f 6994 1089 7339
f 7339 3201 6994
f 1209 7114 3202
f 3202 7344 1209
f 7114 1210 7342
f 7342 3202 7114
f 1215 7120 3202
f 3202 7342 1215
f 7120 1216 7344
f 7344 3202 7120
f 556 5410 3203
f 3203 6706 556
f 5411 554 6705
f 6705 3204 5411
f 588 5604 3204
f 3204 6705 588
f 5603 590 6706
f 6706 3203 5603
f 522 6090 3206
f 3206 6174 522
f 6089 142 5441
f 5441 3205 6089
f 99 6034 3205
f 3205 5441 99
f 6035 466 6174
f 6174 3206 6035
f 1332 7578 3207
f 3207 8323 1332
f 7578 1330 8320
f 8320 3207 7578
f 1583 7833 3207
f 3207 8320 1583
f 7833 1582 8323
f 8323 3207 7833
f 1752 8004 3208
f 3208 8330 1752
f 8004 1753 8327
f 8327 3208 8004
f 1760 8012 3208
f 3208 8327 1760
f 8012 1761 8330
f 8330 3208 8012
f 562 5421 3210
f 3210 6710 562
f 5420 560 6709
f 6709 3209 5420
f 593 5609 3209
f 3209 6709 593
f 5610 595 6710
f 6710 3210 5610
f 527 6096 3211
f 3211 6179 527
f 6096 146 5448
f 5448 3211 6096
f 109 6045 3211
f 3211 5448 109
f 6045 476 6179
f 6179 3211 6045
f 817 6098 3212
f 3212 6712 817
f 6098 818 6711
f 6711 3212 6098
f 770 6042 3212
f 3212 6711 770
f 6042 769 6712
f 6712 3212 6042
f 472 5416 3213
f 3213 6181 472
f 5416 107 5464
f 5464 3213 5416
f 151 5612 3213
f 3213 5464 151
f 5612 528 6181
f 6181 3213 5612
f 458 5404 3214
f 3214 6182 458
f 5404 87 5467
f 5467 3214 5404
f 142 6089 3215
f 3215 5468 142
f 6088 521 6182
f 6182 3214 6088
f 589 5602 3216
f 3216 6715 589
f 5602 587 6713
f 6713 3216 5602
f 757 6027 3216
f 3216 6713 757
f 6027 756 6715
f 6715 3216 6027
f 820 6100 3217
f 3217 6718 820
f 6100 821 6717
f 6717 3217 6100
f 761 6031 3217
f 3217 6717 761
f 6031 760 6718
f 6718 3217 6031
f 462 5407 3218
f 3218 6187 462
f 5407 98 5471
f 5471 3218 5407
f 154 5616 3218
f 3218 5471 154
f 5616 530 6187
f 6187 3218 5616
f 468 5413 3220
f 3220 6189 468
f 5413 102 5474
f 5474 3220 5413
f 146 6096 3219
f 3219 5473 146
f 6096 527 6188
f 6188 3219 6096
f 596 5611 3221
f 3221 6722 596
f 5611 594 6720
f 6720 3221 5611
f 766 6038 3221
f 3221 6720 766
f 6038 765 6722
f 6722 3221 6038
f 1766 8018 3222
f 3222 8337 1766
f 8018 1767 8334
f 8334 3222 8018
f 1774 8026 3222
f 3222 8334 1774
f 8026 1775 8337
f 8337 3222 8026
f 1359 7604 3223
f 3223 8344 1359
f 7604 1357 8341
f 8341 3223 7604
f 1604 7854 3223
f 3223 8341 1604
f 7854 1603 8344
f 8344 3223 7854
f 592 5605 3224
f 3224 8556 592
f 5605 591 6725
f 6725 3224 5605
f 1816 8580 3224
f 3224 6725 1816
f 8580 1817 8556
f 8556 3224 8580
f 535 6105 3225
f 3225 6196 535
f 6105 161 8521
f 8521 3225 6105
f 1784 8581 3225
f 3225 8521 1784
f 8581 1805 6196
f 6196 3225 8581
f 1219 7124 3226
f 3226 7349 1219
f 7124 1220 7347
f 7347 3226 7124
f 1225 7130 3226
f 3226 7347 1225
f 7130 1226 7349
f 7349 3226 7130
f 930 6825 3227
f 3227 7354 930
f 6825 928 7352
f 7352 3227 6825
f 1105 7009 3227
f 3227 7352 1105
f 7009 1104 7354
f 7354 3227 7009
f 828 6108 3228
f 3228 6730 828
f 6108 830 6729
f 6729 3228 6108
f 824 6102 3228
f 3228 6729 824
f 6102 823 6730
f 6730 3228 6102
f 532 5620 3229
f 3229 6200 532
f 5620 158 5532
f 5532 3229 5620
f 187 5625 3229
f 3229 5532 187
f 5625 536 6200
f 6200 3229 5625
f 835 6113 3230
f 3230 6732 835
f 6113 837 6731
f 6731 3230 6113
f 831 6109 3230
f 3230 6731 831
f 6109 829 6732
f 6732 3230 6109
f 537 5627 3232
f 3232 6202 537
f 5626 189 5550
f 5550 3231 5626
f 207 5631 3231
f 3231 5550 207
f 5632 541 6202
f 6202 3232 5632
f 586 5598 3233
f 3233 6734 586
f 5598 585 6733
f 6733 3233 5598
f 836 6112 3233
f 3233 6733 836
f 6112 834 6734
f 6734 3233 6112
f 540 5629 3234
f 3234 6204 540
f 5630 206 5564
f 5564 3235 5630
f 139 6085 3235
f 3235 5564 139
f 6084 518 6204
f 6204 3234 6084
f 744 6400 3236
f 3236 6490 744
f 6400 445 6115
f 6115 3236 6400
f 448 6404 3236
f 3236 6115 448
f 6404 748 6490
f 6490 3236 6404
f 749 6405 3237
f 3237 6491 749
f 6405 452 6117
f 6117 3237 6405
f 454 6409 3237
f 3237 6117 454
f 6409 753 6491
f 6491 3237 6409
f 755 6410 3238
f 3238 6492 755
f 6410 459 6119
f 6119 3238 6410
f 460 6413 3238
f 3238 6119 460
f 6413 758 6492
f 6492 3238 6413
f 759 6414 3240
f 3240 6493 759
f 6414 463 6123
f 6123 3240 6414
f 465 6417 3239
f 3239 6122 465
f 6418 763 6493
f 6493 3240 6418
f 764 6419 3241
f 3241 6494 764
f 6419 469 6125
f 6125 3241 6419
f 470 6422 3241
f 3241 6125 470
f 6422 767 6494
f 6494 3241 6422
f 768 6423 3242
f 3242 6495 768
f 6423 473 6127
f 6127 3242 6423
f 474 6426 3243
f 3243 6128 474
f 6426 771 6496
f 6496 3243 6426
f 772 6427 3244
f 3244 6497 772
f 6427 478 6132
f 6132 3244 6427
f 480 6431 3244
f 3244 6132 480
f 6431 776 6497
f 6497 3244 6431
f 775 6430 3245
f 3245 6498 775
f 6430 479 6134
f 6134 3245 6430
f 483 6432 3245
f 3245 6134 483
f 6432 777 6498
f 6498 3245 6432
f 778 6433 3246
f 3246 6499 778
f 6433 484 6136
f 6136 3246 6433
f 487 6434 3246
f 3246 6136 487
f 6434 779 6499
f 6499 3246 6434
f 1561 7812 3247
f 3247 8351 1561
f 7812 1562 8348
f 8348 3247 7812
f 1611 7861 3247
f 3247 8348 1611
f 7861 1610 8351
f 8351 3247 7861
f 747 6403 3248
f 3248 6501 747
f 6404 448 6142
f 6142 3249 6404
f 493 6438 3249
f 3249 6142 493
f 6438 784 6502
f 6502 3249 6438
f 1074 6979 3250
f 3250 7359 1074
f 6979 1075 7357
f 7357 3250 6979
f 1110 7014 3250
f 3250 7357 1110
f 7014 1109 7359
f 7359 3250 7014
f 752 6408 3251
f 3251 6504 752
f 6408 453 6146
f 6146 3251 6408
f 502 6445 3251
f 3251 6146 502
f 6445 791 6504
f 6504 3251 6445
f 793 6446 3252
f 3252 6506 793
f 6446 507 6151
f 6151 3252 6446
f 491 6435 3252
f 3252 6151 491
f 6435 780 6506
f 6506 3252 6435
f 797 6450 3253
f 3253 6507 797
f 6450 509 6152
f 6152 3253 6450
f 452 6405 3253
f 3253 6152 452
f 6405 749 6507
f 6507 3253 6405
f 785 6439 3254
f 3254 6508 785
f 6439 494 6156
f 6156 3254 6439
f 507 6446 3254
f 3254 6156 507
f 6446 793 6508
f 6508 3254 6446
f 800 6453 3255
f 3255 6509 800
f 6453 511 6158
f 6158 3255 6453
f 500 6441 3255
f 3255 6158 500
f 6441 787 6509
f 6509 3255 6441
f 804 6457 3256
f 3256 6511 804
f 6457 514 6160
f 6160 3256 6457
f 445 6400 3256
f 3256 6160 445
f 6400 744 6511
f 6511 3256 6400
f 790 6444 3257
f 3257 6512 790
f 6444 501 6163
f 6163 3257 6444
f 511 6453 3257
f 3257 6163 511
f 6453 800 6512
f 6512 3257 6453
f 1568 7819 3258
f 3258 8358 1568
f 7819 1569 8355
f 8355 3258 7819
f 1618 7868 3258
f 3258 8355 1618
f 7868 1617 8358
f 8358 3258 7868
f 786 6440 3259
f 3259 6514 786
f 6440 497 6166
f 6166 3259 6440
f 1802 8582 3259
f 3259 6166 1802
f 8582 1806 6514
f 6514 3259 8582
f 1079 6984 3260
f 3260 7364 1079
f 6984 1080 7362
f 7362 3260 6984
f 1115 7019 3260
f 3260 7362 1115
f 7019 1114 7364
f 7364 3260 7019
f 1094 6999 3261
f 3261 7369 1094
f 6999 1095 7367
f 7367 3261 6999
f 1120 7024 3261
f 3261 7367 1120
f 7024 1119 7369
f 7369 3261 7024
f 762 6417 3262
f 3262 6517 762
f 6417 465 6173
f 6173 3262 6417
f 520 6464 3262
f 3262 6173 520
f 6464 812 6517
f 6517 3262 6464
f 1589 7840 3263
f 3263 8365 1589
f 7840 1590 8362
f 8362 3263 7840
f 1625 7875 3263
f 3263 8362 1625
f 7875 1624 8365
f 8365 3263 7875
f 771 6426 3264
f 3264 6519 771
f 6426 474 6177
f 6177 3264 6426
f 525 6466 3264
f 3264 6177 525
f 6466 814 6519
f 6519 3264 6466
f 816 6467 3265
f 3265 6520 816
f 6467 529 6180
f 6180 3265 6467
f 473 6423 3265
f 3265 6180 473
f 6423 768 6520
f 6520 3265 6423
f 812 6464 3267
f 3267 6522 812
f 6464 520 6185
f 6185 3267 6464
f 459 6410 3266
f 3266 6183 459
f 6410 755 6521
f 6521 3266 6410
f 819 6470 3268
f 3268 6523 819
f 6470 531 6186
f 6186 3268 6470
f 463 6414 3268
f 3268 6186 463
f 6414 759 6523
f 6523 3268 6414
f 814 6466 3269
f 3269 6524 814
f 6466 525 6190
f 6190 3269 6466
f 469 6419 3270
f 3270 6192 469
f 6419 764 6525
f 6525 3270 6419
f 1596 7847 3271
f 3271 8372 1596
f 7847 1597 8369
f 8369 3271 7847
f 1632 7882 3271
f 3271 8369 1632
f 7882 1631 8372
f 8372 3271 7882
f 813 6465 3272
f 3272 6527 813
f 6465 523 6195
f 6195 3272 6465
f 1804 8583 3272
f 3272 6195 1804
f 8583 1807 6527
f 6527 3272 8583
f 1099 7004 3273
f 3273 7374 1099
f 7004 1100 7372
f 7372 3273 7004
f 1125 7029 3273
f 3273 7372 1125
f 7029 1124 7374
f 7374 3273 7029
f 826 6478 3274
f 3274 6529 826
f 6478 539 6199
f 6199 3274 6478
f 533 6473 3274
f 3274 6199 533
f 6473 822 6529
f 6529 3274 6473
f 833 6483 3275
f 3275 6530 833
f 6483 543 6201
f 6201 3275 6483
f 538 6477 3275
f 3275 6201 538
f 6477 827 6530
f 6530 3275 6477
f 810 6463 3276
f 3276 6531 810
f 6463 517 6203
f 6203 3276 6463
f 542 6484 3276
f 3276 6203 542
f 6484 832 6531
f 6531 3276 6484
f 1004 6906 3277
f 3277 7379 1004
f 6906 1005 7377
f 7377 3277 6906
f 1130 7034 3277
f 3277 7377 1130
f 7034 1129 7379
f 7379 3277 7034
f 665 6321 3278
f 3278 6533 665
f 6321 300 5890
f 5890 3278 6321
f 291 6318 3278
f 3278 5890 291
f 6318 662 6533
f 6533 3278 6318
f 1470 7721 3279
f 3279 8379 1470
f 7721 1471 8376
f 8376 3279 7721
f 1639 7889 3279
f 3279 8376 1639
f 7889 1638 8379
f 8379 3279 7889
f 676 6331 3280
f 3280 6535 676
f 6331 321 5897
f 5897 3280 6331
f 314 6330 3280
f 3280 5897 314
f 6330 675 6535
f 6535 3280 6330
f 658 6314 3281
f 3281 6536 658
f 6314 285 5900
f 5900 3281 6314
f 323 6336 3281
f 3281 5900 323
f 6336 681 6536
f 6536 3281 6336
f 683 6338 3282
f 3282 6537 683
f 6338 331 5903
f 5903 3282 6338
f 326 6337 3282
f 3282 5903 326
f 6337 682 6537
f 6537 3282 6337
f 663 6319 3283
f 3283 6538 663
f 6319 292 5906
f 5906 3283 6319
f 332 6341 3283
f 3283 5906 332
f 6341 686 6538
f 6538 3283 6341
f 681 6336 3284
f 3284 6539 681
f 6336 323 5909
f 5909 3284 6336
f 299 6320 3284
f 3284 5909 299
f 6320 664 6539
f 6539 3284 6320
f 670 6325 3285
f 3285 6540 670
f 6325 301 5912
f 5912 3285 6325
f 335 6342 3285
f 3285 5912 335
f 6342 687 6540
f 6540 3285 6342
f 686 6341 3286
f 3286 6541 686
f 6341 332 5915
f 5915 3286 6341
f 338 6343 3286
f 3286 5915 338
f 6343 688 6541
f 6541 3286 6343
f 674 6329 3287
f 3287 6542 674
f 6329 313 5918
f 5918 3287 6329
f 331 6338 3287
f 3287 5918 331
f 6338 683 6542
f 6542 3287 6338
f 687 6342 3288
f 3288 6543 687
f 6342 335 5921
f 5921 3288 6342
f 322 6332 3288
f 3288 5921 322
f 6332 677 6543
f 6543 3288 6332
f 1496 7750 3289
f 3289 8386 1496
f 7750 1497 8383
f 8383 3289 7750
f 1646 7896 3289
f 3289 8383 1646
f 7896 1645 8386
f 8386 3289 7896
f 690 6345 3290
f 3290 6545 690
f 6345 350 5932
f 5932 3290 6345
f 1796 8584 3290
f 3290 5932 1796
f 8584 1808 6545
f 6545 3290 8584
f 1024 6925 3291
f 3291 7384 1024
f 6925 1025 7382
f 7382 3291 6925
f 1135 7039 3291
f 3291 7382 1135
f 7039 1134 7384
f 7384 3291 7039
f 689 6344 3292
f 3292 6547 689
f 6344 341 5939
f 5939 3292 6344
f 351 6348 3292
f 3292 5939 351
f 6348 693 6547
f 6547 3292 6348
f 694 6349 3293
f 3293 6548 694
f 6349 352 5942
f 5942 3293 6349
f 358 6351 3293
f 3293 5942 358
f 6351 696 6548
f 6548 3293 6351
f 695 6350 3294
f 3294 6549 695
f 6350 357 5945
f 5945 3294 6350
f 290 6315 3294
f 3294 5945 290
f 6315 659 6549
f 6549 3294 6315
f 1518 7771 3295
f 3295 8393 1518
f 7771 1519 8390
f 8390 3295 7771
f 1653 7903 3295
f 3295 8390 1653
f 7903 1652 8393
f 8393 3295 7903
f 703 6358 3296
f 3296 6551 703
f 6358 379 5953
f 5953 3296 6358
f 369 6356 3296
f 3296 5953 369
f 6356 701 6551
f 6551 3296 6356
f 1049 6954 3297
f 3297 7389 1049
f 6954 1050 7387
f 7387 3297 6954
f 1140 7044 3297
f 3297 7387 1140
f 7044 1139 7389
f 7389 3297 7044
f 716 6373 3298
f 3298 6553 716
f 6373 405 5962
f 5962 3298 6373
f 396 6371 3298
f 3298 5962 396
f 6371 714 6553
f 6553 3298 6371
f 697 6352 3299
f 3299 6554 697
f 6352 363 5965
f 5965 3299 6352
f 406 6378 3299
f 3299 5965 406
f 6378 721 6554
f 6554 3299 6378
f 723 6380 3300
f 3300 6555 723
f 6380 414 5968
f 5968 3300 6380
f 409 6379 3300
f 3300 5968 409
f 6379 722 6555
f 6555 3300 6379
f 702 6357 3301
f 3301 6556 702
f 6357 370 5971
f 5971 3301 6357
f 415 6383 3301
f 3301 5971 415
f 6383 726 6556
f 6556 3301 6383
f 721 6378 3302
f 3302 6557 721
f 6378 406 5975
f 5975 3302 6378
f 381 6359 3302
f 3302 5975 381
f 6359 704 6557
f 6557 3302 6359
f 709 6366 3303
f 3303 6558 709
f 6366 383 5978
f 5978 3303 6366
f 418 6384 3303
f 3303 5978 418
f 6384 727 6558
f 6558 3303 6384
f 726 6383 3304
f 3304 6559 726
f 6383 415 5981
f 5981 3304 6383
f 421 6385 3304
f 3304 5981 421
f 6385 728 6559
f 6559 3304 6385
f 713 6370 3305
f 3305 6560 713
f 6370 395 5984
f 5984 3305 6370
f 414 6380 3305
f 3305 5984 414
f 6380 723 6560
f 6560 3305 6380
f 727 6384 3306
f 3306 6561 727
f 6384 418 5987
f 5987 3306 6384
f 404 6372 3306
f 3306 5987 404
f 6372 715 6561
f 6561 3306 6372
f 1545 7797 3307
f 3307 8400 1545
f 7797 1546 8397
f 8397 3307 7797
f 1660 7910 3307
f 3307 8397 1660
f 7910 1659 8400
f 8400 3307 7910
f 729 6386 3308
f 3308 6563 729
f 6386 424 5999
f 5999 3308 6386
f 1801 8585 3308
f 3308 5999 1801
f 8585 1809 6563
f 6563 3308 8585
f 1064 6969 3309
f 3309 7394 1064
f 6969 1065 7392
f 7392 3309 6969
f 1145 7049 3309
f 3309 7392 1145
f 7049 1144 7394
f 7394 3309 7049
f 732 6389 3310
f 3310 6565 732
f 6389 436 6005
f 6005 3310 6389
f 368 6353 3310
f 3310 6005 368
f 6353 698 6565
f 6565 3310 6353
f 737 6394 3311
f 3311 6566 737
f 6394 441 6008
f 6008 3311 6394
f 435 6388 3311
f 3311 6008 435
f 6388 731 6566
f 6566 3311 6388
f 730 6387 3312
f 3312 6567 730
f 6387 428 6011
f 6011 3312 6387
f 442 6395 3312
f 3312 6011 442
f 6395 738 6567
f 6567 3312 6395
f 951 6847 3313
f 3313 7399 951
f 6847 950 7397
f 7397 3313 6847
f 1150 7054 3313
f 3313 7397 1150
f 7054 1149 7399
f 7399 3313 7054
f 1006 6907 3314
f 3314 7404 1006
f 6907 1005 7402
f 7402 3314 6907
f 1155 7059 3314
f 3314 7402 1155
f 7059 1154 7404
f 7404 3314 7059
f 669 6324 3315
f 3315 6570 669
f 6324 226 5600
f 5600 3315 6324
f 120 6259 3315
f 3315 5600 120
f 6259 601 6570
f 6570 3315 6259
f 603 6260 3316
f 3316 6571 603
f 6260 291 5890
f 5890 3316 6260
f 300 6323 3316
f 3316 5890 300
f 6323 667 6571
f 6571 3316 6323
f 1384 7630 3317
f 3317 8407 1384
f 7630 1383 8404
f 8404 3317 7630
f 1667 7917 3317
f 3317 8404 1667
f 7917 1666 8407
f 8407 3317 7917
f 1472 7722 3318
f 3318 8414 1472
f 7722 1471 8411
f 8411 3318 7722
f 1674 7924 3318
f 3318 8411 1674
f 7924 1673 8414
f 8414 3318 7924
f 680 6335 3319
f 3319 6574 680
f 6335 230 5608
f 5608 3319 6335
f 128 6264 3319
f 3319 5608 128
f 6264 608 6574
f 6574 3319 6264
f 610 6266 3320
f 3320 6575 610
f 6266 314 5897
f 5897 3320 6266
f 321 6333 3320
f 3320 5897 321
f 6333 678 6575
f 6575 3320 6333
f 599 6257 3321
f 3321 6576 599
f 6257 118 5405
f 5405 3321 6257
f 117 6267 3321
f 3321 5405 117
f 6267 611 6576
f 6576 3321 6267
f 612 6268 3322
f 3322 6577 612
f 6268 323 5900
f 5900 3322 6268
f 285 6258 3322
f 3322 5900 285
f 6258 600 6577
f 6577 3322 6258
f 685 6340 3323
f 3323 6578 685
f 6340 125 5613
f 5613 3323 6340
f 232 6269 3323
f 3323 5613 232
f 6269 613 6578
f 6578 3323 6269
f 614 6270 3324
f 3324 6579 614
f 6270 326 5903
f 5903 3324 6270
f 331 6339 3324
f 3324 5903 331
f 6339 684 6579
f 6579 3324 6339
f 601 6259 3325
f 3325 6580 601
f 6259 120 5408
f 5408 3325 6259
f 119 6271 3326
f 3326 5409 119
f 6271 615 6581
f 6581 3326 6271
f 616 6272 3327
f 3327 6582 616
f 6272 332 5906
f 5906 3327 6272
f 292 6261 3327
f 3327 5906 292
f 6261 604 6582
f 6582 3327 6261
f 611 6267 3328
f 3328 6583 611
f 6267 117 5614
f 5614 3328 6267
f 226 6324 3329
f 3329 5615 226
f 6324 669 6584
f 6584 3329 6324
f 666 6322 3330
f 3330 6585 666
f 6322 299 5909
f 5909 3330 6322
f 323 6268 3330
f 3330 5909 323
f 6268 612 6585
f 6585 3330 6268
f 605 6262 3331
f 3331 6586 605
f 6262 124 5414
f 5414 3331 6262
f 123 6273 3331
f 3331 5414 123
f 6273 617 6586
f 6586 3331 6273
f 618 6274 3332
f 3332 6587 618
f 6274 335 5912
f 5912 3332 6274
f 301 6263 3332
f 3332 5912 301
f 6263 606 6587
f 6587 3332 6263
f 615 6271 3333
f 3333 6588 615
f 6271 119 5617
f 5617 3333 6271
f 233 6275 3333
f 3333 5617 233
f 6275 619 6588
f 6588 3333 6275
f 620 6276 3334
f 3334 6589 620
f 6276 338 5915
f 5915 3334 6276
f 332 6272 3334
f 3334 5915 332
f 6272 616 6589
f 6589 3334 6272
f 608 6264 3336
f 3336 6591 608
f 6264 128 5418
f 5418 3336 6264
f 125 6340 3335
f 3335 5417 125
f 6340 685 6590
f 6590 3335 6340
f 684 6339 3337
f 3337 6592 684
f 6339 331 5918
f 5918 3337 6339
f 313 6265 3337
f 3337 5918 313
f 6265 609 6592
f 6592 3337 6265
f 617 6273 3339
f 3339 6594 617
f 6273 123 5619
f 5619 3339 6273
f 230 6335 3338
f 3338 5618 230
f 6335 680 6593
f 6593 3338 6335
f 679 6334 3340
f 3340 6595 679
f 6334 322 5921
f 5921 3340 6334
f 335 6274 3340
f 3340 5921 335
f 6274 618 6595
f 6595 3340 6274
f 1391 7637 3341
f 3341 8421 1391
f 7637 1390 8418
f 8418 3341 7637
f 1681 7931 3341
f 3341 8418 1681
f 7931 1680 8421
f 8421 3341 7931
f 1498 7751 3342
f 3342 8428 1498
f 7751 1497 8425
f 8425 3342 7751
f 1688 7938 3342
f 3342 8425 1688
f 7938 1687 8428
f 8428 3342 7938
f 692 6347 3343
f 3343 6598 692
f 6347 235 8525
f 8525 3343 6347
f 1788 8586 3343
f 3343 8525 1788
f 8586 1810 6598
f 6598 3343 8586
f 672 6327 3344
f 3344 6599 672
f 6327 312 8535
f 8535 3344 6327
f 1796 8587 3344
f 3344 8535 1796
f 8587 1811 6599
f 6599 3344 8587
f 956 6852 3345
f 3345 7409 956
f 6852 955 7407
f 7407 3345 6852
f 1160 7064 3345
f 3345 7407 1160
f 7064 1159 7409
f 7409 3345 7064
f 1026 6926 3346
f 3346 7414 1026
f 6926 1025 7412
f 7412 3346 6926
f 1165 7069 3346
f 3346 7412 1165
f 7069 1164 7414
f 7414 3346 7069
f 621 6277 3347
f 3347 6602 621
f 6277 234 5628
f 5628 3347 6277
f 236 6279 3347
f 3347 5628 236
f 6279 623 6602
f 6602 3347 6279
f 625 6281 3348
f 3348 6603 625
f 6281 351 5939
f 5939 3348 6281
f 341 6278 3348
f 3348 5939 341
f 6278 622 6603
f 6603 3348 6278
f 624 6280 3349
f 3349 6604 624
f 6280 237 5633
f 5633 3349 6280
f 239 6284 3349
f 3349 5633 239
f 6284 628 6604
f 6604 3349 6284
f 630 6286 3350
f 3350 6605 630
f 6286 358 5942
f 5942 3350 6286
f 352 6282 3350
f 3350 5942 352
f 6282 626 6605
f 6605 3350 6282
f 627 6283 3351
f 3351 6606 627
f 6283 238 5634
f 5634 3351 6283
f 224 6317 3351
f 3351 5634 224
f 6317 661 6606
f 6606 3351 6317
f 660 6316 3352
f 3352 6607 660
f 6316 290 5945
f 5945 3352 6316
f 357 6285 3352
f 3352 5945 357
f 6285 629 6607
f 6607 3352 6285
f 1370 7616 3353
f 3353 8436 1370
f 7616 1369 8433
f 8433 3353 7616
f 1695 7945 3353
f 3353 8433 1695
f 7945 1694 8436
f 8436 3353 7945
f 1520 7772 3354
f 3354 8443 1520
f 7772 1519 8440
f 8440 3354 7772
f 1702 7953 3354
f 3354 8440 1702
f 7953 1701 8443
f 8443 3354 7953
f 707 6364 3355
f 3355 6610 707
f 6364 212 5571
f 5571 3355 6364
f 112 6290 3355
f 3355 5571 112
f 6291 635 6611
f 6611 3356 6291
f 636 6293 3359
f 3359 6613 636
f 6292 369 5953
f 5953 3357 6292
f 382 6362 3360
f 3360 5954 382
f 6360 705 6612
f 6612 3358 6360
f 941 6837 3361
f 3361 7419 941
f 6837 940 7417
f 7417 3361 6837
f 1170 7074 3361
f 3361 7417 1170
f 7074 1169 7419
f 7419 3361 7074
f 1051 6955 3362
f 3362 7424 1051
f 6955 1050 7422
f 7422 3362 6955
f 1175 7079 3362
f 3362 7422 1175
f 7079 1174 7424
f 7424 3362 7079
f 720 6377 3363
f 3363 6616 720
f 6377 217 5578
f 5578 3363 6377
f 116 6296 3363
f 3363 5578 116
f 6296 640 6616
f 6616 3363 6296
f 642 6298 3364
f 3364 6617 642
f 6298 396 5962
f 5962 3364 6298
f 405 6375 3364
f 3364 5962 405
f 6375 718 6617
f 6617 3364 6375
f 631 6287 3365
f 3365 6618 631
f 6288 211 5583
f 5583 3366 6288
f 218 6299 3365
f 3365 5582 218
f 6299 643 6618
f 6618 3365 6299
f 645 6301 3367
f 3367 6620 645
f 6301 406 5965
f 5965 3367 6301
f 363 6289 3367
f 3367 5965 363
f 6289 633 6620
f 6620 3367 6289
f 725 6382 3368
f 3368 6621 725
f 6382 114 5585
f 5585 3368 6382
f 220 6302 3368
f 3368 5585 220
f 6302 646 6621
f 6621 3368 6302
f 647 6303 3369
f 3369 6622 647
f 6303 409 5968
f 5968 3369 6303
f 414 6381 3369
f 3369 5968 414
f 6381 724 6622
f 6622 3369 6381
f 634 6290 3370
f 3370 6623 634
f 6290 112 5394
f 5394 3370 6290
f 110 6304 3371
f 3371 5395 110
f 6304 648 6624
f 6624 3371 6304
f 649 6305 3372
f 3372 6625 649
f 6305 415 5971
f 5971 3372 6305
f 370 6293 3372
f 3372 5971 370
f 6293 636 6625
f 6625 3372 6293
f 643 6299 3373
f 3373 6626 643
f 6300 219 5586
f 5586 3374 6300
f 213 6365 3374
f 3374 5586 213
f 6365 708 6627
f 6627 3374 6365
f 706 6363 3376
f 3376 6628 706
f 6361 380 5974
f 5974 3375 6361
f 406 6301 3376
f 3376 5975 406
f 6301 645 6628
f 6628 3376 6301
f 637 6294 3377
f 3377 6629 637
f 6294 215 5588
f 5588 3377 6294
f 221 6306 3377
f 3377 5588 221
f 6306 650 6629
f 6629 3377 6306
f 651 6307 3378
f 3378 6630 651
f 6307 418 5978
f 5978 3378 6307
f 383 6295 3378
f 3378 5978 383
f 6295 638 6630
f 6630 3378 6295
f 648 6304 3379
f 3379 6631 648
f 6304 110 5591
f 5591 3379 6304
f 222 6308 3379
f 3379 5591 222
f 6308 652 6631
f 6631 3379 6308
f 653 6309 3380
f 3380 6632 653
f 6309 421 5981
f 5981 3380 6309
f 415 6305 3380
f 3380 5981 415
f 6305 649 6632
f 6632 3380 6305
f 640 6296 3382
f 3382 6634 640
f 6296 116 5401
f 5401 3382 6296
f 114 6382 3381
f 3381 5400 114
f 6382 725 6633
f 6633 3381 6382
f 724 6381 3383
f 3383 6635 724
f 6381 414 5984
f 5984 3383 6381
f 395 6297 3383
f 3383 5984 395
f 6297 641 6635
f 6635 3383 6297
f 650 6306 3384
f 3384 6636 650
f 6306 221 5593
f 5593 3384 6306
f 216 6376 3384
f 3384 5593 216
f 6376 719 6636
f 6636 3384 6376
f 717 6374 3385
f 3385 6637 717
f 6374 404 5987
f 5987 3385 6374
f 418 6307 3385
f 3385 5987 418
f 6307 651 6637
f 6637 3385 6307
f 1377 7623 3386
f 3386 8450 1377
f 7623 1376 8447
f 8447 3386 7623
f 1709 7960 3386
f 3386 8447 1709
f 7960 1708 8450
f 8450 3386 7960
f 1547 7798 3387
f 3387 8457 1547
f 7798 1546 8454
f 8454 3387 7798
f 1716 7967 3387
f 3387 8454 1716
f 7967 1715 8457
f 8457 3387 7967
f 654 6310 3388
f 3388 6640 654
f 6310 223 8524
f 8524 3388 6310
f 1787 8588 3388
f 3388 8524 1787
f 8588 1812 6640
f 6640 3388 8588
f 711 6368 3389
f 3389 6641 711
f 6368 394 8540
f 8540 3389 6368
f 1801 8589 3389
f 3389 8540 1801
f 8589 1813 6641
f 6641 3389 8589
f 946 6842 3390
f 3390 7429 946
f 6842 945 7427
f 7427 3390 6842
f 1180 7084 3390
f 3390 7427 1180
f 7084 1179 7429
f 7429 3390 7084
f 1066 6970 3391
f 3391 7434 1066
f 6970 1065 7432
f 7432 3391 6970
f 1185 7089 3391
f 3391 7432 1185
f 7089 1184 7434
f 7434 3391 7089
f 736 6393 3392
f 3392 6644 736
f 6393 182 5519
f 5519 3392 6393
f 180 6355 3392
f 3392 5519 180
f 6355 700 6644
f 6644 3392 6355
f 699 6354 3393
f 3393 6645 699
f 6354 368 6005
f 6005 3393 6354
f 436 6391 3393
f 3393 6005 436
f 6391 734 6645
f 6645 3393 6391
f 741 6398 3394
f 3394 6646 741
f 6398 208 5553
f 5553 3394 6398
f 181 6392 3394
f 3394 5553 181
f 6392 735 6646
f 6646 3394 6392
f 733 6390 3395
f 3395 6647 733
f 6390 435 6008
f 6008 3395 6390
f 441 6396 3395
f 3395 6008 441
f 6396 739 6647
f 6647 3395 6396
f 656 6312 3396
f 3396 6648 656
f 6312 210 5565
f 5565 3396 6312
f 209 6399 3396
f 3396 5565 209
f 6399 742 6648
f 6648 3396 6399
f 740 6397 3397
f 3397 6649 740
f 6397 442 6011
f 6011 3397 6397
f 428 6313 3397
f 3397 6011 428
f 6313 657 6649
f 6649 3397 6313
f 746 6402 3398
f 3398 6650 746
f 6402 111 5396
f 5396 3398 6402
f 113 6205 3398
f 3398 5396 113
f 6205 544 6650
f 6650 3398 6205
f 546 6207 3399
f 3399 6651 546
f 6207 447 6114
f 6114 3399 6207
f 444 6401 3399
f 3399 6114 444
f 6401 745 6651
f 6651 3399 6401
f 751 6407 3400
f 3400 6652 751
f 6407 114 5400
f 5400 3400 6407
f 115 6209 3400
f 3400 5400 115
f 6209 548 6652
f 6652 3400 6209
f 550 6211 3401
f 3401 6653 550
f 6211 454 6117
f 6117 3401 6211
f 452 6406 3401
f 3401 6117 452
f 6406 750 6653
f 6653 3401 6406
f 757 6412 3402
f 3402 6654 757
f 6412 117 5405
f 5405 3402 6412
f 118 6213 3402
f 3402 5405 118
f 6213 552 6654
f 6654 3402 6213
f 553 6214 3403
f 3403 6655 553
f 6214 460 6119
f 6119 3403 6214
f 459 6411 3403
f 3403 6119 459
f 6411 756 6655
f 6655 3403 6411
f 761 6416 3405
f 3405 6657 761
f 6416 119 5409
f 5409 3405 6416
f 122 6216 3405
f 3405 5409 122
f 6215 554 6656
f 6656 3404 6215
f 556 6217 3406
f 3406 6658 556
f 6217 464 6121
f 6121 3406 6217
f 463 6415 3407
f 3407 6123 463
f 6415 760 6659
f 6659 3407 6415
f 766 6421 3408
f 3408 6660 766
f 6421 123 5414
f 5414 3408 6421
f 124 6218 3408
f 3408 5414 124
f 6218 557 6660
f 6660 3408 6218
f 558 6219 3409
f 3409 6661 558
f 6219 470 6125
f 6125 3409 6219
f 469 6420 3409
f 3409 6125 469
f 6420 765 6661
f 6661 3409 6420
f 770 6425 3410
f 3410 6662 770
f 6425 125 5417
f 5417 3410 6425
f 126 6220 3410
f 3410 5417 126
f 6221 560 6663
f 6663 3411 6221
f 562 6222 3413
f 3413 6665 562
f 6222 475 6129
f 6129 3413 6222
f 473 6424 3412
f 3412 6127 473
f 6424 769 6664
f 6664 3412 6424
f 774 6429 3414
f 3414 6666 774
f 6429 180 5519
f 5519 3414 6429
f 182 6224 3414
f 3414 5519 182
f 6224 564 6666
f 6666 3414 6224
f 566 6226 3415
f 3415 6667 566
f 6226 480 6132
f 6132 3415 6226
f 478 6428 3415
f 3415 6132 478
f 6428 773 6667
f 6667 3415 6428
f 563 6223 3416
f 3416 6668 563
f 6223 181 5553
f 5553 3416 6223
f 208 6227 3416
f 3416 5553 208
f 6227 567 6668
f 6668 3416 6227
f 569 6229 3417
f 3417 6669 569
f 6229 483 6134
f 6134 3417 6229
f 479 6225 3417
f 3417 6134 479
f 6225 565 6669
f 6669 3417 6225
f 568 6228 3418
f 3418 6670 568
f 6228 209 5565
f 5565 3418 6228
f 210 6231 3418
f 3418 5565 210
f 6231 571 6670
f 6670 3418 6231
f 572 6232 3419
f 3419 6671 572
f 6232 487 6136
f 6136 3419 6232
f 484 6230 3419
f 3419 6136 484
f 6230 570 6671
f 6671 3419 6230
f 1368 7615 3420
f 3420 8464 1368
f 7615 1369 8461
f 8461 3420 7615
f 1723 7974 3420
f 3420 8461 1723
f 7974 1722 8464
f 8464 3420 7974
f 1563 7813 3421
f 3421 8472 1563
f 7813 1562 8469
f 8469 3421 7813
f 1730 7981 3421
f 3421 8469 1730
f 7981 1729 8472
f 8472 3421 7981
f 544 6205 3423
f 3423 6674 544
f 6205 113 5572
f 5572 3423 6205
f 212 6233 3422
f 3422 5571 212
f 6234 573 6674
f 6674 3423 6234
f 575 6236 3424
f 3424 6675 575
f 6236 492 6141
f 6141 3424 6236
f 446 6206 3424
f 3424 6141 446
f 6206 545 6675
f 6675 3424 6206
f 939 6836 3425
f 3425 7439 939
f 6836 940 7437
f 7437 3425 6836
f 1190 7094 3425
f 3425 7437 1190
f 7094 1189 7439
f 7439 3425 7094
f 1076 6980 3426
f 3426 7444 1076
f 6980 1075 7442
f 7442 3426 6980
f 1195 7099 3426
f 3426 7442 1195
f 7099 1194 7444
f 7444 3426 7099
f 547 6208 3427
f 3427 6680 547
f 6210 116 5578
f 5578 3428 6210
f 217 6242 3428
f 3428 5578 217
f 6241 581 6680
f 6680 3427 6241
f 584 6244 3429
f 3429 6682 584
f 6244 503 6147
f 6147 3429 6244
f 455 6212 3429
f 3429 6147 455
f 6212 551 6682
f 6682 3429 6212
f 796 6449 3430
f 3430 6683 796
f 6449 219 5583
f 5583 3430 6449
f 211 6437 3430
f 3430 5583 211
f 6437 783 6683
f 6683 3430 6437
f 781 6436 3431
f 3431 6684 781
f 6436 490 6150
f 6150 3431 6436
f 507 6448 3432
f 3432 6151 507
f 6447 794 6684
f 6684 3431 6447
f 799 6452 3433
f 3433 6686 799
f 6452 220 5585
f 5585 3433 6452
f 114 6407 3433
f 3433 5585 114
f 6407 751 6686
f 6686 3433 6407
f 750 6406 3434
f 3434 6687 750
f 6406 452 6152
f 6152 3434 6406
f 509 6451 3434
f 3434 6152 509
f 6451 798 6687
f 6687 3434 6451
f 574 6235 3435
f 3435 6688 574
f 6235 213 5586
f 5586 3435 6235
f 219 6449 3435
f 3435 5586 219
f 6449 796 6688
f 6688 3435 6449
f 795 6448 3436
f 3436 6689 795
f 6448 507 6156
f 6156 3436 6448
f 494 6237 3436
f 3436 6156 494
f 6237 577 6689
f 6689 3436 6237
f 802 6455 3437
f 3437 6690 802
f 6455 221 5588
f 5588 3437 6455
f 215 6443 3437
f 3437 5588 215
f 6443 789 6690
f 6690 3437 6443
f 788 6442 3438
f 3438 6691 788
f 6442 500 6158
f 6158 3438 6442
f 511 6454 3438
f 3438 6158 511
f 6454 801 6691
f 6691 3438 6454
f 806 6459 3439
f 3439 6692 806
f 6459 222 5591
f 5591 3439 6459
f 111 6402 3440
f 3440 5592 111
f 6402 746 6693
f 6693 3440 6402
f 745 6401 3441
f 3441 6694 745
f 6401 444 6159
f 6159 3441 6401
f 513 6458 3441
f 3441 6159 513
f 6458 805 6694
f 6694 3441 6458
f 580 6240 3442
f 3442 6695 580
f 6240 216 5593
f 5593 3442 6240
f 221 6455 3442
f 3442 5593 221
f 6455 802 6695
f 6695 3442 6455
f 801 6454 3443
f 3443 6696 801
f 6454 511 6163
f 6163 3443 6454
f 501 6243 3443
f 3443 6163 501
f 6243 583 6696
f 6696 3443 6243
f 1375 7622 3444
f 3444 8479 1375
f 7622 1376 8476
f 8476 3444 7622
f 1739 7990 3444
f 3444 8476 1739
f 7990 1738 8479
f 8479 3444 7990
f 1570 7820 3445
f 3445 8486 1570
f 7820 1569 8483
f 8483 3445 7820
f 1746 7997 3445
f 3445 8483 1746
f 7997 1745 8486
f 8486 3445 7997
f 578 6238 3446
f 3446 6699 578
f 6238 214 5596
f 5596 3446 6238
f 1787 8590 3446
f 3446 5596 1787
f 8590 1814 6699
f 6699 3446 8590
f 808 6461 3447
f 3447 6700 808
f 6461 516 8541
f 8541 3447 6461
f 1802 8591 3447
f 3447 8541 1802
f 8591 1815 6700
f 6700 3447 8591
f 944 6841 3448
f 3448 7449 944
f 6841 945 7447
f 7447 3448 6841
f 1200 7104 3448
f 3448 7447 1200
f 7104 1199 7449
f 7449 3448 7104
f 1081 6985 3449
f 3449 7454 1081
f 6985 1080 7452
f 7452 3449 6985
f 1205 7109 3449
f 3449 7452 1205
f 7109 1204 7454
f 7454 3449 7109
f 949 6846 3450
f 3450 7459 949
f 6846 950 7457
f 7457 3450 6846
f 1210 7114 3450
f 3450 7457 1210
f 7114 1209 7459
f 7459 3450 7114
f 1096 7000 3451
f 3451 7464 1096
f 7000 1095 7462
f 7462 3451 7000
f 1215 7119 3451
f 3451 7462 1215
f 7119 1214 7464
f 7464 3451 7119
f 554 6215 3452
f 3452 6705 554
f 6215 121 5601
f 5601 3452 6215
f 227 6248 3452
f 3452 5601 227
f 6248 588 6705
f 6705 3452 6248
f 590 6249 3453
f 3453 6706 590
f 6249 519 6172
f 6172 3453 6249
f 464 6217 3453
f 3453 6172 464
f 6217 556 6706
f 6706 3453 6217
f 1382 7629 3454
f 3454 8493 1382
f 7629 1383 8490
f 8490 3454 7629
f 1753 8004 3454
f 3454 8490 1753
f 8004 1752 8493
f 8493 3454 8004
f 1591 7841 3455
f 3455 8500 1591
f 7841 1590 8497
f 8497 3455 7841
f 1760 8011 3455
f 3455 8497 1760
f 8011 1759 8500
f 8500 3455 8011
f 560 6221 3456
f 3456 6709 560
f 6221 127 5607
f 5607 3456 6221
f 229 6252 3456
f 3456 5607 229
f 6252 593 6709
f 6709 3456 6252
f 595 6254 3457
f 3457 6710 595
f 6254 526 6178
f 6178 3457 6254
f 475 6222 3457
f 3457 6178 475
f 6222 562 6710
f 6710 3457 6222
f 818 6469 3458
f 3458 6711 818
f 6469 232 5613
f 5613 3458 6469
f 125 6425 3458
f 3458 5613 125
f 6425 770 6711
f 6711 3458 6425
f 769 6424 3459
f 3459 6712 769
f 6424 473 6180
f 6180 3459 6424
f 529 6468 3459
f 3459 6180 529
f 6468 817 6712
f 6712 3459 6468
f 588 6248 3461
f 3461 6714 588
f 6247 225 5614
f 5614 3460 6247
f 117 6412 3460
f 3460 5614 117
f 6412 757 6713
f 6713 3460 6412
f 756 6411 3462
f 3462 6715 756
f 6411 459 6183
f 6183 3462 6411
f 519 6249 3463
f 3463 6184 519
f 6249 590 6716
f 6716 3463 6249
f 821 6472 3464
f 3464 6717 821
f 6472 233 5617
f 5617 3464 6472
f 119 6416 3464
f 3464 5617 119
f 6416 761 6717
f 6717 3464 6416
f 760 6415 3465
f 3465 6718 760
f 6415 463 6186
f 6186 3465 6415
f 531 6471 3465
f 3465 6186 531
f 6471 820 6718
f 6718 3465 6471
f 593 6252 3466
f 3466 6719 593
f 6253 231 5619
f 5619 3467 6253
f 123 6421 3467
f 3467 5619 123
f 6421 766 6720
f 6720 3467 6421
f 765 6420 3469
f 3469 6722 765
f 6420 469 6192
f 6192 3469 6420
f 526 6254 3468
f 3468 6191 526
f 6254 595 6721
f 6721 3468 6254
f 1389 7636 3470
f 3470 8507 1389
f 7636 1390 8504
f 8504 3470 7636
f 1767 8018 3470
f 3470 8504 1767
f 8018 1766 8507
f 8507 3470 8018
f 1598 7848 3471
f 3471 8514 1598
f 7848 1597 8511
f 8511 3471 7848
f 1774 8025 3471
f 3471 8511 1774
f 8025 1773 8514
f 8514 3471 8025
f 591 6250 3472
f 3472 6725 591
f 6250 228 5622
f 5622 3472 6250
f 1788 8592 3472
f 3472 5622 1788
f 8592 1816 6725
f 6725 3472 8592
f 598 6256 3473
f 3473 6726 598
f 6256 534 8543
f 8543 3473 6256
f 1804 8593 3473
f 3473 8543 1804
f 8593 1817 6726
f 6726 3473 8593
f 954 6851 3474
f 3474 7469 954
f 6851 955 7467
f 7467 3474 6851
f 1220 7124 3474
f 3474 7467 1220
f 7124 1219 7469
f 7469 3474 7124
f 1101 7005 3475
f 3475 7474 1101
f 7005 1100 7472
f 7472 3475 7005
f 1225 7129 3475
f 3475 7472 1225
f 7129 1224 7474
f 7474 3475 7129
f 830 6481 3476
f 3476 6729 830
f 6481 236 5628
f 5628 3476 6481
f 234 6475 3476
f 3476 5628 234
f 6475 824 6729
f 6729 3476 6475
f 823 6474 3477
f 3477 6730 823
f 6474 533 6199
f 6199 3477 6474
f 539 6479 3477
f 3477 6199 539
f 6479 828 6730
f 6730 3477 6479
f 837 6487 3478
f 3478 6731 837
f 6487 239 5633
f 5633 3478 6487
f 237 6482 3478
f 3478 5633 237
f 6482 831 6731
f 6731 3478 6482
f 829 6480 3479
f 3479 6732 829
f 6480 538 6201
f 6201 3479 6480
f 543 6486 3479
f 3479 6201 543
f 6486 835 6732
f 6732 3479 6486
f 585 6245 3480
f 3480 6733 585
f 6245 224 5634
f 5634 3480 6245
f 238 6488 3480
f 3480 5634 238
f 6488 836 6733
f 6733 3480 6488
f 834 6485 3481
f 3481 6734 834
f 6485 542 6203
f 6203 3481 6485
f 517 6246 3481
f 3481 6203 517
f 6246 586 6734
f 6734 3481 6246
f 842 6739 3482
f 3482 7133 842
f 6739 32 5276
f 5276 3482 6739
f 34 5278 3482
f 3482 5276 34
f 5278 844 7133
f 7133 3482 5278
f 841 6738 3483
f 3483 7134 841
f 6738 842 7133
f 7133 3483 6738
f 844 6741 3483
f 3483 7133 844
f 6741 846 7134
f 7134 3483 6741
f 840 6737 3484
f 3484 7135 840
f 6737 841 7134
f 7134 3484 6737
f 846 6743 3484
f 3484 7134 846
f 6743 848 7135
f 7135 3484 6743
f 852 6749 3485
f 3485 7136 852
f 6749 36 5279
f 5279 3485 6749
f 31 5275 3485
f 3485 5279 31
f 5275 838 7136
f 7136 3485 5275
f 850 6747 3486
f 3486 7137 850
f 6747 852 7136
f 7136 3486 6747
f 838 6735 3486
f 3486 7136 838
f 6735 839 7137
f 7137 3486 6735
f 862 6759 3487
f 3487 7138 862
f 6759 80 5333
f 5333 3487 6759
f 78 5432 3487
f 3487 5333 78
f 5432 864 7138
f 7138 3487 5432
f 860 6757 3488
f 3488 7139 860
f 6757 862 7138
f 7138 3488 6757
f 864 6761 3488
f 3488 7138 864
f 6761 866 7139
f 7139 3488 6761
f 858 6755 3489
f 3489 7140 858
f 6755 860 7139
f 7139 3489 6755
f 866 6763 3489
f 3489 7139 866
f 6763 868 7140
f 7140 3489 6763
f 872 6769 3490
f 3490 7141 872
f 6769 135 5428
f 5428 3490 6769
f 137 5430 3490
f 3490 5428 137
f 5430 854 7141
f 7141 3490 5430
f 870 6767 3491
f 3491 7142 870
f 6767 872 7141
f 7141 3491 6767
f 854 6751 3491
f 3491 7141 854
f 6751 856 7142
f 7142 3491 6751
f 882 6779 3492
f 3492 7143 882
f 6779 92 5355
f 5355 3492 6779
f 90 5439 3492
f 3492 5355 90
f 5439 884 7143
f 7143 3492 5439
f 880 6777 3493
f 3493 7144 880
f 6777 882 7143
f 7143 3493 6777
f 884 6781 3493
f 3493 7143 884
f 6781 886 7144
f 7144 3493 6781
f 878 6775 3494
f 3494 7145 878
f 6775 880 7144
f 7144 3494 6775
f 886 6783 3494
f 3494 7144 886
f 6783 888 7145
f 7145 3494 6783
f 892 6789 3495
f 3495 7146 892
f 6789 139 5435
f 5435 3495 6789
f 141 5437 3495
f 3495 5435 141
f 5437 874 7146
f 7146 3495 5437
f 890 6787 3496
f 3496 7147 890
f 6787 892 7146
f 7146 3496 6787
f 874 6771 3496
f 3496 7146 874
f 6771 876 7147
f 7147 3496 6771
f 2200 8977 10549
f 10549 10550 2200
f 8977 2199 10548
f 10548 10549 8977
f 2199 8977 3497
f 3497 9995 2199
f 8977 2200 9981
f 9981 3497 8977
f 2223 9003 3497
f 3497 9981 2223
f 9003 2222 9995
f 9995 3497 9003
f 2222 9003 3498
f 3498 10028 2222
f 9003 2223 10010
f 10010 3498 9003
f 2257 9035 3499
f 3499 10011 2257
f 9035 2255 10029
f 10029 3499 9035
f 2040 8819 3500
f 3500 10045 2040
f 8819 2039 10037
f 10037 3500 8819
f 2291 9073 3500
f 3500 10037 2291
f 9073 2289 10045
f 10045 3500 9073
f 2288 9074 3503
f 3503 10080 2287
f 9072 2291 10067
f 10065 3502 9071
f 2324 9104 3501
f 3502 10066 2325
f 9103 2317 10076
f 10079 3504 9106
f 853 5429 3505
f 3505 7153 853
f 5429 136 5479
f 5479 3505 5429
f 155 6794 3505
f 3505 5479 155
f 6794 897 7153
f 7153 3505 6794
f 855 6750 3506
f 3506 7154 855
f 6750 853 7153
f 7153 3506 6750
f 897 6793 3506
f 3506 7153 897
f 6793 896 7154
f 7154 3506 6793
f 857 6752 3507
f 3507 7155 857
f 6752 855 7154
f 7154 3507 6752
f 896 6792 3507
f 3507 7154 896
f 6792 895 7155
f 7155 3507 6792
f 893 5496 3508
f 3508 7156 893
f 5496 54 5455
f 5455 3508 5496
f 79 6758 3508
f 3508 5455 79
f 6758 861 7156
f 7156 3508 6758
f 894 6790 3509
f 3509 7157 894
f 6790 893 7156
f 7156 3509 6790
f 861 6756 3509
f 3509 7156 861
f 6756 859 7157
f 7157 3509 6756
f 873 5436 3510
f 3510 7158 873
f 5436 140 5497
f 5497 3510 5436
f 162 5498 3510
f 3510 5497 162
f 5498 898 7158
f 7158 3510 5498
f 875 6770 3511
f 3511 7159 875
f 6770 873 7158
f 7158 3511 6770
f 898 6795 3511
f 3511 7158 898
f 6795 899 7159
f 7159 3511 6795
f 877 6772 3512
f 3512 7160 877
f 6772 875 7159
f 7159 3512 6772
f 899 6796 3512
f 3512 7159 899
f 6796 900 7160
f 7160 3512 6796
f 902 6799 3513
f 3513 7161 902
f 6799 150 5462
f 5462 3513 6799
f 91 6778 3513
f 3513 5462 91
f 6778 881 7161
f 7161 3513 6778
f 901 6798 3514
f 3514 7162 901
f 6798 902 7161
f 7161 3514 6798
f 881 6776 3514
f 3514 7161 881
f 6776 879 7162
f 7162 3514 6776
f 911 6808 3515
f 3515 7163 911
f 6808 147 5452
f 5452 3515 6808
f 42 5501 3515
f 3515 5452 42
f 5501 913 7163
f 7163 3515 5501
f 909 6806 3516
f 3516 7164 909
f 6806 911 7163
f 7163 3516 6806
f 913 6810 3516
f 3516 7163 913
f 6810 915 7164
f 7164 3516 6810
f 907 6804 3517
f 3517 7165 907
f 6804 909 7164
f 7164 3517 6804
f 915 6812 3517
f 3517 7164 915
f 6812 917 7165
f 7165 3517 6812
f 921 6818 3518
f 3518 7166 921
f 6818 165 5503
f 5503 3518 6818
f 163 5499 3518
f 3518 5503 163
f 5499 903 7166
f 7166 3518 5499
f 919 6816 3519
f 3519 7167 919
f 6816 921 7166
f 7166 3519 6816
f 903 6800 3519
f 3519 7166 903
f 6800 905 7167
f 7167 3519 6800
f 931 6828 3520
f 3520 7168 931
f 6828 153 5472
f 5472 3520 6828
f 35 6748 3520
f 3520 5472 35
f 6748 851 7168
f 7168 3520 6748
f 929 6826 3521
f 3521 7169 929
f 6826 931 7168
f 7168 3521 6826
f 851 6746 3521
f 3521 7168 851
f 6746 849 7169
f 7169 3521 6746
f 927 6824 3522
f 3522 7170 927
f 6824 929 7169
f 7169 3522 6824
f 849 6744 3522
f 3522 7169 849
f 6744 847 7170
f 7170 3522 6744
f 843 5277 3523
f 3523 7171 843
f 5277 33 5489
f 5489 3523 5277
f 160 5504 3523
f 3523 5489 160
f 5504 923 7171
f 7171 3523 5504
f 845 6740 3524
f 3524 7172 845
f 6740 843 7171
f 7171 3524 6740
f 923 6820 3524
f 3524 7171 923
f 6820 925 7172
f 7172 3524 6820
f 2100 8878 3525
f 3525 10097 2100
f 8878 2099 10089
f 10089 3525 8878
f 2352 9137 3525
f 3525 10089 2352
f 9137 2351 10097
f 10097 3525 9137
f 2351 9137 3526
f 3526 10120 2351
f 9137 2352 10111
f 10111 3526 9137
f 2373 9159 3526
f 3526 10111 2373
f 9159 2372 10120
f 10120 3526 9159
f 2372 9159 3527
f 3527 10136 2372
f 9159 2373 10128
f 10128 3527 9159
f 2390 9176 3527
f 3527 10128 2390
f 9176 2389 10136
f 10136 3527 9176
f 2115 8894 3528
f 3528 10152 2115
f 8894 2116 10144
f 10144 3528 8894
f 2407 9192 3528
f 3528 10144 2407
f 9192 2406 10152
f 10152 3528 9192
f 2406 9192 3529
f 3529 10168 2406
f 9192 2407 10160
f 10160 3529 9192
f 2423 9208 3529
f 3529 10160 2423
f 9208 2422 10168
f 10168 3529 9208
f 933 5508 3530
f 3530 7178 933
f 5508 167 5509
f 5509 3530 5508
f 166 6819 3530
f 3530 5509 166
f 6819 922 7178
f 7178 3530 6819
f 934 6830 3531
f 3531 7179 934
f 6830 933 7178
f 7178 3531 6830
f 922 6817 3531
f 3531 7178 922
f 6817 920 7179
f 7179 3531 6817
f 935 6831 3532
f 3532 7180 935
f 6831 934 7179
f 7179 3532 6831
f 920 6815 3532
f 3532 7179 920
f 6815 918 7180
f 7180 3532 6815
f 914 5502 3533
f 3533 7181 914
f 5502 43 5284
f 5284 3533 5502
f 41 6834 3533
f 3533 5284 41
f 6834 937 7181
f 7181 3533 6834
f 916 6811 3534
f 3534 7182 916
f 6811 914 7181
f 7181 3534 6811
f 937 6833 3534
f 3534 7181 937
f 6833 936 7182
f 7182 3534 6833
f 1072 6977 3535
f 3535 7183 1072
f 6977 499 6066
f 6066 3535 6977
f 787 6503 3535
f 3535 6066 787
f 6503 1108 7183
f 7183 3535 6503
f 1071 6976 3536
f 3536 7184 1071
f 6976 1072 7183
f 7183 3536 6976
f 1108 7013 3536
f 3536 7183 1108
f 7013 1109 7184
f 7184 3536 7013
f 1070 6975 3537
f 3537 7185 1070
f 6975 1071 7184
f 7184 3537 6975
f 1109 7014 3537
f 3537 7184 1109
f 7014 1110 7185
f 7185 3537 7014
f 1112 7017 3538
f 3538 7186 1112
f 7017 786 6064
f 6064 3538 7017
f 498 6144 3538
f 3538 6064 498
f 6144 1068 7186
f 7186 3538 6144
f 1111 7016 3539
f 3539 7187 1111
f 7016 1112 7186
f 7186 3539 7016
f 1068 6973 3539
f 3539 7186 1068
f 6973 1069 7187
f 7187 3539 6973
f 1117 7022 3540
f 3540 7188 1117
f 7022 797 6074
f 6074 3540 7022
f 508 6169 3540
f 3540 6074 508
f 6169 1083 7188
f 7188 3540 6169
f 1116 7021 3541
f 3541 7189 1116
f 7021 1117 7188
f 7188 3541 7021
f 1083 6988 3541
f 3541 7188 1083
f 6988 1084 7189
f 7189 3541 6988
f 1115 7020 3542
f 3542 7190 1115
f 7020 1116 7189
f 7189 3542 7020
f 1084 6989 3542
f 3542 7189 1084
f 6989 1085 7190
f 7190 3542 6989
f 1087 6992 3543
f 3543 7191 1087
f 6992 488 6056
f 6056 3543 6992
f 779 6515 3543
f 3543 6056 779
f 6515 1113 7191
f 7191 3543 6515
f 1086 6991 3544
f 3544 7192 1086
f 6991 1087 7191
f 7191 3544 6991
f 1113 7018 3544
f 3544 7191 1113
f 7018 1114 7192
f 7192 3544 7018
f 1092 6997 3545
f 3545 7193 1092
f 6997 461 6028
f 6028 3545 6997
f 758 6516 3545
f 3545 6028 758
f 6516 1118 7193
f 7193 3545 6516
f 1091 6996 3546
f 3546 7194 1091
f 6996 1092 7193
f 7193 3546 6996
f 1118 7023 3546
f 3546 7193 1118
f 7023 1119 7194
f 7194 3546 7023
f 1090 6995 3547
f 3547 7195 1090
f 6995 1091 7194
f 7194 3547 6995
f 1119 7024 3547
f 3547 7194 1119
f 7024 1120 7195
f 7195 3547 7024
f 1122 7027 3548
f 3548 7196 1122
f 7027 810 6083
f 6083 3548 7027
f 518 6170 3548
f 3548 6083 518
f 6170 1088 7196
f 7196 3548 6170
f 1121 7026 3549
f 3549 7197 1121
f 7026 1122 7196
f 7196 3549 7026
f 1088 6993 3549
f 3549 7196 1088
f 6993 1089 7197
f 7197 3549 6993
f 1127 7032 3550
f 3550 7198 1127
f 7032 819 6099
f 6099 3550 7032
f 530 6198 3550
f 3550 6099 530
f 6198 1103 7198
f 7198 3550 6198
f 1126 7031 3551
f 3551 7199 1126
f 7031 1127 7198
f 7198 3551 7031
f 1103 7008 3551
f 3551 7198 1103
f 7008 1104 7199
f 7199 3551 7008
f 1125 7030 3552
f 3552 7200 1125
f 7030 1126 7199
f 7199 3552 7030
f 1104 7009 3552
f 3552 7199 1104
f 7009 1105 7200
f 7200 3552 7009
f 1107 7012 3553
f 3553 7201 1107
f 7012 535 6103
f 6103 3553 7012
f 825 6528 3553
f 3553 6103 825
f 6528 1123 7201
f 7201 3553 6528
f 1106 7011 3554
f 3554 7202 1106
f 7011 1107 7201
f 7201 3554 7011
f 1123 7028 3554
f 3554 7201 1123
f 7028 1124 7202
f 7202 3554 7028
f 1002 6904 3555
f 3555 7203 1002
f 6904 289 5736
f 5736 3555 6904
f 659 6532 3555
f 3555 5736 659
f 6532 1128 7203
f 7203 3555 6532
f 1001 6903 3556
f 3556 7204 1001
f 6903 1002 7203
f 7203 3556 6903
f 1128 7033 3556
f 3556 7203 1128
f 7033 1129 7204
f 7204 3556 7033
f 1000 6902 3557
f 3557 7205 1000
f 6902 1001 7204
f 7204 3557 6902
f 1129 7034 3557
f 3557 7204 1129
f 7034 1130 7205
f 7205 3557 7034
f 1132 7037 3558
f 3558 7206 1132
f 7037 658 5732
f 5732 3558 7037
f 286 5885 3558
f 3558 5732 286
f 5885 998 7206
f 7206 3558 5885
f 1131 7036 3559
f 3559 7207 1131
f 7036 1132 7206
f 7206 3559 7036
f 998 6900 3559
f 3559 7206 998
f 6900 999 7207
f 7207 3559 6900
f 1022 6923 3560
f 3560 7208 1022
f 6923 339 5785
f 5785 3560 6923
f 688 6546 3560
f 3560 5785 688
f 6546 1133 7208
f 7208 3560 6546
f 1021 6922 3561
f 3561 7209 1021
f 6922 1022 7208
f 7208 3561 6922
f 1133 7038 3561
f 3561 7208 1133
f 7038 1134 7209
f 7209 3561 7038
f 1020 6921 3562
f 3562 7210 1020
f 6921 1021 7209
f 7209 3562 6921
f 1134 7039 3562
f 3562 7209 1134
f 7039 1135 7210
f 7210 3562 7039
f 1137 7042 3563
f 3563 7211 1137
f 7042 690 5795
f 5795 3563 7042
f 348 5935 3563
f 3563 5795 348
f 5935 1018 7211
f 7211 3563 5935
f 1136 7041 3564
f 3564 7212 1136
f 7041 1137 7211
f 7211 3564 7041
f 1018 6919 3564
f 3564 7211 1018
f 6919 1019 7212
f 7212 3564 6919
f 1047 6952 3565
f 3565 7213 1047
f 6952 393 5833
f 5833 3565 6952
f 710 6552 3565
f 3565 5833 710
f 6552 1138 7213
f 7213 3565 6552
f 1044 6946 3566
f 3566 7214 1044
f 6946 1047 7213
f 7213 3566 6946
f 1138 7043 3566
f 3566 7213 1138
f 7043 1139 7214
f 7214 3566 7043
f 1043 6945 3567
f 3567 7215 1043
f 6945 1044 7214
f 7214 3567 6945
f 1139 7044 3567
f 3567 7214 1139
f 7044 1140 7215
f 7215 3567 7044
f 1142 7047 3568
f 3568 7216 1142
f 7047 709 5826
f 5826 3568 7047
f 384 5956 3568
f 3568 5826 384
f 5956 1041 7216
f 7216 3568 5956
f 1141 7046 3569
f 3569 7217 1141
f 7046 1142 7216
f 7216 3569 7046
f 1041 6943 3569
f 3569 7216 1041
f 6943 1042 7217
f 7217 3569 6943
f 1062 6967 3570
f 3570 7218 1062
f 6967 410 5849
f 5849 3570 6967
f 722 6564 3570
f 3570 5849 722
f 6564 1143 7218
f 7218 3570 6564
f 1061 6966 3571
f 3571 7219 1061
f 6966 1062 7218
f 7218 3571 6966
f 1143 7048 3571
f 3571 7218 1143
f 7048 1144 7219
f 7219 3571 7048
f 1060 6965 3572
f 3572 7220 1060
f 6965 1061 7219
f 7219 3572 6965
f 1144 7049 3572
f 3572 7219 1144
f 7049 1145 7220
f 7220 3572 7049
f 1147 7052 3573
f 3573 7221 1147
f 7052 730 5869
f 5869 3573 7052
f 429 6001 3573
f 3573 5869 429
f 6001 1058 7221
f 7221 3573 6001
f 1146 7051 3574
f 3574 7222 1146
f 7051 1147 7221
f 7221 3574 7051
f 1058 6963 3574
f 3574 7221 1058
f 6963 1059 7222
f 7222 3574 6963
f 963 6861 3575
f 3575 7223 963
f 6861 241 5637
f 5637 3575 6861
f 288 6899 3575
f 3575 5637 288
f 6899 997 7223
f 7223 3575 6899
f 962 6860 3576
f 3576 7224 962
f 6860 963 7223
f 7223 3576 6860
f 997 6898 3576
f 3576 7223 997
f 6898 996 7224
f 7224 3576 6898
f 961 6859 3577
f 3577 7225 961
f 6859 962 7224
f 7224 3577 6859
f 996 6897 3577
f 3577 7224 996
f 6897 995 7225
f 7225 3577 6897
f 988 5884 3578
f 3578 7226 988
f 5884 287 5734
f 5734 3578 5884
f 240 5636 3578
f 3578 5734 240
f 5636 958 7226
f 7226 3578 5636
f 992 6894 3579
f 3580 7228 993
f 6892 988 7226
f 7226 3581 6892
f 958 6856 3581
f 3581 7226 958
f 6857 959 7230
f 7229 3582 6855
f 997 6899 3583
f 3583 7231 997
f 6899 288 5735
f 5735 3583 6899
f 289 6904 3583
f 3583 5735 289
f 6904 1002 7231
f 7231 3583 6904
f 996 6898 3584
f 3584 7232 996
f 6898 997 7231
f 7231 3584 6898
f 1002 6903 3584
f 3584 7231 1002
f 6903 1001 7232
f 7232 3584 6903
f 995 6897 3585
f 3585 7233 995
f 6897 996 7232
f 7232 3585 6897
f 1001 6902 3585
f 3585 7232 1001
f 6902 1000 7233
f 7233 3585 6902
f 998 5885 3586
f 3586 7234 998
f 5885 286 5733
f 5733 3586 5885
f 287 5884 3586
f 3586 5733 287
f 5884 988 7234
f 7234 3586 5884
f 999 6900 3587
f 3587 7236 999
f 6900 998 7234
f 7234 3587 6900
f 988 6892 3587
f 3587 7234 988
f 6893 991 7235
f 7238 3588 6891
f 1152 7057 3589
f 3589 7239 1152
f 7057 599 5635
f 5635 3589 7057
f 600 6569 3589
f 3589 5635 600
f 6569 1153 7239
f 7239 3589 6569
f 1151 7056 3590
f 3590 7240 1151
f 7056 1152 7239
f 7239 3590 7056
f 1153 7058 3590
f 3590 7239 1153
f 7058 1154 7240
f 7240 3590 7058
f 1150 7055 3591
f 3591 7241 1150
f 7055 1151 7240
f 7240 3591 7055
f 1154 7059 3591
f 3591 7240 1154
f 7059 1155 7241
f 7241 3591 7059
f 1157 7062 3592
f 3592 7242 1157
f 7062 660 5737
f 5737 3592 7062
f 661 6568 3592
f 3592 5737 661
f 6568 1148 7242
f 7242 3592 6568
f 1156 7061 3593
f 3593 7243 1156
f 7061 1157 7242
f 7242 3593 7061
f 1148 7053 3593
f 3593 7242 1148
f 7053 1149 7243
f 7243 3593 7053
f 973 6873 3594
f 3594 7247 973
f 6873 253 5787
f 5787 3594 6873
f 340 6918 3594
f 3594 5787 340
f 6918 1017 7247
f 7247 3594 6918
f 969 6870 3595
f 3600 7251 971
f 6872 972 7245
f 7244 3596 6871
f 1015 6914 3598
f 3599 7246 1016
f 6917 1011 7250
f 7249 3597 6916
f 967 6868 3601
f 3602 7254 968
f 6867 970 7249
f 7248 3603 6869
f 1013 6912 3604
f 3605 7250 1012
f 6913 1010 7252
f 7253 3604 6912
f 1008 5934 3606
f 3606 7256 1008
f 5934 344 5675
f 5673 3607 5933
f 255 5678 3606
f 3606 5676 255
f 5678 964 7256
f 7256 3606 5678
f 1009 6910 3608
f 3608 7259 1009
f 6910 1008 7256
f 7256 3608 6910
f 964 6862 3608
f 3608 7256 964
f 6863 966 7257
f 7259 3608 6862
f 1017 6918 3609
f 3609 7260 1017
f 6918 340 5786
f 5786 3609 6918
f 339 6923 3609
f 3609 5786 339
f 6923 1022 7260
f 7260 3609 6923
f 1014 6915 3610
f 3610 7261 1014
f 6915 1017 7260
f 7260 3610 6915
f 1022 6922 3610
f 3610 7260 1022
f 6922 1021 7261
f 7261 3610 6922
f 1010 6913 3611
f 3611 7262 1010
f 6913 1014 7261
f 7261 3611 6913
f 1021 6921 3611
f 3611 7261 1021
f 6921 1020 7262
f 7262 3611 6921
f 1018 5935 3612
f 3612 7263 1018
f 5935 348 5793
f 5793 3612 5935
f 344 5934 3612
f 3612 5793 344
f 5934 1008 7263
f 7263 3612 5934
f 1019 6919 3613
f 3613 7264 1019
f 6919 1018 7263
f 7263 3613 6919
f 1008 6910 3613
f 3613 7263 1008
f 6910 1009 7264
f 7264 3613 6910
f 1162 7067 3614
f 3614 7265 1162
f 7067 692 5796
f 5796 3614 7067
f 691 6601 3614
f 3614 5796 691
f 6601 1163 7265
f 7265 3614 6601
f 1161 7066 3615
f 3615 7266 1161
f 7066 1162 7265
f 7265 3615 7066
f 1163 7068 3615
f 3615 7265 1163
f 7068 1164 7266
f 7266 3615 7068
f 1160 7065 3616
f 3616 7267 1160
f 7065 1161 7266
f 7266 3616 7065
f 1164 7069 3616
f 3616 7266 1164
f 7069 1165 7267
f 7267 3616 7069
f 1167 7072 3617
f 3617 7268 1167
f 7072 620 5665
f 5665 3617 7072
f 619 6600 3617
f 3617 5665 619
f 6600 1158 7268
f 7268 3617 6600
f 1166 7071 3618
f 3618 7269 1166
f 7071 1167 7268
f 7268 3618 7071
f 1158 7063 3618
f 3618 7268 1158
f 7063 1159 7269
f 7269 3618 7063
f 979 6882 3621
f 3621 7273 980
f 6882 269 5695
f 5699 3622 6883
f 389 6941 3620
f 3619 5697 387
f 6939 1036 7270
f 7273 3619 6940
f 978 6879 3628
f 3624 7278 978
f 6881 981 7274
f 7272 3627 6880
f 1037 6936 3625
f 3623 7271 1037
f 6935 1034 7276
f 7276 3626 6937
f 976 6877 3631
f 3630 7280 976
f 6876 977 7277
f 7279 3632 6878
f 1032 6934 3630
f 3629 7275 1033
f 6934 1031 7280
f 7280 3630 6934
f 1028 5955 3633
f 3633 7281 1028
f 5955 385 5828
f 5828 3633 5955
f 267 5694 3633
f 3633 5828 267
f 5694 974 7281
f 7281 3633 5694
f 1029 6929 3634
f 3634 7282 1029
f 6929 1028 7281
f 7281 3634 6929
f 974 6874 3634
f 3634 7281 974
f 6874 975 7282
f 7282 3634 6874
f 1040 6941 3636
f 3635 7283 1038
f 6941 387 5829
f 5829 3637 6942
f 392 6951 3640
f 3638 5832 391
f 6952 1047 7284
f 7284 3639 6950
f 1035 6937 3642
f 3642 7288 1034
f 6938 1039 7284
f 7284 3643 6938
f 1046 6948 3641
f 3643 7284 1047
f 6947 1045 7286
f 7288 3642 6949
f 1030 6933 3646
f 3644 7290 1031
f 6932 1035 7287
f 7289 3647 6931
f 1044 6945 3644
f 3645 7285 1045
f 6945 1043 7290
f 7290 3644 6945
f 1041 5956 3648
f 3648 7291 1041
f 5956 384 5827
f 5827 3648 5956
f 385 5955 3648
f 3648 5827 385
f 5955 1028 7291
f 7291 3648 5955
f 1042 6943 3649
f 3649 7292 1042
f 6943 1041 7291
f 7291 3649 6943
f 1028 6929 3649
f 3649 7291 1028
f 6929 1029 7292
f 7292 3649 6929
f 1172 7077 3650
f 3650 7293 1172
f 7077 637 5693
f 5693 3650 7077
f 638 6615 3650
f 3650 5693 638
f 6615 1173 7293
f 7293 3650 6615
f 1171 7076 3651
f 3651 7294 1171
f 7076 1172 7293
f 7293 3651 7076
f 1173 7078 3651
f 3651 7293 1173
f 7078 1174 7294
f 7294 3651 7078
f 1170 7075 3652
f 3652 7295 1170
f 7075 1171 7294
f 7294 3652 7075
f 1174 7079 3652
f 3652 7294 1174
f 7079 1175 7295
f 7295 3652 7079
f 1177 7082 3653
f 3653 7296 1177
f 7082 711 5834
f 5834 3653 7082
f 712 6614 3653
f 3653 5834 712
f 6614 1168 7296
f 7296 3653 6614
f 1176 7081 3654
f 3654 7297 1176
f 7081 1177 7296
f 7296 3654 7081
f 1168 7073 3654
f 3654 7296 1168
f 7073 1169 7297
f 7297 3654 7073
f 987 6890 3655
f 3655 7298 987
f 6890 273 5851
f 5851 3655 6890
f 411 6962 3655
f 3655 5851 411
f 6962 1057 7298
f 7298 3655 6962
f 985 6889 3656
f 3656 7299 985
f 6889 987 7298
f 7298 3656 6889
f 1057 6961 3656
f 3656 7298 1057
f 6961 1056 7299
f 7299 3656 6961
f 984 6886 3657
f 3657 7302 984
f 6888 986 7301
f 7300 3658 6887
f 1056 6960 3657
f 3657 7299 1056
f 6960 1055 7302
f 7302 3657 6960
f 1053 6000 3659
f 3659 7303 1053
f 6000 430 5871
f 5871 3659 6000
f 279 5724 3659
f 3659 5871 279
f 5724 982 7303
f 7303 3659 5724
f 1054 6958 3660
f 3660 7304 1054
f 6958 1053 7303
f 7303 3660 6958
f 982 6884 3660
f 3660 7303 982
f 6884 983 7304
f 7304 3660 6884
f 1057 6962 3661
f 3661 7305 1057
f 6962 411 5850
f 5850 3661 6962
f 410 6967 3661
f 3661 5850 410
f 6967 1062 7305
f 7305 3661 6967
f 1056 6961 3662
f 3662 7306 1056
f 6961 1057 7305
f 7305 3662 6961
f 1062 6966 3662
f 3662 7305 1062
f 6966 1061 7306
f 7306 3662 6966
f 1055 6960 3663
f 3663 7307 1055
f 6960 1056 7306
f 7306 3663 6960
f 1061 6965 3663
f 3663 7306 1061
f 6965 1060 7307
f 7307 3663 6965
f 1058 6001 3664
f 3664 7308 1058
f 6001 429 5870
f 5870 3664 6001
f 430 6000 3664
f 3664 5870 430
f 6000 1053 7308
f 7308 3664 6000
f 1059 6963 3665
f 3665 7309 1059
f 6963 1058 7308
f 7308 3665 6963
f 1053 6958 3665
f 3665 7308 1053
f 6958 1054 7309
f 7309 3665 6958
f 1182 7087 3666
f 3666 7310 1182
f 7087 656 5723
f 5723 3666 7087
f 657 6643 3666
f 3666 5723 657
f 6643 1183 7310
f 7310 3666 6643
f 1181 7086 3667
f 3667 7311 1181
f 7086 1182 7310
f 7310 3667 7086
f 1183 7088 3667
f 3667 7310 1183
f 7088 1184 7311
f 7311 3667 7088
f 1180 7085 3668
f 3668 7312 1180
f 7085 1181 7311
f 7311 3668 7085
f 1184 7089 3668
f 3668 7311 1184
f 7089 1185 7312
f 7312 3668 7089
f 1187 7092 3669
f 3669 7313 1187
f 7092 647 5707
f 5707 3669 7092
f 646 6642 3669
f 3669 5707 646
f 6642 1178 7313
f 7313 3669 6642
f 1186 7091 3670
f 3670 7314 1186
f 7091 1187 7313
f 7313 3670 7091
f 1178 7083 3670
f 3670 7313 1178
f 7083 1179 7314
f 7314 3670 7083
f 863 5431 3671
f 3671 7315 863
f 5431 77 5576
f 5576 3671 5431
f 499 6977 3671
f 3671 5576 499
f 6977 1072 7315
f 7315 3671 6977
f 865 6760 3672
f 3672 7316 865
f 6760 863 7315
f 7315 3672 6760
f 1072 6976 3672
f 3672 7315 1072
f 6976 1071 7316
f 7316 3672 6976
f 867 6762 3673
f 3673 7317 867
f 6762 865 7316
f 7316 3673 6762
f 1071 6975 3673
f 3673 7316 1071
f 6975 1070 7317
f 7317 3673 6975
f 1068 6144 3674
f 3674 7318 1068
f 6144 498 6065
f 6065 3674 6144
f 134 6768 3674
f 3674 6065 134
f 6768 871 7318
f 7318 3674 6768
f 1069 6973 3675
f 3675 7319 1069
f 6973 1068 7318
f 7318 3675 6973
f 871 6766 3675
f 3675 7318 871
f 6766 869 7319
f 7319 3675 6766
f 1192 7097 3676
f 3676 7320 1192
f 7097 578 5575
f 5575 3676 7097
f 579 6679 3676
f 3676 5575 579
f 6679 1193 7320
f 7320 3676 6679
f 1191 7096 3677
f 3677 7321 1191
f 7096 1192 7320
f 7320 3677 7096
f 1193 7098 3677
f 3677 7320 1193
f 7098 1194 7321
f 7321 3677 7098
f 1190 7095 3678
f 3678 7322 1190
f 7095 1191 7321
f 7321 3678 7095
f 1194 7099 3678
f 3678 7321 1194
f 7099 1195 7322
f 7322 3678 7099
f 1197 7102 3679
f 3679 7323 1197
f 7102 788 6067
f 6067 3679 7102
f 789 6678 3679
f 3679 6067 789
f 6678 1188 7323
f 7323 3679 6678
f 1196 7101 3680
f 3680 7324 1196
f 7101 1197 7323
f 7323 3680 7101
f 1188 7093 3680
f 3680 7323 1188
f 7093 1189 7324
f 7324 3680 7093
f 1202 7107 3681
f 3681 7325 1202
f 7107 799 6075
f 6075 3681 7107
f 798 6702 3681
f 3681 6075 798
f 6702 1203 7325
f 7325 3681 6702
f 1201 7106 3682
f 3682 7326 1201
f 7106 1202 7325
f 7325 3682 7106
f 1203 7108 3682
f 3682 7325 1203
f 7108 1204 7326
f 7326 3682 7108
f 1200 7105 3683
f 3683 7327 1200
f 7105 1201 7326
f 7326 3683 7105
f 1204 7109 3683
f 3683 7326 1204
f 7109 1205 7327
f 7327 3683 7109
f 1207 7112 3684
f 3684 7328 1207
f 7112 572 5566
f 5566 3684 7112
f 571 6701 3684
f 3684 5566 571
f 6701 1198 7328
f 7328 3684 6701
f 1206 7111 3685
f 3685 7329 1206
f 7111 1207 7328
f 7328 3685 7111
f 1198 7103 3685
f 3685 7328 1198
f 7103 1199 7329
f 7329 3685 7103
f 904 5500 3686
f 3686 7330 904
f 5500 164 6057
f 6057 3686 5500
f 488 6992 3686
f 3686 6057 488
f 6992 1087 7330
f 7330 3686 6992
f 906 6801 3687
f 3687 7331 906
f 6801 904 7330
f 7330 3687 6801
f 1087 6991 3687
f 3687 7330 1087
f 6991 1086 7331
f 7331 3687 6991
f 908 6803 3688
f 3688 7332 908
f 6803 906 7331
f 7331 3688 6803
f 1086 6990 3688
f 3688 7331 1086
f 6990 1085 7332
f 7332 3688 6990
f 1083 6169 3689
f 3689 7333 1083
f 6169 508 5584
f 5584 3689 6169
f 148 6809 3689
f 3689 5584 148
f 6809 912 7333
f 7333 3689 6809
f 1084 6988 3690
f 3690 7334 1084
f 6988 1083 7333
f 7333 3690 6988
f 912 6807 3690
f 3690 7333 912
f 6807 910 7334
f 7334 3690 6807
f 883 5438 3691
f 3691 7335 883
f 5438 89 6029
f 6029 3691 5438
f 461 6997 3691
f 3691 6029 461
f 6997 1092 7335
f 7335 3691 6997
f 885 6780 3692
f 3692 7336 885
f 6780 883 7335
f 7335 3692 6780
f 1092 6996 3692
f 3692 7335 1092
f 6996 1091 7336
f 7336 3692 6996
f 887 6782 3693
f 3693 7337 887
f 6782 885 7336
f 7336 3693 6782
f 1091 6995 3693
f 3693 7336 1091
f 6995 1090 7337
f 7337 3693 6995
f 1088 6170 3694
f 3694 7338 1088
f 6170 518 6084
f 6084 3694 6170
f 139 6789 3695
f 3695 6085 139
f 6788 891 7338
f 7338 3694 6788
f 1089 6993 3696
f 3696 7339 1089
f 6993 1088 7338
f 7338 3696 6993
f 891 6786 3696
f 3696 7338 891
f 6786 889 7339
f 7339 3696 6786
f 1212 7117 3697
f 3697 7340 1212
f 7117 585 5598
f 5598 3697 7117
f 586 6704 3697
f 3697 5598 586
f 6704 1213 7340
f 7340 3697 6704
f 1211 7116 3698
f 3698 7341 1211
f 7116 1212 7340
f 7340 3698 7116
f 1213 7118 3698
f 3698 7340 1213
f 7118 1214 7341
f 7341 3698 7118
f 1210 7115 3699
f 3699 7342 1210
f 7115 1211 7341
f 7341 3699 7115
f 1214 7119 3699
f 3699 7341 1214
f 7119 1215 7342
f 7342 3699 7119
f 1217 7122 3700
f 3700 7343 1217
f 7122 553 5406
f 5406 3700 7122
f 552 6703 3700
f 3700 5406 552
f 6703 1208 7343
f 7343 3700 6703
f 1216 7121 3701
f 3701 7344 1216
f 7121 1217 7343
f 7343 3701 7121
f 1208 7113 3701
f 3701 7343 1208
f 7113 1209 7344
f 7344 3701 7113
f 1222 7127 3702
f 3702 7345 1222
f 7127 821 6100
f 6100 3702 7127
f 820 6728 3702
f 3702 6100 820
f 6728 1223 7345
f 7345 3702 6728
f 1221 7126 3703
f 3703 7346 1221
f 7126 1222 7345
f 7345 3703 7126
f 1223 7128 3703
f 3703 7345 1223
f 7128 1224 7346
f 7346 3703 7128
f 1220 7125 3704
f 3704 7347 1220
f 7125 1221 7346
f 7346 3704 7125
f 1224 7129 3704
f 3704 7346 1224
f 7129 1225 7347
f 7347 3704 7129
f 1227 7132 3705
f 3705 7348 1227
f 7132 598 5623
f 5623 3705 7132
f 597 6727 3705
f 3705 5623 597
f 6727 1218 7348
f 7348 3705 6727
f 1226 7131 3706
f 3706 7349 1226
f 7131 1227 7348
f 7348 3706 7131
f 1218 7123 3706
f 3706 7348 1218
f 7123 1219 7349
f 7349 3706 7123
f 924 5505 3708
f 3708 7350 924
f 5504 160 6104
f 6104 3707 5504
f 535 7012 3708
f 3708 6105 535
f 7012 1107 7350
f 7350 3708 7012
f 926 6821 3709
f 3709 7351 926
f 6821 924 7350
f 7350 3709 6821
f 1107 7011 3709
f 3709 7350 1107
f 7011 1106 7351
f 7351 3709 7011
f 928 6823 3710
f 3710 7352 928
f 6823 926 7351
f 7351 3710 6823
f 1106 7010 3710
f 3710 7351 1106
f 7010 1105 7352
f 7352 3710 7010
f 1103 6198 3711
f 3711 7353 1103
f 6198 530 5616
f 5616 3711 6198
f 154 6829 3711
f 3711 5616 154
f 6829 932 7353
f 7353 3711 6829
f 1104 7008 3712
f 3712 7354 1104
f 7008 1103 7353
f 7353 3712 7008
f 932 6827 3712
f 3712 7353 932
f 6827 930 7354
f 7354 3712 6827
f 1077 6982 3713
f 3713 7355 1077
f 6982 497 6440
f 6440 3713 6982
f 786 7017 3713
f 3713 6440 786
f 7017 1112 7355
f 7355 3713 7017
f 1076 6981 3714
f 3714 7356 1076
f 6981 1077 7355
f 7355 3714 6981
f 1112 7016 3714
f 3714 7355 1112
f 7016 1111 7356
f 7356 3714 7016
f 1075 6980 3715
f 3715 7357 1075
f 6980 1076 7356
f 7356 3715 6980
f 1111 7015 3715
f 3715 7356 1111
f 7015 1110 7357
f 7357 3715 7015
f 1108 6503 3716
f 3716 7358 1108
f 6503 787 6441
f 6441 3716 6503
f 500 6145 3716
f 3716 6441 500
f 6145 1073 7358
f 7358 3716 6145
f 1109 7013 3717
f 3717 7359 1109
f 7013 1108 7358
f 7358 3717 7013
f 1073 6978 3717
f 3717 7358 1073
f 6978 1074 7359
f 7359 3717 6978
f 1082 6987 3718
f 3718 7360 1082
f 6987 509 6450
f 6450 3718 6987
f 797 7022 3718
f 3718 6450 797
f 7022 1117 7360
f 7360 3718 7022
f 1081 6986 3719
f 3719 7361 1081
f 6986 1082 7360
f 7360 3719 6986
f 1117 7021 3719
f 3719 7360 1117
f 7021 1116 7361
f 7361 3719 7021
f 1080 6985 3720
f 3720 7362 1080
f 6985 1081 7361
f 7361 3720 6985
f 1116 7020 3720
f 3720 7361 1116
f 7020 1115 7362
f 7362 3720 7020
f 1113 6515 3721
f 3721 7363 1113
f 6515 779 6434
f 6434 3721 6515
f 487 6168 3721
f 3721 6434 487
f 6168 1078 7363
f 7363 3721 6168
f 1114 7018 3722
f 3722 7364 1114
f 7018 1113 7363
f 7363 3722 7018
f 1078 6983 3722
f 3722 7363 1078
f 6983 1079 7364
f 7364 3722 6983
f 1097 7002 3723
f 3723 7365 1097
f 7002 517 6463
f 6463 3723 7002
f 810 7027 3723
f 3723 6463 810
f 7027 1122 7365
f 7365 3723 7027
f 1096 7001 3724
f 3724 7366 1096
f 7001 1097 7365
f 7365 3724 7001
f 1122 7026 3724
f 3724 7365 1122
f 7026 1121 7366
f 7366 3724 7026
f 1095 7000 3725
f 3725 7367 1095
f 7000 1096 7366
f 7366 3725 7000
f 1121 7025 3725
f 3725 7366 1121
f 7025 1120 7367
f 7367 3725 7025
f 1118 6516 3726
f 3726 7368 1118
f 6516 758 6413
f 6413 3726 6516
f 460 6171 3726
f 3726 6413 460
f 6171 1093 7368
f 7368 3726 6171
f 1119 7023 3727
f 3727 7369 1119
f 7023 1118 7368
f 7368 3727 7023
f 1093 6998 3727
f 3727 7368 1093
f 6998 1094 7369
f 7369 3727 6998
f 1102 7007 3728
f 3728 7370 1102
f 7007 531 6470
f 6470 3728 7007
f 819 7032 3728
f 3728 6470 819
f 7032 1127 7370
f 7370 3728 7032
f 1101 7006 3729
f 3729 7371 1101
f 7006 1102 7370
f 7370 3729 7006
f 1127 7031 3729
f 3729 7370 1127
f 7031 1126 7371
f 7371 3729 7031
f 1100 7005 3730
f 3730 7372 1100
f 7005 1101 7371
f 7371 3730 7005
f 1126 7030 3730
f 3730 7371 1126
f 7030 1125 7372
f 7372 3730 7030
f 1123 6528 3731
f 3731 7373 1123
f 6528 825 6476
f 6476 3731 6528
f 534 6197 3731
f 3731 6476 534
f 6197 1098 7373
f 7373 3731 6197
f 1124 7028 3732
f 3732 7374 1124
f 7028 1123 7373
f 7373 3732 7028
f 1098 7003 3732
f 3732 7373 1098
f 7003 1099 7374
f 7374 3732 7003
f 1007 6909 3733
f 3733 7375 1007
f 6909 285 6314
f 6314 3733 6909
f 658 7037 3733
f 3733 6314 658
f 7037 1132 7375
f 7375 3733 7037
f 1006 6908 3734
f 3734 7376 1006
f 6908 1007 7375
f 7375 3734 6908
f 1132 7036 3734
f 3734 7375 1132
f 7036 1131 7376
f 7376 3734 7036
f 1005 6907 3735
f 3735 7377 1005
f 6907 1006 7376
f 7376 3735 6907
f 1131 7035 3735
f 3735 7376 1131
f 7035 1130 7377
f 7377 3735 7035
f 1128 6532 3736
f 3736 7378 1128
f 6532 659 6315
f 6315 3736 6532
f 290 5886 3736
f 3736 6315 290
f 5886 1003 7378
f 7378 3736 5886
f 1129 7033 3737
f 3737 7379 1129
f 7033 1128 7378
f 7378 3737 7033
f 1003 6905 3737
f 3737 7378 1003
f 6905 1004 7379
f 7379 3737 6905
f 1027 6928 3738
f 3738 7380 1027
f 6928 350 6345
f 6345 3738 6928
f 690 7042 3738
f 3738 6345 690
f 7042 1137 7380
f 7380 3738 7042
f 1026 6927 3739
f 3739 7381 1026
f 6927 1027 7380
f 7380 3739 6927
f 1137 7041 3739
f 3739 7380 1137
f 7041 1136 7381
f 7381 3739 7041
f 1025 6926 3740
f 3740 7382 1025
f 6926 1026 7381
f 7381 3740 6926
f 1136 7040 3740
f 3740 7381 1136
f 7040 1135 7382
f 7382 3740 7040
f 1133 6546 3741
f 3741 7383 1133
f 6546 688 6343
f 6343 3741 6546
f 338 5936 3741
f 3741 6343 338
f 5936 1023 7383
f 7383 3741 5936
f 1134 7038 3742
f 3742 7384 1134
f 7038 1133 7383
f 7383 3742 7038
f 1023 6924 3742
f 3742 7383 1023
f 6924 1024 7384
f 7384 3742 6924
f 1052 6957 3743
f 3743 7385 1052
f 6957 383 6366
f 6366 3743 6957
f 709 7047 3743
f 3743 6366 709
f 7047 1142 7385
f 7385 3743 7047
f 1051 6956 3744
f 3744 7386 1051
f 6956 1052 7385
f 7385 3744 6956
f 1142 7046 3744
f 3744 7385 1142
f 7046 1141 7386
f 7386 3744 7046
f 1050 6955 3745
f 3745 7387 1050
f 6955 1051 7386
f 7386 3745 6955
f 1141 7045 3745
f 3745 7386 1141
f 7045 1140 7387
f 7387 3745 7045
f 1138 6552 3746
f 3746 7388 1138
f 6552 710 6367
f 6367 3746 6552
f 394 5957 3746
f 3746 6367 394
f 5957 1048 7388
f 7388 3746 5957
f 1139 7043 3747
f 3747 7389 1139
f 7043 1138 7388
f 7388 3747 7043
f 1048 6953 3747
f 3747 7388 1048
f 6953 1049 7389
f 7389 3747 6953
f 1067 6972 3748
f 3748 7390 1067
f 6972 428 6387
f 6387 3748 6972
f 730 7052 3748
f 3748 6387 730
f 7052 1147 7390
f 7390 3748 7052
f 1066 6971 3749
f 3749 7391 1066
f 6971 1067 7390
f 7390 3749 6971
f 1147 7051 3749
f 3749 7390 1147
f 7051 1146 7391
f 7391 3749 7051
f 1065 6970 3750
f 3750 7392 1065
f 6970 1066 7391
f 7391 3750 6970
f 1146 7050 3750
f 3750 7391 1146
f 7050 1145 7392
f 7392 3750 7050
f 1143 6564 3751
f 3751 7393 1143
f 6564 722 6379
f 6379 3751 6564
f 409 6002 3751
f 3751 6379 409
f 6002 1063 7393
f 7393 3751 6002
f 1144 7048 3752
f 3752 7394 1144
f 7048 1143 7393
f 7393 3752 7048
f 1063 6968 3752
f 3752 7393 1063
f 6968 1064 7394
f 7394 3752 6968
f 948 5599 3753
f 3753 7395 948
f 5599 118 6257
f 6257 3753 5599
f 599 7057 3753
f 3753 6257 599
f 7057 1152 7395
f 7395 3753 7057
f 949 6845 3754
f 3754 7396 949
f 6845 948 7395
f 7395 3754 6845
f 1152 7056 3754
f 3754 7395 1152
f 7056 1151 7396
f 7396 3754 7056
f 950 6846 3755
f 3755 7397 950
f 6846 949 7396
f 7396 3755 6846
f 1151 7055 3755
f 3755 7396 1151
f 7055 1150 7397
f 7397 3755 7055
f 1148 6568 3756
f 3756 7398 1148
f 6568 661 6317
f 6317 3756 6568
f 224 6849 3756
f 3756 6317 224
f 6849 952 7398
f 7398 3756 6849
f 1149 7053 3757
f 3757 7399 1149
f 7053 1148 7398
f 7398 3757 7053
f 952 6848 3757
f 3757 7398 952
f 6848 951 7399
f 7399 3757 6848
f 1003 5886 3758
f 3758 7400 1003
f 5886 290 6316
f 6316 3758 5886
f 660 7062 3758
f 3758 6316 660
f 7062 1157 7400
f 7400 3758 7062
f 1004 6905 3759
f 3759 7401 1004
f 6905 1003 7400
f 7400 3759 6905
f 1157 7061 3759
f 3759 7400 1157
f 7061 1156 7401
f 7401 3759 7061
f 1005 6906 3760
f 3760 7402 1005
f 6906 1004 7401
f 7401 3760 6906
f 1156 7060 3760
f 3760 7401 1156
f 7060 1155 7402
f 7402 3760 7060
f 1153 6569 3761
f 3761 7403 1153
f 6569 600 6258
f 6258 3761 6569
f 285 6909 3761
f 3761 6258 285
f 6909 1007 7403
f 7403 3761 6909
f 1154 7058 3762
f 3762 7404 1154
f 7058 1153 7403
f 7403 3762 7058
f 1007 6908 3762
f 3762 7403 1007
f 6908 1006 7404
f 7404 3762 6908
f 953 5624 3763
f 3763 7405 953
f 5624 235 6347
f 6347 3763 5624
f 692 7067 3763
f 3763 6347 692
f 7067 1162 7405
f 7405 3763 7067
f 954 6850 3764
f 3764 7406 954
f 6850 953 7405
f 7405 3764 6850
f 1162 7066 3764
f 3764 7405 1162
f 7066 1161 7406
f 7406 3764 7066
f 955 6851 3765
f 3765 7407 955
f 6851 954 7406
f 7406 3765 6851
f 1161 7065 3765
f 3765 7406 1161
f 7065 1160 7407
f 7407 3765 7065
f 1158 6600 3766
f 3766 7408 1158
f 6600 619 6275
f 6275 3766 6600
f 233 6854 3766
f 3766 6275 233
f 6854 957 7408
f 7408 3766 6854
f 1159 7063 3767
f 3767 7409 1159
f 7063 1158 7408
f 7408 3767 7063
f 957 6853 3767
f 3767 7408 957
f 6853 956 7409
f 7409 3767 6853
f 1023 5936 3768
f 3768 7410 1023
f 5936 338 6276
f 6276 3768 5936
f 620 7072 3768
f 3768 6276 620
f 7072 1167 7410
f 7410 3768 7072
f 1024 6924 3769
f 3769 7411 1024
f 6924 1023 7410
f 7410 3769 6924
f 1167 7071 3769
f 3769 7410 1167
f 7071 1166 7411
f 7411 3769 7071
f 1025 6925 3770
f 3770 7412 1025
f 6925 1024 7411
f 7411 3770 6925
f 1166 7070 3770
f 3770 7411 1166
f 7070 1165 7412
f 7412 3770 7070
f 1163 6601 3771
f 3771 7413 1163
f 6601 691 6346
f 6346 3771 6601
f 350 6928 3771
f 3771 6346 350
f 6928 1027 7413
f 7413 3771 6928
f 1164 7068 3772
f 3772 7414 1164
f 7068 1163 7413
f 7413 3772 7068
f 1027 6927 3772
f 3772 7413 1027
f 6927 1026 7414
f 7414 3772 6927
f 938 5577 3773
f 3773 7415 938
f 5577 215 6294
f 6294 3773 5577
f 637 7077 3773
f 3773 6294 637
f 7077 1172 7415
f 7415 3773 7077
f 939 6835 3774
f 3774 7416 939
f 6835 938 7415
f 7415 3774 6835
f 1172 7076 3774
f 3774 7415 1172
f 7076 1171 7416
f 7416 3774 7076
f 940 6836 3775
f 3775 7417 940
f 6836 939 7416
f 7416 3775 6836
f 1171 7075 3775
f 3775 7416 1171
f 7075 1170 7417
f 7417 3775 7075
f 1168 6614 3776
f 3776 7418 1168
f 6614 712 6369
f 6369 3776 6614
f 214 6839 3776
f 3776 6369 214
f 6839 942 7418
f 7418 3776 6839
f 1169 7073 3777
f 3777 7419 1169
f 7073 1168 7418
f 7418 3777 7073
f 942 6838 3777
f 3777 7418 942
f 6838 941 7419
f 7419 3777 6838
f 1048 5957 3778
f 3778 7420 1048
f 5957 394 6368
f 6368 3778 5957
f 711 7082 3778
f 3778 6368 711
f 7082 1177 7420
f 7420 3778 7082
f 1049 6953 3779
f 3779 7421 1049
f 6953 1048 7420
f 7420 3779 6953
f 1177 7081 3779
f 3779 7420 1177
f 7081 1176 7421
f 7421 3779 7081
f 1050 6954 3780
f 3780 7422 1050
f 6954 1049 7421
f 7421 3780 6954
f 1176 7080 3780
f 3780 7421 1176
f 7080 1175 7422
f 7422 3780 7080
f 1173 6615 3781
f 3781 7423 1173
f 6615 638 6295
f 6295 3781 6615
f 383 6957 3781
f 3781 6295 383
f 6957 1052 7423
f 7423 3781 6957
f 1174 7078 3782
f 3782 7424 1174
f 7078 1173 7423
f 7423 3782 7078
f 1052 6956 3782
f 3782 7423 1052
f 6956 1051 7424
f 7424 3782 6956
f 943 5597 3783
f 3783 7425 943
f 5597 210 6312
f 6312 3783 5597
f 656 7087 3783
f 3783 6312 656
f 7087 1182 7425
f 7425 3783 7087
f 944 6840 3784
f 3784 7426 944
f 6840 943 7425
f 7425 3784 6840
f 1182 7086 3784
f 3784 7425 1182
f 7086 1181 7426
f 7426 3784 7086
f 945 6841 3785
f 3785 7427 945
f 6841 944 7426
f 7426 3785 6841
f 1181 7085 3785
f 3785 7426 1181
f 7085 1180 7427
f 7427 3785 7085
f 1178 6642 3786
f 3786 7428 1178
f 6642 646 6302
f 6302 3786 6642
f 220 6844 3786
f 3786 6302 220
f 6844 947 7428
f 7428 3786 6844
f 1179 7083 3787
f 3787 7429 1179
f 7083 1178 7428
f 7428 3787 7083
f 947 6843 3787
f 3787 7428 947
f 6843 946 7429
f 7429 3787 6843
f 1063 6002 3788
f 3788 7430 1063
f 6002 409 6303
f 6303 3788 6002
f 647 7092 3788
f 3788 6303 647
f 7092 1187 7430
f 7430 3788 7092
f 1064 6968 3789
f 3789 7431 1064
f 6968 1063 7430
f 7430 3789 6968
f 1187 7091 3789
f 3789 7430 1187
f 7091 1186 7431
f 7431 3789 7091
f 1065 6969 3790
f 3790 7432 1065
f 6969 1064 7431
f 7431 3790 6969
f 1186 7090 3790
f 3790 7431 1186
f 7090 1185 7432
f 7432 3790 7090
f 1183 6643 3791
f 3791 7433 1183
f 6643 657 6313
f 6313 3791 6643
f 428 6972 3791
f 3791 6313 428
f 6972 1067 7433
f 7433 3791 6972
f 1184 7088 3792
f 3792 7434 1184
f 7088 1183 7433
f 7433 3792 7088
f 1067 6971 3792
f 3792 7433 1067
f 6971 1066 7434
f 7434 3792 6971
f 942 6839 3793
f 3793 7435 942
f 6839 214 6238
f 6238 3793 6839
f 578 7097 3793
f 3793 6238 578
f 7097 1192 7435
f 7435 3793 7097
f 941 6838 3794
f 3794 7436 941
f 6838 942 7435
f 7435 3794 6838
f 1192 7096 3794
f 3794 7435 1192
f 7096 1191 7436
f 7436 3794 7096
f 940 6837 3795
f 3795 7437 940
f 6837 941 7436
f 7436 3795 6837
f 1191 7095 3795
f 3795 7436 1191
f 7095 1190 7437
f 7437 3795 7095
f 1188 6678 3796
f 3796 7438 1188
f 6678 789 6443
f 6443 3796 6678
f 215 5577 3796
f 3796 6443 215
f 5577 938 7438
f 7438 3796 5577
f 1189 7093 3797
f 3797 7439 1189
f 7093 1188 7438
f 7438 3797 7093
f 938 6835 3797
f 3797 7438 938
f 6835 939 7439
f 7439 3797 6835
f 1073 6145 3798
f 3798 7440 1073
f 6145 500 6442
f 6442 3798 6145
f 788 7102 3798
f 3798 6442 788
f 7102 1197 7440
f 7440 3798 7102
f 1074 6978 3799
f 3799 7441 1074
f 6978 1073 7440
f 7440 3799 6978
f 1197 7101 3799
f 3799 7440 1197
f 7101 1196 7441
f 7441 3799 7101
f 1075 6979 3800
f 3800 7442 1075
f 6979 1074 7441
f 7441 3800 6979
f 1196 7100 3800
f 3800 7441 1196
f 7100 1195 7442
f 7442 3800 7100
f 1193 6679 3801
f 3801 7443 1193
f 6679 579 6239
f 6239 3801 6679
f 497 6982 3801
f 3801 6239 497
f 6982 1077 7443
f 7443 3801 6982
f 1194 7098 3802
f 3802 7444 1194
f 7098 1193 7443
f 7443 3802 7098
f 1077 6981 3802
f 3802 7443 1077
f 6981 1076 7444
f 7444 3802 6981
f 947 6844 3803
f 3803 7445 947
f 6844 220 6452
f 6452 3803 6844
f 799 7107 3803
f 3803 6452 799
f 7107 1202 7445
f 7445 3803 7107
f 946 6843 3804
f 3804 7446 946
f 6843 947 7445
f 7445 3804 6843
f 1202 7106 3804
f 3804 7445 1202
f 7106 1201 7446
f 7446 3804 7106
f 945 6842 3805
f 3805 7447 945
f 6842 946 7446
f 7446 3805 6842
f 1201 7105 3805
f 3805 7446 1201
f 7105 1200 7447
f 7447 3805 7105
f 1198 6701 3806
f 3806 7448 1198
f 6701 571 6231
f 6231 3806 6701
f 210 5597 3806
f 3806 6231 210
f 5597 943 7448
f 7448 3806 5597
f 1199 7103 3807
f 3807 7449 1199
f 7103 1198 7448
f 7448 3807 7103
f 943 6840 3807
f 3807 7448 943
f 6840 944 7449
f 7449 3807 6840
f 1078 6168 3808
f 3808 7450 1078
f 6168 487 6232
f 6232 3808 6168
f 572 7112 3808
f 3808 6232 572
f 7112 1207 7450
f 7450 3808 7112
f 1079 6983 3809
f 3809 7451 1079
f 6983 1078 7450
f 7450 3809 6983
f 1207 7111 3809
f 3809 7450 1207
f 7111 1206 7451
f 7451 3809 7111
f 1080 6984 3810
f 3810 7452 1080
f 6984 1079 7451
f 7451 3810 6984
f 1206 7110 3810
f 3810 7451 1206
f 7110 1205 7452
f 7452 3810 7110
f 1203 6702 3811
f 3811 7453 1203
f 6702 798 6451
f 6451 3811 6702
f 509 6987 3811
f 3811 6451 509
f 6987 1082 7453
f 7453 3811 6987
f 1204 7108 3812
f 3812 7454 1204
f 7108 1203 7453
f 7453 3812 7108
f 1082 6986 3812
f 3812 7453 1082
f 6986 1081 7454
f 7454 3812 6986
f 952 6849 3813
f 3813 7455 952
f 6849 224 6245
f 6245 3813 6849
f 585 7117 3813
f 3813 6245 585
f 7117 1212 7455
f 7455 3813 7117
f 951 6848 3814
f 3814 7456 951
f 6848 952 7455
f 7455 3814 6848
f 1212 7116 3814
f 3814 7455 1212
f 7116 1211 7456
f 7456 3814 7116
f 950 6847 3815
f 3815 7457 950
f 6847 951 7456
f 7456 3815 6847
f 1211 7115 3815
f 3815 7456 1211
f 7115 1210 7457
f 7457 3815 7115
f 1208 6703 3816
f 3816 7458 1208
f 6703 552 6213
f 6213 3816 6703
f 118 5599 3816
f 3816 6213 118
f 5599 948 7458
f 7458 3816 5599
f 1209 7113 3817
f 3817 7459 1209
f 7113 1208 7458
f 7458 3817 7113
f 948 6845 3817
f 3817 7458 948
f 6845 949 7459
f 7459 3817 6845
f 1093 6171 3818
f 3818 7460 1093
f 6171 460 6214
f 6214 3818 6171
f 553 7122 3818
f 3818 6214 553
f 7122 1217 7460
f 7460 3818 7122
f 1094 6998 3819
f 3819 7461 1094
f 6998 1093 7460
f 7460 3819 6998
f 1217 7121 3819
f 3819 7460 1217
f 7121 1216 7461
f 7461 3819 7121
f 1095 6999 3820
f 3820 7462 1095
f 6999 1094 7461
f 7461 3820 6999
f 1216 7120 3820
f 3820 7461 1216
f 7120 1215 7462
f 7462 3820 7120
f 1213 6704 3821
f 3821 7463 1213
f 6704 586 6246
f 6246 3821 6704
f 517 7002 3821
f 3821 6246 517
f 7002 1097 7463
f 7463 3821 7002
f 1214 7118 3822
f 3822 7464 1214
f 7118 1213 7463
f 7463 3822 7118
f 1097 7001 3822
f 3822 7463 1097
f 7001 1096 7464
f 7464 3822 7001
f 957 6854 3823
f 3823 7465 957
f 6854 233 6472
f 6472 3823 6854
f 821 7127 3823
f 3823 6472 821
f 7127 1222 7465
f 7465 3823 7127
f 956 6853 3824
f 3824 7466 956
f 6853 957 7465
f 7465 3824 6853
f 1222 7126 3824
f 3824 7465 1222
f 7126 1221 7466
f 7466 3824 7126
f 955 6852 3825
f 3825 7467 955
f 6852 956 7466
f 7466 3825 6852
f 1221 7125 3825
f 3825 7466 1221
f 7125 1220 7467
f 7467 3825 7125
f 1218 6727 3826
f 3826 7468 1218
f 6727 597 6255
f 6255 3826 6727
f 235 5624 3826
f 3826 6255 235
f 5624 953 7468
f 7468 3826 5624
f 1219 7123 3827
f 3827 7469 1219
f 7123 1218 7468
f 7468 3827 7123
f 953 6850 3827
f 3827 7468 953
f 6850 954 7469
f 7469 3827 6850
f 1098 6197 3828
f 3828 7470 1098
f 6197 534 6256
f 6256 3828 6197
f 598 7132 3828
f 3828 6256 598
f 7132 1227 7470
f 7470 3828 7132
f 1099 7003 3829
f 3829 7471 1099
f 7003 1098 7470
f 7470 3829 7003
f 1227 7131 3829
f 3829 7470 1227
f 7131 1226 7471
f 7471 3829 7131
f 1100 7004 3830
f 3830 7472 1100
f 7004 1099 7471
f 7471 3830 7004
f 1226 7130 3830
f 3830 7471 1226
f 7130 1225 7472
f 7472 3830 7130
f 1223 6728 3831
f 3831 7473 1223
f 6728 820 6471
f 6471 3831 6728
f 531 7007 3831
f 3831 6471 531
f 7007 1102 7473
f 7473 3831 7007
f 1224 7128 3832
f 3832 7474 1224
f 7128 1223 7473
f 7473 3832 7128
f 1102 7006 3832
f 3832 7473 1102
f 7006 1101 7474
f 7474 3832 7006
f 1841 8617 3833
f 3833 10184 1841
f 8617 1842 10176
f 10176 3833 8617
f 2439 9224 3833
f 3833 10176 2439
f 9224 2438 10184
f 10184 3833 9224
f 2438 9224 3834
f 3834 10201 2438
f 9224 2439 10192
f 10192 3834 9224
f 2470 9253 3834
f 3834 10192 2470
f 9253 2468 10201
f 10201 3834 9253
f 2467 9252 3838
f 3835 10246 2465
f 9253 2470 10213
f 10213 3835 9253
f 2505 9286 3836
f 3835 10213 2506
f 9287 2501 10245
f 10249 3837 9289
f 2503 9288 3840
f 3839 10284 2502
f 9288 2507 10264
f 10264 3840 9288
f 2544 9323 3841
f 3841 10265 2544
f 9323 2542 10285
f 10285 3841 9323
f 1825 8601 3842
f 3842 10301 1825
f 8601 1826 10293
f 10293 3842 8601
f 2573 9351 3842
f 3842 10293 2573
f 9351 2572 10301
f 10301 3842 9351
f 2572 9351 3844
f 3844 10323 2572
f 9351 2573 10312
f 10312 3844 9351
f 2598 9376 3844
f 3843 10311 2599
f 9376 2596 10322
f 10323 3844 9376
f 2597 9377 3845
f 3845 10363 2597
f 9377 2600 10341
f 10341 3845 9377
f 2637 9413 3846
f 3846 10342 2637
f 9413 2634 10364
f 10364 3846 9413
f 2678 9461 3847
f 3847 10406 2678
f 9461 2679 10391
f 10391 3847 9461
f 2705 9488 3847
f 3847 10391 2705
f 9488 2702 10406
f 10406 3847 9488
f 2703 9489 3848
f 3850 10446 2704
f 9490 2706 10425
f 10424 3848 9489
f 2739 9523 3851
f 3849 10426 2738
f 9522 2734 10447
f 10448 3851 9523
f 1865 8644 3852
f 3852 10464 1865
f 8644 1866 10456
f 10456 3852 8644
f 2764 9551 3852
f 3852 10456 2764
f 9551 2763 10464
f 10464 3852 9551
f 2763 9551 3853
f 3853 10480 2763
f 9551 2764 10472
f 10472 3853 9551
f 2780 9567 3853
f 3853 10472 2780
f 9567 2779 10480
f 10480 3853 9567
f 2779 9567 3854
f 3854 10498 2779
f 9567 2780 10490
f 10490 3854 9567
f 2798 9585 3854
f 3854 10490 2798
f 9585 2797 10498
f 10498 3854 9585
f 1249 5248 3855
f 3855 8044 1249
f 5248 8 5261
f 5261 3855 5248
f 19 5262 3855
f 3855 5261 19
f 5262 1256 8044
f 8044 3855 5262
f 1250 7496 3856
f 3856 8045 1250
f 7496 1249 8044
f 8044 3856 7496
f 1256 7503 3856
f 3856 8044 1256
f 7503 1258 8045
f 8045 3856 7503
f 1251 7497 3857
f 3857 8046 1251
f 7497 1250 8045
f 8045 3857 7497
f 1258 7505 3857
f 3857 8045 1258
f 7505 1260 8046
f 8046 3857 7505
f 1252 7498 3858
f 3858 8047 1252
f 7498 1251 8046
f 8046 3858 7498
f 1260 7507 3858
f 3858 8046 1260
f 7507 1262 8047
f 8047 3858 7507
f 1268 7515 3859
f 3859 8048 1268
f 7515 21 5264
f 5264 3859 7515
f 5 7502 3859
f 3859 5264 5
f 7502 1255 8048
f 8048 3859 7502
f 1266 7513 3860
f 3860 8049 1266
f 7513 1268 8048
f 8048 3860 7513
f 1255 7501 3860
f 3860 8048 1255
f 7501 1254 8049
f 8049 3860 7501
f 1264 7511 3861
f 3861 8050 1264
f 7511 1266 8049
f 8049 3861 7511
f 1254 7500 3861
f 3861 8049 1254
f 7500 1253 8050
f 8050 3861 7500
f 1228 5243 3862
f 3862 8051 1228
f 5243 3 5268
f 5268 3862 5243
f 25 5269 3862
f 3862 5268 25
f 5269 1270 8051
f 8051 3862 5269
f 1229 7475 3863
f 3863 8052 1229
f 7475 1228 8051
f 8051 3863 7475
f 1270 7517 3863
f 3863 8051 1270
f 7517 1272 8052
f 8052 3863 7517
f 1230 7476 3864
f 3864 8053 1230
f 7476 1229 8052
f 8052 3864 7476
f 1272 7519 3864
f 3864 8052 1272
f 7519 1274 8053
f 8053 3864 7519
f 1231 7477 3865
f 3865 8054 1231
f 7477 1230 8053
f 8053 3865 7477
f 1274 7521 3865
f 3865 8053 1274
f 7521 1276 8054
f 8054 3865 7521
f 1282 7529 3866
f 3866 8055 1282
f 7529 27 5271
f 5271 3866 7529
f 4 7481 3866
f 3866 5271 4
f 7481 1234 8055
f 8055 3866 7481
f 1280 7527 3867
f 3867 8056 1280
f 7527 1282 8055
f 8055 3867 7527
f 1234 7480 3867
f 3867 8055 1234
f 7480 1233 8056
f 8056 3867 7480
f 1278 7525 3868
f 3868 8057 1278
f 7525 1280 8056
f 8056 3868 7525
f 1233 7479 3868
f 3868 8056 1233
f 7479 1232 8057
f 8057 3868 7479
f 1296 7543 3869
f 3869 8058 1296
f 7543 65 5316
f 5316 3869 7543
f 63 5425 3869
f 3869 5316 63
f 5425 1298 8058
f 8058 3869 5425
f 1294 7541 3870
f 3870 8059 1294
f 7541 1296 8058
f 8058 3870 7541
f 1298 7545 3870
f 3870 8058 1298
f 7545 1299 8059
f 8059 3870 7545
f 1292 7539 3871
f 3871 8060 1292
f 7539 1294 8059
f 8059 3871 7539
f 1299 7546 3871
f 3871 8059 1299
f 7546 1300 8060
f 8060 3871 7546
f 1290 7537 3872
f 3872 8061 1290
f 7537 1292 8060
f 8060 3872 7537
f 1300 7547 3872
f 3872 8060 1300
f 7547 1302 8061
f 8061 3872 7547
f 1308 7555 3873
f 3873 8062 1308
f 7555 129 5422
f 5422 3873 7555
f 131 5423 3873
f 3873 5422 131
f 5423 1284 8062
f 8062 3873 5423
f 1306 7553 3874
f 3874 8063 1306
f 7553 1308 8062
f 8062 3874 7553
f 1284 7531 3874
f 3874 8062 1284
f 7531 1286 8063
f 8063 3874 7531
f 1304 7551 3875
f 3875 8064 1304
f 7551 1306 8063
f 8063 3875 7551
f 1286 7533 3875
f 3875 8063 1286
f 7533 1288 8064
f 8064 3875 7533
f 1322 7570 3877
f 3877 8066 1322
f 7569 105 5375
f 5375 3876 7569
f 103 5445 3876
f 3876 5375 103
f 5445 1323 8065
f 8065 3876 5445
f 1319 7567 3878
f 3878 8067 1319
f 7567 1321 8065
f 8065 3878 7567
f 1323 7571 3878
f 3878 8065 1323
f 7571 1325 8067
f 8067 3878 7571
f 1317 7565 3879
f 3879 8068 1317
f 7565 1319 8067
f 8067 3879 7565
f 1325 7573 3879
f 3879 8067 1325
f 7573 1327 8068
f 8068 3879 7573
f 1315 7563 3880
f 3880 8069 1315
f 7563 1317 8068
f 8068 3880 7563
f 1327 7575 3880
f 3880 8068 1327
f 7575 1329 8069
f 8069 3880 7575
f 1335 7583 3881
f 3881 8070 1335
f 7583 143 5442
f 5442 3881 7583
f 145 5444 3882
f 3882 5443 145
f 5444 1310 8071
f 8071 3882 5444
f 1333 7581 3883
f 3883 8072 1333
f 7581 1335 8070
f 8070 3883 7581
f 1310 7558 3884
f 3884 8071 1310
f 7557 1311 8072
f 8072 3883 7557
f 1331 7579 3885
f 3885 8073 1331
f 7579 1333 8072
f 8072 3885 7579
f 1311 7559 3885
f 3885 8072 1311
f 7559 1313 8073
f 8073 3885 7559
f 1285 5424 3886
f 3886 8074 1285
f 5424 132 5478
f 5478 3886 5424
f 2 7488 3886
f 3886 5478 2
f 7488 1241 8074
f 8074 3886 7488
f 1287 7532 3887
f 3887 8075 1287
f 7532 1285 8074
f 8074 3887 7532
f 1241 7487 3887
f 3887 8074 1241
f 7487 1240 8075
f 8075 3887 7487
f 1289 7534 3888
f 3888 8076 1289
f 7534 1287 8075
f 8075 3888 7534
f 1240 7486 3888
f 3888 8075 1240
f 7486 1239 8076
f 8076 3888 7486
f 1291 7536 3889
f 3889 8077 1291
f 7536 1289 8076
f 8076 3889 7536
f 1239 7485 3889
f 3889 8076 1239
f 7485 1238 8077
f 8077 3889 7485
f 1235 5245 3890
f 3890 8078 1235
f 5245 1 5449
f 5449 3890 5245
f 66 7544 3890
f 3890 5449 66
f 7544 1297 8078
f 8078 3890 7544
f 1236 7482 3891
f 3891 8079 1236
f 7482 1235 8078
f 8078 3891 7482
f 1297 7542 3891
f 3891 8078 1297
f 7542 1295 8079
f 8079 3891 7542
f 1237 7483 3892
f 3892 8080 1237
f 7483 1236 8079
f 8079 3892 7483
f 1295 7540 3892
f 3892 8079 1295
f 7540 1293 8080
f 8080 3892 7540
f 1310 5444 3893
f 3893 8081 1310
f 5444 145 5482
f 5482 3893 5444
f 7 7495 3893
f 3893 5482 7
f 7495 1248 8081
f 8081 3893 7495
f 1312 7558 3894
f 3894 8082 1312
f 7558 1310 8081
f 8081 3894 7558
f 1248 7494 3894
f 3894 8081 1248
f 7494 1247 8082
f 8082 3894 7494
f 1314 7560 3895
f 3895 8083 1314
f 7560 1312 8082
f 8082 3895 7560
f 1247 7493 3895
f 3895 8082 1247
f 7493 1246 8083
f 8083 3895 7493
f 1316 7562 3896
f 3896 8084 1316
f 7562 1314 8083
f 8083 3896 7562
f 1246 7492 3896
f 3896 8083 1246
f 7492 1245 8084
f 8084 3896 7492
f 1242 5246 3897
f 3897 8085 1242
f 5246 6 5469
f 5469 3897 5246
f 106 7570 3897
f 3897 5469 106
f 7570 1322 8085
f 8085 3897 7570
f 1243 7489 3898
f 3898 8086 1243
f 7489 1242 8085
f 8085 3898 7489
f 1322 7568 3898
f 3898 8085 1322
f 7568 1320 8086
f 8086 3898 7568
f 1244 7490 3899
f 3899 8087 1244
f 7490 1243 8086
f 8086 3899 7490
f 1320 7566 3899
f 3899 8086 1320
f 7566 1318 8087
f 8087 3899 7566
f 1350 7597 3900
f 3900 8088 1350
f 7597 149 5459
f 5459 3900 7597
f 22 7516 3900
f 3900 5459 22
f 7516 1269 8088
f 8088 3900 7516
f 1348 7596 3901
f 3901 8089 1348
f 7596 1350 8088
f 8088 3901 7596
f 1269 7514 3901
f 3901 8088 1269
f 7514 1267 8089
f 8089 3901 7514
f 1346 7594 3902
f 3902 8090 1346
f 7594 1348 8089
f 8089 3902 7594
f 1267 7512 3902
f 3902 8089 1267
f 7512 1265 8090
f 8090 3902 7512
f 1344 7592 3903
f 3903 8091 1344
f 7592 1346 8090
f 8090 3903 7592
f 1265 7510 3903
f 3903 8090 1265
f 7510 1263 8091
f 8091 3903 7510
f 1257 5263 3904
f 3904 8092 1257
f 5263 20 5485
f 5485 3904 5263
f 157 5484 3904
f 3904 5485 157
f 5484 1338 8092
f 8092 3904 5484
f 1259 7504 3905
f 3905 8093 1259
f 7504 1257 8092
f 8092 3905 7504
f 1338 7586 3905
f 3905 8092 1338
f 7586 1340 8093
f 8093 3905 7586
f 1261 7506 3906
f 3906 8094 1261
f 7506 1259 8093
f 8093 3906 7506
f 1340 7588 3906
f 3906 8093 1340
f 7588 1342 8094
f 8094 3906 7588
f 1364 7611 3907
f 3907 8095 1364
f 7611 152 5466
f 5466 3907 7611
f 28 7530 3907
f 3907 5466 28
f 7530 1283 8095
f 8095 3907 7530
f 1362 7609 3908
f 3908 8096 1362
f 7609 1364 8095
f 8095 3908 7609
f 1283 7528 3908
f 3908 8095 1283
f 7528 1281 8096
f 8096 3908 7528
f 1360 7607 3909
f 3909 8097 1360
f 7607 1362 8096
f 8096 3909 7607
f 1281 7526 3909
f 3909 8096 1281
f 7526 1279 8097
f 8097 3909 7526
f 1358 7605 3910
f 3910 8098 1358
f 7605 1360 8097
f 8097 3910 7605
f 1279 7524 3910
f 3910 8097 1279
f 7524 1277 8098
f 8098 3910 7524
f 1271 5270 3911
f 3911 8099 1271
f 5270 26 5488
f 5488 3911 5270
f 159 5487 3911
f 3911 5488 159
f 5487 1352 8099
f 8099 3911 5487
f 1273 7518 3912
f 3912 8100 1273
f 7518 1271 8099
f 8099 3912 7518
f 1352 7599 3912
f 3912 8099 1352
f 7599 1354 8100
f 8100 3912 7599
f 1275 7520 3913
f 3913 8101 1275
f 7520 1273 8100
f 8100 3913 7520
f 1354 7601 3913
f 3913 8100 1354
f 7601 1356 8101
f 8101 3913 7601
f 1556 7808 3914
f 3914 8102 1556
f 7808 489 6058
f 6058 3914 7808
f 780 6500 3914
f 3914 6058 780
f 6500 1608 8102
f 8102 3914 6500
f 1555 7807 3915
f 3915 8103 1555
f 7807 1556 8102
f 8102 3915 7807
f 1608 7859 3915
f 3915 8102 1608
f 7859 1609 8103
f 8103 3915 7859
f 1554 7806 3916
f 3916 8104 1554
f 7806 1555 8103
f 8103 3916 7806
f 1609 7860 3916
f 3916 8103 1609
f 7860 1610 8104
f 8104 3916 7860
f 1553 7805 3917
f 3917 8105 1553
f 7805 1554 8104
f 8104 3917 7805
f 1610 7861 3917
f 3917 8104 1610
f 7861 1611 8105
f 8105 3917 7861
f 1614 7865 3918
f 3918 8106 1614
f 7865 772 6046
f 6046 3918 7865
f 477 6138 3918
f 3918 6046 477
f 6138 1550 8106
f 8106 3918 6138
f 1613 7864 3919
f 3919 8107 1613
f 7864 1614 8106
f 8106 3919 7864
f 1550 7802 3919
f 3919 8106 1550
f 7802 1551 8107
f 8107 3919 7802
f 1612 7863 3920
f 3920 8108 1612
f 7863 1613 8107
f 8107 3920 7863
f 1551 7803 3920
f 3920 8107 1551
f 7803 1552 8108
f 8108 3920 7803
f 1621 7872 3921
f 3921 8109 1621
f 7872 803 6078
f 6078 3921 7872
f 512 6165 3921
f 3921 6078 512
f 6165 1573 8109
f 8109 3921 6165
f 1620 7871 3922
f 3922 8110 1620
f 7871 1621 8109
f 8109 3922 7871
f 1573 7824 3922
f 3922 8109 1573
f 7824 1574 8110
f 8110 3922 7824
f 1619 7870 3923
f 3923 8111 1619
f 7870 1620 8110
f 8110 3923 7870
f 1574 7825 3923
f 3923 8110 1574
f 7825 1575 8111
f 8111 3923 7825
f 1618 7869 3924
f 3924 8112 1618
f 7869 1619 8111
f 8111 3924 7869
f 1575 7826 3924
f 3924 8111 1575
f 7826 1576 8112
f 8112 3924 7826
f 1579 7830 3925
f 3925 8113 1579
f 7830 515 6081
f 6081 3925 7830
f 807 6513 3925
f 3925 6081 807
f 6513 1615 8113
f 8113 3925 6513
f 1578 7829 3926
f 3926 8114 1578
f 7829 1579 8113
f 8113 3926 7829
f 1615 7866 3926
f 3926 8113 1615
f 7866 1616 8114
f 8114 3926 7866
f 1577 7828 3927
f 3927 8115 1577
f 7828 1578 8114
f 8114 3927 7828
f 1616 7867 3927
f 3927 8114 1616
f 7867 1617 8115
f 8115 3927 7867
f 1586 7837 3928
f 3928 8116 1586
f 7837 471 6039
f 6039 3928 7837
f 767 6518 3928
f 3928 6039 767
f 6518 1622 8116
f 8116 3928 6518
f 1585 7836 3929
f 3929 8117 1585
f 7836 1586 8116
f 8116 3929 7836
f 1622 7873 3929
f 3929 8116 1622
f 7873 1623 8117
f 8117 3929 7873
f 1584 7835 3930
f 3930 8118 1584
f 7835 1585 8117
f 8117 3930 7835
f 1623 7874 3930
f 3930 8117 1623
f 7874 1624 8118
f 8118 3930 7874
f 1583 7834 3931
f 3931 8119 1583
f 7834 1584 8118
f 8118 3931 7834
f 1624 7875 3931
f 3931 8118 1624
f 7875 1625 8119
f 8119 3931 7875
f 1628 7879 3932
f 3932 8120 1628
f 7879 813 6091
f 6091 3932 7879
f 524 6175 3932
f 3932 6091 524
f 6175 1580 8120
f 8120 3932 6175
f 1627 7878 3933
f 3933 8121 1627
f 7878 1628 8120
f 8120 3933 7878
f 1580 7831 3933
f 3933 8120 1580
f 7831 1581 8121
f 8121 3933 7831
f 1626 7877 3934
f 3934 8122 1626
f 7877 1627 8121
f 8121 3934 7877
f 1581 7832 3934
f 3934 8121 1581
f 7832 1582 8122
f 8122 3934 7832
f 1635 7886 3935
f 3935 8123 1635
f 7886 816 6097
f 6097 3935 7886
f 528 6194 3935
f 3935 6097 528
f 6194 1601 8123
f 8123 3935 6194
f 1634 7885 3936
f 3936 8124 1634
f 7885 1635 8123
f 8123 3936 7885
f 1601 7852 3936
f 3936 8123 1601
f 7852 1602 8124
f 8124 3936 7852
f 1633 7884 3937
f 3937 8125 1633
f 7884 1634 8124
f 8124 3937 7884
f 1602 7853 3937
f 3937 8124 1602
f 7853 1603 8125
f 8125 3937 7853
f 1632 7883 3938
f 3938 8126 1632
f 7883 1633 8125
f 8125 3938 7883
f 1603 7854 3938
f 3938 8125 1603
f 7854 1604 8126
f 8126 3938 7854
f 1607 7858 3939
f 3939 8127 1607
f 7858 532 6101
f 6101 3939 7858
f 822 6526 3939
f 3939 6101 822
f 6526 1629 8127
f 8127 3939 6526
f 1606 7857 3940
f 3940 8128 1606
f 7857 1607 8127
f 8127 3940 7857
f 1629 7880 3940
f 3940 8127 1629
f 7880 1630 8128
f 8128 3940 7880
f 1605 7856 3941
f 3941 8129 1605
f 7856 1606 8128
f 8128 3941 7856
f 1630 7881 3941
f 3941 8128 1630
f 7881 1631 8129
f 8129 3941 7881
f 1466 7717 3942
f 3942 8130 1466
f 7717 311 5757
f 5757 3942 7717
f 671 6534 3942
f 3942 5757 671
f 6534 1636 8130
f 8130 3942 6534
f 1463 7715 3943
f 3943 8131 1463
f 7715 1466 8130
f 8130 3943 7715
f 1636 7887 3943
f 3943 8130 1636
f 7887 1637 8131
f 8131 3943 7887
f 1461 7712 3944
f 3944 8132 1461
f 7712 1463 8131
f 8131 3944 7712
f 1637 7888 3944
f 3944 8131 1637
f 7888 1638 8132
f 8132 3944 7888
f 1458 7708 3945
f 3945 8133 1458
f 7708 1461 8132
f 8132 3945 7708
f 1638 7889 3945
f 3945 8132 1638
f 7889 1639 8133
f 8133 3945 7889
f 1642 7893 3946
f 3946 8134 1642
f 7893 670 5749
f 5749 3946 7893
f 302 5892 3946
f 3946 5749 302
f 5892 1454 8134
f 8134 3946 5892
f 1641 7892 3947
f 3947 8135 1641
f 7892 1642 8134
f 8134 3947 7892
f 1454 7701 3947
f 3947 8134 1454
f 7701 1455 8135
f 8135 3947 7701
f 1640 7891 3948
f 3948 8136 1640
f 7891 1641 8135
f 8135 3948 7891
f 1455 7702 3948
f 3948 8135 1455
f 7702 1456 8136
f 8136 3948 7702
f 1493 7747 3949
f 3949 8137 1493
f 7747 327 5773
f 5773 3949 7747
f 682 6544 3949
f 3949 5773 682
f 6544 1643 8137
f 8137 3949 6544
f 1492 7746 3950
f 3950 8138 1492
f 7746 1493 8137
f 8137 3950 7746
f 1643 7894 3950
f 3950 8137 1643
f 7894 1644 8138
f 8138 3950 7894
f 1491 7744 3951
f 3951 8139 1491
f 7744 1492 8138
f 8138 3951 7744
f 1644 7895 3951
f 3951 8138 1644
f 7895 1645 8139
f 8139 3951 7895
f 1489 7743 3952
f 3952 8140 1489
f 7743 1491 8139
f 8139 3952 7743
f 1645 7896 3952
f 3952 8139 1645
f 7896 1646 8140
f 8140 3952 7896
f 1649 7900 3953
f 3953 8141 1649
f 7900 689 5788
f 5788 3953 7900
f 342 5923 3953
f 3953 5788 342
f 5923 1486 8141
f 8141 3953 5923
f 1648 7899 3954
f 3954 8142 1648
f 7899 1649 8141
f 8141 3954 7899
f 1486 7739 3954
f 3954 8141 1486
f 7739 1487 8142
f 8142 3954 7739
f 1647 7898 3955
f 3955 8143 1647
f 7898 1648 8142
f 8142 3955 7898
f 1487 7740 3955
f 3955 8142 1487
f 7740 1488 8143
f 8143 3955 7740
f 1515 7768 3956
f 3956 8144 1515
f 7768 367 5813
f 5813 3956 7768
f 698 6550 3956
f 3956 5813 698
f 6550 1650 8144
f 8144 3956 6550
f 1514 7767 3957
f 3957 8145 1514
f 7767 1515 8144
f 8144 3957 7767
f 1650 7901 3957
f 3957 8144 1650
f 7901 1651 8145
f 8145 3957 7901
f 1513 7766 3958
f 3958 8146 1513
f 7766 1514 8145
f 8145 3958 7766
f 1651 7902 3958
f 3958 8145 1651
f 7902 1652 8146
f 8146 3958 7902
f 1512 7765 3959
f 3959 8147 1512
f 7765 1513 8146
f 8146 3959 7765
f 1652 7903 3959
f 3959 8146 1652
f 7903 1653 8147
f 8147 3959 7903
f 1656 7907 3960
f 3960 8148 1656
f 7907 697 5809
f 5809 3960 7907
f 364 5947 3960
f 3960 5809 364
f 5947 1508 8148
f 8148 3960 5947
f 1655 7906 3961
f 3961 8149 1655
f 7906 1656 8148
f 8148 3961 7906
f 1508 7762 3961
f 3961 8148 1508
f 7762 1509 8149
f 8149 3961 7762
f 1654 7905 3962
f 3962 8150 1654
f 7905 1655 8149
f 8149 3962 7905
f 1509 7763 3962
f 3962 8149 1509
f 7763 1511 8150
f 8150 3962 7763
f 1542 7794 3963
f 3963 8151 1542
f 7794 422 5861
f 5861 3963 7794
f 728 6562 3963
f 3963 5861 728
f 6562 1657 8151
f 8151 3963 6562
f 1541 7793 3964
f 3964 8152 1541
f 7793 1542 8151
f 8151 3964 7793
f 1657 7908 3964
f 3964 8151 1657
f 7908 1658 8152
f 8152 3964 7908
f 1540 7792 3965
f 3965 8153 1540
f 7792 1541 8152
f 8152 3965 7792
f 1658 7909 3965
f 3965 8152 1658
f 7909 1659 8153
f 8153 3965 7909
f 1539 7789 3966
f 3966 8154 1539
f 7789 1540 8153
f 8153 3966 7789
f 1659 7910 3966
f 3966 8153 1659
f 7910 1660 8154
f 8154 3966 7910
f 1663 7914 3967
f 3967 8155 1663
f 7914 729 5864
f 5864 3967 7914
f 426 5990 3967
f 3967 5864 426
f 5990 1535 8155
f 8155 3967 5990
f 1662 7913 3968
f 3968 8156 1662
f 7913 1663 8155
f 8155 3968 7913
f 1535 7785 3968
f 3968 8155 1535
f 7785 1537 8156
f 8156 3968 7785
f 1661 7912 3969
f 3969 8157 1661
f 7912 1662 8156
f 8156 3969 7912
f 1537 7787 3969
f 3969 8156 1537
f 7787 1538 8157
f 8157 3969 7787
f 1403 7649 3971
f 3973 8158 1402
f 7650 245 5647
f 5649 3971 7649
f 309 7699 3972
f 3970 5646 307
f 7700 1452 8158
f 8159 3971 7698
f 1401 7648 3974
f 3974 8160 1401
f 7648 1402 8158
f 8158 3974 7648
f 1453 7695 3974
f 3974 8158 1452
f 7696 1450 8161
f 8160 3974 7693
f 1400 7647 3976
f 3976 8165 1400
f 7647 1401 8160
f 8162 3976 7647
f 1448 7690 3975
f 3975 8161 1451
f 7691 1446 8164
f 8163 3975 7690
f 1399 7646 3980
f 3977 8166 1399
f 7646 1400 8165
f 8165 3979 7646
f 1446 7687 3978
f 3978 8164 1446
f 7689 1441 8167
f 8167 3978 7687
f 1431 5891 3981
f 3981 8168 1431
f 5891 303 5751
f 5751 3981 5891
f 244 5644 3981
f 3981 5751 244
f 5644 1394 8168
f 8168 3981 5644
f 1437 7678 3983
f 3982 8172 1435
f 7678 1431 8168
f 8168 3983 7678
f 1394 7641 3983
f 3983 8168 1394
f 7642 1396 8172
f 8170 3983 7641
f 1438 7680 3984
f 3984 8175 1438
f 7681 1436 8173
f 8171 3984 7680
f 1395 7643 3984
f 3985 8169 1397
f 7644 1398 8176
f 8175 3984 7643
f 1452 7700 3986
f 3986 8178 1452
f 7699 305 5753
f 5756 3986 7700
f 311 7717 3986
f 3986 5756 311
f 7718 1467 8180
f 8178 3986 7717
f 1451 7697 3987
f 3988 8182 1451
f 7694 1452 8179
f 8177 3988 7697
f 1466 7715 3987
f 3987 8180 1466
f 7716 1464 8184
f 8182 3987 7715
f 1447 7692 3990
f 3989 8187 1444
f 7691 1449 8182
f 8181 3990 7691
f 1465 7714 3991
f 3992 8183 1464
f 7711 1460 8186
f 8188 3990 7713
f 1443 7688 3995
f 3994 8191 1442
f 7686 1445 8187
f 8187 3995 7688
f 1462 7710 3996
f 3994 8185 1460
f 7709 1459 8189
f 8190 3993 7710
f 1454 5892 3997
f 3997 8192 1454
f 5892 302 5750
f 5750 3997 5892
f 303 5891 3997
f 3997 5750 303
f 5891 1431 8192
f 8192 3997 5891
f 1455 7701 3998
f 3998 8196 1455
f 7701 1454 8192
f 8192 3998 7701
f 1431 7678 3998
f 3998 8192 1431
f 7677 1433 8195
f 8196 3998 7678
f 1457 7704 4000
f 4000 8198 1457
f 7702 1455 8196
f 8193 3999 7703
f 1434 7683 4003
f 4002 8194 1432
f 7679 1439 8199
f 8199 4001 7682
f 1670 7921 4004
f 4004 8200 1670
f 7921 605 5643
f 5643 4004 7921
f 606 6573 4004
f 4004 5643 606
f 6573 1671 8200
f 8200 4004 6573
f 1669 7920 4005
f 4005 8201 1669
f 7920 1670 8200
f 8200 4005 7920
f 1671 7922 4005
f 4005 8200 1671
f 7922 1672 8201
f 8201 4005 7922
f 1668 7919 4006
f 4006 8202 1668
f 7919 1669 8201
f 8201 4006 7919
f 1672 7923 4006
f 4006 8201 1672
f 7923 1673 8202
f 8202 4006 7923
f 1667 7918 4007
f 4007 8203 1667
f 7918 1668 8202
f 8202 4007 7918
f 1673 7924 4007
f 4007 8202 1673
f 7924 1674 8203
f 8203 4007 7924
f 1677 7928 4008
f 4008 8204 1677
f 7928 672 5758
f 5758 4008 7928
f 673 6572 4008
f 4008 5758 673
f 6572 1664 8204
f 8204 4008 6572
f 1676 7927 4009
f 4009 8205 1676
f 7927 1677 8204
f 8204 4009 7927
f 1664 7915 4009
f 4009 8204 1664
f 7915 1665 8205
f 8205 4009 7915
f 1675 7926 4010
f 4010 8206 1675
f 7926 1676 8205
f 8205 4010 7926
f 1665 7916 4010
f 4010 8205 1665
f 7916 1666 8206
f 8206 4010 7916
f 1414 7659 4011
f 4011 8207 1414
f 7659 249 5775
f 5775 4011 7659
f 328 7738 4011
f 4011 5775 328
f 7738 1485 8207
f 8207 4011 7738
f 1412 7658 4012
f 4012 8210 1412
f 7658 1414 8207
f 8207 4012 7658
f 1485 7737 4012
f 4012 8207 1485
f 7737 1484 8210
f 8210 4012 7737
f 1411 7657 4013
f 4013 8211 1411
f 7657 1413 8209
f 8208 4013 7657
f 1484 7736 4014
f 4014 8210 1484
f 7735 1483 8211
f 8211 4013 7735
f 1410 7656 4015
f 4015 8212 1410
f 7656 1411 8211
f 8211 4015 7656
f 1483 7734 4015
f 4015 8211 1483
f 7734 1482 8212
f 8212 4015 7734
f 1475 5922 4016
f 4016 8213 1475
f 5922 343 5790
f 5790 4016 5922
f 254 5670 4016
f 4016 5790 254
f 5670 1404 8213
f 8213 4016 5670
f 1477 7726 4017
f 4017 8214 1477
f 7726 1475 8213
f 8213 4017 7726
f 1404 7651 4017
f 4017 8213 1404
f 7651 1406 8214
f 8214 4017 7651
f 1481 7729 4020
f 4021 8216 1480
f 7731 1478 8214
f 8214 4021 7729
f 1405 7654 4019
f 4021 8214 1406
f 7652 1409 8217
f 8218 4018 7653
f 1485 7738 4022
f 4022 8219 1485
f 7738 328 5774
f 5774 4022 7738
f 327 7747 4022
f 4022 5774 327
f 7747 1493 8219
f 8219 4022 7747
f 1484 7737 4023
f 4023 8220 1484
f 7737 1485 8219
f 8219 4023 7737
f 1493 7746 4023
f 4023 8219 1493
f 7746 1492 8220
f 8220 4023 7746
f 1483 7735 4024
f 4024 8221 1483
f 7736 1484 8220
f 8220 4025 7736
f 1492 7744 4025
f 4025 8220 1492
f 7745 1491 8221
f 8221 4025 7744
f 1482 7734 4026
f 4026 8222 1482
f 7734 1483 8221
f 8221 4026 7734
f 1491 7743 4026
f 4026 8221 1491
f 7743 1490 8222
f 8222 4026 7743
f 1486 5923 4027
f 4027 8223 1486
f 5923 342 5789
f 5789 4027 5923
f 343 5922 4027
f 4027 5789 343
f 5922 1475 8223
f 8223 4027 5922
f 1487 7739 4028
f 4028 8224 1487
f 7739 1486 8223
f 8223 4028 7739
f 1475 7726 4028
f 4028 8223 1475
f 7726 1477 8224
f 8224 4028 7726
f 1488 7740 4034
f 4029 8225 1488
f 7740 1487 8224
f 8224 4030 7741
f 1476 7728 4033
f 4031 8224 1477
f 7730 1480 8226
f 8227 4032 7727
f 1684 7935 4035
f 4035 8228 1684
f 7935 621 5669
f 5669 4035 7935
f 622 6597 4035
f 4035 5669 622
f 6597 1685 8228
f 8228 4035 6597
f 1683 7934 4036
f 4036 8229 1683
f 7934 1684 8228
f 8228 4036 7934
f 1685 7936 4036
f 4036 8228 1685
f 7936 1686 8229
f 8229 4036 7936
f 1682 7933 4037
f 4037 8230 1682
f 7933 1683 8229
f 8229 4037 7933
f 1686 7937 4037
f 4037 8229 1686
f 7937 1687 8230
f 8230 4037 7937
f 1681 7932 4038
f 4038 8231 1681
f 7932 1682 8230
f 8230 4038 7932
f 1687 7938 4038
f 4038 8230 1687
f 7938 1688 8231
f 8231 4038 7938
f 1691 7942 4039
f 4039 8232 1691
f 7942 614 5657
f 5657 4039 7942
f 613 6596 4039
f 4039 5657 613
f 6596 1678 8232
f 8232 4039 6596
f 1690 7941 4040
f 4040 8233 1690
f 7941 1691 8232
f 8232 4040 7941
f 1678 7929 4040
f 4040 8232 1678
f 7929 1679 8233
f 8233 4040 7929
f 1689 7940 4041
f 4041 8234 1689
f 7940 1690 8233
f 8233 4041 7940
f 1679 7930 4041
f 4041 8233 1679
f 7930 1680 8234
f 8234 4041 7930
f 1421 7666 4042
f 4042 8235 1421
f 7666 264 5688
f 5688 4042 7666
f 366 7761 4042
f 4042 5688 366
f 7761 1507 8235
f 8235 4042 7761
f 1420 7665 4043
f 4043 8236 1420
f 7665 1421 8235
f 8235 4043 7665
f 1507 7760 4043
f 4043 8235 1507
f 7760 1506 8236
f 8236 4043 7760
f 1419 7664 4044
f 4044 8237 1419
f 7664 1420 8236
f 8236 4044 7664
f 1506 7759 4044
f 4044 8236 1506
f 7759 1505 8237
f 8237 4044 7759
f 1418 7663 4045
f 4045 8238 1418
f 7663 1419 8237
f 8237 4045 7663
f 1505 7758 4045
f 4045 8237 1505
f 7758 1504 8238
f 8238 4045 7758
f 1501 5946 4046
f 4046 8239 1501
f 5946 365 5811
f 5811 4046 5946
f 263 5687 4046
f 4046 5811 263
f 5687 1415 8239
f 8239 4046 5687
f 1502 7755 4047
f 4047 8240 1502
f 7755 1501 8239
f 8239 4047 7755
f 1415 7660 4047
f 4047 8239 1415
f 7660 1416 8240
f 8240 4047 7660
f 1503 7756 4048
f 4048 8241 1503
f 7756 1502 8240
f 8240 4048 7756
f 1416 7661 4048
f 4048 8240 1416
f 7661 1417 8241
f 8241 4048 7661
f 1507 7761 4049
f 4049 8242 1507
f 7761 366 5812
f 5812 4049 7761
f 367 7768 4049
f 4049 5812 367
f 7768 1515 8242
f 8242 4049 7768
f 1506 7760 4050
f 4050 8243 1506
f 7760 1507 8242
f 8242 4050 7760
f 1515 7767 4050
f 4050 8242 1515
f 7767 1514 8243
f 8243 4050 7767
f 1505 7759 4051
f 4051 8244 1505
f 7759 1506 8243
f 8243 4051 7759
f 1514 7766 4051
f 4051 8243 1514
f 7766 1513 8244
f 8244 4051 7766
f 1504 7758 4052
f 4052 8245 1504
f 7758 1505 8244
f 8244 4052 7758
f 1513 7765 4052
f 4052 8244 1513
f 7765 1512 8245
f 8245 4052 7765
f 1508 5947 4053
f 4053 8246 1508
f 5947 364 5810
f 5810 4053 5947
f 365 5946 4053
f 4053 5810 365
f 5946 1501 8246
f 8246 4053 5946
f 1509 7762 4054
f 4054 8247 1509
f 7762 1508 8246
f 8246 4054 7762
f 1501 7755 4054
f 4054 8246 1501
f 7755 1502 8247
f 8247 4054 7755
f 1511 7763 4055
f 4056 8248 1510
f 7763 1509 8247
f 8247 4055 7763
f 1502 7756 4055
f 4055 8247 1502
f 7756 1503 8249
f 8249 4055 7756
f 1698 7950 4057
f 4057 8250 1698
f 7950 632 5686
f 5686 4057 7950
f 633 6609 4057
f 4057 5686 633
f 6609 1699 8250
f 8250 4057 6609
f 1697 7948 4058
f 4058 8251 1697
f 7948 1698 8250
f 8250 4058 7948
f 1699 7951 4058
f 4058 8250 1699
f 7951 1700 8251
f 8251 4058 7951
f 1696 7947 4059
f 4059 8252 1696
f 7947 1697 8251
f 8251 4059 7947
f 1700 7952 4059
f 4059 8251 1700
f 7952 1701 8252
f 8252 4059 7952
f 1695 7946 4060
f 4060 8253 1695
f 7946 1696 8252
f 8252 4060 7946
f 1701 7953 4060
f 4060 8252 1701
f 7953 1702 8253
f 8253 4060 7953
f 1705 7957 4061
f 4061 8254 1705
f 7957 699 5814
f 5814 4061 7957
f 700 6608 4061
f 4061 5814 700
f 6608 1692 8254
f 8254 4061 6608
f 1704 7956 4062
f 4062 8255 1704
f 7956 1705 8254
f 8254 4062 7956
f 1692 7943 4062
f 4062 8254 1692
f 7943 1693 8255
f 8255 4062 7943
f 1703 7955 4063
f 4063 8256 1703
f 7955 1704 8255
f 8255 4063 7955
f 1693 7944 4063
f 4063 8255 1693
f 7944 1694 8256
f 8256 4063 7944
f 1430 7676 4064
f 4064 8257 1430
f 7676 277 5863
f 5863 4064 7676
f 423 7784 4064
f 4064 5863 423
f 7784 1533 8257
f 8257 4064 7784
f 1429 7675 4065
f 4065 8259 1429
f 7675 1430 8257
f 8257 4065 7675
f 1533 7783 4065
f 4065 8257 1533
f 7783 1532 8259
f 8259 4065 7783
f 1428 7674 4066
f 4066 8262 1427
f 7672 1429 8259
f 8258 4066 7673
f 1532 7782 4066
f 4066 8259 1532
f 7782 1528 8262
f 8262 4066 7782
f 1425 7670 4067
f 4067 8263 1425
f 7671 1426 8261
f 8260 4067 7670
f 1529 7780 4067
f 4067 8260 1530
f 7780 1527 8263
f 8263 4067 7780
f 1523 5988 4068
f 4068 8264 1523
f 5988 427 5868
f 5868 4068 5988
f 278 5720 4068
f 4068 5868 278
f 5720 1422 8264
f 8264 4068 5720
f 1524 7776 4069
f 4069 8265 1524
f 7776 1523 8264
f 8264 4069 7776
f 1422 7667 4069
f 4069 8264 1422
f 7667 1423 8265
f 8265 4069 7667
f 1525 7777 4070
f 4070 8266 1525
f 7777 1524 8265
f 8265 4070 7777
f 1423 7668 4070
f 4070 8265 1423
f 7668 1424 8266
f 8266 4070 7668
f 1533 7784 4071
f 4071 8267 1533
f 7784 423 5862
f 5862 4071 7784
f 422 7794 4071
f 4071 5862 422
f 7794 1542 8267
f 8267 4071 7794
f 1532 7783 4072
f 4072 8268 1532
f 7783 1533 8267
f 8267 4072 7783
f 1542 7793 4072
f 4072 8267 1542
f 7793 1541 8268
f 8268 4072 7793
f 1528 7782 4073
f 4073 8269 1528
f 7782 1532 8268
f 8268 4073 7782
f 1541 7792 4073
f 4073 8268 1541
f 7792 1540 8269
f 8269 4073 7792
f 1527 7780 4074
f 4074 8272 1527
f 7781 1531 8271
f 8270 4074 7780
f 1540 7789 4074
f 4074 8269 1540
f 7790 1539 8272
f 8272 4074 7791
f 1534 5991 4076
f 4076 8275 1534
f 5990 425 5867
f 5866 4076 5989
f 427 5988 4075
f 4075 5865 427
f 5988 1523 8274
f 8274 4075 5988
f 1537 7785 4078
f 4077 8276 1536
f 7785 1534 8275
f 8275 4078 7785
f 1523 7776 4077
f 4077 8274 1523
f 7776 1524 8276
f 8276 4077 7776
f 1538 7786 4079
f 4079 8277 1538
f 7786 1536 8276
f 8276 4079 7786
f 1524 7777 4079
f 4079 8276 1524
f 7777 1525 8277
f 8277 4079 7777
f 1712 7964 4080
f 4080 8278 1712
f 7964 654 5719
f 5719 4080 7964
f 655 6639 4080
f 4080 5719 655
f 6639 1713 8278
f 8278 4080 6639
f 1711 7963 4081
f 4081 8279 1711
f 7963 1712 8278
f 8278 4081 7963
f 1713 7965 4081
f 4081 8278 1713
f 7965 1714 8279
f 8279 4081 7965
f 1710 7962 4082
f 4082 8280 1710
f 7962 1711 8279
f 8279 4082 7962
f 1714 7966 4082
f 4082 8279 1714
f 7966 1715 8280
f 8280 4082 7966
f 1709 7961 4083
f 4083 8281 1709
f 7961 1710 8280
f 8280 4083 7961
f 1715 7967 4083
f 4083 8280 1715
f 7967 1716 8281
f 8281 4083 7967
f 1719 7971 4084
f 4084 8282 1719
f 7971 653 5715
f 5715 4084 7971
f 652 6638 4084
f 4084 5715 652
f 6638 1706 8282
f 8282 4084 6638
f 1718 7970 4085
f 4085 8283 1718
f 7970 1719 8282
f 8282 4085 7970
f 1706 7958 4085
f 4085 8282 1706
f 7958 1707 8283
f 8283 4085 7958
f 1717 7969 4086
f 4086 8284 1717
f 7969 1718 8283
f 8283 4086 7969
f 1707 7959 4086
f 4086 8283 1707
f 7959 1708 8284
f 8284 4086 7959
f 1298 5425 4087
f 4087 8285 1298
f 5425 63 5567
f 5567 4087 5425
f 489 7808 4088
f 4088 5568 489
f 7808 1556 8286
f 8286 4088 7808
f 1299 7545 4089
f 4089 8287 1299
f 7545 1298 8285
f 8285 4089 7545
f 1556 7807 4090
f 4090 8286 1556
f 7807 1555 8288
f 8288 4090 7807
f 1300 7546 4091
f 4091 8289 1300
f 7546 1299 8287
f 8287 4091 7546
f 1555 7806 4092
f 4092 8288 1555
f 7806 1554 8290
f 8290 4092 7806
f 1303 7548 4093
f 4093 8291 1303
f 7548 1301 8290
f 8290 4093 7548
f 1554 7805 4093
f 4093 8290 1554
f 7805 1553 8291
f 8291 4093 7805
f 1550 6138 4094
f 4094 8292 1550
f 6138 477 5518
f 5518 4094 6138
f 130 7556 4094
f 4094 5518 130
f 7556 1309 8292
f 8292 4094 7556
f 1551 7802 4095
f 4095 8293 1551
f 7802 1550 8292
f 8292 4095 7802
f 1309 7554 4095
f 4095 8292 1309
f 7554 1307 8293
f 8293 4095 7554
f 1552 7803 4096
f 4096 8294 1552
f 7803 1551 8293
f 8293 4096 7803
f 1307 7552 4096
f 4096 8293 1307
f 7552 1305 8294
f 8294 4096 7552
f 1726 7978 4097
f 4097 8295 1726
f 7978 774 6047
f 6047 4097 7978
f 773 6673 4097
f 4097 6047 773
f 6673 1727 8295
f 8295 4097 6673
f 1725 7977 4098
f 4098 8296 1725
f 7977 1726 8295
f 8295 4098 7977
f 1727 7979 4098
f 4098 8295 1727
f 7979 1728 8296
f 8296 4098 7979
f 1724 7976 4099
f 4099 8297 1724
f 7976 1725 8296
f 8296 4099 7976
f 1728 7980 4099
f 4099 8296 1728
f 7980 1729 8297
f 8297 4099 7980
f 1723 7975 4100
f 4100 8298 1723
f 7975 1724 8297
f 8297 4100 7975
f 1729 7981 4100
f 4100 8297 1729
f 7981 1730 8298
f 8298 4100 7981
f 1735 7987 4101
f 4101 8299 1735
f 7987 782 6059
f 6059 4101 7987
f 783 6672 4101
f 4101 6059 783
f 6672 1720 8299
f 8299 4101 6672
f 1733 7985 4102
f 4102 8300 1733
f 7985 1735 8299
f 8299 4102 7985
f 1720 7972 4102
f 4102 8299 1720
f 7972 1721 8300
f 8300 4102 7972
f 1731 7983 4103
f 4103 8301 1731
f 7983 1733 8300
f 8300 4103 7983
f 1721 7973 4103
f 4103 8300 1721
f 7973 1722 8301
f 8301 4103 7973
f 1742 7994 4104
f 4104 8302 1742
f 7994 806 6080
f 6080 4104 7994
f 805 6698 4104
f 4104 6080 805
f 6698 1743 8302
f 8302 4104 6698
f 1741 7993 4105
f 4105 8303 1741
f 7993 1742 8302
f 8302 4105 7993
f 1743 7995 4105
f 4105 8302 1743
f 7995 1744 8303
f 8303 4105 7995
f 1740 7992 4106
f 4106 8304 1740
f 7992 1741 8303
f 8303 4106 7992
f 1744 7996 4106
f 4106 8303 1744
f 7996 1745 8304
f 8304 4106 7996
f 1739 7991 4107
f 4107 8305 1739
f 7991 1740 8304
f 8304 4107 7991
f 1745 7997 4107
f 4107 8304 1745
f 7997 1746 8305
f 8305 4107 7997
f 1749 8001 4108
f 4108 8306 1749
f 8001 808 6082
f 6082 4108 8001
f 809 6697 4108
f 4108 6082 809
f 6697 1736 8306
f 8306 4108 6697
f 1748 8000 4109
f 4109 8307 1748
f 8000 1749 8306
f 8306 4109 8000
f 1736 7988 4109
f 4109 8306 1736
f 7988 1737 8307
f 8307 4109 7988
f 1747 7999 4110
f 4110 8308 1747
f 7999 1748 8307
f 8307 4110 7999
f 1737 7989 4110
f 4110 8307 1737
f 7989 1738 8308
f 8308 4110 7989
f 1337 5483 4111
f 4111 8309 1337
f 5483 156 5594
f 5594 4111 5483
f 515 7830 4111
f 4111 5594 515
f 7830 1579 8309
f 8309 4111 7830
f 1339 7585 4112
f 4112 8310 1339
f 7585 1337 8309
f 8309 4112 7585
f 1579 7829 4112
f 4112 8309 1579
f 7829 1578 8310
f 8310 4112 7829
f 1341 7587 4113
f 4113 8311 1341
f 7587 1339 8310
f 8310 4113 7587
f 1578 7828 4113
f 4113 8310 1578
f 7828 1577 8311
f 8311 4113 7828
f 1343 7589 4114
f 4114 8312 1343
f 7589 1341 8311
f 8311 4114 7589
f 1577 7827 4114
f 4114 8311 1577
f 7827 1576 8312
f 8312 4114 7827
f 1573 6165 4115
f 4115 8313 1573
f 6165 512 5589
f 5589 4115 6165
f 149 7597 4116
f 4116 5590 149
f 7597 1350 8314
f 8314 4116 7597
f 1574 7824 4117
f 4117 8315 1574
f 7824 1573 8313
f 8313 4117 7824
f 1349 7595 4117
f 4117 8313 1349
f 7595 1347 8315
f 8315 4117 7595
f 1575 7825 4118
f 4118 8316 1575
f 7825 1574 8315
f 8315 4118 7825
f 1347 7593 4118
f 4118 8315 1347
f 7593 1345 8316
f 8316 4118 7593
f 1324 5446 4119
f 4119 8317 1324
f 5446 104 6040
f 6040 4119 5446
f 471 7837 4119
f 4119 6040 471
f 7837 1586 8317
f 8317 4119 7837
f 1326 7572 4120
f 4120 8318 1326
f 7572 1324 8317
f 8317 4120 7572
f 1586 7836 4120
f 4120 8317 1586
f 7836 1585 8318
f 8318 4120 7836
f 1328 7574 4121
f 4121 8319 1328
f 7574 1326 8318
f 8318 4121 7574
f 1585 7835 4121
f 4121 8318 1585
f 7835 1584 8319
f 8319 4121 7835
f 1330 7576 4122
f 4122 8320 1330
f 7576 1328 8319
f 8319 4122 7576
f 1584 7834 4122
f 4122 8319 1584
f 7834 1583 8320
f 8320 4122 7834
f 1580 6175 4123
f 4123 8321 1580
f 6175 524 6092
f 6092 4123 6175
f 144 7584 4123
f 4123 6092 144
f 7584 1336 8321
f 8321 4123 7584
f 1581 7831 4124
f 4124 8322 1581
f 7831 1580 8321
f 8321 4124 7831
f 1336 7582 4124
f 4124 8321 1336
f 7582 1334 8322
f 8322 4124 7582
f 1582 7832 4125
f 4125 8323 1582
f 7832 1581 8322
f 8322 4125 7832
f 1334 7580 4125
f 4125 8322 1334
f 7580 1332 8323
f 8323 4125 7580
f 1756 8008 4126
f 4126 8324 1756
f 8008 591 5605
f 5605 4126 8008
f 592 6708 4126
f 4126 5605 592
f 6708 1757 8324
f 8324 4126 6708
f 1755 8007 4127
f 4127 8325 1755
f 8007 1756 8324
f 8324 4127 8007
f 1757 8009 4127
f 4127 8324 1757
f 8009 1758 8325
f 8325 4127 8009
f 1754 8006 4128
f 4128 8326 1754
f 8006 1755 8325
f 8325 4128 8006
f 1758 8010 4128
f 4128 8325 1758
f 8010 1759 8326
f 8326 4128 8010
f 1753 8005 4129
f 4129 8327 1753
f 8005 1754 8326
f 8326 4129 8005
f 1759 8011 4129
f 4129 8326 1759
f 8011 1760 8327
f 8327 4129 8011
f 1763 8015 4130
f 4130 8328 1763
f 8015 558 5415
f 5415 4130 8015
f 557 6707 4130
f 4130 5415 557
f 6707 1750 8328
f 8328 4130 6707
f 1762 8014 4131
f 4131 8329 1762
f 8014 1763 8328
f 8328 4131 8014
f 1750 8002 4131
f 4131 8328 1750
f 8002 1751 8329
f 8329 4131 8002
f 1761 8013 4132
f 4132 8330 1761
f 8013 1762 8329
f 8329 4132 8013
f 1751 8003 4132
f 4132 8329 1751
f 8003 1752 8330
f 8330 4132 8003
f 1770 8022 4133
f 4133 8331 1770
f 8022 818 6098
f 6098 4133 8022
f 817 6724 4133
f 4133 6098 817
f 6724 1771 8331
f 8331 4133 6724
f 1769 8021 4134
f 4134 8332 1769
f 8021 1770 8331
f 8331 4134 8021
f 1771 8023 4134
f 4134 8331 1771
f 8023 1772 8332
f 8332 4134 8023
f 1768 8020 4135
f 4135 8333 1768
f 8020 1769 8332
f 8332 4135 8020
f 1772 8024 4135
f 4135 8332 1772
f 8024 1773 8333
f 8333 4135 8024
f 1767 8019 4136
f 4136 8334 1767
f 8019 1768 8333
f 8333 4136 8019
f 1773 8025 4136
f 4136 8333 1773
f 8025 1774 8334
f 8334 4136 8025
f 1777 8029 4137
f 4137 8335 1777
f 8029 823 6102
f 6102 4137 8029
f 824 6723 4137
f 4137 6102 824
f 6723 1764 8335
f 8335 4137 6723
f 1776 8028 4138
f 4138 8336 1776
f 8028 1777 8335
f 8335 4138 8028
f 1764 8016 4138
f 4138 8335 1764
f 8016 1765 8336
f 8336 4138 8016
f 1775 8027 4139
f 4139 8337 1775
f 8027 1776 8336
f 8336 4139 8027
f 1765 8017 4139
f 4139 8336 1765
f 8017 1766 8337
f 8337 4139 8017
f 1351 5486 4140
f 4140 8338 1351
f 5486 158 5620
f 5620 4140 5486
f 532 7858 4140
f 4140 5620 532
f 7858 1607 8338
f 8338 4140 7858
f 1353 7598 4141
f 4141 8339 1353
f 7598 1351 8338
f 8338 4141 7598
f 1607 7857 4141
f 4141 8338 1607
f 7857 1606 8339
f 8339 4141 7857
f 1355 7600 4142
f 4142 8340 1355
f 7600 1353 8339
f 8339 4142 7600
f 1606 7856 4142
f 4142 8339 1606
f 7856 1605 8340
f 8340 4142 7856
f 1357 7602 4143
f 4143 8341 1357
f 7602 1355 8340
f 8340 4143 7602
f 1605 7855 4143
f 4143 8340 1605
f 7855 1604 8341
f 8341 4143 7855
f 1601 6194 4144
f 4144 8342 1601
f 6194 528 5612
f 5612 4144 6194
f 151 7610 4144
f 4144 5612 151
f 7610 1363 8342
f 8342 4144 7610
f 1602 7852 4145
f 4145 8343 1602
f 7852 1601 8342
f 8342 4145 7852
f 1363 7608 4145
f 4145 8342 1363
f 7608 1361 8343
f 8343 4145 7608
f 1603 7853 4146
f 4146 8344 1603
f 7853 1602 8343
f 8343 4146 7853
f 1361 7606 4146
f 4146 8343 1361
f 7606 1359 8344
f 8344 4146 7606
f 1565 7816 4147
f 4147 8345 1565
f 7816 478 6427
f 6427 4147 7816
f 772 7865 4147
f 4147 6427 772
f 7865 1614 8345
f 8345 4147 7865
f 1564 7815 4148
f 4148 8346 1564
f 7815 1565 8345
f 8345 4148 7815
f 1614 7864 4148
f 4148 8345 1614
f 7864 1613 8346
f 8346 4148 7864
f 1563 7814 4149
f 4149 8347 1563
f 7814 1564 8346
f 8346 4149 7814
f 1613 7863 4149
f 4149 8346 1613
f 7863 1612 8347
f 8347 4149 7863
f 1562 7813 4150
f 4150 8348 1562
f 7813 1563 8347
f 8347 4150 7813
f 1612 7862 4150
f 4150 8347 1612
f 7862 1611 8348
f 8348 4150 7862
f 1608 6500 4151
f 4151 8349 1608
f 6500 780 6435
f 6435 4151 6500
f 491 6140 4151
f 4151 6435 491
f 6140 1558 8349
f 8349 4151 6140
f 1609 7859 4152
f 4152 8350 1609
f 7859 1608 8349
f 8349 4152 7859
f 1558 7810 4152
f 4152 8349 1558
f 7810 1560 8350
f 8350 4152 7810
f 1610 7860 4153
f 4153 8351 1610
f 7860 1609 8350
f 8350 4153 7860
f 1560 7811 4153
f 4153 8350 1560
f 7811 1561 8351
f 8351 4153 7811
f 1572 7823 4154
f 4154 8352 1572
f 7823 513 6456
f 6456 4154 7823
f 803 7872 4154
f 4154 6456 803
f 7872 1621 8352
f 8352 4154 7872
f 1571 7822 4155
f 4155 8353 1571
f 7822 1572 8352
f 8352 4155 7822
f 1621 7871 4155
f 4155 8352 1621
f 7871 1620 8353
f 8353 4155 7871
f 1570 7821 4156
f 4156 8354 1570
f 7821 1571 8353
f 8353 4156 7821
f 1620 7870 4156
f 4156 8353 1620
f 7870 1619 8354
f 8354 4156 7870
f 1569 7820 4157
f 4157 8355 1569
f 7820 1570 8354
f 8354 4157 7820
f 1619 7869 4157
f 4157 8354 1619
f 7869 1618 8355
f 8355 4157 7869
f 1615 6513 4158
f 4158 8356 1615
f 6513 807 6460
f 6460 4158 6513
f 516 6164 4158
f 4158 6460 516
f 6164 1566 8356
f 8356 4158 6164
f 1616 7866 4159
f 4159 8357 1616
f 7866 1615 8356
f 8356 4159 7866
f 1566 7817 4159
f 4159 8356 1566
f 7817 1567 8357
f 8357 4159 7817
f 1617 7867 4160
f 4160 8358 1617
f 7867 1616 8357
f 8357 4160 7867
f 1567 7818 4160
f 4160 8357 1567
f 7818 1568 8358
f 8358 4160 7818
f 1593 7844 4161
f 4161 8359 1593
f 7844 523 6465
f 6465 4161 7844
f 813 7879 4161
f 4161 6465 813
f 7879 1628 8359
f 8359 4161 7879
f 1592 7843 4162
f 4162 8360 1592
f 7843 1593 8359
f 8359 4162 7843
f 1628 7878 4162
f 4162 8359 1628
f 7878 1627 8360
f 8360 4162 7878
f 1591 7842 4163
f 4163 8361 1591
f 7842 1592 8360
f 8360 4163 7842
f 1627 7877 4163
f 4163 8360 1627
f 7877 1626 8361
f 8361 4163 7877
f 1590 7841 4164
f 4164 8362 1590
f 7841 1591 8361
f 8361 4164 7841
f 1626 7876 4164
f 4164 8361 1626
f 7876 1625 8362
f 8362 4164 7876
f 1622 6518 4165
f 4165 8363 1622
f 6518 767 6422
f 6422 4165 6518
f 470 6176 4165
f 4165 6422 470
f 6176 1587 8363
f 8363 4165 6176
f 1623 7873 4166
f 4166 8364 1623
f 7873 1622 8363
f 8363 4166 7873
f 1587 7838 4166
f 4166 8363 1587
f 7838 1588 8364
f 8364 4166 7838
f 1624 7874 4167
f 4167 8365 1624
f 7874 1623 8364
f 8364 4167 7874
f 1588 7839 4167
f 4167 8364 1588
f 7839 1589 8365
f 8365 4167 7839
f 1600 7851 4168
f 4168 8366 1600
f 7851 529 6467
f 6467 4168 7851
f 816 7886 4168
f 4168 6467 816
f 7886 1635 8366
f 8366 4168 7886
f 1599 7850 4169
f 4169 8367 1599
f 7850 1600 8366
f 8366 4169 7850
f 1635 7885 4169
f 4169 8366 1635
f 7885 1634 8367
f 8367 4169 7885
f 1598 7849 4170
f 4170 8368 1598
f 7849 1599 8367
f 8367 4170 7849
f 1634 7884 4170
f 4170 8367 1634
f 7884 1633 8368
f 8368 4170 7884
f 1597 7848 4171
f 4171 8369 1597
f 7848 1598 8368
f 8368 4171 7848
f 1633 7883 4171
f 4171 8368 1633
f 7883 1632 8369
f 8369 4171 7883
f 1629 6526 4172
f 4172 8370 1629
f 6526 822 6473
f 6473 4172 6526
f 533 6193 4172
f 4172 6473 533
f 6193 1594 8370
f 8370 4172 6193
f 1630 7880 4173
f 4173 8371 1630
f 7880 1629 8370
f 8370 4173 7880
f 1594 7845 4173
f 4173 8370 1594
f 7845 1595 8371
f 8371 4173 7845
f 1631 7881 4174
f 4174 8372 1631
f 7881 1630 8371
f 8371 4174 7881
f 1595 7846 4174
f 4174 8371 1595
f 7846 1596 8372
f 8372 4174 7846
f 1474 7725 4175
f 4175 8373 1474
f 7725 301 6325
f 6325 4175 7725
f 670 7893 4175
f 4175 6325 670
f 7893 1642 8373
f 8373 4175 7893
f 1473 7724 4176
f 4176 8374 1473
f 7724 1474 8373
f 8373 4176 7724
f 1642 7892 4176
f 4176 8373 1642
f 7892 1641 8374
f 8374 4176 7892
f 1472 7723 4177
f 4177 8375 1472
f 7723 1473 8374
f 8374 4177 7723
f 1641 7891 4177
f 4177 8374 1641
f 7891 1640 8375
f 8375 4177 7891
f 1471 7722 4178
f 4178 8376 1471
f 7722 1472 8375
f 8375 4178 7722
f 1640 7890 4178
f 4178 8375 1640
f 7890 1639 8376
f 8376 4178 7890
f 1636 6534 4179
f 4179 8377 1636
f 6534 671 6326
f 6326 4179 6534
f 312 5893 4179
f 4179 6326 312
f 5893 1468 8377
f 8377 4179 5893
f 1637 7887 4180
f 4180 8378 1637
f 7887 1636 8377
f 8377 4180 7887
f 1468 7719 4180
f 4180 8377 1468
f 7719 1469 8378
f 8378 4180 7719
f 1638 7888 4181
f 4181 8379 1638
f 7888 1637 8378
f 8378 4181 7888
f 1469 7720 4181
f 4181 8378 1469
f 7720 1470 8379
f 8379 4181 7720
f 1500 7754 4182
f 4182 8380 1500
f 7754 341 6344
f 6344 4182 7754
f 689 7900 4182
f 4182 6344 689
f 7900 1649 8380
f 8380 4182 7900
f 1499 7753 4183
f 4183 8381 1499
f 7753 1500 8380
f 8380 4183 7753
f 1649 7899 4183
f 4183 8380 1649
f 7899 1648 8381
f 8381 4183 7899
f 1498 7752 4184
f 4184 8382 1498
f 7752 1499 8381
f 8381 4184 7752
f 1648 7898 4184
f 4184 8381 1648
f 7898 1647 8382
f 8382 4184 7898
f 1497 7751 4185
f 4185 8383 1497
f 7751 1498 8382
f 8382 4185 7751
f 1647 7897 4185
f 4185 8382 1647
f 7897 1646 8383
f 8383 4185 7897
f 1643 6544 4186
f 4186 8384 1643
f 6544 682 6337
f 6337 4186 6544
f 326 5924 4186
f 4186 6337 326
f 5924 1494 8384
f 8384 4186 5924
f 1644 7894 4187
f 4187 8385 1644
f 7894 1643 8384
f 8384 4187 7894
f 1494 7748 4187
f 4187 8384 1494
f 7748 1495 8385
f 8385 4187 7748
f 1645 7895 4188
f 4188 8386 1645
f 7895 1644 8385
f 8385 4188 7895
f 1495 7749 4188
f 4188 8385 1495
f 7749 1496 8386
f 8386 4188 7749
f 1522 7775 4189
f 4189 8387 1522
f 7775 363 6352
f 6352 4189 7775
f 697 7907 4189
f 4189 6352 697
f 7907 1656 8387
f 8387 4189 7907
f 1521 7774 4190
f 4190 8388 1521
f 7774 1522 8387
f 8387 4190 7774
f 1656 7906 4190
f 4190 8387 1656
f 7906 1655 8388
f 8388 4190 7906
f 1520 7773 4191
f 4191 8389 1520
f 7773 1521 8388
f 8388 4191 7773
f 1655 7905 4191
f 4191 8388 1655
f 7905 1654 8389
f 8389 4191 7905
f 1519 7772 4192
f 4192 8390 1519
f 7772 1520 8389
f 8389 4192 7772
f 1654 7904 4192
f 4192 8389 1654
f 7904 1653 8390
f 8390 4192 7904
f 1650 6550 4193
f 4193 8391 1650
f 6550 698 6353
f 6353 4193 6550
f 368 5948 4193
f 4193 6353 368
f 5948 1516 8391
f 8391 4193 5948
f 1651 7901 4194
f 4194 8392 1651
f 7901 1650 8391
f 8391 4194 7901
f 1516 7769 4194
f 4194 8391 1516
f 7769 1517 8392
f 8392 4194 7769
f 1652 7902 4195
f 4195 8393 1652
f 7902 1651 8392
f 8392 4195 7902
f 1517 7770 4195
f 4195 8392 1517
f 7770 1518 8393
f 8393 4195 7770
f 1549 7801 4196
f 4196 8394 1549
f 7801 424 6386
f 6386 4196 7801
f 729 7914 4196
f 4196 6386 729
f 7914 1663 8394
f 8394 4196 7914
f 1548 7800 4197
f 4197 8395 1548
f 7800 1549 8394
f 8394 4197 7800
f 1663 7913 4197
f 4197 8394 1663
f 7913 1662 8395
f 8395 4197 7913
f 1547 7799 4198
f 4198 8396 1547
f 7799 1548 8395
f 8395 4198 7799
f 1662 7912 4198
f 4198 8395 1662
f 7912 1661 8396
f 8396 4198 7912
f 1546 7798 4199
f 4199 8397 1546
f 7798 1547 8396
f 8396 4199 7798
f 1661 7911 4199
f 4199 8396 1661
f 7911 1660 8397
f 8397 4199 7911
f 1657 6562 4200
f 4200 8398 1657
f 6562 728 6385
f 6385 4200 6562
f 421 5992 4200
f 4200 6385 421
f 5992 1543 8398
f 8398 4200 5992
f 1658 7908 4201
f 4201 8399 1658
f 7908 1657 8398
f 8398 4201 7908
f 1543 7795 4201
f 4201 8398 1543
f 7795 1544 8399
f 8399 4201 7795
f 1659 7909 4202
f 4202 8400 1659
f 7909 1658 8399
f 8399 4202 7909
f 1544 7796 4202
f 4202 8399 1544
f 7796 1545 8400
f 8400 4202 7796
f 1380 5606 4203
f 4203 8401 1380
f 5606 124 6262
f 6262 4203 5606
f 605 7921 4203
f 4203 6262 605
f 7921 1670 8401
f 8401 4203 7921
f 1381 7627 4204
f 4204 8402 1381
f 7627 1380 8401
f 8401 4204 7627
f 1670 7920 4204
f 4204 8401 1670
f 7920 1669 8402
f 8402 4204 7920
f 1382 7628 4205
f 4205 8403 1382
f 7628 1381 8402
f 8402 4205 7628
f 1669 7919 4205
f 4205 8402 1669
f 7919 1668 8403
f 8403 4205 7919
f 1383 7629 4206
f 4206 8404 1383
f 7629 1382 8403
f 8403 4206 7629
f 1668 7918 4206
f 4206 8403 1668
f 7918 1667 8404
f 8404 4206 7918
f 1664 6572 4207
f 4207 8405 1664
f 6572 673 6328
f 6328 4207 6572
f 228 7633 4207
f 4207 6328 228
f 7633 1386 8405
f 8405 4207 7633
f 1665 7915 4208
f 4208 8406 1665
f 7915 1664 8405
f 8405 4208 7915
f 1386 7632 4208
f 4208 8405 1386
f 7632 1385 8406
f 8406 4208 7632
f 1666 7916 4209
f 4209 8407 1666
f 7916 1665 8406
f 8406 4209 7916
f 1385 7631 4209
f 4209 8406 1385
f 7631 1384 8407
f 8407 4209 7631
f 1468 5893 4210
f 4210 8408 1468
f 5893 312 6327
f 6327 4210 5893
f 672 7928 4210
f 4210 6327 672
f 7928 1677 8408
f 8408 4210 7928
f 1469 7719 4211
f 4211 8409 1469
f 7719 1468 8408
f 8408 4211 7719
f 1677 7927 4211
f 4211 8408 1677
f 7927 1676 8409
f 8409 4211 7927
f 1470 7720 4212
f 4212 8410 1470
f 7720 1469 8409
f 8409 4212 7720
f 1676 7926 4212
f 4212 8409 1676
f 7926 1675 8410
f 8410 4212 7926
f 1471 7721 4213
f 4213 8411 1471
f 7721 1470 8410
f 8410 4213 7721
f 1675 7925 4213
f 4213 8410 1675
f 7925 1674 8411
f 8411 4213 7925
f 1671 6573 4214
f 4214 8412 1671
f 6573 606 6263
f 6263 4214 6573
f 301 7725 4214
f 4214 6263 301
f 7725 1474 8412
f 8412 4214 7725
f 1672 7922 4215
f 4215 8413 1672
f 7922 1671 8412
f 8412 4215 7922
f 1474 7724 4215
f 4215 8412 1474
f 7724 1473 8413
f 8413 4215 7724
f 1673 7923 4216
f 4216 8414 1673
f 7923 1672 8413
f 8413 4216 7923
f 1473 7723 4216
f 4216 8413 1473
f 7723 1472 8414
f 8414 4216 7723
f 1387 5621 4217
f 4217 8415 1387
f 5621 234 6277
f 6277 4217 5621
f 621 7935 4217
f 4217 6277 621
f 7935 1684 8415
f 8415 4217 7935
f 1388 7634 4218
f 4218 8416 1388
f 7634 1387 8415
f 8415 4218 7634
f 1684 7934 4218
f 4218 8415 1684
f 7934 1683 8416
f 8416 4218 7934
f 1389 7635 4219
f 4219 8417 1389
f 7635 1388 8416
f 8416 4219 7635
f 1683 7933 4219
f 4219 8416 1683
f 7933 1682 8417
f 8417 4219 7933
f 1390 7636 4220
f 4220 8418 1390
f 7636 1389 8417
f 8417 4220 7636
f 1682 7932 4220
f 4220 8417 1682
f 7932 1681 8418
f 8418 4220 7932
f 1678 6596 4221
f 4221 8419 1678
f 6596 613 6269
f 6269 4221 6596
f 232 7640 4221
f 4221 6269 232
f 7640 1393 8419
f 8419 4221 7640
f 1679 7929 4222
f 4222 8420 1679
f 7929 1678 8419
f 8419 4222 7929
f 1393 7639 4222
f 4222 8419 1393
f 7639 1392 8420
f 8420 4222 7639
f 1680 7930 4223
f 4223 8421 1680
f 7930 1679 8420
f 8420 4223 7930
f 1392 7638 4223
f 4223 8420 1392
f 7638 1391 8421
f 8421 4223 7638
f 1494 5924 4224
f 4224 8422 1494
f 5924 326 6270
f 6270 4224 5924
f 614 7942 4224
f 4224 6270 614
f 7942 1691 8422
f 8422 4224 7942
f 1495 7748 4225
f 4225 8423 1495
f 7748 1494 8422
f 8422 4225 7748
f 1691 7941 4225
f 4225 8422 1691
f 7941 1690 8423
f 8423 4225 7941
f 1496 7749 4226
f 4226 8424 1496
f 7749 1495 8423
f 8423 4226 7749
f 1690 7940 4226
f 4226 8423 1690
f 7940 1689 8424
f 8424 4226 7940
f 1497 7750 4227
f 4227 8425 1497
f 7750 1496 8424
f 8424 4227 7750
f 1689 7939 4227
f 4227 8424 1689
f 7939 1688 8425
f 8425 4227 7939
f 1685 6597 4228
f 4228 8426 1685
f 6597 622 6278
f 6278 4228 6597
f 341 7754 4228
f 4228 6278 341
f 7754 1500 8426
f 8426 4228 7754
f 1686 7936 4229
f 4229 8427 1686
f 7936 1685 8426
f 8426 4229 7936
f 1500 7753 4229
f 4229 8426 1500
f 7753 1499 8427
f 8427 4229 7753
f 1687 7937 4230
f 4230 8428 1687
f 7937 1686 8427
f 8427 4230 7937
f 1499 7752 4230
f 4230 8427 1499
f 7752 1498 8428
f 8428 4230 7752
f 1365 5569 4231
f 4231 8429 1365
f 5570 211 6288
f 6288 4232 5570
f 631 7949 4231
f 4231 6287 631
f 7950 1698 8430
f 8430 4232 7950
f 1367 7613 4234
f 4234 8431 1367
f 7612 1365 8429
f 8429 4233 7612
f 1698 7948 4234
f 4234 8430 1698
f 7948 1697 8431
f 8431 4234 7948
f 1368 7614 4235
f 4235 8432 1368
f 7614 1367 8431
f 8431 4235 7614
f 1697 7947 4235
f 4235 8431 1697
f 7947 1696 8432
f 8432 4235 7947
f 1369 7615 4236
f 4236 8433 1369
f 7615 1368 8432
f 8432 4236 7615
f 1696 7946 4236
f 4236 8432 1696
f 7946 1695 8433
f 8433 4236 7946
f 1692 6608 4237
f 4237 8434 1692
f 6608 700 6355
f 6355 4237 6608
f 180 7619 4237
f 4237 6355 180
f 7619 1372 8434
f 8434 4237 7619
f 1693 7943 4238
f 4238 8435 1693
f 7943 1692 8434
f 8434 4238 7943
f 1372 7618 4238
f 4238 8434 1372
f 7618 1371 8435
f 8435 4238 7618
f 1694 7944 4239
f 4239 8436 1694
f 7944 1693 8435
f 8435 4239 7944
f 1371 7617 4239
f 4239 8435 1371
f 7617 1370 8436
f 8436 4239 7617
f 1516 5948 4240
f 4240 8437 1516
f 5948 368 6354
f 6354 4240 5948
f 699 7957 4240
f 4240 6354 699
f 7957 1705 8437
f 8437 4240 7957
f 1517 7769 4241
f 4241 8438 1517
f 7769 1516 8437
f 8437 4241 7769
f 1705 7956 4241
f 4241 8437 1705
f 7956 1704 8438
f 8438 4241 7956
f 1518 7770 4242
f 4242 8439 1518
f 7770 1517 8438
f 8438 4242 7770
f 1704 7955 4242
f 4242 8438 1704
f 7955 1703 8439
f 8439 4242 7955
f 1519 7771 4243
f 4243 8440 1519
f 7771 1518 8439
f 8439 4243 7771
f 1703 7954 4243
f 4243 8439 1703
f 7954 1702 8440
f 8440 4243 7954
f 1699 6609 4244
f 4244 8441 1699
f 6609 633 6289
f 6289 4244 6609
f 363 7775 4244
f 4244 6289 363
f 7775 1522 8441
f 8441 4244 7775
f 1700 7951 4245
f 4245 8442 1700
f 7951 1699 8441
f 8441 4245 7951
f 1522 7774 4245
f 4245 8441 1522
f 7774 1521 8442
f 8442 4245 7774
f 1701 7952 4246
f 4246 8443 1701
f 7952 1700 8442
f 8442 4246 7952
f 1521 7773 4246
f 4246 8442 1521
f 7773 1520 8443
f 8443 4246 7773
f 1373 5595 4247
f 4247 8444 1373
f 5595 223 6310
f 6310 4247 5595
f 654 7964 4247
f 4247 6310 654
f 7964 1712 8444
f 8444 4247 7964
f 1374 7620 4248
f 4248 8445 1374
f 7620 1373 8444
f 8444 4248 7620
f 1712 7963 4248
f 4248 8444 1712
f 7963 1711 8445
f 8445 4248 7963
f 1375 7621 4249
f 4249 8446 1375
f 7621 1374 8445
f 8445 4249 7621
f 1711 7962 4249
f 4249 8445 1711
f 7962 1710 8446
f 8446 4249 7962
f 1376 7622 4250
f 4250 8447 1376
f 7622 1375 8446
f 8446 4250 7622
f 1710 7961 4250
f 4250 8446 1710
f 7961 1709 8447
f 8447 4250 7961
f 1706 6638 4251
f 4251 8448 1706
f 6638 652 6308
f 6308 4251 6638
f 222 7626 4251
f 4251 6308 222
f 7626 1379 8448
f 8448 4251 7626
f 1707 7958 4252
f 4252 8449 1707
f 7958 1706 8448
f 8448 4252 7958
f 1379 7625 4252
f 4252 8448 1379
f 7625 1378 8449
f 8449 4252 7625
f 1708 7959 4253
f 4253 8450 1708
f 7959 1707 8449
f 8449 4253 7959
f 1378 7624 4253
f 4253 8449 1378
f 7624 1377 8450
f 8450 4253 7624
f 1543 5992 4254
f 4254 8451 1543
f 5992 421 6309
f 6309 4254 5992
f 653 7971 4254
f 4254 6309 653
f 7971 1719 8451
f 8451 4254 7971
f 1544 7795 4255
f 4255 8452 1544
f 7795 1543 8451
f 8451 4255 7795
f 1719 7970 4255
f 4255 8451 1719
f 7970 1718 8452
f 8452 4255 7970
f 1545 7796 4256
f 4256 8453 1545
f 7796 1544 8452
f 8452 4256 7796
f 1718 7969 4256
f 4256 8452 1718
f 7969 1717 8453
f 8453 4256 7969
f 1546 7797 4257
f 4257 8454 1546
f 7797 1545 8453
f 8453 4257 7797
f 1717 7968 4257
f 4257 8453 1717
f 7968 1716 8454
f 8454 4257 7968
f 1713 6639 4258
f 4258 8455 1713
f 6639 655 6311
f 6311 4258 6639
f 424 7801 4258
f 4258 6311 424
f 7801 1549 8455
f 8455 4258 7801
f 1714 7965 4259
f 4259 8456 1714
f 7965 1713 8455
f 8455 4259 7965
f 1549 7800 4259
f 4259 8455 1549
f 7800 1548 8456
f 8456 4259 7800
f 1715 7966 4260
f 4260 8457 1715
f 7966 1714 8456
f 8456 4260 7966
f 1548 7799 4260
f 4260 8456 1548
f 7799 1547 8457
f 8457 4260 7799
f 1372 7619 4261
f 4261 8458 1372
f 7619 180 6429
f 6429 4261 7619
f 774 7978 4261
f 4261 6429 774
f 7978 1726 8458
f 8458 4261 7978
f 1371 7618 4262
f 4262 8459 1371
f 7618 1372 8458
f 8458 4262 7618
f 1726 7977 4262
f 4262 8458 1726
f 7977 1725 8459
f 8459 4262 7977
f 1370 7617 4263
f 4263 8460 1370
f 7617 1371 8459
f 8459 4263 7617
f 1725 7976 4263
f 4263 8459 1725
f 7976 1724 8460
f 8460 4263 7976
f 1369 7616 4264
f 4264 8461 1369
f 7616 1370 8460
f 8460 4264 7616
f 1724 7975 4264
f 4264 8460 1724
f 7975 1723 8461
f 8461 4264 7975
f 1720 6672 4265
f 4265 8462 1720
f 6672 783 6437
f 6437 4265 6672
f 211 5570 4265
f 4265 6437 211
f 5570 1366 8462
f 8462 4265 5570
f 1721 7972 4266
f 4266 8463 1721
f 7972 1720 8462
f 8462 4266 7972
f 1366 7613 4266
f 4266 8462 1366
f 7613 1367 8463
f 8463 4266 7613
f 1722 7973 4267
f 4267 8464 1722
f 7973 1721 8463
f 8463 4267 7973
f 1367 7614 4267
f 4267 8463 1367
f 7614 1368 8464
f 8464 4267 7614
f 1557 6139 4268
f 4268 8465 1557
f 6139 490 6436
f 6436 4268 6139
f 781 7986 4268
f 4268 6436 781
f 7986 1734 8465
f 8465 4268 7986
f 1559 7809 4269
f 4269 8466 1559
f 7809 1557 8465
f 8465 4269 7809
f 1734 7984 4269
f 4269 8465 1734
f 7984 1732 8466
f 8466 4269 7984
f 1561 7811 4270
f 4270 8468 1561
f 7811 1560 8467
f 8467 4270 7811
f 1733 7983 4270
f 4270 8467 1733
f 7983 1731 8468
f 8468 4270 7983
f 1562 7812 4271
f 4271 8469 1562
f 7812 1561 8468
f 8468 4271 7812
f 1731 7982 4271
f 4271 8468 1731
f 7982 1730 8469
f 8469 4271 7982
f 1727 6673 4272
f 4272 8470 1727
f 6673 773 6428
f 6428 4272 6673
f 478 7816 4272
f 4272 6428 478
f 7816 1565 8470
f 8470 4272 7816
f 1728 7979 4273
f 4273 8471 1728
f 7979 1727 8470
f 8470 4273 7979
f 1565 7815 4273
f 4273 8470 1565
f 7815 1564 8471
f 8471 4273 7815
f 1729 7980 4274
f 4274 8472 1729
f 7980 1728 8471
f 8471 4274 7980
f 1564 7814 4274
f 4274 8471 1564
f 7814 1563 8472
f 8472 4274 7814
f 1379 7626 4275
f 4275 8473 1379
f 7626 222 6459
f 6459 4275 7626
f 806 7994 4275
f 4275 6459 806
f 7994 1742 8473
f 8473 4275 7994
f 1378 7625 4276
f 4276 8474 1378
f 7625 1379 8473
f 8473 4276 7625
f 1742 7993 4276
f 4276 8473 1742
f 7993 1741 8474
f 8474 4276 7993
f 1377 7624 4277
f 4277 8475 1377
f 7624 1378 8474
f 8474 4277 7624
f 1741 7992 4277
f 4277 8474 1741
f 7992 1740 8475
f 8475 4277 7992
f 1376 7623 4278
f 4278 8476 1376
f 7623 1377 8475
f 8475 4278 7623
f 1740 7991 4278
f 4278 8475 1740
f 7991 1739 8476
f 8476 4278 7991
f 1736 6697 4279
f 4279 8477 1736
f 6697 809 6462
f 6462 4279 6697
f 223 5595 4279
f 4279 6462 223
f 5595 1373 8477
f 8477 4279 5595
f 1737 7988 4280
f 4280 8478 1737
f 7988 1736 8477
f 8477 4280 7988
f 1373 7620 4280
f 4280 8477 1373
f 7620 1374 8478
f 8478 4280 7620
f 1738 7989 4281
f 4281 8479 1738
f 7989 1737 8478
f 8478 4281 7989
f 1374 7621 4281
f 4281 8478 1374
f 7621 1375 8479
f 8479 4281 7621
f 1566 6164 4282
f 4282 8480 1566
f 6164 516 6461
f 6461 4282 6164
f 808 8001 4282
f 4282 6461 808
f 8001 1749 8480
f 8480 4282 8001
f 1567 7817 4283
f 4283 8481 1567
f 7817 1566 8480
f 8480 4283 7817
f 1749 8000 4283
f 4283 8480 1749
f 8000 1748 8481
f 8481 4283 8000
f 1568 7818 4284
f 4284 8482 1568
f 7818 1567 8481
f 8481 4284 7818
f 1748 7999 4284
f 4284 8481 1748
f 7999 1747 8482
f 8482 4284 7999
f 1569 7819 4285
f 4285 8483 1569
f 7819 1568 8482
f 8482 4285 7819
f 1747 7998 4285
f 4285 8482 1747
f 7998 1746 8483
f 8483 4285 7998
f 1743 6698 4286
f 4286 8484 1743
f 6698 805 6458
f 6458 4286 6698
f 513 7823 4286
f 4286 6458 513
f 7823 1572 8484
f 8484 4286 7823
f 1744 7995 4287
f 4287 8485 1744
f 7995 1743 8484
f 8484 4287 7995
f 1572 7822 4287
f 4287 8484 1572
f 7822 1571 8485
f 8485 4287 7822
f 1745 7996 4288
f 4288 8486 1745
f 7996 1744 8485
f 8485 4288 7996
f 1571 7821 4288
f 4288 8485 1571
f 7821 1570 8486
f 8486 4288 7821
f 1386 7633 4289
f 4289 8487 1386
f 7633 228 6250
f 6250 4289 7633
f 591 8008 4289
f 4289 6250 591
f 8008 1756 8487
f 8487 4289 8008
f 1385 7632 4290
f 4290 8488 1385
f 7632 1386 8487
f 8487 4290 7632
f 1756 8007 4290
f 4290 8487 1756
f 8007 1755 8488
f 8488 4290 8007
f 1384 7631 4291
f 4291 8489 1384
f 7631 1385 8488
f 8488 4291 7631
f 1755 8006 4291
f 4291 8488 1755
f 8006 1754 8489
f 8489 4291 8006
f 1383 7630 4292
f 4292 8490 1383
f 7630 1384 8489
f 8489 4292 7630
f 1754 8005 4292
f 4292 8489 1754
f 8005 1753 8490
f 8490 4292 8005
f 1750 6707 4293
f 4293 8491 1750
f 6707 557 6218
f 6218 4293 6707
f 124 5606 4293
f 4293 6218 124
f 5606 1380 8491
f 8491 4293 5606
f 1751 8002 4294
f 4294 8492 1751
f 8002 1750 8491
f 8491 4294 8002
f 1380 7627 4294
f 4294 8491 1380
f 7627 1381 8492
f 8492 4294 7627
f 1752 8003 4295
f 4295 8493 1752
f 8003 1751 8492
f 8492 4295 8003
f 1381 7628 4295
f 4295 8492 1381
f 7628 1382 8493
f 8493 4295 7628
f 1587 6176 4296
f 4296 8494 1587
f 6176 470 6219
f 6219 4296 6176
f 558 8015 4296
f 4296 6219 558
f 8015 1763 8494
f 8494 4296 8015
f 1588 7838 4297
f 4297 8495 1588
f 7838 1587 8494
f 8494 4297 7838
f 1763 8014 4297
f 4297 8494 1763
f 8014 1762 8495
f 8495 4297 8014
f 1589 7839 4298
f 4298 8496 1589
f 7839 1588 8495
f 8495 4298 7839
f 1762 8013 4298
f 4298 8495 1762
f 8013 1761 8496
f 8496 4298 8013
f 1590 7840 4299
f 4299 8497 1590
f 7840 1589 8496
f 8496 4299 7840
f 1761 8012 4299
f 4299 8496 1761
f 8012 1760 8497
f 8497 4299 8012
f 1757 6708 4300
f 4300 8498 1757
f 6708 592 6251
f 6251 4300 6708
f 523 7844 4300
f 4300 6251 523
f 7844 1593 8498
f 8498 4300 7844
f 1758 8009 4301
f 4301 8499 1758
f 8009 1757 8498
f 8498 4301 8009
f 1593 7843 4301
f 4301 8498 1593
f 7843 1592 8499
f 8499 4301 7843
f 1759 8010 4302
f 4302 8500 1759
f 8010 1758 8499
f 8499 4302 8010
f 1592 7842 4302
f 4302 8499 1592
f 7842 1591 8500
f 8500 4302 7842
f 1393 7640 4303
f 4303 8501 1393
f 7640 232 6469
f 6469 4303 7640
f 818 8022 4303
f 4303 6469 818
f 8022 1770 8501
f 8501 4303 8022
f 1392 7639 4304
f 4304 8502 1392
f 7639 1393 8501
f 8501 4304 7639
f 1770 8021 4304
f 4304 8501 1770
f 8021 1769 8502
f 8502 4304 8021
f 1391 7638 4305
f 4305 8503 1391
f 7638 1392 8502
f 8502 4305 7638
f 1769 8020 4305
f 4305 8502 1769
f 8020 1768 8503
f 8503 4305 8020
f 1390 7637 4306
f 4306 8504 1390
f 7637 1391 8503
f 8503 4306 7637
f 1768 8019 4306
f 4306 8503 1768
f 8019 1767 8504
f 8504 4306 8019
f 1764 6723 4307
f 4307 8505 1764
f 6723 824 6475
f 6475 4307 6723
f 234 5621 4307
f 4307 6475 234
f 5621 1387 8505
f 8505 4307 5621
f 1765 8016 4308
f 4308 8506 1765
f 8016 1764 8505
f 8505 4308 8016
f 1387 7634 4308
f 4308 8505 1387
f 7634 1388 8506
f 8506 4308 7634
f 1766 8017 4309
f 4309 8507 1766
f 8017 1765 8506
f 8506 4309 8017
f 1388 7635 4309
f 4309 8506 1388
f 7635 1389 8507
f 8507 4309 7635
f 1594 6193 4310
f 4310 8508 1594
f 6193 533 6474
f 6474 4310 6193
f 823 8029 4310
f 4310 6474 823
f 8029 1777 8508
f 8508 4310 8029
f 1595 7845 4311
f 4311 8509 1595
f 7845 1594 8508
f 8508 4311 7845
f 1777 8028 4311
f 4311 8508 1777
f 8028 1776 8509
f 8509 4311 8028
f 1596 7846 4312
f 4312 8510 1596
f 7846 1595 8509
f 8509 4312 7846
f 1776 8027 4312
f 4312 8509 1776
f 8027 1775 8510
f 8510 4312 8027
f 1597 7847 4313
f 4313 8511 1597
f 7847 1596 8510
f 8510 4313 7847
f 1775 8026 4313
f 4313 8510 1775
f 8026 1774 8511
f 8511 4313 8026
f 1771 6724 4314
f 4314 8512 1771
f 6724 817 6468
f 6468 4314 6724
f 529 7851 4314
f 4314 6468 529
f 7851 1600 8512
f 8512 4314 7851
f 1772 8023 4315
f 4315 8513 1772
f 8023 1771 8512
f 8512 4315 8023
f 1600 7850 4315
f 4315 8512 1600
f 7850 1599 8513
f 8513 4315 7850
f 1773 8024 4316
f 4316 8514 1773
f 8024 1772 8513
f 8513 4316 8024
f 1599 7849 4316
f 4316 8513 1599
f 7849 1598 8514
f 8514 4316 7849
f 1780 8517 4317
f 4317 8558 1780
f 8517 19 5261
f 5261 4317 8517
f 8 8515 4317
f 4317 5261 8
f 8515 1778 8558
f 8558 4317 8515
f 1782 8519 4319
f 4319 8560 1782
f 8519 145 5443
f 5443 4319 8519
f 143 5492 4318
f 4318 5442 143
f 5492 1783 8559
f 8559 4318 5492
f 1782 5491 4320
f 4320 8561 1782
f 5491 34 5276
f 5276 4320 5491
f 32 8516 4320
f 4320 5276 32
f 8516 1779 8561
f 8561 4320 8516
f 1781 5481 4321
f 4321 8562 1781
f 5481 137 5428
f 5428 4321 5481
f 135 5495 4321
f 4321 5428 135
f 5495 1786 8562
f 8562 4321 5495
f 1806 8545 4322
f 4322 8563 1806
f 8545 807 6081
f 6081 4322 8545
f 515 6167 4322
f 4322 6081 515
f 6167 1803 8563
f 8563 4322 6167
f 1807 8546 4323
f 4323 8564 1807
f 8546 825 6103
f 6103 4323 8546
f 535 6196 4323
f 4323 6103 535
f 6196 1805 8564
f 8564 4323 6196
f 1795 8534 4324
f 4324 8565 1795
f 8534 348 5795
f 5795 4324 8534
f 690 6545 4324
f 4324 5795 690
f 6545 1808 8565
f 8565 4324 6545
f 1798 8539 4325
f 4325 8566 1798
f 8539 426 5864
f 5864 4325 8539
f 729 6563 4325
f 4325 5864 729
f 6563 1809 8566
f 8566 4325 6563
f 1789 8527 4327
f 4327 8569 1789
f 8526 256 5674
f 5677 4327 8527
f 346 8530 4327
f 4326 5674 345
f 8529 1793 8567
f 8569 4327 8533
f 1792 8532 4329
f 4329 8570 1792
f 8531 347 5791
f 5792 4329 8532
f 348 8534 4329
f 4328 5794 349
f 8534 1795 8570
f 8570 4329 8534
f 1810 8549 4330
f 4330 8571 1810
f 8549 673 5758
f 5758 4330 8549
f 672 6599 4330
f 4330 5758 672
f 6599 1811 8571
f 8571 4330 6599
f 1790 8528 4331
f 4331 8572 1790
f 8528 278 5868
f 5868 4331 8528
f 427 8536 4331
f 4331 5868 427
f 8536 1797 8572
f 8572 4331 8536
f 1797 8536 4332
f 4332 8573 1797
f 8536 427 5865
f 5865 4332 8536
f 425 8538 4333
f 4333 5867 425
f 8537 1800 8575
f 8576 4333 8538
f 1812 8551 4334
f 4334 8577 1812
f 8551 712 5834
f 5834 4334 8551
f 711 6641 4334
f 4334 5834 711
f 6641 1813 8577
f 8577 4334 6641
f 1814 8553 4335
f 4335 8578 1814
f 8553 809 6082
f 6082 4335 8553
f 808 6700 4335
f 4335 6082 808
f 6700 1815 8578
f 8578 4335 6700
f 1785 5494 4336
f 4336 8579 1785
f 5494 134 6065
f 6065 4336 5494
f 498 8542 4336
f 4336 6065 498
f 8542 1803 8579
f 8579 4336 8542
f 1816 8555 4337
f 4337 8580 1816
f 8555 597 5623
f 5623 4337 8555
f 598 6726 4337
f 4337 5623 598
f 6726 1817 8580
f 8580 4337 6726
f 1784 5493 4338
f 4338 8581 1784
f 5493 144 6092
f 6092 4338 5493
f 524 8544 4338
f 4338 6092 524
f 8544 1805 8581
f 8581 4338 8544
f 1802 8541 4339
f 4339 8582 1802
f 8541 516 6460
f 6460 4339 8541
f 807 8545 4339
f 4339 6460 807
f 8545 1806 8582
f 8582 4339 8545
f 1804 8543 4340
f 4340 8583 1804
f 8543 534 6476
f 6476 4340 8543
f 825 8546 4340
f 4340 6476 825
f 8546 1807 8583
f 8583 4340 8546
f 1796 8535 4341
f 4341 8584 1796
f 8535 312 6326
f 6326 4341 8535
f 671 8547 4341
f 4341 6326 671
f 8547 1808 8584
f 8584 4341 8547
f 1801 8540 4342
f 4342 8585 1801
f 8540 394 6367
f 6367 4342 8540
f 710 8548 4342
f 4342 6367 710
f 8548 1809 8585
f 8585 4342 8548
f 1788 5622 4343
f 4343 8586 1788
f 5622 228 6328
f 6328 4343 5622
f 673 8549 4343
f 4343 6328 673
f 8549 1810 8586
f 8586 4343 8549
f 1796 5932 4344
f 4344 8587 1796
f 5932 350 6346
f 6346 4344 5932
f 691 8550 4344
f 4344 6346 691
f 8550 1811 8587
f 8587 4344 8550
f 1787 5596 4345
f 4345 8588 1787
f 5596 214 6369
f 6369 4345 5596
f 712 8551 4345
f 4345 6369 712
f 8551 1812 8588
f 8588 4345 8551
f 1801 5999 4346
f 4346 8589 1801
f 5999 424 6311
f 6311 4346 5999
f 655 8552 4346
f 4346 6311 655
f 8552 1813 8589
f 8589 4346 8552
f 1787 8524 4347
f 4347 8590 1787
f 8524 223 6462
f 6462 4347 8524
f 809 8553 4347
f 4347 6462 809
f 8553 1814 8590
f 8590 4347 8553
f 1802 6166 4348
f 4348 8591 1802
f 6166 497 6239
f 6239 4348 6166
f 579 8554 4348
f 4348 6239 579
f 8554 1815 8591
f 8591 4348 8554
f 1788 8525 4349
f 4349 8592 1788
f 8525 235 6255
f 6255 4349 8525
f 597 8555 4349
f 4349 6255 597
f 8555 1816 8592
f 8592 4349 8555
f 1804 6195 4350
f 4350 8593 1804
f 6195 523 6251
f 6251 4350 6195
f 592 8556 4350
f 4350 6251 592
f 8556 1817 8593
f 8593 4350 8556
f 2564 9343 4351
f 4351 9607 2564
f 9343 1238 7485
f 7485 4351 9343
f 1239 8036 4351
f 4351 7485 1239
f 8036 2615 9607
f 9607 4351 8036
f 2562 9342 4352
f 4352 9610 2562
f 9342 2564 9607
f 9607 4352 9342
f 2615 9393 4352
f 4352 9607 2615
f 9393 2617 9610
f 9610 4352 9393
f 2561 9340 4356
f 4354 9614 2559
f 9339 2562 9610
f 9609 4357 9338
f 2618 9397 4355
f 4358 9608 2616
f 9394 2623 9613
f 9613 4353 9394
f 2556 9336 4362
f 4362 9617 2556
f 9336 2558 9612
f 9612 4362 9336
f 2619 9400 4359
f 4361 9611 2620
f 9402 2626 9616
f 9616 4360 9402
f 2553 9333 4365
f 4363 9618 2553
f 9335 2556 9617
f 9616 4364 9333
f 2626 9406 4366
f 4364 9615 2624
f 9404 2629 9619
f 9619 4364 9404
f 2550 9331 4367
f 4367 9621 2550
f 9332 2553 9620
f 9618 4367 9331
f 2629 9408 4368
f 4368 9619 2629
f 9408 2631 9622
f 9622 4368 9408
f 2548 9329 4370
f 4370 9626 2548
f 9329 2550 9623
f 9623 4370 9329
f 2631 9410 4369
f 4369 9622 2631
f 9410 2633 9624
f 9624 4369 9410
f 2545 9326 4372
f 4372 9628 2545
f 9327 2548 9626
f 9625 4372 9326
f 2633 9412 4371
f 4371 9624 2633
f 9412 2635 9627
f 9627 4371 9412
f 2656 9439 4373
f 4373 9631 2656
f 9439 1230 7477
f 7477 4373 9439
f 1231 8033 4373
f 4373 7477 1231
f 8033 2525 9631
f 9631 4373 8033
f 2654 9438 4378
f 4377 9634 2651
f 9436 2655 9630
f 9629 4375 9435
f 2524 9305 4374
f 4376 9629 2522
f 9306 2529 9633
f 9634 4377 9308
f 2650 9432 4381
f 4379 9636 2647
f 9433 2651 9635
f 9632 4379 9428
f 2527 9310 4380
f 4379 9632 2526
f 9310 2532 9637
f 9637 4380 9310
f 2646 9426 4382
f 4382 9640 2646
f 9427 2650 9638
f 9636 4382 9426
f 2532 9313 4383
f 4383 9637 2532
f 9312 2534 9640
f 9641 4383 9313
f 2643 9421 4384
f 4384 9642 2643
f 9423 2646 9640
f 9639 4384 9421
f 2534 9315 4385
f 4385 9640 2534
f 9315 2536 9643
f 9643 4385 9315
f 2641 9419 4386
f 4386 9644 2641
f 9419 2643 9642
f 9642 4386 9419
f 2537 9318 4388
f 4387 9643 2536
f 9318 2539 9645
f 9645 4388 9318
f 2639 9417 4389
f 4389 9646 2639
f 9417 2641 9644
f 9644 4389 9417
f 2539 9320 4390
f 4390 9645 2539
f 9320 2541 9647
f 9647 4390 9320
f 2636 9415 4391
f 4392 9648 2638
f 9415 2639 9646
f 9646 4391 9415
f 2541 9322 4393
f 4393 9647 2541
f 9322 2543 9649
f 9649 4393 9322
f 2755 9543 4394
f 4394 9650 2755
f 9543 1252 7499
f 7499 4394 9543
f 1253 8043 4394
f 4394 7499 1253
f 8043 2789 9650
f 9650 4394 8043
f 2754 9542 4395
f 4395 9651 2754
f 9542 2755 9650
f 9650 4395 9542
f 2789 9577 4395
f 4395 9650 2789
f 9577 2790 9651
f 9651 4395 9577
f 2753 9541 4396
f 4396 9652 2753
f 9541 2754 9651
f 9651 4396 9541
f 2790 9578 4396
f 4396 9651 2790
f 9578 2791 9652
f 9652 4396 9578
f 2752 9540 4397
f 4397 9653 2752
f 9540 2753 9652
f 9652 4397 9540
f 2791 9579 4397
f 4397 9652 2791
f 9579 2792 9653
f 9653 4397 9579
f 2751 9539 4398
f 4398 9654 2751
f 9539 2752 9653
f 9653 4398 9539
f 2792 9581 4398
f 4398 9653 2792
f 9581 2793 9654
f 9654 4398 9581
f 2749 9537 4399
f 4399 9655 2749
f 9537 2751 9654
f 9654 4399 9537
f 2793 9582 4399
f 4399 9654 2793
f 9582 2795 9655
f 9655 4399 9582
f 2743 9530 4400
f 4401 9657 2745
f 9534 2749 9655
f 9655 4401 9534
f 2795 9583 4401
f 4401 9655 2795
f 9583 2796 9657
f 9657 4401 9583
f 2740 9529 4402
f 4404 9659 2740
f 9525 2741 9656
f 9657 4403 9527
f 2796 9584 4403
f 4403 9657 2796
f 9584 2797 9658
f 9658 4403 9584
f 2809 9596 4405
f 4405 9660 2809
f 9596 1244 7491
f 7491 4405 9596
f 1245 8040 4405
f 4405 7491 1245
f 8040 2720 9660
f 9660 4405 8040
f 2808 9595 4406
f 4406 9661 2808
f 9595 2809 9660
f 9660 4406 9595
f 2720 9506 4406
f 4406 9660 2720
f 9506 2721 9661
f 9661 4406 9506
f 2807 9594 4407
f 4407 9662 2807
f 9594 2808 9661
f 9661 4407 9594
f 2721 9507 4407
f 4407 9661 2721
f 9507 2722 9662
f 9662 4407 9507
f 2806 9593 4408
f 4408 9663 2806
f 9593 2807 9662
f 9662 4408 9593
f 2722 9508 4408
f 4408 9662 2722
f 9508 2723 9663
f 9663 4408 9508
f 2805 9592 4409
f 4409 9664 2805
f 9592 2806 9663
f 9663 4409 9592
f 2723 9509 4409
f 4409 9663 2723
f 9509 2724 9664
f 9664 4409 9509
f 2802 9591 4410
f 4410 9665 2802
f 9591 2805 9664
f 9664 4410 9591
f 2724 9510 4410
f 4410 9664 2724
f 9510 2725 9665
f 9665 4410 9510
f 2800 9590 4414
f 4412 9671 2801
f 9589 2803 9666
f 9667 4414 9588
f 2726 9514 4413
f 4415 9668 2728
f 9511 2730 9669
f 9670 4411 9512
f 2798 9587 4419
f 4419 9674 2798
f 9586 2799 9672
f 9672 4416 9586
f 2732 9518 4417
f 4417 9673 2732
f 9520 2737 9675
f 9676 4418 9521
f 1889 8668 4420
f 4420 9677 1889
f 8668 11 5251
f 5251 4420 8668
f 12 5252 4420
f 4420 5251 12
f 5252 1890 9677
f 9677 4420 5252
f 1888 8667 4421
f 4421 9678 1888
f 8667 1889 9677
f 9677 4421 8667
f 1890 8669 4421
f 4421 9677 1890
f 8669 1891 9678
f 9678 4421 8669
f 1887 8666 4422
f 4422 9679 1887
f 8666 1888 9678
f 9678 4422 8666
f 1891 8670 4422
f 4422 9678 1891
f 8670 1892 9679
f 9679 4422 8670
f 1886 8665 4423
f 4423 9680 1886
f 8665 1887 9679
f 9679 4423 8665
f 1892 8671 4423
f 4423 9679 1892
f 8671 1893 9680
f 9680 4423 8671
f 1885 8664 4424
f 4424 9681 1885
f 8664 1886 9680
f 9680 4424 8664
f 1893 8672 4424
f 4424 9680 1893
f 8672 1894 9681
f 9681 4424 8672
f 1884 8663 4425
f 4425 9682 1884
f 8663 1885 9681
f 9681 4425 8663
f 1894 8673 4425
f 4425 9681 1894
f 8673 1895 9682
f 9682 4425 8673
f 1883 8662 4426
f 4426 9683 1883
f 8662 1884 9682
f 9682 4426 8662
f 1895 8674 4426
f 4426 9682 1895
f 8674 1896 9683
f 9683 4426 8674
f 1882 8661 4427
f 4427 9684 1882
f 8661 1883 9683
f 9683 4427 8661
f 1896 8675 4427
f 4427 9683 1896
f 8675 1897 9684
f 9684 4427 8675
f 1905 8684 4428
f 4428 9685 1905
f 8684 9 5253
f 5253 4428 8684
f 10 5250 4428
f 4428 5253 10
f 5250 1874 9685
f 9685 4428 5250
f 1904 8683 4429
f 4429 9686 1904
f 8683 1905 9685
f 9685 4429 8683
f 1874 8653 4429
f 4429 9685 1874
f 8653 1875 9686
f 9686 4429 8653
f 1903 8682 4430
f 4430 9687 1903
f 8682 1904 9686
f 9686 4430 8682
f 1875 8654 4430
f 4430 9686 1875
f 8654 1876 9687
f 9687 4430 8654
f 1902 8681 4431
f 4431 9688 1902
f 8681 1903 9687
f 9687 4431 8681
f 1876 8655 4431
f 4431 9687 1876
f 8655 1877 9688
f 9688 4431 8655
f 1901 8680 4432
f 4432 9689 1901
f 8680 1902 9688
f 9688 4432 8680
f 1877 8656 4432
f 4432 9688 1877
f 8656 1878 9689
f 9689 4432 8656
f 1900 8679 4433
f 4433 9690 1900
f 8679 1901 9689
f 9689 4433 8679
f 1878 8657 4433
f 4433 9689 1878
f 8657 1879 9690
f 9690 4433 8657
f 1899 8678 4434
f 4434 9691 1899
f 8678 1900 9690
f 9690 4434 8678
f 1879 8658 4434
f 4434 9690 1879
f 8658 1880 9691
f 9691 4434 8658
f 1898 8677 4435
f 4435 9692 1898
f 8677 1899 9691
f 9691 4435 8677
f 1880 8659 4435
f 4435 9691 1880
f 8659 1881 9692
f 9692 4435 8659
f 1921 8700 4436
f 4436 9693 1921
f 8700 15 5255
f 5255 4436 8700
f 16 5256 4436
f 4436 5255 16
f 5256 1922 9693
f 9693 4436 5256
f 1920 8699 4437
f 4437 9694 1920
f 8699 1921 9693
f 9693 4437 8699
f 1922 8701 4437
f 4437 9693 1922
f 8701 1923 9694
f 9694 4437 8701
f 1919 8698 4438
f 4438 9695 1919
f 8698 1920 9694
f 9694 4438 8698
f 1923 8702 4438
f 4438 9694 1923
f 8702 1924 9695
f 9695 4438 8702
f 1918 8697 4439
f 4439 9696 1918
f 8697 1919 9695
f 9695 4439 8697
f 1924 8703 4439
f 4439 9695 1924
f 8703 1925 9696
f 9696 4439 8703
f 1917 8696 4440
f 4440 9697 1917
f 8696 1918 9696
f 9696 4440 8696
f 1925 8704 4440
f 4440 9696 1925
f 8704 1926 9697
f 9697 4440 8704
f 1916 8695 4441
f 4441 9698 1916
f 8695 1917 9697
f 9697 4441 8695
f 1926 8705 4441
f 4441 9697 1926
f 8705 1927 9698
f 9698 4441 8705
f 1915 8694 4442
f 4442 9699 1915
f 8694 1916 9698
f 9698 4442 8694
f 1927 8706 4442
f 4442 9698 1927
f 8706 1928 9699
f 9699 4442 8706
f 1914 8693 4443
f 4443 9700 1914
f 8693 1915 9699
f 9699 4443 8693
f 1928 8707 4443
f 4443 9699 1928
f 8707 1929 9700
f 9700 4443 8707
f 1937 8716 4444
f 4444 9701 1937
f 8716 13 5257
f 5257 4444 8716
f 14 5254 4444
f 4444 5257 14
f 5254 1906 9701
f 9701 4444 5254
f 1936 8715 4445
f 4445 9702 1936
f 8715 1937 9701
f 9701 4445 8715
f 1906 8685 4445
f 4445 9701 1906
f 8685 1907 9702
f 9702 4445 8685
f 1935 8714 4446
f 4446 9703 1935
f 8714 1936 9702
f 9702 4446 8714
f 1907 8686 4446
f 4446 9702 1907
f 8686 1908 9703
f 9703 4446 8686
f 1934 8713 4447
f 4447 9704 1934
f 8713 1935 9703
f 9703 4447 8713
f 1908 8687 4447
f 4447 9703 1908
f 8687 1909 9704
f 9704 4447 8687
f 1933 8712 4448
f 4448 9705 1933
f 8712 1934 9704
f 9704 4448 8712
f 1909 8688 4448
f 4448 9704 1909
f 8688 1910 9705
f 9705 4448 8688
f 1932 8711 4449
f 4449 9706 1932
f 8711 1933 9705
f 9705 4449 8711
f 1910 8689 4449
f 4449 9705 1910
f 8689 1911 9706
f 9706 4449 8689
f 1931 8710 4450
f 4450 9707 1931
f 8710 1932 9706
f 9706 4450 8710
f 1911 8690 4450
f 4450 9706 1911
f 8690 1912 9707
f 9707 4450 8690
f 1930 8709 4451
f 4451 9708 1930
f 8709 1931 9707
f 9707 4451 8709
f 1912 8691 4451
f 4451 9707 1912
f 8691 1913 9708
f 9708 4451 8691
f 1969 8748 4452
f 4452 9709 1969
f 8748 49 5292
f 5292 4452 8748
f 1 8625 4452
f 4452 5292 1
f 8625 1849 9709
f 9709 4452 8625
f 1967 8746 4453
f 4453 9710 1967
f 8746 1969 9709
f 9709 4453 8746
f 1849 8624 4453
f 4453 9709 1849
f 8624 1848 9710
f 9710 4453 8624
f 1965 8744 4454
f 4454 9711 1965
f 8744 1967 9710
f 9710 4454 8744
f 1848 8623 4454
f 4454 9710 1848
f 8623 1847 9711
f 9711 4454 8623
f 1963 8742 4455
f 4455 9712 1963
f 8742 1965 9711
f 9711 4455 8742
f 1847 8622 4455
f 4455 9711 1847
f 8622 1846 9712
f 9712 4455 8622
f 1961 8740 4456
f 4456 9713 1961
f 8740 1963 9712
f 9712 4456 8740
f 1846 8621 4456
f 4456 9712 1846
f 8621 1845 9713
f 9713 4456 8621
f 1959 8738 4457
f 4457 9714 1959
f 8738 1961 9713
f 9713 4457 8738
f 1845 8620 4457
f 4457 9713 1845
f 8620 1844 9714
f 9714 4457 8620
f 1957 8736 4458
f 4458 9715 1957
f 8736 1959 9714
f 9714 4458 8736
f 1844 8619 4458
f 4458 9714 1844
f 8619 1843 9715
f 9715 4458 8619
f 1955 8734 4459
f 4459 9716 1955
f 8734 1957 9715
f 9715 4459 8734
f 1843 8618 4459
f 4459 9715 1843
f 8618 1842 9716
f 9716 4459 8618
f 1834 5244 4460
f 4460 9717 1834
f 5244 4 5289
f 5289 4460 5244
f 46 5290 4460
f 4460 5289 46
f 5290 1938 9717
f 9717 4460 5290
f 1835 8610 4461
f 4461 9718 1835
f 8610 1834 9717
f 9717 4461 8610
f 1938 8717 4461
f 4461 9717 1938
f 8717 1940 9718
f 9718 4461 8717
f 1836 8611 4462
f 4462 9719 1836
f 8611 1835 9718
f 9718 4462 8611
f 1940 8719 4462
f 4462 9718 1940
f 8719 1942 9719
f 9719 4462 8719
f 1837 8612 4463
f 4463 9720 1837
f 8612 1836 9719
f 9719 4463 8612
f 1942 8721 4463
f 4463 9719 1942
f 8721 1944 9720
f 9720 4463 8721
f 1838 8613 4464
f 4464 9721 1838
f 8613 1837 9720
f 9720 4464 8613
f 1944 8723 4464
f 4464 9720 1944
f 8723 1946 9721
f 9721 4464 8723
f 1839 8614 4465
f 4465 9722 1839
f 8614 1838 9721
f 9721 4465 8614
f 1946 8725 4465
f 4465 9721 1946
f 8725 1948 9722
f 9722 4465 8725
f 1840 8615 4466
f 4466 9723 1840
f 8615 1839 9722
f 9722 4466 8615
f 1948 8727 4466
f 4466 9722 1948
f 8727 1950 9723
f 9723 4466 8727
f 1841 8616 4467
f 4467 9724 1841
f 8616 1840 9723
f 9723 4467 8616
f 1950 8729 4467
f 4467 9723 1950
f 8729 1952 9724
f 9724 4467 8729
f 2000 8779 4468
f 4468 9725 2000
f 8779 53 5296
f 5296 4468 8779
f 6 8652 4468
f 4468 5296 6
f 8652 1873 9725
f 9725 4468 8652
f 1998 8778 4469
f 4469 9726 1998
f 8778 2000 9725
f 9725 4469 8778
f 1873 8651 4469
f 4469 9725 1873
f 8651 1872 9726
f 9726 4469 8651
f 1996 8776 4470
f 4470 9727 1996
f 8776 1998 9726
f 9726 4470 8776
f 1872 8650 4470
f 4470 9726 1872
f 8650 1871 9727
f 9727 4470 8650
f 1994 8774 4471
f 4471 9728 1994
f 8774 1996 9727
f 9727 4471 8774
f 1871 8649 4471
f 4471 9727 1871
f 8649 1870 9728
f 9728 4471 8649
f 1992 8772 4472
f 4472 9729 1992
f 8772 1994 9728
f 9728 4472 8772
f 1870 8648 4472
f 4472 9728 1870
f 8648 1869 9729
f 9729 4472 8648
f 1990 8770 4473
f 4473 9730 1990
f 8770 1992 9729
f 9729 4473 8770
f 1869 8647 4473
f 4473 9729 1869
f 8647 1868 9730
f 9730 4473 8647
f 1988 8768 4474
f 4474 9731 1988
f 8768 1990 9730
f 9730 4474 8768
f 1868 8646 4474
f 4474 9730 1868
f 8646 1867 9731
f 9731 4474 8646
f 1986 8766 4475
f 4475 9732 1986
f 8766 1988 9731
f 9731 4475 8766
f 1867 8645 4475
f 4475 9731 1867
f 8645 1866 9732
f 9732 4475 8645
f 1858 5249 4476
f 4476 9733 1858
f 5249 5 5293
f 5293 4476 5249
f 51 5295 4476
f 4476 5293 51
f 5295 1970 9733
f 9733 4476 5295
f 1859 8637 4477
f 4477 9734 1859
f 8637 1858 9733
f 9733 4477 8637
f 1970 8750 4477
f 4477 9733 1970
f 8750 1972 9734
f 9734 4477 8750
f 1860 8638 4478
f 4478 9735 1860
f 8638 1859 9734
f 9734 4478 8638
f 1972 8752 4478
f 4478 9734 1972
f 8752 1974 9735
f 9735 4478 8752
f 1861 8639 4479
f 4479 9736 1861
f 8639 1860 9735
f 9735 4479 8639
f 1974 8754 4479
f 4479 9735 1974
f 8754 1976 9736
f 9736 4479 8754
f 1862 8640 4480
f 4480 9737 1862
f 8640 1861 9736
f 9736 4480 8640
f 1976 8756 4480
f 4480 9736 1976
f 8756 1978 9737
f 9737 4480 8756
f 1863 8641 4481
f 4481 9738 1863
f 8641 1862 9737
f 9737 4481 8641
f 1978 8758 4481
f 4481 9737 1978
f 8758 1980 9738
f 9738 4481 8758
f 1864 8642 4482
f 4482 9739 1864
f 8642 1863 9738
f 9738 4482 8642
f 1980 8760 4482
f 4482 9738 1980
f 8760 1982 9739
f 9739 4482 8760
f 1865 8643 4483
f 4483 9740 1865
f 8643 1864 9739
f 9739 4483 8643
f 1982 8762 4483
f 4483 9739 1982
f 8762 1984 9740
f 9740 4483 8762
f 2030 8810 4484
f 4484 9741 2030
f 8810 56 5300
f 5300 4484 8810
f 54 5301 4484
f 4484 5300 54
f 5301 2032 9741
f 9741 4484 5301
f 2028 8808 4485
f 4485 9742 2028
f 8808 2030 9741
f 9741 4485 8808
f 2032 8812 4485
f 4485 9741 2032
f 8812 2033 9742
f 9742 4485 8812
f 2026 8806 4486
f 4486 9743 2026
f 8806 2028 9742
f 9742 4486 8806
f 2033 8813 4486
f 4486 9742 2033
f 8813 2034 9743
f 9743 4486 8813
f 2024 8804 4487
f 4487 9744 2024
f 8804 2026 9743
f 9743 4487 8804
f 2034 8814 4487
f 4487 9743 2034
f 8814 2035 9744
f 9744 4487 8814
f 2022 8802 4488
f 4488 9745 2022
f 8802 2024 9744
f 9744 4488 8802
f 2035 8815 4488
f 4488 9744 2035
f 8815 2036 9745
f 9745 4488 8815
f 2020 8800 4489
f 4489 9746 2020
f 8800 2022 9745
f 9745 4489 8800
f 2036 8816 4489
f 4489 9745 2036
f 8816 2037 9746
f 9746 4489 8816
f 2018 8798 4490
f 4490 9747 2018
f 8798 2020 9746
f 9746 4490 8798
f 2037 8817 4490
f 4490 9746 2037
f 8817 2038 9747
f 9747 4490 8817
f 2016 8796 4491
f 4491 9748 2016
f 8796 2018 9747
f 9747 4491 8796
f 2038 8818 4491
f 4491 9747 2038
f 8818 2039 9748
f 9748 4491 8818
f 2047 8827 4493
f 4493 9750 2047
f 8827 31 5298
f 5298 4493 8827
f 55 5299 4492
f 4492 5297 55
f 5299 2001 9749
f 9749 4492 5299
f 2046 8826 4495
f 4495 9751 2046
f 8826 2047 9750
f 9750 4495 8826
f 2001 8780 4494
f 4494 9749 2001
f 8781 2003 9751
f 9751 4495 8781
f 2045 8825 4496
f 4496 9752 2045
f 8825 2046 9751
f 9751 4496 8825
f 2003 8783 4496
f 4496 9751 2003
f 8783 2005 9752
f 9752 4496 8783
f 2044 8824 4497
f 4497 9753 2044
f 8824 2045 9752
f 9752 4497 8824
f 2005 8785 4497
f 4497 9752 2005
f 8785 2007 9753
f 9753 4497 8785
f 2043 8823 4498
f 4498 9754 2043
f 8823 2044 9753
f 9753 4498 8823
f 2007 8787 4498
f 4498 9753 2007
f 8787 2009 9754
f 9754 4498 8787
f 2042 8822 4499
f 4499 9755 2042
f 8822 2043 9754
f 9754 4499 8822
f 2009 8789 4499
f 4499 9754 2009
f 8789 2011 9755
f 9755 4499 8789
f 2041 8821 4500
f 4500 9756 2041
f 8821 2042 9755
f 9755 4500 8821
f 2011 8791 4500
f 4500 9755 2011
f 8791 2013 9756
f 9756 4500 8791
f 2040 8820 4501
f 4501 9757 2040
f 8820 2041 9756
f 9756 4501 8820
f 2013 8793 4501
f 4501 9756 2013
f 8793 2015 9757
f 9757 4501 8793
f 2001 5299 4502
f 4502 9758 2001
f 5299 55 5303
f 5303 4502 5299
f 11 8668 4502
f 4502 5303 11
f 8668 1889 9758
f 9758 4502 8668
f 2002 8780 4503
f 4503 9759 2002
f 8780 2001 9758
f 9758 4503 8780
f 1889 8667 4503
f 4503 9758 1889
f 8667 1888 9759
f 9759 4503 8667
f 2004 8782 4504
f 4504 9760 2004
f 8782 2002 9759
f 9759 4504 8782
f 1888 8666 4504
f 4504 9759 1888
f 8666 1887 9760
f 9760 4504 8666
f 2006 8784 4505
f 4505 9761 2006
f 8784 2004 9760
f 9760 4505 8784
f 1887 8665 4505
f 4505 9760 1887
f 8665 1886 9761
f 9761 4505 8665
f 2008 8786 4506
f 4506 9762 2008
f 8786 2006 9761
f 9761 4506 8786
f 1886 8664 4506
f 4506 9761 1886
f 8664 1885 9762
f 9762 4506 8664
f 2010 8788 4507
f 4507 9763 2010
f 8788 2008 9762
f 9762 4507 8788
f 1885 8663 4507
f 4507 9762 1885
f 8663 1884 9763
f 9763 4507 8663
f 2012 8790 4508
f 4508 9764 2012
f 8790 2010 9763
f 9763 4508 8790
f 1884 8662 4508
f 4508 9763 1884
f 8662 1883 9764
f 9764 4508 8662
f 2014 8792 4509
f 4509 9765 2014
f 8792 2012 9764
f 9764 4509 8792
f 1883 8661 4509
f 4509 9764 1883
f 8661 1882 9765
f 9765 4509 8661
f 1874 5250 4510
f 4510 9766 1874
f 5250 10 5302
f 5302 4510 5250
f 57 8811 4510
f 4510 5302 57
f 8811 2031 9766
f 9766 4510 8811
f 1875 8653 4511
f 4511 9767 1875
f 8653 1874 9766
f 9766 4511 8653
f 2031 8809 4511
f 4511 9766 2031
f 8809 2029 9767
f 9767 4511 8809
f 1876 8654 4512
f 4512 9768 1876
f 8654 1875 9767
f 9767 4512 8654
f 2029 8807 4512
f 4512 9767 2029
f 8807 2027 9768
f 9768 4512 8807
f 1877 8655 4513
f 4513 9769 1877
f 8655 1876 9768
f 9768 4513 8655
f 2027 8805 4513
f 4513 9768 2027
f 8805 2025 9769
f 9769 4513 8805
f 1878 8656 4514
f 4514 9770 1878
f 8656 1877 9769
f 9769 4514 8656
f 2025 8803 4514
f 4514 9769 2025
f 8803 2023 9770
f 9770 4514 8803
f 1879 8657 4515
f 4515 9771 1879
f 8657 1878 9770
f 9770 4515 8657
f 2023 8801 4515
f 4515 9770 2023
f 8801 2021 9771
f 9771 4515 8801
f 1880 8658 4516
f 4516 9772 1880
f 8658 1879 9771
f 9771 4516 8658
f 2021 8799 4516
f 4516 9771 2021
f 8799 2019 9772
f 9772 4516 8799
f 1881 8659 4517
f 4517 9773 1881
f 8659 1880 9772
f 9772 4517 8659
f 2019 8797 4517
f 4517 9772 2019
f 8797 2017 9773
f 9773 4517 8797
f 2079 8859 4518
f 4518 9774 2079
f 8859 40 5307
f 5307 4518 8859
f 9 8684 4518
f 4518 5307 9
f 8684 1905 9774
f 9774 4518 8684
f 2077 8857 4519
f 4519 9775 2077
f 8857 2079 9774
f 9774 4519 8857
f 1905 8683 4519
f 4519 9774 1905
f 8683 1904 9775
f 9775 4519 8683
f 2075 8855 4520
f 4520 9776 2075
f 8855 2077 9775
f 9775 4520 8855
f 1904 8682 4520
f 4520 9775 1904
f 8682 1903 9776
f 9776 4520 8682
f 2073 8853 4521
f 4521 9777 2073
f 8853 2075 9776
f 9776 4521 8853
f 1903 8681 4521
f 4521 9776 1903
f 8681 1902 9777
f 9777 4521 8681
f 2071 8851 4522
f 4522 9778 2071
f 8851 2073 9777
f 9777 4522 8851
f 1902 8680 4522
f 4522 9777 1902
f 8680 1901 9778
f 9778 4522 8680
f 2069 8849 4523
f 4523 9779 2069
f 8849 2071 9778
f 9778 4523 8849
f 1901 8679 4523
f 4523 9778 1901
f 8679 1900 9779
f 9779 4523 8679
f 2067 8847 4524
f 4524 9780 2067
f 8847 2069 9779
f 9779 4524 8847
f 1900 8678 4524
f 4524 9779 1900
f 8678 1899 9780
f 9780 4524 8678
f 2065 8845 4525
f 4525 9781 2065
f 8845 2067 9780
f 9780 4525 8845
f 1899 8677 4525
f 4525 9780 1899
f 8677 1898 9781
f 9781 4525 8677
f 1890 5252 4526
f 4526 9782 1890
f 5252 12 5304
f 5304 4526 5252
f 59 5306 4526
f 4526 5304 59
f 5306 2049 9782
f 9782 4526 5306
f 1891 8669 4527
f 4527 9783 1891
f 8669 1890 9782
f 9782 4527 8669
f 2049 8829 4527
f 4527 9782 2049
f 8829 2051 9783
f 9783 4527 8829
f 1892 8670 4528
f 4528 9784 1892
f 8670 1891 9783
f 9783 4528 8670
f 2051 8831 4528
f 4528 9783 2051
f 8831 2053 9784
f 9784 4528 8831
f 1893 8671 4529
f 4529 9785 1893
f 8671 1892 9784
f 9784 4529 8671
f 2053 8833 4529
f 4529 9784 2053
f 8833 2055 9785
f 9785 4529 8833
f 1894 8672 4530
f 4530 9786 1894
f 8672 1893 9785
f 9785 4530 8672
f 2055 8835 4530
f 4530 9785 2055
f 8835 2057 9786
f 9786 4530 8835
f 1895 8673 4531
f 4531 9787 1895
f 8673 1894 9786
f 9786 4531 8673
f 2057 8837 4531
f 4531 9786 2057
f 8837 2059 9787
f 9787 4531 8837
f 1896 8674 4532
f 4532 9788 1896
f 8674 1895 9787
f 9787 4532 8674
f 2059 8839 4532
f 4532 9787 2059
f 8839 2061 9788
f 9788 4532 8839
f 1897 8675 4533
f 4533 9789 1897
f 8675 1896 9788
f 9788 4533 8675
f 2061 8841 4533
f 4533 9788 2061
f 8841 2063 9789
f 9789 4533 8841
f 1970 5295 4535
f 4535 9791 1970
f 5294 50 5310
f 5310 4534 5294
f 15 8700 4534
f 4534 5310 15
f 8700 1921 9790
f 9790 4534 8700
f 1971 8749 4536
f 4536 9792 1971
f 8750 1970 9791
f 9791 4537 8750
f 1921 8699 4536
f 4536 9790 1921
f 8699 1920 9792
f 9792 4536 8699
f 1973 8751 4538
f 4538 9793 1973
f 8751 1971 9792
f 9792 4538 8751
f 1920 8698 4538
f 4538 9792 1920
f 8698 1919 9793
f 9793 4538 8698
f 1975 8753 4539
f 4539 9794 1975
f 8753 1973 9793
f 9793 4539 8753
f 1919 8697 4539
f 4539 9793 1919
f 8697 1918 9794
f 9794 4539 8697
f 1977 8755 4540
f 4540 9795 1977
f 8755 1975 9794
f 9794 4540 8755
f 1918 8696 4540
f 4540 9794 1918
f 8696 1917 9795
f 9795 4540 8696
f 1979 8757 4541
f 4541 9796 1979
f 8757 1977 9795
f 9795 4541 8757
f 1917 8695 4541
f 4541 9795 1917
f 8695 1916 9796
f 9796 4541 8695
f 1981 8759 4542
f 4542 9797 1981
f 8759 1979 9796
f 9796 4542 8759
f 1916 8694 4542
f 4542 9796 1916
f 8694 1915 9797
f 9797 4542 8694
f 1983 8761 4543
f 4543 9798 1983
f 8761 1981 9797
f 9797 4543 8761
f 1915 8693 4543
f 4543 9797 1915
f 8693 1914 9798
f 9798 4543 8693
f 1906 5254 4544
f 4544 9799 1906
f 5254 14 5308
f 5308 4544 5254
f 53 8779 4545
f 4545 5309 53
f 8779 2000 9800
f 9800 4545 8779
f 1907 8685 4546
f 4546 9801 1907
f 8685 1906 9799
f 9799 4546 8685
f 1999 8777 4546
f 4546 9799 1999
f 8777 1997 9801
f 9801 4546 8777
f 1908 8686 4547
f 4547 9802 1908
f 8686 1907 9801
f 9801 4547 8686
f 1997 8775 4547
f 4547 9801 1997
f 8775 1995 9802
f 9802 4547 8775
f 1909 8687 4548
f 4548 9803 1909
f 8687 1908 9802
f 9802 4548 8687
f 1995 8773 4548
f 4548 9802 1995
f 8773 1993 9803
f 9803 4548 8773
f 1910 8688 4549
f 4549 9804 1910
f 8688 1909 9803
f 9803 4549 8688
f 1993 8771 4549
f 4549 9803 1993
f 8771 1991 9804
f 9804 4549 8771
f 1911 8689 4550
f 4550 9805 1911
f 8689 1910 9804
f 9804 4550 8689
f 1991 8769 4550
f 4550 9804 1991
f 8769 1989 9805
f 9805 4550 8769
f 1912 8690 4551
f 4551 9806 1912
f 8690 1911 9805
f 9805 4551 8690
f 1989 8767 4551
f 4551 9805 1989
f 8767 1987 9806
f 9806 4551 8767
f 1913 8691 4552
f 4552 9807 1913
f 8691 1912 9806
f 9806 4552 8691
f 1987 8765 4552
f 4552 9806 1987
f 8765 1985 9807
f 9807 4552 8765
f 1939 5291 4553
f 4553 9808 1939
f 5291 47 5312
f 5312 4553 5291
f 13 8716 4553
f 4553 5312 13
f 8716 1937 9808
f 9808 4553 8716
f 1941 8718 4554
f 4554 9809 1941
f 8718 1939 9808
f 9808 4554 8718
f 1937 8715 4554
f 4554 9808 1937
f 8715 1936 9809
f 9809 4554 8715
f 1943 8720 4555
f 4555 9810 1943
f 8720 1941 9809
f 9809 4555 8720
f 1936 8714 4555
f 4555 9809 1936
f 8714 1935 9810
f 9810 4555 8714
f 1945 8722 4556
f 4556 9811 1945
f 8722 1943 9810
f 9810 4556 8722
f 1935 8713 4556
f 4556 9810 1935
f 8713 1934 9811
f 9811 4556 8713
f 1947 8724 4557
f 4557 9812 1947
f 8724 1945 9811
f 9811 4557 8724
f 1934 8712 4557
f 4557 9811 1934
f 8712 1933 9812
f 9812 4557 8712
f 1949 8726 4558
f 4558 9813 1949
f 8726 1947 9812
f 9812 4558 8726
f 1933 8711 4558
f 4558 9812 1933
f 8711 1932 9813
f 9813 4558 8711
f 1951 8728 4559
f 4559 9814 1951
f 8728 1949 9813
f 9813 4559 8728
f 1932 8710 4559
f 4559 9813 1932
f 8710 1931 9814
f 9814 4559 8710
f 1953 8730 4560
f 4560 9815 1953
f 8730 1951 9814
f 9814 4560 8730
f 1931 8709 4560
f 4560 9814 1931
f 8709 1930 9815
f 9815 4560 8709
f 1922 5256 4561
f 4561 9816 1922
f 5256 16 5311
f 5311 4561 5256
f 48 8747 4561
f 4561 5311 48
f 8747 1968 9816
f 9816 4561 8747
f 1923 8701 4562
f 4562 9818 1923
f 8701 1922 9816
f 9816 4562 8701
f 1969 8746 4563
f 4563 9817 1969
f 8745 1966 9818
f 9818 4562 8745
f 1924 8702 4564
f 4564 9819 1924
f 8702 1923 9818
f 9818 4564 8702
f 1966 8743 4564
f 4564 9818 1966
f 8743 1964 9819
f 9819 4564 8743
f 1925 8703 4565
f 4565 9820 1925
f 8703 1924 9819
f 9819 4565 8703
f 1964 8741 4565
f 4565 9819 1964
f 8741 1962 9820
f 9820 4565 8741
f 1926 8704 4566
f 4566 9821 1926
f 8704 1925 9820
f 9820 4566 8704
f 1962 8739 4566
f 4566 9820 1962
f 8739 1960 9821
f 9821 4566 8739
f 1927 8705 4567
f 4567 9822 1927
f 8705 1926 9821
f 9821 4567 8705
f 1960 8737 4567
f 4567 9821 1960
f 8737 1958 9822
f 9822 4567 8737
f 1928 8706 4568
f 4568 9823 1928
f 8706 1927 9822
f 9822 4568 8706
f 1958 8735 4568
f 4568 9822 1958
f 8735 1956 9823
f 9823 4568 8735
f 1929 8707 4569
f 4569 9824 1929
f 8707 1928 9823
f 9823 4569 8707
f 1956 8733 4569
f 4569 9823 1956
f 8733 1954 9824
f 9824 4569 8733
f 2091 8870 4570
f 4570 9827 2091
f 8870 155 5476
f 5476 4570 8870
f 1778 8557 4570
f 4570 5476 1778
f 8557 2812 9827
f 9827 4570 8557
f 2089 8868 4571
f 4571 9828 2089
f 8869 2090 9825
f 9825 4573 8869
f 2810 9598 4574
f 4572 9826 2811
f 9597 2813 9828
f 9828 4571 9597
f 2088 8867 4575
f 4575 9829 2088
f 8867 2089 9828
f 9828 4575 8867
f 2813 9600 4575
f 4575 9828 2813
f 9600 2814 9829
f 9829 4575 9600
f 2087 8866 4576
f 4576 9830 2087
f 8866 2088 9829
f 9829 4576 8866
f 2814 9601 4576
f 4576 9829 2814
f 9601 2815 9830
f 9830 4576 9601
f 8865 2087 9830
f 9830 4577 8865
f 2815 9602 4577
f 4577 9830 2815
f 2820 9606 4578
f 4578 9831 2820
f 9606 1779 8516
f 8516 4578 9606
f 32 5475 4578
f 4578 8516 32
f 5475 2080 9831
f 9831 4578 5475
f 2819 9605 4579
f 4579 9832 2819
f 9605 2820 9831
f 9831 4579 9605
f 2080 8860 4579
f 4579 9831 2080
f 8860 2081 9832
f 9832 4579 8860
f 2818 9604 4580
f 4580 9833 2818
f 9604 2819 9832
f 9832 4580 9604
f 2081 8861 4580
f 4580 9832 2081
f 8861 2082 9833
f 9833 4580 8861
f 2816 9603 4583
f 4582 9836 2817
f 9603 2818 9833
f 9833 4583 9603
f 2082 8864 4583
f 4583 9833 2082
f 8862 2085 9834
f 9835 4581 8863
f 2278 9060 4584
f 4584 9838 2278
f 9060 840 6736
f 6736 4584 9060
f 839 7152 4584
f 4584 6736 839
f 7152 2301 9838
f 9838 4584 7152
f 2277 9059 4585
f 4585 9839 2277
f 9059 2278 9838
f 9838 4585 9059
f 2301 9087 4585
f 4585 9838 2301
f 9087 2302 9839
f 9839 4585 9087
f 2276 9058 4586
f 4586 9840 2276
f 9058 2277 9839
f 9839 4586 9058
f 2302 9088 4586
f 4586 9839 2302
f 9088 2303 9840
f 9840 4586 9088
f 2272 9054 4587
f 4587 9842 2272
f 9054 2276 9840
f 9840 4587 9054
f 2303 9089 4587
f 4587 9840 2303
f 9089 2304 9842
f 9842 4587 9089
f 2267 9051 4589
f 4588 9845 2268
f 9051 2269 9841
f 9842 4588 9052
f 2304 9090 4588
f 4588 9842 2304
f 9090 2305 9845
f 9845 4588 9090
f 2262 9045 4590
f 4594 9848 2265
f 9046 2266 9843
f 9844 4592 9048
f 2305 9092 4591
f 4591 9845 2305
f 9091 2308 9846
f 9847 4593 9093
f 2260 9040 4595
f 4597 9850 2259
f 9041 2265 9848
f 9848 4598 9041
f 2307 9094 4596
f 4599 9849 2310
f 9096 2312 9853
f 9851 4596 9094
f 2256 9036 4600
f 4602 9855 2258
f 9036 2259 9850
f 9852 4601 9038
f 2311 9100 4605
f 4603 9853 2315
f 9099 2320 9857
f 9856 4604 9098
f 2343 9129 4606
f 4606 9858 2343
f 9129 894 6791
f 6791 4606 9129
f 895 7150 4606
f 4606 6791 895
f 7150 2235 9858
f 9858 4606 7150
f 2342 9128 4607
f 4607 9859 2342
f 9128 2343 9858
f 9858 4607 9128
f 2235 9020 4607
f 4607 9858 2235
f 9020 2236 9859
f 9859 4607 9020
f 2341 9127 4608
f 4608 9863 2341
f 9127 2342 9859
f 9859 4608 9127
f 2236 9021 4608
f 4608 9859 2236
f 9022 2239 9862
f 9863 4608 9021
f 2337 9123 4609
f 4611 9864 2333
f 9124 2340 9860
f 9860 4611 9125
f 2238 9026 4612
f 4612 9861 2238
f 9023 2245 9866
f 9867 4610 9024
f 2332 9121 4616
f 4616 9870 2332
f 9119 2334 9865
f 9865 4614 9119
f 2243 9028 4615
f 4613 9864 2241
f 9028 2250 9868
f 9868 4615 9028
f 2330 9114 4618
f 4618 9872 2330
f 9117 2332 9870
f 9869 4620 9116
f 2247 9030 4617
f 4619 9868 2250
f 9030 2252 9871
f 9871 4617 9030
f 2327 9111 4622
f 4622 9874 2327
f 9111 2330 9872
f 9872 4622 9111
f 2252 9032 4621
f 4621 9871 2252
f 9032 2254 9873
f 9873 4621 9032
f 2323 9107 4625
f 4624 9876 2322
f 9107 2327 9874
f 9874 4625 9107
f 2254 9034 4623
f 4623 9873 2254
f 9034 2255 9875
f 9875 4623 9034
f 2107 8886 4626
f 4626 9878 2107
f 8886 41 5283
f 5283 4626 8886
f 39 8858 4626
f 4626 5283 39
f 8858 2078 9878
f 9878 4626 8858
f 2106 8885 4627
f 4627 9879 2106
f 8885 2107 9878
f 9878 4627 8885
f 2078 8856 4627
f 4627 9878 2078
f 8856 2076 9879
f 9879 4627 8856
f 2105 8884 4628
f 4628 9880 2105
f 8884 2106 9879
f 9879 4628 8884
f 2076 8854 4628
f 4628 9879 2076
f 8854 2074 9880
f 9880 4628 8854
f 2104 8883 4629
f 4629 9881 2104
f 8883 2105 9880
f 9880 4629 8883
f 2074 8852 4629
f 4629 9880 2074
f 8852 2072 9881
f 9881 4629 8852
f 2103 8882 4630
f 4630 9882 2103
f 8882 2104 9881
f 9881 4630 8882
f 2072 8850 4630
f 4630 9881 2072
f 8850 2070 9882
f 9882 4630 8850
f 2102 8881 4631
f 4631 9883 2102
f 8881 2103 9882
f 9882 4631 8881
f 2070 8848 4631
f 4631 9882 2070
f 8848 2068 9883
f 9883 4631 8848
f 2101 8880 4632
f 4632 9884 2101
f 8880 2102 9883
f 9883 4632 8880
f 2068 8846 4632
f 4632 9883 2068
f 8846 2066 9884
f 9884 4632 8846
f 2100 8879 4633
f 4633 9885 2100
f 8879 2101 9884
f 9884 4633 8879
f 2066 8844 4633
f 4633 9884 2066
f 8844 2064 9885
f 9885 4633 8844
f 2048 5305 4634
f 4634 9886 2048
f 5305 58 5463
f 5463 4634 5305
f 150 5506 4634
f 4634 5463 150
f 5506 2092 9886
f 9886 4634 5506
f 2050 8828 4635
f 4635 9887 2050
f 8828 2048 9886
f 9886 4635 8828
f 2092 8871 4635
f 4635 9886 2092
f 8871 2093 9887
f 9887 4635 8871
f 2052 8830 4636
f 4636 9888 2052
f 8830 2050 9887
f 9887 4636 8830
f 2093 8872 4636
f 4636 9887 2093
f 8872 2094 9888
f 9888 4636 8872
f 2054 8832 4637
f 4637 9889 2054
f 8832 2052 9888
f 9888 4637 8832
f 2094 8873 4637
f 4637 9888 2094
f 8873 2095 9889
f 9889 4637 8873
f 2056 8834 4638
f 4638 9890 2056
f 8834 2054 9889
f 9889 4638 8834
f 2095 8874 4638
f 4638 9889 2095
f 8874 2096 9890
f 9890 4638 8874
f 2058 8836 4639
f 4639 9891 2058
f 8836 2056 9890
f 9890 4639 8836
f 2096 8875 4639
f 4639 9890 2096
f 8875 2097 9891
f 9891 4639 8875
f 2060 8838 4640
f 4640 9892 2060
f 8838 2058 9891
f 9891 4640 8838
f 2097 8876 4640
f 4640 9891 2097
f 8876 2098 9892
f 9892 4640 8876
f 2062 8840 4641
f 4641 9893 2062
f 8840 2060 9892
f 9892 4641 8840
f 2098 8877 4641
f 4641 9892 2098
f 8877 2099 9893
f 9893 4641 8877
f 2398 9184 4642
f 4642 9894 2398
f 9184 900 6796
f 6796 4642 9184
f 899 7177 4642
f 4642 6796 899
f 7177 2415 9894
f 9894 4642 7177
f 2397 9183 4643
f 4643 9895 2397
f 9183 2398 9894
f 9894 4643 9183
f 2415 9201 4643
f 4643 9894 2415
f 9201 2416 9895
f 9895 4643 9201
f 2396 9182 4644
f 4645 9896 2395
f 9182 2397 9895
f 9895 4644 9182
f 2416 9202 4644
f 4644 9895 2416
f 9202 2417 9897
f 9897 4644 9202
f 2394 9181 4646
f 4646 9898 2394
f 9181 2396 9897
f 9897 4646 9181
f 2417 9203 4646
f 4646 9897 2417
f 9203 2418 9898
f 9898 4646 9203
f 2393 9180 4647
f 4647 9899 2393
f 9180 2394 9898
f 9898 4647 9180
f 2418 9204 4647
f 4647 9898 2418
f 9204 2419 9899
f 9899 4647 9204
f 2392 9179 4648
f 4648 9900 2392
f 9179 2393 9899
f 9899 4648 9179
f 2419 9205 4648
f 4648 9899 2419
f 9205 2420 9900
f 9900 4648 9205
f 2391 9178 4649
f 4649 9901 2391
f 9178 2392 9900
f 9900 4649 9178
f 2420 9206 4649
f 4649 9900 2420
f 9206 2421 9901
f 9901 4649 9206
f 2390 9177 4650
f 4650 9902 2390
f 9177 2391 9901
f 9901 4650 9177
f 2421 9207 4650
f 4650 9901 2421
f 9207 2422 9902
f 9902 4650 9207
f 2430 9216 4651
f 4651 9903 2430
f 9216 934 6831
f 6831 4651 9216
f 935 7175 4651
f 4651 6831 935
f 7175 2382 9903
f 9903 4651 7175
f 2429 9215 4652
f 4652 9904 2429
f 9215 2430 9903
f 9903 4652 9215
f 2382 9169 4652
f 4652 9903 2382
f 9169 2383 9904
f 9904 4652 9169
f 2428 9214 4653
f 4653 9905 2428
f 9214 2429 9904
f 9904 4653 9214
f 2383 9170 4653
f 4653 9904 2383
f 9170 2384 9905
f 9905 4653 9170
f 2427 9213 4654
f 4654 9906 2427
f 9213 2428 9905
f 9905 4654 9213
f 2384 9171 4654
f 4654 9905 2384
f 9171 2385 9906
f 9906 4654 9171
f 2426 9212 4655
f 4655 9907 2426
f 9212 2427 9906
f 9906 4655 9212
f 2385 9172 4655
f 4655 9906 2385
f 9172 2386 9907
f 9907 4655 9172
f 2425 9211 4656
f 4656 9908 2425
f 9211 2426 9907
f 9907 4656 9211
f 2386 9173 4656
f 4656 9907 2386
f 9173 2387 9908
f 9908 4656 9173
f 2424 9210 4657
f 4657 9909 2424
f 9210 2425 9908
f 9908 4657 9210
f 2387 9174 4657
f 4657 9908 2387
f 9174 2388 9909
f 9909 4657 9174
f 2423 9209 4658
f 4658 9910 2423
f 9209 2424 9909
f 9909 4658 9209
f 2388 9175 4658
f 4658 9909 2388
f 9175 2389 9910
f 9910 4658 9175
f 1818 5242 4659
f 4659 9911 1818
f 5242 2 5510
f 5510 4659 5242
f 171 5512 4659
f 4659 5510 171
f 5512 2124 9911
f 9911 4659 5512
f 1819 8594 4660
f 4660 9912 1819
f 8594 1818 9911
f 9911 4660 8594
f 2124 8904 4660
f 4660 9911 2124
f 8904 2127 9912
f 9912 4660 8904
f 1820 8595 4661
f 4661 9913 1820
f 8595 1819 9912
f 9912 4661 8595
f 2127 8906 4661
f 4661 9912 2127
f 8906 2128 9913
f 9913 4661 8906
f 1821 8596 4662
f 4662 9914 1821
f 8596 1820 9913
f 9913 4662 8596
f 2128 8907 4662
f 4662 9913 2128
f 8907 2130 9914
f 9914 4662 8907
f 1822 8597 4663
f 4663 9915 1822
f 8597 1821 9914
f 9914 4663 8597
f 2130 8909 4663
f 4663 9914 2130
f 8909 2132 9915
f 9915 4663 8909
f 1823 8598 4664
f 4664 9916 1823
f 8598 1822 9915
f 9915 4664 8598
f 2132 8911 4664
f 4664 9915 2132
f 8911 2134 9916
f 9916 4664 8911
f 1824 8599 4665
f 4665 9917 1824
f 8599 1823 9916
f 9916 4665 8599
f 2134 8914 4665
f 4665 9916 2134
f 8914 2137 9917
f 9917 4665 8914
f 1825 8600 4666
f 4666 9918 1825
f 8600 1824 9917
f 9917 4666 8600
f 2137 8916 4666
f 4666 9917 2137
f 8916 2138 9918
f 9918 4666 8916
f 2155 8933 4667
f 4667 9919 2155
f 8933 168 5513
f 5513 4667 8933
f 3 8609 4667
f 4667 5513 3
f 8609 1833 9919
f 9919 4667 8609
f 2153 8932 4668
f 4668 9920 2153
f 8932 2155 9919
f 9919 4668 8932
f 1833 8608 4668
f 4668 9919 1833
f 8608 1832 9920
f 9920 4668 8608
f 2151 8930 4669
f 4669 9921 2151
f 8930 2153 9920
f 9920 4669 8930
f 1832 8607 4669
f 4669 9920 1832
f 8607 1831 9921
f 9921 4669 8607
f 2149 8928 4670
f 4670 9922 2149
f 8928 2151 9921
f 9921 4670 8928
f 1831 8606 4670
f 4670 9921 1831
f 8606 1830 9922
f 9922 4670 8606
f 2147 8926 4671
f 4671 9923 2147
f 8926 2149 9922
f 9922 4671 8926
f 1830 8605 4671
f 4671 9922 1830
f 8605 1829 9923
f 9923 4671 8605
f 2145 8924 4672
f 4672 9924 2145
f 8924 2147 9923
f 9923 4672 8924
f 1829 8604 4672
f 4672 9923 1829
f 8604 1828 9924
f 9924 4672 8604
f 2142 8922 4673
f 4673 9925 2142
f 8922 2145 9924
f 9924 4673 8922
f 1828 8603 4673
f 4673 9924 1828
f 8603 1827 9925
f 9925 4673 8603
f 2140 8920 4674
f 4674 9926 2140
f 8920 2142 9925
f 9925 4674 8920
f 1827 8602 4674
f 4674 9925 1827
f 8602 1826 9926
f 9926 4674 8602
f 2125 5511 4675
f 4675 9927 2125
f 5511 170 5535
f 5535 4675 5511
f 190 5536 4675
f 4675 5535 190
f 5536 2156 9927
f 9927 4675 5536
f 2126 8903 4676
f 4676 9928 2126
f 8903 2125 9927
f 9927 4676 8903
f 2156 8935 4676
f 4676 9927 2156
f 8935 2158 9928
f 9928 4676 8935
f 2129 8905 4677
f 4677 9929 2129
f 8905 2126 9928
f 9928 4677 8905
f 2158 8937 4677
f 4677 9928 2158
f 8937 2161 9929
f 9929 4677 8937
f 2131 8908 4678
f 4678 9930 2131
f 8908 2129 9929
f 9929 4678 8908
f 2161 8940 4678
f 4678 9929 2161
f 8940 2163 9930
f 9930 4678 8940
f 2133 8910 4679
f 4679 9931 2133
f 8910 2131 9930
f 9930 4679 8910
f 2163 8942 4679
f 4679 9930 2163
f 8942 2165 9931
f 9931 4679 8942
f 2135 8912 4680
f 4680 9932 2135
f 8912 2133 9931
f 9931 4680 8912
f 2165 8944 4680
f 4680 9931 2165
f 8944 2167 9932
f 9932 4680 8944
f 2136 8913 4681
f 4681 9933 2136
f 8913 2135 9932
f 9932 4681 8913
f 2167 8946 4681
f 4681 9932 2167
f 8946 2169 9933
f 9933 4681 8946
f 2139 8915 4682
f 4682 9934 2139
f 8915 2136 9933
f 9933 4682 8915
f 2169 8948 4682
f 4682 9933 2169
f 8948 2171 9934
f 9934 4682 8948
f 2187 8966 4683
f 4683 9935 2187
f 8966 193 5534
f 5534 4683 8966
f 169 8934 4683
f 4683 5534 169
f 8934 2154 9935
f 9935 4683 8934
f 2184 8963 4684
f 4684 9936 2184
f 8963 2187 9935
f 9935 4684 8963
f 2154 8931 4684
f 4684 9935 2154
f 8931 2152 9936
f 9936 4684 8931
f 2182 8961 4685
f 4685 9937 2182
f 8961 2184 9936
f 9936 4685 8961
f 2152 8929 4685
f 4685 9936 2152
f 8929 2150 9937
f 9937 4685 8929
f 2181 8959 4686
f 4686 9938 2181
f 8959 2182 9937
f 9937 4686 8959
f 2150 8927 4686
f 4686 9937 2150
f 8927 2148 9938
f 9938 4686 8927
f 2178 8958 4687
f 4687 9939 2178
f 8958 2181 9938
f 9938 4687 8958
f 2148 8925 4687
f 4687 9938 2148
f 8925 2146 9939
f 9939 4687 8925
f 2176 8955 4688
f 4688 9940 2176
f 8955 2178 9939
f 9939 4688 8955
f 2146 8923 4688
f 4688 9939 2146
f 8923 2144 9940
f 9940 4688 8923
f 2174 8953 4689
f 4689 9941 2174
f 8953 2176 9940
f 9940 4689 8953
f 2144 8921 4689
f 4689 9940 2144
f 8921 2143 9941
f 9941 4689 8921
f 2173 8952 4690
f 4690 9942 2173
f 8952 2174 9941
f 9941 4690 8952
f 2143 8919 4690
f 4690 9941 2143
f 8919 2141 9942
f 9942 4690 8919
f 2108 5507 4691
f 4691 9943 2108
f 5507 162 5556
f 5556 4691 5507
f 192 8965 4691
f 4691 5556 192
f 8965 2186 9943
f 9943 4691 8965
f 2109 8887 4692
f 4692 9944 2109
f 8887 2108 9943
f 9943 4692 8887
f 2186 8964 4692
f 4692 9943 2186
f 8964 2185 9944
f 9944 4692 8964
f 2110 8888 4693
f 4693 9945 2110
f 8888 2109 9944
f 9944 4693 8888
f 2185 8962 4693
f 4693 9944 2185
f 8962 2183 9945
f 9945 4693 8962
f 2111 8889 4694
f 4694 9946 2111
f 8889 2110 9945
f 9945 4694 8889
f 2183 8960 4694
f 4694 9945 2183
f 8960 2180 9946
f 9946 4694 8960
f 2112 8890 4695
f 4695 9947 2112
f 8890 2111 9946
f 9946 4695 8890
f 2180 8957 4695
f 4695 9946 2180
f 8957 2179 9947
f 9947 4695 8957
f 2113 8891 4696
f 4696 9948 2113
f 8891 2112 9947
f 9947 4696 8891
f 2179 8956 4696
f 4696 9947 2179
f 8956 2177 9948
f 9948 4696 8956
f 2114 8892 4697
f 4697 9949 2114
f 8892 2113 9948
f 9948 4697 8892
f 2177 8954 4697
f 4697 9948 2177
f 8954 2175 9949
f 9949 4697 8954
f 2115 8893 4698
f 4698 9950 2115
f 8893 2114 9949
f 9949 4698 8893
f 2175 8951 4698
f 4698 9949 2175
f 8951 2172 9950
f 9950 4698 8951
f 2157 5537 4699
f 4699 9951 2157
f 5537 191 5557
f 5557 4699 5537
f 167 8902 4699
f 4699 5557 167
f 8902 2123 9951
f 9951 4699 8902
f 2159 8936 4700
f 4700 9952 2159
f 8936 2157 9951
f 9951 4700 8936
f 2123 8901 4700
f 4700 9951 2123
f 8901 2122 9952
f 9952 4700 8901
f 2160 8938 4701
f 4701 9953 2160
f 8938 2159 9952
f 9952 4701 8938
f 2122 8900 4701
f 4701 9952 2122
f 8900 2121 9953
f 9953 4701 8900
f 2162 8939 4702
f 4702 9954 2162
f 8939 2160 9953
f 9953 4702 8939
f 2121 8899 4702
f 4702 9953 2121
f 8899 2120 9954
f 9954 4702 8899
f 2164 8941 4703
f 4703 9955 2164
f 8941 2162 9954
f 9954 4703 8941
f 2120 8898 4703
f 4703 9954 2120
f 8898 2119 9955
f 9955 4703 8898
f 2166 8943 4704
f 4704 9956 2166
f 8943 2164 9955
f 9955 4704 8943
f 2119 8897 4704
f 4704 9955 2119
f 8897 2118 9956
f 9956 4704 8897
f 2168 8945 4705
f 4705 9957 2168
f 8945 2166 9956
f 9956 4705 8945
f 2118 8896 4705
f 4705 9956 2118
f 8896 2117 9957
f 9957 4705 8896
f 2170 8947 4706
f 4706 9958 2170
f 8947 2168 9957
f 9957 4706 8947
f 2117 8895 4706
f 4706 9957 2117
f 8895 2116 9958
f 9958 4706 8895
f 2080 5475 4707
f 4707 9959 2080
f 5475 32 6739
f 6739 4707 5475
f 842 8988 4707
f 4707 6739 842
f 8988 2208 9959
f 9959 4707 8988
f 2081 8860 4708
f 4708 9960 2081
f 8860 2080 9959
f 9959 4708 8860
f 2208 8987 4708
f 4708 9959 2208
f 8987 2207 9960
f 9960 4708 8987
f 2082 8861 4709
f 4709 9961 2082
f 8861 2081 9960
f 9960 4709 8861
f 2207 8986 4709
f 4709 9960 2207
f 8986 2206 9961
f 9961 4709 8986
f 2086 8864 4712
f 4710 9963 2084
f 8864 2082 9961
f 9961 4712 8864
f 2206 8985 4712
f 4712 9961 2206
f 8982 2205 9963
f 9964 4711 8983
f 8978 2200 10550
f 10550 10551 8978
f 2188 7148 4713
f 4713 9965 2188
f 7148 897 6794
f 6794 4713 7148
f 155 8870 4713
f 4713 6794 155
f 8870 2091 9965
f 9965 4713 8870
f 2191 8967 4714
f 4714 9969 2191
f 8967 2188 9965
f 9965 4714 8967
f 2091 8869 4714
f 4714 9965 2091
f 8868 2089 9966
f 9969 4714 8869
f 2193 8970 4718
f 4715 9971 2194
f 8969 2190 9967
f 9968 4716 8969
f 2089 8867 4715
f 4717 9970 2089
f 8867 2088 9971
f 9971 4715 8867
f 2195 8972 4719
f 4719 9972 2195
f 8972 2192 9971
f 9971 4719 8972
f 2088 8866 4719
f 4719 9971 2088
f 8866 2087 9972
f 9972 4719 8866
f 8973 2195 9972
f 9972 4720 8973
f 2087 8865 4720
f 4720 9972 2087
f 2208 8988 4721
f 4721 9973 2208
f 8988 842 6738
f 6738 4721 8988
f 841 9019 4721
f 4721 6738 841
f 9019 2234 9973
f 9973 4721 9019
f 2207 8987 4722
f 4722 9974 2207
f 8987 2208 9973
f 9973 4722 8987
f 2234 9018 4722
f 4722 9973 2234
f 9018 2233 9974
f 9974 4722 9018
f 2206 8986 4723
f 4723 9975 2206
f 8986 2207 9974
f 9974 4723 8986
f 2233 9017 4723
f 4723 9974 2233
f 9017 2232 9975
f 9975 4723 9017
f 2205 8982 4724
f 4724 9977 2205
f 8985 2206 9975
f 9975 4726 8984
f 2232 9015 4727
f 4725 9975 2231
f 9012 2228 9976
f 9977 4724 9014
f 2203 8981 4728
f 4728 9978 2203
f 8981 2204 9976
f 9976 4728 8981
f 2228 9011 4728
f 4728 9976 2228
f 9011 2227 9978
f 9978 4728 9011
f 2202 8980 4729
f 4729 9979 2202
f 8980 2203 9978
f 9978 4729 8980
f 2227 9008 4729
f 4729 9978 2227
f 9008 2225 9979
f 9979 4729 9008
f 2201 8979 4730
f 4730 9980 2201
f 8979 2202 9979
f 9979 4730 8979
f 2225 9005 4730
f 4730 9979 2225
f 9005 2224 9980
f 9980 4730 9005
f 2200 8978 4731
f 4731 9981 2200
f 8978 2201 9980
f 9980 4731 8978
f 2224 9004 4731
f 4731 9980 2224
f 9004 2223 9981
f 9981 4731 9004
f 2209 7149 4732
f 4732 9982 2209
f 7149 896 6793
f 6793 4732 7149
f 897 7148 4732
f 4732 6793 897
f 7148 2188 9982
f 9982 4732 7148
f 2210 8989 4733
f 4733 9983 2210
f 8989 2209 9982
f 9982 4733 8989
f 2188 8967 4733
f 4733 9982 2188
f 8967 2191 9983
f 9983 4733 8967
f 2213 8990 4735
f 4736 9986 2211
f 8990 2210 9983
f 9983 4735 8990
f 2189 8968 4734
f 4735 9983 2191
f 8970 2193 9988
f 9987 4737 8971
f 2218 8992 4740
f 4739 9990 2215
f 8995 2211 9986
f 9985 4742 8993
f 2192 8972 4738
f 4741 9984 2193
f 8972 2195 9989
f 9989 4738 8972
f 2219 8997 4743
f 4743 9992 2219
f 8999 2217 9991
f 9989 4743 8997
f 2195 8973 4743
f 4743 9989 2195
f 8973 2196 9992
f 9992 4743 8973
f 2220 9000 4744
f 4744 9993 2220
f 9000 2219 9992
f 9992 4744 9000
f 2196 8974 4744
f 4744 9992 2196
f 8974 2197 9993
f 9993 4744 8974
f 2221 9001 4745
f 4745 9994 2221
f 9001 2220 9993
f 9993 4745 9001
f 2197 8975 4745
f 4745 9993 2197
f 8975 2198 9994
f 9994 4745 8975
f 2222 9002 4746
f 4746 9995 2222
f 9002 2221 9994
f 9994 4746 9002
f 2198 8976 4746
f 4746 9994 2198
f 8976 2199 9995
f 9995 4746 8976
f 2234 9019 4747
f 4747 9996 2234
f 9019 841 6737
f 6737 4747 9019
f 840 9060 4747
f 4747 6737 840
f 9060 2278 9996
f 9996 4747 9060
f 2233 9018 4748
f 4748 9997 2233
f 9018 2234 9996
f 9996 4748 9018
f 2278 9059 4748
f 4748 9996 2278
f 9059 2277 9997
f 9997 4748 9059
f 2232 9017 4749
f 4749 9999 2232
f 9017 2233 9997
f 9997 4749 9017
f 2277 9058 4749
f 4749 9997 2277
f 9058 2276 9999
f 9999 4749 9058
f 2229 9013 4750
f 4753 10002 2230
f 9015 2232 9999
f 9998 4752 9016
f 2274 9056 4751
f 4752 9998 2275
f 9055 2271 10003
f 10002 4753 9057
f 2227 9011 4754
f 4754 10004 2227
f 9011 2228 10000
f 10000 4754 9011
f 2273 9053 4754
f 4755 10001 2270
f 9050 2267 10005
f 10004 4754 9049
f 2226 9009 4756
f 4756 10006 2226
f 9008 2227 10004
f 10005 4757 9010
f 2267 9047 4757
f 4757 10005 2267
f 9044 2261 10006
f 10006 4756 9044
f 2224 9005 4758
f 4758 10009 2224
f 9006 2226 10006
f 10007 4759 9007
f 2263 9042 4759
f 4760 10008 2264
f 9039 2259 10009
f 10009 4758 9043
f 2223 9004 4761
f 4761 10010 2223
f 9004 2224 10009
f 10009 4761 9004
f 2259 9036 4761
f 4761 10009 2259
f 9037 2257 10011
f 10010 4761 9036
f 2235 7150 4762
f 4762 10012 2235
f 7150 895 6792
f 6792 4762 7150
f 896 7149 4762
f 4762 6792 896
f 7149 2209 10012
f 10012 4762 7149
f 2236 9020 4763
f 4763 10013 2236
f 9020 2235 10012
f 10012 4763 9020
f 2209 8989 4763
f 4763 10012 2209
f 8989 2210 10013
f 10013 4763 8989
f 2240 9021 4764
f 4764 10014 2240
f 9021 2236 10013
f 10013 4764 9021
f 2210 8990 4764
f 4764 10013 2210
f 8991 2214 10016
f 10014 4764 8990
f 2241 9024 4765
f 4766 10021 2244
f 9023 2237 10017
f 10015 4769 9025
f 2212 8996 4768
f 4770 10016 2214
f 8992 2218 10020
f 10022 4767 8994
f 2249 9027 4772
f 4771 10024 2248
f 9027 2242 10019
f 10019 4772 9027
f 2216 8998 4771
f 4771 10018 2216
f 8997 2219 10023
f 10024 4771 8998
f 2251 9029 4773
f 4773 10025 2251
f 9029 2246 10023
f 10023 4773 9029
f 2219 9000 4773
f 4773 10023 2219
f 9000 2220 10025
f 10025 4773 9000
f 2253 9031 4774
f 4774 10026 2253
f 9031 2251 10025
f 10025 4774 9031
f 2220 9001 4774
f 4774 10025 2220
f 9001 2221 10026
f 10026 4774 9001
f 2255 9034 4776
f 4776 10029 2255
f 9033 2253 10026
f 10027 4776 9034
f 2221 9002 4775
f 4775 10026 2221
f 9002 2222 10028
f 10028 4775 9002
f 2032 5301 4777
f 4777 10030 2032
f 5301 54 5496
f 5496 4777 5301
f 893 9086 4777
f 4777 5496 893
f 9086 2300 10030
f 10030 4777 9086
f 2033 8812 4778
f 4778 10031 2033
f 8812 2032 10030
f 10030 4778 8812
f 2300 9085 4778
f 4778 10030 2300
f 9085 2299 10031
f 10031 4778 9085
f 2034 8813 4779
f 4779 10032 2034
f 8813 2033 10031
f 10031 4779 8813
f 2299 9084 4779
f 4779 10031 2299
f 9084 2298 10032
f 10032 4779 9084
f 2035 8814 4780
f 4780 10033 2035
f 8814 2034 10032
f 10032 4780 8814
f 2298 9083 4780
f 4780 10032 2298
f 9083 2297 10033
f 10033 4780 9083
f 2036 8815 4781
f 4781 10034 2036
f 8815 2035 10033
f 10033 4781 8815
f 2297 9082 4781
f 4781 10033 2297
f 9082 2296 10034
f 10034 4781 9082
f 2037 8816 4782
f 4782 10035 2037
f 8816 2036 10034
f 10034 4782 8816
f 2296 9081 4782
f 4782 10034 2296
f 9081 2295 10035
f 10035 4782 9081
f 2038 8817 4783
f 4783 10036 2038
f 8817 2037 10035
f 10035 4783 8817
f 2295 9078 4783
f 4783 10035 2295
f 9078 2292 10036
f 10036 4783 9078
f 2039 8818 4784
f 4784 10037 2039
f 8818 2038 10036
f 10036 4784 8818
f 2292 9077 4784
f 4784 10036 2292
f 9077 2291 10037
f 10037 4784 9077
f 2279 7151 4785
f 4785 10038 2279
f 7151 838 5275
f 5275 4785 7151
f 31 8827 4785
f 4785 5275 31
f 8827 2047 10038
f 10038 4785 8827
f 2280 9061 4786
f 4786 10039 2280
f 9061 2279 10038
f 10038 4786 9061
f 2047 8826 4786
f 4786 10038 2047
f 8826 2046 10039
f 10039 4786 8826
f 2281 9062 4787
f 4787 10040 2281
f 9062 2280 10039
f 10039 4787 9062
f 2046 8825 4787
f 4787 10039 2046
f 8825 2045 10040
f 10040 4787 8825
f 2282 9063 4788
f 4788 10041 2282
f 9063 2281 10040
f 10040 4788 9063
f 2045 8824 4788
f 4788 10040 2045
f 8824 2044 10041
f 10041 4788 8824
f 2283 9064 4789
f 4789 10042 2283
f 9064 2282 10041
f 10041 4789 9064
f 2044 8823 4789
f 4789 10041 2044
f 8823 2043 10042
f 10042 4789 8823
f 2284 9065 4790
f 4790 10043 2284
f 9065 2283 10042
f 10042 4790 9065
f 2043 8822 4790
f 4790 10042 2043
f 8822 2042 10043
f 10043 4790 8822
f 2285 9066 4791
f 4791 10044 2285
f 9066 2284 10043
f 10043 4791 9066
f 2042 8821 4791
f 4791 10043 2042
f 8821 2041 10044
f 10044 4791 8821
f 2289 9068 4792
f 4792 10045 2289
f 9068 2285 10044
f 10044 4792 9068
f 2041 8820 4792
f 4792 10044 2041
f 8820 2040 10045
f 10045 4792 8820
f 2300 9086 4793
f 4793 10046 2300
f 9086 893 6790
f 6790 4793 9086
f 894 9129 4793
f 4793 6790 894
f 9129 2343 10046
f 10046 4793 9129
f 2299 9085 4794
f 4794 10047 2299
f 9085 2300 10046
f 10046 4794 9085
f 2343 9128 4794
f 4794 10046 2343
f 9128 2342 10047
f 10047 4794 9128
f 2298 9084 4795
f 4795 10048 2298
f 9084 2299 10047
f 10047 4795 9084
f 2342 9127 4795
f 4795 10047 2342
f 9127 2341 10048
f 10048 4795 9127
f 2297 9083 4797
f 4797 10049 2297
f 9083 2298 10048
f 10048 4797 9083
f 2339 9125 4799
f 4798 10048 2338
f 9126 2336 10051
f 10051 4796 9122
f 2296 9082 4801
f 4801 10053 2296
f 9082 2297 10049
f 10049 4801 9082
f 2333 9118 4800
f 4803 10050 2335
f 9120 2331 10052
f 10052 4802 9120
f 2295 9081 4806
f 4806 10057 2295
f 9081 2296 10053
f 10053 4806 9081
f 2331 9115 4805
f 4805 10052 2331
f 9112 2329 10054
f 10055 4804 9113
f 2293 9079 4808
f 4808 10060 2294
f 9078 2295 10057
f 10056 4808 9080
f 2329 9110 4807
f 4807 10054 2329
f 9110 2326 10058
f 10058 4807 9110
f 2291 9077 4812
f 4812 10063 2291
f 9076 2292 10061
f 10059 4810 9075
f 2328 9108 4811
f 4809 10058 2326
f 9107 2323 10062
f 10064 4813 9109
f 2301 7152 4814
f 4814 10068 2301
f 7152 839 6735
f 6735 4814 7152
f 838 7151 4814
f 4814 6735 838
f 7151 2279 10068
f 10068 4814 7151
f 2302 9087 4815
f 4815 10069 2302
f 9087 2301 10068
f 10068 4815 9087
f 2279 9061 4815
f 4815 10068 2279
f 9061 2280 10069
f 10069 4815 9061
f 2303 9088 4816
f 4816 10070 2303
f 9088 2302 10069
f 10069 4816 9088
f 2280 9062 4816
f 4816 10069 2280
f 9062 2281 10070
f 10070 4816 9062
f 2304 9089 4817
f 4817 10071 2304
f 9089 2303 10070
f 10070 4817 9089
f 2281 9063 4817
f 4817 10070 2281
f 9063 2282 10071
f 10071 4817 9063
f 2305 9090 4818
f 4818 10072 2305
f 9090 2304 10071
f 10071 4818 9090
f 2282 9064 4818
f 4818 10071 2282
f 9064 2283 10072
f 10072 4818 9064
f 2309 9092 4819
f 4819 10073 2309
f 9092 2305 10072
f 10072 4819 9092
f 2283 9065 4819
f 4819 10072 2283
f 9065 2284 10073
f 10073 4819 9065
f 2314 9097 4820
f 4820 10075 2314
f 9095 2306 10074
f 10073 4820 9097
f 2284 9066 4820
f 4820 10073 2284
f 9066 2285 10075
f 10075 4820 9066
f 2318 9102 4821
f 4822 10078 2321
f 9101 2313 10075
f 10075 4825 9098
f 2286 9069 4824
f 4825 10075 2285
f 9067 2290 10081
f 10077 4823 9070
f 2092 5506 4826
f 4826 10082 2092
f 5506 150 6799
f 6799 4826 5506
f 902 9150 4826
f 4826 6799 902
f 9150 2364 10082
f 10082 4826 9150
f 2093 8871 4827
f 4827 10083 2093
f 8871 2092 10082
f 10082 4827 8871
f 2364 9149 4827
f 4827 10082 2364
f 9149 2363 10083
f 10083 4827 9149
f 2094 8872 4828
f 4828 10084 2094
f 8872 2093 10083
f 10083 4828 8872
f 2363 9148 4828
f 4828 10083 2363
f 9148 2361 10084
f 10084 4828 9148
f 2095 8873 4829
f 4829 10085 2095
f 8873 2094 10084
f 10084 4829 8873
f 2361 9145 4829
f 4829 10084 2361
f 9145 2360 10085
f 10085 4829 9145
f 2096 8874 4830
f 4830 10086 2096
f 8874 2095 10085
f 10085 4830 8874
f 2360 9141 4830
f 4830 10085 2360
f 9141 2356 10086
f 10086 4830 9141
f 2097 8875 4831
f 4831 10087 2097
f 8875 2096 10086
f 10086 4831 8875
f 2356 9140 4831
f 4831 10086 2356
f 9140 2354 10087
f 10087 4831 9140
f 2098 8876 4832
f 4832 10088 2098
f 8876 2097 10087
f 10087 4832 8876
f 2354 9139 4832
f 4832 10087 2354
f 9139 2353 10088
f 10088 4832 9139
f 2099 8877 4833
f 4833 10089 2099
f 8877 2098 10088
f 10088 4833 8877
f 2353 9138 4833
f 4833 10088 2353
f 9138 2352 10089
f 10089 4833 9138
f 2344 7173 4834
f 4834 10090 2344
f 7173 937 6834
f 6834 4834 7173
f 41 8886 4834
f 4834 6834 41
f 8886 2107 10090
f 10090 4834 8886
f 2345 9130 4835
f 4835 10091 2345
f 9130 2344 10090
f 10090 4835 9130
f 2107 8885 4835
f 4835 10090 2107
f 8885 2106 10091
f 10091 4835 8885
f 2346 9131 4836
f 4836 10092 2346
f 9131 2345 10091
f 10091 4836 9131
f 2106 8884 4836
f 4836 10091 2106
f 8884 2105 10092
f 10092 4836 8884
f 2347 9132 4837
f 4837 10093 2347
f 9132 2346 10092
f 10092 4837 9132
f 2105 8883 4837
f 4837 10092 2105
f 8883 2104 10093
f 10093 4837 8883
f 2348 9133 4838
f 4838 10094 2348
f 9133 2347 10093
f 10093 4838 9133
f 2104 8882 4838
f 4838 10093 2104
f 8882 2103 10094
f 10094 4838 8882
f 2349 9134 4839
f 4839 10095 2349
f 9134 2348 10094
f 10094 4839 9134
f 2103 8881 4839
f 4839 10094 2103
f 8881 2102 10095
f 10095 4839 8881
f 2350 9135 4840
f 4840 10096 2350
f 9135 2349 10095
f 10095 4840 9135
f 2102 8880 4840
f 4840 10095 2102
f 8880 2101 10096
f 10096 4840 8880
f 2351 9136 4841
f 4841 10097 2351
f 9136 2350 10096
f 10096 4841 9136
f 2101 8879 4841
f 4841 10096 2101
f 8879 2100 10097
f 10097 4841 8879
f 2364 9150 4842
f 4842 10098 2364
f 9150 902 6798
f 6798 4842 9150
f 901 9168 4842
f 4842 6798 901
f 9168 2381 10098
f 10098 4842 9168
f 2363 9149 4843
f 4843 10099 2363
f 9149 2364 10098
f 10098 4843 9149
f 2381 9167 4843
f 4843 10098 2381
f 9167 2380 10099
f 10099 4843 9167
f 2361 9148 4844
f 4844 10100 2361
f 9148 2363 10099
f 10099 4844 9148
f 2380 9166 4844
f 4844 10099 2380
f 9166 2379 10100
f 10100 4844 9166
f 2358 9147 4848
f 4846 10105 2357
f 9146 2362 10101
f 10100 4845 9144
f 2379 9164 4845
f 4845 10100 2379
f 9164 2377 10102
f 10106 4847 9165
f 2355 9142 4851
f 4849 10108 2356
f 9141 2359 10107
f 10103 4850 9143
f 2377 9163 4849
f 4852 10104 2378
f 9163 2376 10108
f 10108 4849 9163
f 2354 9140 4853
f 4853 10109 2354
f 9140 2356 10108
f 10108 4853 9140
f 2376 9162 4853
f 4853 10108 2376
f 9162 2375 10109
f 10109 4853 9162
f 2353 9139 4854
f 4854 10110 2353
f 9139 2354 10109
f 10109 4854 9139
f 2375 9161 4854
f 4854 10109 2375
f 9161 2374 10110
f 10110 4854 9161
f 2352 9138 4855
f 4855 10111 2352
f 9138 2353 10110
f 10110 4855 9138
f 2374 9160 4855
f 4855 10110 2374
f 9160 2373 10111
f 10111 4855 9160
f 2365 7174 4856
f 4856 10112 2365
f 7174 936 6833
f 6833 4856 7174
f 937 7173 4856
f 4856 6833 937
f 7173 2344 10112
f 10112 4856 7173
f 2366 9151 4857
f 4857 10113 2366
f 9151 2365 10112
f 10112 4857 9151
f 2344 9130 4857
f 4857 10112 2344
f 9130 2345 10113
f 10113 4857 9130
f 2367 9152 4859
f 4859 10115 2367
f 9152 2366 10113
f 10114 4858 9153
f 2345 9131 4859
f 4859 10113 2345
f 9131 2346 10115
f 10115 4859 9131
f 2368 9154 4860
f 4860 10116 2368
f 9154 2367 10115
f 10115 4860 9154
f 2346 9132 4860
f 4860 10115 2346
f 9132 2347 10116
f 10116 4860 9132
f 2369 9155 4861
f 4861 10117 2369
f 9155 2368 10116
f 10116 4861 9155
f 2347 9133 4861
f 4861 10116 2347
f 9133 2348 10117
f 10117 4861 9133
f 2370 9156 4862
f 4862 10118 2370
f 9156 2369 10117
f 10117 4862 9156
f 2348 9134 4862
f 4862 10117 2348
f 9134 2349 10118
f 10118 4862 9134
f 2371 9157 4863
f 4863 10119 2371
f 9157 2370 10118
f 10118 4863 9157
f 2349 9135 4863
f 4863 10118 2349
f 9135 2350 10119
f 10119 4863 9135
f 2372 9158 4864
f 4864 10120 2372
f 9158 2371 10119
f 10119 4864 9158
f 2350 9136 4864
f 4864 10119 2350
f 9136 2351 10120
f 10120 4864 9136
f 2381 9168 4865
f 4865 10121 2381
f 9168 901 6797
f 6797 4865 9168
f 900 9184 4865
f 4865 6797 900
f 9184 2398 10121
f 10121 4865 9184
f 2380 9167 4866
f 4866 10122 2380
f 9167 2381 10121
f 10121 4866 9167
f 2398 9183 4866
f 4866 10121 2398
f 9183 2397 10122
f 10122 4866 9183
f 2379 9166 4867
f 4867 10123 2379
f 9166 2380 10122
f 10122 4867 9166
f 2397 9182 4867
f 4867 10122 2397
f 9182 2396 10123
f 10123 4867 9182
f 2377 9164 4868
f 4868 10124 2377
f 9164 2379 10123
f 10123 4868 9164
f 2396 9181 4868
f 4868 10123 2396
f 9181 2394 10124
f 10124 4868 9181
f 2376 9163 4869
f 4869 10125 2376
f 9163 2377 10124
f 10124 4869 9163
f 2394 9180 4869
f 4869 10124 2394
f 9180 2393 10125
f 10125 4869 9180
f 2375 9162 4870
f 4870 10126 2375
f 9162 2376 10125
f 10125 4870 9162
f 2393 9179 4870
f 4870 10125 2393
f 9179 2392 10126
f 10126 4870 9179
f 2374 9161 4871
f 4871 10127 2374
f 9161 2375 10126
f 10126 4871 9161
f 2392 9178 4871
f 4871 10126 2392
f 9178 2391 10127
f 10127 4871 9178
f 2373 9160 4872
f 4872 10128 2373
f 9160 2374 10127
f 10127 4872 9160
f 2391 9177 4872
f 4872 10127 2391
f 9177 2390 10128
f 10128 4872 9177
f 2382 7175 4873
f 4873 10129 2382
f 7175 935 6832
f 6832 4873 7175
f 936 7174 4873
f 4873 6832 936
f 7174 2365 10129
f 10129 4873 7174
f 2383 9169 4874
f 4874 10130 2383
f 9169 2382 10129
f 10129 4874 9169
f 2365 9151 4874
f 4874 10129 2365
f 9151 2366 10130
f 10130 4874 9151
f 2384 9170 4875
f 4875 10131 2384
f 9170 2383 10130
f 10130 4875 9170
f 2366 9152 4875
f 4875 10130 2366
f 9152 2367 10131
f 10131 4875 9152
f 2385 9171 4876
f 4876 10132 2385
f 9171 2384 10131
f 10131 4876 9171
f 2367 9154 4876
f 4876 10131 2367
f 9154 2368 10132
f 10132 4876 9154
f 2386 9172 4877
f 4877 10133 2386
f 9172 2385 10132
f 10132 4877 9172
f 2368 9155 4877
f 4877 10132 2368
f 9155 2369 10133
f 10133 4877 9155
f 2387 9173 4878
f 4878 10134 2387
f 9173 2386 10133
f 10133 4878 9173
f 2369 9156 4878
f 4878 10133 2369
f 9156 2370 10134
f 10134 4878 9156
f 2388 9174 4879
f 4879 10135 2388
f 9174 2387 10134
f 10134 4879 9174
f 2370 9157 4879
f 4879 10134 2370
f 9157 2371 10135
f 10135 4879 9157
f 2389 9175 4880
f 4880 10136 2389
f 9175 2388 10135
f 10135 4880 9175
f 2371 9158 4880
f 4880 10135 2371
f 9158 2372 10136
f 10136 4880 9158
f 2123 8902 4881
f 4881 10137 2123
f 8902 167 5508
f 5508 4881 8902
f 933 9200 4881
f 4881 5508 933
f 9200 2414 10137
f 10137 4881 9200
f 2122 8901 4882
f 4882 10138 2122
f 8901 2123 10137
f 10137 4882 8901
f 2414 9199 4882
f 4882 10137 2414
f 9199 2413 10138
f 10138 4882 9199
f 2121 8900 4883
f 4883 10139 2121
f 8900 2122 10138
f 10138 4883 8900
f 2413 9198 4883
f 4883 10138 2413
f 9198 2412 10139
f 10139 4883 9198
f 2120 8899 4884
f 4884 10140 2120
f 8899 2121 10139
f 10139 4884 8899
f 2412 9197 4884
f 4884 10139 2412
f 9197 2411 10140
f 10140 4884 9197
f 2119 8898 4885
f 4885 10141 2119
f 8898 2120 10140
f 10140 4885 8898
f 2411 9196 4885
f 4885 10140 2411
f 9196 2410 10141
f 10141 4885 9196
f 2118 8897 4886
f 4886 10142 2118
f 8897 2119 10141
f 10141 4886 8897
f 2410 9195 4886
f 4886 10141 2410
f 9195 2409 10142
f 10142 4886 9195
f 2117 8896 4887
f 4887 10143 2117
f 8896 2118 10142
f 10142 4887 8896
f 2409 9194 4887
f 4887 10142 2409
f 9194 2408 10143
f 10143 4887 9194
f 2116 8895 4888
f 4888 10144 2116
f 8895 2117 10143
f 10143 4888 8895
f 2408 9193 4888
f 4888 10143 2408
f 9193 2407 10144
f 10144 4888 9193
f 2399 7176 4889
f 4889 10145 2399
f 7176 898 5498
f 5498 4889 7176
f 162 5507 4889
f 4889 5498 162
f 5507 2108 10145
f 10145 4889 5507
f 2400 9185 4890
f 4890 10146 2400
f 9185 2399 10145
f 10145 4890 9185
f 2108 8887 4890
f 4890 10145 2108
f 8887 2109 10146
f 10146 4890 8887
f 2401 9186 4891
f 4891 10147 2401
f 9186 2400 10146
f 10146 4891 9186
f 2109 8888 4891
f 4891 10146 2109
f 8888 2110 10147
f 10147 4891 8888
f 2402 9187 4892
f 4892 10148 2402
f 9187 2401 10147
f 10147 4892 9187
f 2110 8889 4892
f 4892 10147 2110
f 8889 2111 10148
f 10148 4892 8889
f 2403 9188 4893
f 4893 10149 2403
f 9188 2402 10148
f 10148 4893 9188
f 2111 8890 4893
f 4893 10148 2111
f 8890 2112 10149
f 10149 4893 8890
f 2404 9189 4894
f 4894 10150 2404
f 9189 2403 10149
f 10149 4894 9189
f 2112 8891 4894
f 4894 10149 2112
f 8891 2113 10150
f 10150 4894 8891
f 2405 9190 4895
f 4895 10151 2405
f 9190 2404 10150
f 10150 4895 9190
f 2113 8892 4895
f 4895 10150 2113
f 8892 2114 10151
f 10151 4895 8892
f 2406 9191 4896
f 4896 10152 2406
f 9191 2405 10151
f 10151 4896 9191
f 2114 8893 4896
f 4896 10151 2114
f 8893 2115 10152
f 10152 4896 8893
f 2414 9200 4897
f 4897 10153 2414
f 9200 933 6830
f 6830 4897 9200
f 934 9216 4897
f 4897 6830 934
f 9216 2430 10153
f 10153 4897 9216
f 2413 9199 4898
f 4898 10154 2413
f 9199 2414 10153
f 10153 4898 9199
f 2430 9215 4898
f 4898 10153 2430
f 9215 2429 10154
f 10154 4898 9215
f 2412 9198 4899
f 4899 10155 2412
f 9198 2413 10154
f 10154 4899 9198
f 2429 9214 4899
f 4899 10154 2429
f 9214 2428 10155
f 10155 4899 9214
f 2411 9197 4900
f 4900 10156 2411
f 9197 2412 10155
f 10155 4900 9197
f 2428 9213 4900
f 4900 10155 2428
f 9213 2427 10156
f 10156 4900 9213
f 2410 9196 4901
f 4901 10157 2410
f 9196 2411 10156
f 10156 4901 9196
f 2427 9212 4901
f 4901 10156 2427
f 9212 2426 10157
f 10157 4901 9212
f 2409 9195 4902
f 4902 10158 2409
f 9195 2410 10157
f 10157 4902 9195
f 2426 9211 4902
f 4902 10157 2426
f 9211 2425 10158
f 10158 4902 9211
f 2408 9194 4903
f 4903 10159 2408
f 9194 2409 10158
f 10158 4903 9194
f 2425 9210 4903
f 4903 10158 2425
f 9210 2424 10159
f 10159 4903 9210
f 2407 9193 4904
f 4904 10160 2407
f 9193 2408 10159
f 10159 4904 9193
f 2424 9209 4904
f 4904 10159 2424
f 9209 2423 10160
f 10160 4904 9209
f 2415 7177 4905
f 4905 10161 2415
f 7177 899 6795
f 6795 4905 7177
f 898 7176 4905
f 4905 6795 898
f 7176 2399 10161
f 10161 4905 7176
f 2416 9201 4906
f 4906 10162 2416
f 9201 2415 10161
f 10161 4906 9201
f 2399 9185 4906
f 4906 10161 2399
f 9185 2400 10162
f 10162 4906 9185
f 2417 9202 4907
f 4907 10163 2417
f 9202 2416 10162
f 10162 4907 9202
f 2400 9186 4907
f 4907 10162 2400
f 9186 2401 10163
f 10163 4907 9186
f 2418 9203 4908
f 4908 10164 2418
f 9203 2417 10163
f 10163 4908 9203
f 2401 9187 4908
f 4908 10163 2401
f 9187 2402 10164
f 10164 4908 9187
f 2419 9204 4909
f 4909 10165 2419
f 9204 2418 10164
f 10164 4909 9204
f 2402 9188 4909
f 4909 10164 2402
f 9188 2403 10165
f 10165 4909 9188
f 2420 9205 4910
f 4910 10166 2420
f 9205 2419 10165
f 10165 4910 9205
f 2403 9189 4910
f 4910 10165 2403
f 9189 2404 10166
f 10166 4910 9189
f 2421 9206 4911
f 4911 10167 2421
f 9206 2420 10166
f 10166 4911 9206
f 2404 9190 4911
f 4911 10166 2404
f 9190 2405 10167
f 10167 4911 9190
f 2422 9207 4912
f 4912 10168 2422
f 9207 2421 10167
f 10167 4912 9207
f 2405 9191 4912
f 4912 10167 2405
f 9191 2406 10168
f 10168 4912 9191
f 1849 8625 4913
f 4913 10169 1849
f 8625 1 5245
f 5245 4913 8625
f 1235 9232 4913
f 4913 5245 1235
f 9232 2446 10169
f 10169 4913 9232
f 1848 8624 4914
f 4914 10170 1848
f 8624 1849 10169
f 10169 4914 8624
f 2446 9231 4914
f 4914 10169 2446
f 9231 2445 10170
f 10170 4914 9231
f 1847 8623 4915
f 4915 10171 1847
f 8623 1848 10170
f 10170 4915 8623
f 2445 9230 4915
f 4915 10170 2445
f 9230 2444 10171
f 10171 4915 9230
f 1846 8622 4916
f 4916 10172 1846
f 8622 1847 10171
f 10171 4916 8622
f 2444 9229 4916
f 4916 10171 2444
f 9229 2443 10172
f 10172 4916 9229
f 1845 8621 4917
f 4917 10173 1845
f 8621 1846 10172
f 10172 4917 8621
f 2443 9228 4917
f 4917 10172 2443
f 9228 2442 10173
f 10173 4917 9228
f 1844 8620 4918
f 4918 10174 1844
f 8620 1845 10173
f 10173 4918 8620
f 2442 9227 4918
f 4918 10173 2442
f 9227 2441 10174
f 10174 4918 9227
f 1843 8619 4919
f 4919 10175 1843
f 8619 1844 10174
f 10174 4919 8619
f 2441 9226 4919
f 4919 10174 2441
f 9226 2440 10175
f 10175 4919 9226
f 1842 8618 4920
f 4920 10176 1842
f 8618 1843 10175
f 10175 4920 8618
f 2440 9225 4920
f 4920 10175 2440
f 9225 2439 10176
f 10176 4920 9225
f 2431 8030 4921
f 4921 10177 2431
f 8030 1234 7481
f 7481 4921 8030
f 4 5244 4921
f 4921 7481 4
f 5244 1834 10177
f 10177 4921 5244
f 2432 9217 4922
f 4922 10178 2432
f 9217 2431 10177
f 10177 4922 9217
f 1834 8610 4922
f 4922 10177 1834
f 8610 1835 10178
f 10178 4922 8610
f 2433 9218 4923
f 4923 10179 2433
f 9218 2432 10178
f 10178 4923 9218
f 1835 8611 4923
f 4923 10178 1835
f 8611 1836 10179
f 10179 4923 8611
f 2434 9219 4924
f 4924 10180 2434
f 9219 2433 10179
f 10179 4924 9219
f 1836 8612 4924
f 4924 10179 1836
f 8612 1837 10180
f 10180 4924 8612
f 2435 9220 4925
f 4925 10181 2435
f 9220 2434 10180
f 10180 4925 9220
f 1837 8613 4925
f 4925 10180 1837
f 8613 1838 10181
f 10181 4925 8613
f 2436 9221 4926
f 4926 10182 2436
f 9221 2435 10181
f 10181 4926 9221
f 1838 8614 4926
f 4926 10181 1838
f 8614 1839 10182
f 10182 4926 8614
f 2437 9222 4927
f 4927 10183 2437
f 9222 2436 10182
f 10182 4927 9222
f 1839 8615 4927
f 4927 10182 1839
f 8615 1840 10183
f 10183 4927 8615
f 2438 9223 4928
f 4928 10184 2438
f 9223 2437 10183
f 10183 4928 9223
f 1840 8616 4928
f 4928 10183 1840
f 8616 1841 10184
f 10184 4928 8616
f 2446 9232 4929
f 4929 10185 2446
f 9232 1235 7482
f 7482 4929 9232
f 1236 9263 4929
f 4929 7482 1236
f 9263 2477 10185
f 10185 4929 9263
f 2445 9231 4930
f 4930 10186 2445
f 9231 2446 10185
f 10185 4930 9231
f 2477 9262 4930
f 4930 10185 2477
f 9262 2476 10186
f 10186 4930 9262
f 2444 9230 4931
f 4931 10187 2444
f 9230 2445 10186
f 10186 4931 9230
f 2476 9261 4931
f 4931 10186 2476
f 9261 2475 10187
f 10187 4931 9261
f 2443 9229 4932
f 4932 10188 2443
f 9229 2444 10187
f 10187 4932 9229
f 2475 9260 4932
f 4932 10187 2475
f 9260 2474 10188
f 10188 4932 9260
f 2442 9228 4933
f 4933 10189 2442
f 9228 2443 10188
f 10188 4933 9228
f 2474 9259 4933
f 4933 10188 2474
f 9259 2473 10189
f 10189 4933 9259
f 2441 9227 4934
f 4934 10190 2441
f 9227 2442 10189
f 10189 4934 9227
f 2473 9258 4934
f 4934 10189 2473
f 9258 2472 10190
f 10190 4934 9258
f 2440 9226 4935
f 4935 10191 2440
f 9226 2441 10190
f 10190 4935 9226
f 2472 9257 4935
f 4935 10190 2472
f 9257 2471 10191
f 10191 4935 9257
f 2439 9225 4936
f 4936 10192 2439
f 9225 2440 10191
f 10191 4936 9225
f 2471 9256 4936
f 4936 10191 2471
f 9256 2470 10192
f 10192 4936 9256
f 2449 8031 4937
f 4937 10194 2449
f 8031 1233 7480
f 7480 4937 8031
f 1234 8030 4937
f 4937 7480 1234
f 8030 2431 10194
f 10194 4937 8030
f 2451 9234 4938
f 4938 10195 2451
f 9233 2450 10193
f 10194 4938 9234
f 2431 9217 4938
f 4938 10194 2431
f 9217 2432 10195
f 10195 4938 9217
f 2452 9236 4939
f 4939 10196 2452
f 9236 2451 10195
f 10195 4939 9236
f 2432 9218 4939
f 4939 10195 2432
f 9218 2433 10196
f 10196 4939 9218
f 2455 9238 4940
f 4940 10197 2455
f 9238 2452 10196
f 10196 4940 9238
f 2433 9219 4940
f 4940 10196 2433
f 9219 2434 10197
f 10197 4940 9219
f 2458 9242 4941
f 4941 10198 2458
f 9242 2455 10197
f 10197 4941 9242
f 2434 9220 4941
f 4941 10197 2434
f 9220 2435 10198
f 10198 4941 9220
f 2461 9245 4942
f 4942 10199 2461
f 9245 2458 10198
f 10198 4942 9245
f 2435 9221 4942
f 4942 10198 2435
f 9221 2436 10199
f 10199 4942 9221
f 2464 9248 4943
f 4943 10200 2464
f 9248 2461 10199
f 10199 4943 9248
f 2436 9222 4943
f 4943 10199 2436
f 9222 2437 10200
f 10200 4943 9222
f 2468 9251 4944
f 4944 10201 2468
f 9251 2464 10200
f 10200 4944 9251
f 2437 9223 4944
f 4944 10200 2437
f 9223 2438 10201
f 10201 4944 9223
f 2477 9263 4945
f 4945 10202 2477
f 9263 1236 7483
f 7483 4945 9263
f 1237 9304 4945
f 4945 7483 1237
f 9304 2521 10202
f 10202 4945 9304
f 2476 9262 4946
f 4946 10203 2476
f 9262 2477 10202
f 10202 4946 9262
f 2521 9303 4946
f 4946 10202 2521
f 9303 2520 10203
f 10203 4946 9303
f 2475 9261 4947
f 4947 10204 2475
f 9261 2476 10203
f 10203 4947 9261
f 2520 9302 4947
f 4947 10203 2520
f 9302 2519 10204
f 10204 4947 9302
f 2474 9260 4948
f 4948 10205 2474
f 9260 2475 10204
f 10204 4948 9260
f 2519 9301 4948
f 4948 10204 2519
f 9301 2518 10205
f 10205 4948 9301
f 2473 9259 4949
f 4949 10206 2473
f 9259 2474 10205
f 10205 4949 9259
f 2518 9300 4949
f 4949 10205 2518
f 9300 2517 10206
f 10206 4949 9300
f 2472 9258 4950
f 4950 10207 2472
f 9258 2473 10206
f 10206 4950 9258
f 2517 9298 4950
f 4950 10206 2517
f 9298 2513 10207
f 10207 4950 9298
f 2471 9257 4952
f 4952 10209 2471
f 9257 2472 10207
f 10207 4952 9257
f 2514 9293 4951
f 4952 10207 2513
f 9295 2510 10210
f 10211 4953 9297
f 2469 9255 4958
f 4955 10213 2470
f 9256 2471 10209
f 10208 4954 9254
f 2509 9290 4956
f 4957 10212 2512
f 9291 2506 10213
f 10213 4955 9291
f 2481 8032 4959
f 4959 10217 2481
f 8032 1232 7479
f 7479 4959 8032
f 1233 8031 4959
f 4959 7479 1233
f 8031 2449 10217
f 10217 4959 8031
f 2485 9266 4961
f 4962 10220 2486
f 9268 2478 10216
f 10215 4961 9266
f 2448 9235 4963
f 4960 10214 2447
f 9234 2451 10221
f 10222 4963 9235
f 2487 9269 4964
f 4966 10224 2489
f 9271 2483 10218
f 10219 4965 9272
f 2451 9236 4967
f 4967 10221 2451
f 9236 2452 10225
f 10225 4967 9236
f 2490 9273 4968
f 4968 10227 2490
f 9273 2488 10223
f 10224 4970 9274
f 2452 9238 4971
f 4971 10225 2452
f 9238 2455 10230
f 10229 4969 9237
f 2492 9276 4974
f 4974 10232 2492
f 9275 2490 10227
f 10228 4974 9276
f 2454 9240 4975
f 4972 10226 2453
f 9241 2456 10234
f 10231 4973 9239
f 2494 9278 4976
f 4977 10236 2496
f 9278 2492 10232
f 10232 4976 9278
f 2457 9244 4979
f 4977 10233 2459
f 9245 2461 10238
f 10237 4978 9243
f 2498 9279 4984
f 4982 10243 2499
f 9281 2495 10236
f 10237 4983 9279
f 2461 9248 4983
f 4980 10235 2460
f 9247 2463 10244
f 10240 4981 9246
f 2500 9282 4985
f 4990 10248 2504
f 9284 2498 10239
f 10242 4989 9285
f 2464 9251 4986
f 4988 10241 2462
f 9250 2466 10250
f 10247 4987 9249
f 2521 9304 4991
f 4991 10251 2521
f 9304 1237 7484
f 7484 4991 9304
f 1238 9343 4991
f 4991 7484 1238
f 9343 2564 10251
f 10251 4991 9343
f 2520 9303 4992
f 4992 10252 2520
f 9303 2521 10251
f 10251 4992 9303
f 2564 9342 4992
f 4992 10251 2564
f 9342 2562 10252
f 10252 4992 9342
f 2519 9302 4994
f 4994 10254 2519
f 9302 2520 10252
f 10252 4994 9302
f 2563 9341 4993
f 4994 10252 2562
f 9337 2560 10253
f 10254 4994 9338
f 2518 9301 4995
f 4995 10255 2518
f 9301 2519 10254
f 10254 4995 9301
f 2558 9336 4996
f 4995 10254 2557
f 9336 2556 10257
f 10256 4996 9336
f 2517 9300 4997
f 4997 10258 2517
f 9300 2518 10255
f 10255 4997 9300
f 2555 9334 4998
f 4999 10257 2556
f 9334 2552 10258
f 10258 4997 9334
f 2516 9299 5000
f 5001 10260 2515
f 9298 2517 10258
f 10258 5001 9298
f 2551 9330 5001
f 5002 10259 2554
f 9330 2549 10261
f 10261 5001 9330
f 2511 9296 5003
f 5003 10262 2511
f 9294 2515 10260
f 10260 5003 9296
f 2549 9328 5004
f 5004 10261 2549
f 9328 2547 10263
f 10263 5004 9328
f 2508 9292 5005
f 5005 10264 2507
f 9292 2511 10262
f 10262 5005 9292
f 2546 9325 5006
f 5007 10263 2547
f 9325 2544 10265
f 10265 5006 9325
f 2525 8033 5008
f 5008 10267 2525
f 8033 1231 7478
f 7478 5008 8033
f 1232 8032 5008
f 5008 7478 1232
f 8032 2481 10267
f 10267 5008 8032
f 2528 9305 5009
f 5010 10272 2529
f 9305 2523 10268
f 10268 5012 9307
f 2480 9267 5011
f 5013 10266 2479
f 9264 2484 10271
f 10272 5010 9265
f 2531 9309 5015
f 5014 10273 2530
f 9309 2526 10270
f 10270 5015 9309
f 2482 9269 5014
f 5014 10269 2482
f 9270 2488 10274
f 10273 5014 9269
f 2533 9311 5016
f 5016 10275 2533
f 9311 2530 10273
f 10273 5016 9311
f 2488 9273 5017
f 5017 10274 2488
f 9273 2490 10276
f 10276 5017 9273
f 2535 9314 5018
f 5018 10277 2535
f 9314 2533 10275
f 10275 5018 9314
f 2490 9275 5019
f 5019 10276 2490
f 9275 2491 10278
f 10278 5019 9275
f 2538 9317 5021
f 5021 10281 2538
f 9316 2535 10277
f 10279 5021 9317
f 2491 9277 5020
f 5020 10278 2491
f 9277 2493 10280
f 10280 5020 9277
f 2540 9319 5023
f 5023 10283 2540
f 9319 2538 10281
f 10281 5023 9319
f 2493 9280 5022
f 5022 10280 2493
f 9280 2497 10282
f 10282 5022 9280
f 2542 9321 5025
f 5025 10285 2542
f 9321 2540 10283
f 10283 5025 9321
f 2497 9283 5024
f 5024 10282 2497
f 9283 2502 10284
f 10284 5024 9283
f 1833 8609 5026
f 5026 10286 1833
f 8609 3 5243
f 5243 5026 8609
f 1228 9359 5026
f 5026 5243 1228
f 9359 2580 10286
f 10286 5026 9359
f 1832 8608 5027
f 5027 10287 1832
f 8608 1833 10286
f 10286 5027 8608
f 2580 9358 5027
f 5027 10286 2580
f 9358 2579 10287
f 10287 5027 9358
f 1831 8607 5028
f 5028 10288 1831
f 8607 1832 10287
f 10287 5028 8607
f 2579 9357 5028
f 5028 10287 2579
f 9357 2578 10288
f 10288 5028 9357
f 1830 8606 5029
f 5029 10289 1830
f 8606 1831 10288
f 10288 5029 8606
f 2578 9356 5029
f 5029 10288 2578
f 9356 2577 10289
f 10289 5029 9356
f 1829 8605 5030
f 5030 10290 1829
f 8605 1830 10289
f 10289 5030 8605
f 2577 9355 5030
f 5030 10289 2577
f 9355 2576 10290
f 10290 5030 9355
f 1828 8604 5031
f 5031 10291 1828
f 8604 1829 10290
f 10290 5031 8604
f 2576 9354 5031
f 5031 10290 2576
f 9354 2575 10291
f 10291 5031 9354
f 1827 8603 5032
f 5032 10292 1827
f 8603 1828 10291
f 10291 5032 8603
f 2575 9353 5032
f 5032 10291 2575
f 9353 2574 10292
f 10292 5032 9353
f 1826 8602 5033
f 5033 10293 1826
f 8602 1827 10292
f 10292 5033 8602
f 2574 9352 5033
f 5033 10292 2574
f 9352 2573 10293
f 10293 5033 9352
f 2565 8034 5034
f 5034 10294 2565
f 8034 1241 7488
f 7488 5034 8034
f 2 5242 5034
f 5034 7488 2
f 5242 1818 10294
f 10294 5034 5242
f 2566 9344 5035
f 5035 10295 2566
f 9344 2565 10294
f 10294 5035 9344
f 1818 8594 5035
f 5035 10294 1818
f 8594 1819 10295
f 10295 5035 8594
f 2567 9345 5036
f 5036 10296 2567
f 9345 2566 10295
f 10295 5036 9345
f 1819 8595 5036
f 5036 10295 1819
f 8595 1820 10296
f 10296 5036 8595
f 2568 9346 5037
f 5037 10297 2568
f 9346 2567 10296
f 10296 5037 9346
f 1820 8596 5037
f 5037 10296 1820
f 8596 1821 10297
f 10297 5037 8596
f 2569 9347 5038
f 5038 10298 2569
f 9347 2568 10297
f 10297 5038 9347
f 1821 8597 5038
f 5038 10297 1821
f 8597 1822 10298
f 10298 5038 8597
f 2570 9348 5039
f 5039 10299 2570
f 9348 2569 10298
f 10298 5039 9348
f 1822 8598 5039
f 5039 10298 1822
f 8598 1823 10299
f 10299 5039 8598
f 2571 9349 5040
f 5040 10300 2571
f 9349 2570 10299
f 10299 5040 9349
f 1823 8599 5040
f 5040 10299 1823
f 8599 1824 10300
f 10300 5040 8599
f 2572 9350 5041
f 5041 10301 2572
f 9350 2571 10300
f 10300 5041 9350
f 1824 8600 5041
f 5041 10300 1824
f 8600 1825 10301
f 10301 5041 8600
f 2580 9359 5042
f 5042 10302 2580
f 9359 1228 7475
f 7475 5042 9359
f 1229 9392 5042
f 5042 7475 1229
f 9392 2614 10302
f 10302 5042 9392
f 2579 9358 5043
f 5043 10303 2579
f 9358 2580 10302
f 10302 5043 9358
f 2614 9391 5043
f 5043 10302 2614
f 9391 2612 10303
f 10303 5043 9391
f 2578 9357 5044
f 5044 10304 2578
f 9357 2579 10303
f 10303 5044 9357
f 2612 9389 5044
f 5044 10303 2612
f 9389 2611 10304
f 10304 5044 9389
f 2577 9356 5045
f 5045 10306 2577
f 9356 2578 10304
f 10304 5045 9356
f 2611 9388 5045
f 5045 10304 2611
f 9386 2609 10305
f 10306 5045 9388
f 2576 9355 5047
f 5047 10307 2576
f 9355 2577 10306
f 10306 5047 9355
f 2609 9384 5046
f 5046 10305 2609
f 9384 2607 10307
f 10307 5047 9384
f 2575 9354 5048
f 5048 10309 2575
f 9354 2576 10307
f 10307 5048 9354
f 2607 9382 5048
f 5048 10307 2607
f 9382 2604 10309
f 10309 5048 9382
f 2574 9353 5050
f 5050 10310 2574
f 9353 2575 10309
f 10309 5050 9353
f 2605 9380 5050
f 5049 10308 2603
f 9380 2601 10310
f 10310 5050 9380
f 2573 9352 5051
f 5051 10312 2573
f 9352 2574 10310
f 10310 5051 9352
f 2601 9378 5051
f 5051 10310 2601
f 9378 2599 10311
f 10312 5051 9378
f 2581 8035 5052
f 5052 10313 2581
f 8035 1240 7487
f 7487 5052 8035
f 1241 8034 5052
f 5052 7487 1241
f 8034 2565 10313
f 10313 5052 8034
f 2582 9360 5053
f 5053 10314 2582
f 9360 2581 10313
f 10313 5053 9360
f 2565 9344 5053
f 5053 10313 2565
f 9344 2566 10314
f 10314 5053 9344
f 2585 9362 5054
f 5054 10315 2585
f 9362 2582 10314
f 10314 5054 9362
f 2566 9345 5054
f 5054 10314 2566
f 9345 2567 10315
f 10315 5054 9345
f 2586 9364 5055
f 5056 10316 2587
f 9365 2585 10315
f 10315 5056 9365
f 2567 9346 5056
f 5056 10315 2567
f 9346 2568 10316
f 10316 5056 9346
f 2590 9367 5057
f 5057 10318 2590
f 9367 2587 10316
f 10316 5057 9367
f 2568 9347 5057
f 5057 10316 2568
f 9347 2569 10318
f 10318 5057 9347
f 2592 9369 5058
f 5059 10319 2592
f 9369 2589 10317
f 10318 5059 9371
f 2569 9348 5059
f 5059 10318 2569
f 9348 2570 10319
f 10319 5059 9348
f 2594 9372 5060
f 5060 10321 2594
f 9372 2592 10319
f 10319 5060 9372
f 2570 9349 5060
f 5060 10319 2570
f 9349 2571 10321
f 10321 5060 9349
f 2596 9374 5062
f 5061 10322 2596
f 9374 2594 10320
f 10321 5062 9374
f 2571 9350 5062
f 5062 10321 2571
f 9350 2572 10323
f 10323 5062 9350
f 2614 9392 5063
f 5063 10324 2614
f 9392 1229 7476
f 7476 5063 9392
f 1230 9439 5063
f 5063 7476 1230
f 9439 2656 10324
f 10324 5063 9439
f 2612 9391 5064
f 5064 10325 2612
f 9391 2614 10324
f 10324 5064 9391
f 2656 9434 5064
f 5064 10324 2656
f 9437 2653 10328
f 10325 5064 9434
f 2611 9389 5066
f 5066 10329 2611
f 9390 2613 10326
f 10327 5066 9389
f 2652 9431 5066
f 5066 10327 2652
f 9429 2649 10330
f 10331 5065 9430
f 2610 9387 5068
f 5069 10332 2610
f 9388 2611 10329
f 10329 5068 9387
f 2648 9424 5070
f 5071 10330 2649
f 9424 2645 10334
f 10334 5067 9425
f 2608 9385 5072
f 5073 10335 2608
f 9385 2610 10332
f 10333 5072 9385
f 2646 9422 5074
f 5074 10334 2646
f 9422 2644 10336
f 10336 5074 9422
f 2606 9383 5075
f 5075 10337 2606
f 9383 2608 10335
f 10335 5075 9383
f 2644 9420 5076
f 5075 10336 2644
f 9420 2642 10338
f 10338 5076 9420
f 2602 9381 5077
f 5077 10339 2602
f 9381 2606 10337
f 10337 5077 9381
f 2642 9418 5078
f 5078 10338 2642
f 9418 2640 10340
f 10340 5078 9418
f 2600 9379 5079
f 5079 10341 2600
f 9379 2602 10339
f 10339 5079 9379
f 2640 9416 5080
f 5080 10340 2640
f 9416 2637 10342
f 10342 5080 9416
f 2615 8036 5081
f 5081 10343 2615
f 8036 1239 7486
f 7486 5081 8036
f 1240 8035 5081
f 5081 7486 1240
f 8035 2581 10343
f 10343 5081 8035
f 2617 9393 5082
f 5082 10344 2617
f 9393 2615 10343
f 10343 5082 9393
f 2581 9360 5082
f 5082 10343 2581
f 9360 2582 10344
f 10344 5082 9360
f 2622 9396 5083
f 5083 10351 2621
f 9395 2617 10346
f 10345 5083 9396
f 2582 9362 5084
f 5085 10345 2583
f 9362 2585 10349
f 10350 5083 9361
f 2625 9401 5090
f 5088 10353 2625
f 9399 2621 10348
f 10347 5089 9398
f 2584 9366 5086
f 5087 10349 2585
f 9363 2588 10352
f 10353 5088 9363
f 2627 9403 5092
f 5092 10356 2628
f 9405 2625 10353
f 10353 5092 9405
f 2587 9367 5091
f 5091 10352 2588
f 9368 2591 10357
f 10356 5091 9367
f 2630 9407 5095
f 5095 10359 2630
f 9407 2628 10356
f 10355 5095 9407
f 2591 9370 5094
f 5093 10354 2591
f 9370 2593 10359
f 10358 5094 9370
f 2632 9409 5097
f 5097 10362 2632
f 9409 2630 10359
f 10360 5097 9409
f 2593 9373 5096
f 5096 10359 2593
f 9373 2595 10361
f 10361 5096 9373
f 2634 9411 5099
f 5099 10364 2634
f 9411 2632 10362
f 10362 5099 9411
f 2595 9375 5098
f 5098 10361 2595
f 9375 2597 10363
f 10363 5098 9375
f 1857 8636 5100
f 5100 10365 1857
f 8636 8 5248
f 5248 5100 8636
f 1249 9449 5100
f 5100 5248 1249
f 9449 2665 10365
f 10365 5100 9449
f 1856 8633 5101
f 5101 10366 1856
f 8635 1857 10365
f 10365 5102 8635
f 2665 9448 5102
f 5102 10365 2665
f 9447 2663 10366
f 10366 5101 9447
f 1855 8631 5103
f 5103 10368 1855
f 8631 1856 10366
f 10367 5104 8632
f 2664 9446 5104
f 5104 10367 2664
f 9445 2662 10368
f 10368 5103 9445
f 1854 8630 5105
f 5105 10369 1854
f 8630 1855 10368
f 10368 5105 8630
f 2662 9444 5105
f 5105 10368 2662
f 9444 2661 10369
f 10369 5105 9444
f 8629 1854 10369
f 10369 5106 8629
f 2661 9443 5106
f 5106 10369 2661
f 2657 8037 5107
f 5107 10370 2657
f 8037 1248 7495
f 7495 5107 8037
f 7 5247 5107
f 5107 7495 7
f 5247 1850 10370
f 10370 5107 5247
f 2658 9440 5108
f 5108 10371 2658
f 9440 2657 10370
f 10370 5108 9440
f 1850 8626 5108
f 5108 10370 1850
f 8626 1851 10371
f 10371 5108 8626
f 2659 9441 5109
f 5109 10372 2659
f 9441 2658 10371
f 10371 5109 9441
f 1851 8627 5109
f 5109 10371 1851
f 8627 1852 10372
f 10372 5109 8627
f 2660 9442 5110
f 5110 10373 2660
f 9442 2659 10372
f 10372 5110 9442
f 1852 8628 5110
f 5110 10372 1852
f 8628 1853 10373
f 10373 5110 8628
f 2665 9449 5111
f 5111 10374 2665
f 9449 1249 7496
f 7496 5111 9449
f 1250 9470 5111
f 5111 7496 1250
f 9470 2687 10374
f 10374 5111 9470
f 2663 9448 5112
f 5112 10375 2663
f 9448 2665 10374
f 10374 5112 9448
f 2687 9469 5112
f 5112 10374 2687
f 9469 2685 10375
f 10375 5112 9469
f 2662 9445 5113
f 5113 10377 2662
f 9446 2664 10376
f 10376 5114 9446
f 2686 9468 5114
f 5114 10376 2686
f 9467 2684 10377
f 10377 5113 9467
f 2661 9444 5115
f 5115 10378 2661
f 9444 2662 10377
f 10377 5115 9444
f 2684 9466 5115
f 5115 10377 2684
f 9466 2683 10378
f 10378 5115 9466
f 9443 2661 10378
f 10378 5116 9443
f 2683 9465 5116
f 5116 10378 2683
f 2666 8038 5117
f 5117 10379 2666
f 8038 1247 7494
f 7494 5117 8038
f 1248 8037 5117
f 5117 7494 1248
f 8037 2657 10379
f 10379 5117 8037
f 2667 9450 5118
f 5118 10380 2667
f 9450 2666 10379
f 10379 5118 9450
f 2657 9440 5118
f 5118 10379 2657
f 9440 2658 10380
f 10380 5118 9440
f 2668 9451 5119
f 5119 10381 2668
f 9451 2667 10380
f 10380 5119 9451
f 2658 9441 5119
f 5119 10380 2658
f 9441 2659 10381
f 10381 5119 9441
f 2671 9453 5121
f 5120 10382 2669
f 9452 2668 10381
f 10381 5120 9452
f 2659 9442 5120
f 5120 10381 2659
f 9442 2660 10382
f 10382 5120 9442
f 2687 9470 5122
f 5122 10383 2687
f 9470 1250 7497
f 7497 5122 9470
f 1251 9505 5122
f 5122 7497 1251
f 9505 2719 10383
f 10383 5122 9505
f 2685 9469 5123
f 5123 10384 2685
f 9469 2687 10383
f 10383 5123 9469
f 2719 9504 5123
f 5123 10383 2719
f 9504 2717 10384
f 10384 5123 9504
f 2684 9467 5124
f 5124 10386 2684
f 9468 2686 10385
f 10385 5125 9468
f 2718 9502 5125
f 5125 10385 2718
f 9501 2715 10386
f 10386 5124 9501
f 2683 9466 5126
f 5126 10387 2683
f 9466 2684 10386
f 10386 5126 9466
f 2715 9499 5126
f 5126 10386 2715
f 9499 2713 10387
f 10387 5126 9499
f 2682 9465 5127
f 5127 10388 2682
f 9465 2683 10387
f 10387 5127 9465
f 2713 9497 5127
f 5127 10387 2713
f 9497 2712 10388
f 10388 5127 9497
f 2681 9464 5128
f 5128 10389 2681
f 9464 2682 10388
f 10388 5128 9464
f 2712 9496 5128
f 5128 10388 2712
f 9496 2711 10389
f 10389 5128 9496
f 2680 9463 5129
f 5129 10390 2680
f 9463 2681 10389
f 10389 5129 9463
f 2711 9493 5129
f 5129 10389 2711
f 9493 2707 10390
f 10390 5129 9493
f 2679 9462 5130
f 5130 10391 2679
f 9462 2680 10390
f 10390 5130 9462
f 2707 9491 5130
f 5130 10390 2707
f 9491 2705 10391
f 10391 5130 9491
f 2688 8039 5131
f 5131 10392 2688
f 8039 1246 7493
f 7493 5131 8039
f 1247 8038 5131
f 5131 7493 1247
f 8038 2666 10392
f 10392 5131 8038
f 2689 9471 5132
f 5132 10393 2689
f 9471 2688 10392
f 10392 5132 9471
f 2666 9450 5132
f 5132 10392 2666
f 9450 2667 10393
f 10393 5132 9450
f 2690 9472 5133
f 5133 10394 2690
f 9472 2689 10393
f 10393 5133 9472
f 2667 9451 5133
f 5133 10393 2667
f 9451 2668 10394
f 10394 5133 9451
f 2691 9473 5134
f 5134 10395 2691
f 9473 2690 10394
f 10394 5134 9473
f 2668 9452 5134
f 5134 10394 2668
f 9452 2669 10395
f 10395 5134 9452
f 2693 9474 5135
f 5138 10400 2692
f 9474 2691 10395
f 10395 5135 9474
f 2670 9455 5136
f 5135 10395 2669
f 9456 2673 10399
f 10399 5137 9456
f 2697 9478 5142
f 5140 10402 2694
f 9479 2693 10398
f 10397 5141 9475
f 2672 9457 5139
f 5139 10396 2672
f 9457 2675 10401
f 10401 5139 9457
f 2699 9480 5143
f 5144 10405 2700
f 9483 2696 10403
f 10401 5143 9480
f 2675 9459 5143
f 5143 10401 2675
f 9459 2677 10404
f 10404 5143 9459
f 2702 9484 5145
f 5145 10406 2702
f 9486 2700 10405
f 10404 5145 9484
f 2677 9460 5145
f 5145 10404 2677
f 9460 2678 10406
f 10406 5145 9460
f 2719 9505 5146
f 5146 10407 2719
f 9505 1251 7498
f 7498 5146 9505
f 1252 9543 5146
f 5146 7498 1252
f 9543 2755 10407
f 10407 5146 9543
f 2717 9504 5147
f 5147 10408 2717
f 9504 2719 10407
f 10407 5147 9504
f 2755 9542 5147
f 5147 10407 2755
f 9542 2754 10408
f 10408 5147 9542
f 2716 9503 5148
f 5148 10409 2716
f 9503 2717 10408
f 10408 5148 9503
f 2754 9541 5148
f 5148 10408 2754
f 9541 2753 10409
f 10409 5148 9541
f 2714 9500 5149
f 5149 10410 2714
f 9500 2716 10409
f 10409 5149 9500
f 2753 9540 5149
f 5149 10409 2753
f 9540 2752 10410
f 10410 5149 9540
f 2712 9498 5150
f 5150 10412 2712
f 9498 2714 10410
f 10410 5150 9498
f 2752 9539 5150
f 5150 10410 2752
f 9539 2751 10412
f 10412 5150 9539
f 2711 9496 5151
f 5151 10413 2711
f 9496 2712 10411
f 10411 5151 9496
f 2750 9538 5154
f 5153 10412 2751
f 9536 2748 10417
f 10414 5152 9535
f 2708 9494 5156
f 5158 10420 2710
f 9493 2711 10413
f 10415 5157 9495
f 2747 9533 5155
f 5158 10416 2746
f 9532 2744 10422
f 10421 5159 9531
f 2706 9492 5160
f 5160 10425 2706
f 9492 2709 10418
f 10418 5160 9492
f 2742 9526 5161
f 5161 10419 2742
f 9528 2739 10427
f 10423 5161 9526
f 2720 8040 5162
f 5162 10428 2720
f 8040 1245 7492
f 7492 5162 8040
f 1246 8039 5162
f 5162 7492 1246
f 8039 2688 10428
f 10428 5162 8039
f 2721 9506 5163
f 5163 10429 2721
f 9506 2720 10428
f 10428 5163 9506
f 2688 9471 5163
f 5163 10428 2688
f 9471 2689 10429
f 10429 5163 9471
f 2722 9507 5164
f 5164 10430 2722
f 9507 2721 10429
f 10429 5164 9507
f 2689 9472 5164
f 5164 10429 2689
f 9472 2690 10430
f 10430 5164 9472
f 2723 9508 5165
f 5165 10431 2723
f 9508 2722 10430
f 10430 5165 9508
f 2690 9473 5165
f 5165 10430 2690
f 9473 2691 10431
f 10431 5165 9473
f 2724 9509 5166
f 5166 10432 2724
f 9509 2723 10431
f 10431 5166 9509
f 2691 9474 5166
f 5166 10431 2691
f 9474 2693 10432
f 10432 5166 9474
f 2725 9510 5169
f 5167 10436 2725
f 9510 2724 10432
f 10432 5169 9510
f 2693 9479 5169
f 5169 10432 2693
f 9476 2697 10433
f 10437 5168 9477
f 2733 9516 5172
f 5171 10441 2729
f 9515 2727 10438
f 10434 5173 9513
f 2695 9482 5170
f 5174 10435 2698
f 9481 2700 10439
f 10440 5170 9482
f 2736 9519 5180
f 5178 10447 2734
f 9517 2731 10442
f 10442 5177 9517
f 2699 9484 5175
f 5179 10443 2701
f 9485 2703 10444
f 10445 5176 9487
f 1873 8652 5181
f 5181 10449 1873
f 8652 6 5246
f 5246 5181 8652
f 1242 9559 5181
f 5181 5246 1242
f 9559 2771 10449
f 10449 5181 9559
f 1872 8651 5182
f 5182 10450 1872
f 8651 1873 10449
f 10449 5182 8651
f 2771 9558 5182
f 5182 10449 2771
f 9558 2770 10450
f 10450 5182 9558
f 1871 8650 5183
f 5183 10451 1871
f 8650 1872 10450
f 10450 5183 8650
f 2770 9557 5183
f 5183 10450 2770
f 9557 2769 10451
f 10451 5183 9557
f 1870 8649 5184
f 5184 10452 1870
f 8649 1871 10451
f 10451 5184 8649
f 2769 9556 5184
f 5184 10451 2769
f 9556 2768 10452
f 10452 5184 9556
f 1869 8648 5185
f 5185 10453 1869
f 8648 1870 10452
f 10452 5185 8648
f 2768 9555 5185
f 5185 10452 2768
f 9555 2767 10453
f 10453 5185 9555
f 1868 8647 5186
f 5186 10454 1868
f 8647 1869 10453
f 10453 5186 8647
f 2767 9554 5186
f 5186 10453 2767
f 9554 2766 10454
f 10454 5186 9554
f 1867 8646 5187
f 5187 10455 1867
f 8646 1868 10454
f 10454 5187 8646
f 2766 9553 5187
f 5187 10454 2766
f 9553 2765 10455
f 10455 5187 9553
f 1866 8645 5188
f 5188 10456 1866
f 8645 1867 10455
f 10455 5188 8645
f 2765 9552 5188
f 5188 10455 2765
f 9552 2764 10456
f 10456 5188 9552
f 2756 8041 5189
f 5189 10457 2756
f 8041 1255 7502
f 7502 5189 8041
f 5 5249 5189
f 5189 7502 5
f 5249 1858 10457
f 10457 5189 5249
f 2757 9544 5190
f 5190 10458 2757
f 9544 2756 10457
f 10457 5190 9544
f 1858 8637 5190
f 5190 10457 1858
f 8637 1859 10458
f 10458 5190 8637
f 2758 9545 5191
f 5191 10459 2758
f 9545 2757 10458
f 10458 5191 9545
f 1859 8638 5191
f 5191 10458 1859
f 8638 1860 10459
f 10459 5191 8638
f 2759 9546 5192
f 5192 10460 2759
f 9546 2758 10459
f 10459 5192 9546
f 1860 8639 5192
f 5192 10459 1860
f 8639 1861 10460
f 10460 5192 8639
f 2760 9547 5193
f 5193 10461 2760
f 9547 2759 10460
f 10460 5193 9547
f 1861 8640 5193
f 5193 10460 1861
f 8640 1862 10461
f 10461 5193 8640
f 2761 9548 5194
f 5194 10462 2761
f 9548 2760 10461
f 10461 5194 9548
f 1862 8641 5194
f 5194 10461 1862
f 8641 1863 10462
f 10462 5194 8641
f 2762 9549 5195
f 5195 10463 2762
f 9549 2761 10462
f 10462 5195 9549
f 1863 8642 5195
f 5195 10462 1863
f 8642 1864 10463
f 10463 5195 8642
f 2763 9550 5196
f 5196 10464 2763
f 9550 2762 10463
f 10463 5196 9550
f 1864 8643 5196
f 5196 10463 1864
f 8643 1865 10464
f 10464 5196 8643
f 2771 9559 5197
f 5197 10465 2771
f 9559 1242 7489
f 7489 5197 9559
f 1243 9576 5197
f 5197 7489 1243
f 9576 2788 10465
f 10465 5197 9576
f 2770 9558 5198
f 5198 10466 2770
f 9558 2771 10465
f 10465 5198 9558
f 2788 9575 5198
f 5198 10465 2788
f 9575 2787 10466
f 10466 5198 9575
f 2769 9557 5199
f 5199 10467 2769
f 9557 2770 10466
f 10466 5199 9557
f 2787 9574 5199
f 5199 10466 2787
f 9574 2785 10467
f 10467 5199 9574
f 2768 9556 5200
f 5200 10468 2768
f 9556 2769 10467
f 10467 5200 9556
f 2785 9573 5200
f 5200 10467 2785
f 9573 2784 10468
f 10468 5200 9573
f 2767 9555 5201
f 5201 10469 2767
f 9555 2768 10468
f 10468 5201 9555
f 2784 9571 5201
f 5201 10468 2784
f 9571 2783 10469
f 10469 5201 9571
f 2766 9554 5202
f 5202 10470 2766
f 9554 2767 10469
f 10469 5202 9554
f 2783 9570 5202
f 5202 10469 2783
f 9570 2782 10470
f 10470 5202 9570
f 2765 9553 5203
f 5203 10471 2765
f 9553 2766 10470
f 10470 5203 9553
f 2782 9569 5203
f 5203 10470 2782
f 9569 2781 10471
f 10471 5203 9569
f 2764 9552 5204
f 5204 10472 2764
f 9552 2765 10471
f 10471 5204 9552
f 2781 9568 5204
f 5204 10471 2781
f 9568 2780 10472
f 10472 5204 9568
f 2772 8042 5205
f 5205 10473 2772
f 8042 1254 7501
f 7501 5205 8042
f 1255 8041 5205
f 5205 7501 1255
f 8041 2756 10473
f 10473 5205 8041
f 2773 9560 5206
f 5206 10474 2773
f 9560 2772 10473
f 10473 5206 9560
f 2756 9544 5206
f 5206 10473 2756
f 9544 2757 10474
f 10474 5206 9544
f 2774 9561 5207
f 5207 10475 2774
f 9561 2773 10474
f 10474 5207 9561
f 2757 9545 5207
f 5207 10474 2757
f 9545 2758 10475
f 10475 5207 9545
f 2775 9562 5208
f 5208 10476 2775
f 9562 2774 10475
f 10475 5208 9562
f 2758 9546 5208
f 5208 10475 2758
f 9546 2759 10476
f 10476 5208 9546
f 2776 9563 5209
f 5209 10477 2776
f 9563 2775 10476
f 10476 5209 9563
f 2759 9547 5209
f 5209 10476 2759
f 9547 2760 10477
f 10477 5209 9547
f 2777 9564 5210
f 5210 10478 2777
f 9564 2776 10477
f 10477 5210 9564
f 2760 9548 5210
f 5210 10477 2760
f 9548 2761 10478
f 10478 5210 9548
f 2778 9565 5211
f 5211 10479 2778
f 9565 2777 10478
f 10478 5211 9565
f 2761 9549 5211
f 5211 10478 2761
f 9549 2762 10479
f 10479 5211 9549
f 2779 9566 5212
f 5212 10480 2779
f 9566 2778 10479
f 10479 5212 9566
f 2762 9550 5212
f 5212 10479 2762
f 9550 2763 10480
f 10480 5212 9550
f 2788 9576 5213
f 5213 10481 2788
f 9576 1243 7490
f 7490 5213 9576
f 1244 9596 5213
f 5213 7490 1244
f 9596 2809 10481
f 10481 5213 9596
f 2787 9575 5214
f 5214 10482 2787
f 9575 2788 10481
f 10481 5214 9575
f 2809 9595 5214
f 5214 10481 2809
f 9595 2808 10482
f 10482 5214 9595
f 2785 9574 5215
f 5215 10484 2785
f 9574 2787 10482
f 10482 5215 9574
f 2808 9594 5215
f 5215 10482 2808
f 9594 2807 10484
f 10484 5215 9594
f 2784 9573 5216
f 5216 10485 2784
f 9572 2786 10483
f 10484 5216 9573
f 2807 9593 5216
f 5216 10484 2807
f 9593 2806 10485
f 10485 5216 9593
f 2783 9571 5217
f 5217 10486 2783
f 9571 2784 10485
f 10485 5217 9571
f 2806 9592 5217
f 5217 10485 2806
f 9592 2805 10486
f 10486 5217 9592
f 2782 9570 5218
f 5218 10487 2782
f 9570 2783 10486
f 10486 5218 9570
f 2805 9591 5218
f 5218 10486 2805
f 9591 2802 10487
f 10487 5218 9591
f 2781 9569 5219
f 5219 10489 2781
f 9569 2782 10487
f 10487 5219 9569
f 2803 9590 5219
f 5220 10488 2804
f 9590 2800 10489
f 10489 5219 9590
f 2780 9568 5221
f 5221 10490 2780
f 9568 2781 10489
f 10489 5221 9568
f 2800 9587 5221
f 5221 10489 2800
f 9587 2798 10490
f 10490 5221 9587
f 2789 8043 5222
f 5222 10491 2789
f 8043 1253 7500
f 7500 5222 8043
f 1254 8042 5222
f 5222 7500 1254
f 8042 2772 10491
f 10491 5222 8042
f 2790 9577 5223
f 5223 10492 2790
f 9577 2789 10491
f 10491 5223 9577
f 2772 9560 5223
f 5223 10491 2772
f 9560 2773 10492
f 10492 5223 9560
f 2791 9578 5224
f 5224 10493 2791
f 9578 2790 10492
f 10492 5224 9578
f 2773 9561 5224
f 5224 10492 2773
f 9561 2774 10493
f 10493 5224 9561
f 2792 9579 5225
f 5225 10494 2792
f 9579 2791 10493
f 10493 5225 9579
f 2774 9562 5225
f 5225 10493 2774
f 9562 2775 10494
f 10494 5225 9562
f 2794 9580 5227
f 5226 10495 2793
f 9581 2792 10494
f 10494 5226 9581
f 2775 9563 5226
f 5226 10494 2775
f 9563 2776 10495
f 10495 5226 9563
f 2795 9582 5228
f 5228 10496 2795
f 9582 2793 10495
f 10495 5228 9582
f 2776 9564 5228
f 5228 10495 2776
f 9564 2777 10496
f 10496 5228 9564
f 2796 9583 5229
f 5229 10497 2796
f 9583 2795 10496
f 10496 5229 9583
f 2777 9565 5229
f 5229 10496 2777
f 9565 2778 10497
f 10497 5229 9565
f 2797 9584 5230
f 5230 10498 2797
f 9584 2796 10497
f 10497 5230 9584
f 2778 9566 5230
f 5230 10497 2778
f 9566 2779 10498
f 10498 5230 9566
f 1850 5247 5231
f 5231 10499 1850
f 5247 7 5477
f 5477 5231 5247
f 1779 9606 5231
f 5231 5477 1779
f 9606 2820 10499
f 10499 5231 9606
f 1851 8626 5232
f 5232 10500 1851
f 8626 1850 10499
f 10499 5232 8626
f 2820 9605 5232
f 5232 10499 2820
f 9605 2819 10500
f 10500 5232 9605
f 1852 8627 5233
f 5233 10501 1852
f 8627 1851 10500
f 10500 5233 8627
f 2819 9604 5233
f 5233 10500 2819
f 9604 2818 10501
f 10501 5233 9604
f 1853 8628 5234
f 5234 10502 1853
f 8628 1852 10501
f 10501 5234 8628
f 2818 9603 5234
f 5234 10501 2818
f 9603 2816 10502
f 10502 5234 9603
f 2812 8557 5235
f 5235 10503 2812
f 8557 1778 8515
f 8515 5235 8557
f 8 8636 5235
f 5235 8515 8
f 8636 1857 10503
f 10503 5235 8636
f 2813 9597 5236
f 5236 10504 2813
f 9599 2812 10503
f 10503 5238 9599
f 1857 8635 5238
f 5238 10503 1857
f 8633 1856 10504
f 10504 5237 8634
f 2814 9600 5239
f 5239 10505 2814
f 9600 2813 10504
f 10504 5239 9600
f 1856 8631 5239
f 5239 10504 1856
f 8631 1855 10505
f 10505 5239 8631
f 2815 9601 5240
f 5240 10506 2815
f 9601 2814 10505
f 10505 5240 9601
f 1855 8630 5240
f 5240 10505 1855
f 8630 1854 10506
f 10506 5240 8630
f 9602 2815 10506
f 10506 5241 9602
f 1854 8629 5241
f 5241 10506 1854
f 10548 2199 10547
f 8976 10546 10547
f 10547 2199 8976
f 2198 10545 10546
f 10546 8976 2198
f 2198 8975 10507
f 10507 10545 2198
f 8975 2197 10508
f 10508 10507 8975
f 2197 8974 10509
f 10509 10508 2197
f 8974 2196 10510
f 10510 10509 8974
f 2196 8973 10511
f 10511 10510 2196
f 8973 4720 10512
f 10512 10511 8973
f 4720 8865 10513
f 10513 10512 4720
f 8865 4577 10514
f 10514 10513 8865
f 4577 9602 10515
f 10515 10514 4577
f 9602 5241 10516
f 10516 10515 9602
f 5241 8629 10517
f 10517 10516 5241
f 8629 5106 10518
f 10518 10517 8629
f 5106 9443 10519
f 10519 10518 5106
f 9443 5116 10520
f 10520 10519 9443
f 5116 9465 10521
f 10521 10520 5116
f 9465 2682 10522
f 10522 10521 9465
f 2682 9464 10523
f 10523 10522 2682
f 9464 2681 10524
f 10524 10523 9464
f 2681 9463 10525
f 10525 10524 2681
f 2816 9837 10527
f 10527 10526 2816
f 9837 2083 10528
f 10528 10527 9837
f 2083 9962 10529
f 10529 10528 2083
f 9962 2204 10530
f 10530 10529 9962
f 2204 8981 10531
f 10531 10530 2204
f 8981 2203 10532
f 10532 10531 8981
f 2203 8980 10533
f 10533 10532 2203
f 8980 2202 10534
f 10534 10533 8980
f 2202 8979 10554
f 10554 10534 2202
f 8979 2201 10553
f 10553 10554 8979
f 2201 8978 10552
f 10552 10553 2201
f 8978 10551 10552
f 2676 9458 10536
f 10536 10535 2676
f 9458 2674 10537
f 10537 10536 9458
f 2674 9454 10538
f 10538 10537 2674
f 9454 2669 10539
f 10539 10538 9454
f 2669 10382 10540
f 10540 10539 2669
f 10382 2660 10541
f 10541 10540 10382
f 2660 10373 10542
f 10542 10541 2660
f 10373 1853 10543
f 10543 10542 10373
f 1853 10502 10544
f 10544 10543 1853
f 10502 2816 10526
f 10526 10544 10502
f 9463 2680 10555
f 10555 10525 9463
f 2680 9462 10556
f 10556 10555 2680
f 9462 2679 10557
f 10557 10556 9462
f 10557 2679 10558
f 10558 2679 9461
f 9461 10559 10558
f 10559 9461 2678
f 2678 10560 10559
f 10560 2678 9460
f 9460 10561 10560
f 10561 9460 10562
f 10562 9460 2677
f 2677 10563 10562
f 10563 2677 9459
f 9459 10564 10563
f 9459 2676 10535
f 10535 10564 9459
f 10566 10567 10568
f 10568 10569 10570
f 10566 10568 10570
f 10570 10571 10572
f 10572 10573 10574
f 10570 10572 10574
f 10566 10570 10574
f 10574 10575 10576
f 10576 10577 10578
f 10574 10576 10578
f 10578 10579 10580
f 10580 10581 10582
f 10578 10580 10582
f 10574 10578 10582
f 10566 10574 10582
f 10582 10583 10584
f 10582 10584 10585
f 10582 10585 10586
f 10582 10586 10587
f 10566 10582 10587
f 10566 10587 10588
f 10566 10588 10589
f 10594 10595 10596
f 10593 10594 10596
f 10592 10593 10596
f 10591 10592 10596
f 10590 10591 10596
f 10589 10590 10596
f 10596 10597 10598
f 10598 10599 10600
f 10596 10598 10600
f 10600 10601 10602
f 10602 10603 10604
f 10600 10602 10604
f 10596 10600 10604
f 10604 10605 10606
f 10606 10607 10608
f 10604 10606 10608
f 10608 10609 10610
f 10610 10611 10612
f 10608 10610 10612
f 10604 10608 10612
f 10596 10604 10612
f 10596 10612 10613
f 10596 10613 10614
f 10589 10596 10614
f 10566 10589 10614
f 10566 10614 10615
f 10566 10615 10616
f 10566 10616 10617
f 10566 10617 10618
f 10566 10618 10619
f 10566 10619 10620
f 10566 10620 10621
f 10566 10621 10622
f 10566 10622 10565
f 10507 10508 10625
f 10625 10624 10507
f 10509 10627 10625
f 10625 10508 10509
f 10510 10629 10627
f 10627 10509 10510
f 10511 10631 10629
f 10629 10510 10511
f 10512 10633 10631
f 10631 10511 10512
f 10513 10635 10633
f 10633 10512 10513
f 10514 10637 10635
f 10635 10513 10514
f 10515 10639 10637
f 10637 10514 10515
f 10516 10641 10639
f 10639 10515 10516
f 10517 10643 10641
f 10641 10516 10517
f 10518 10645 10643
f 10643 10517 10518
f 10519 10647 10645
f 10645 10518 10519
f 10520 10649 10647
f 10647 10519 10520
f 10521 10651 10649
f 10649 10520 10521
f 10522 10653 10651
f 10651 10521 10522
f 10523 10655 10653
f 10653 10522 10523
f 10524 10657 10655
f 10655 10523 10524
f 10525 10660 10657
f 10657 10524 10525
f 10555 10662 10660
f 10660 10525 10555
f 10556 10664 10662
f 10662 10555 10556
f 10557 10666 10664
f 10664 10556 10557
f 10558 10668 10666
f 10666 10557 10558
f 10559 10670 10668
f 10668 10558 10559
f 10560 10672 10670
f 10670 10559 10560
f 10561 10674 10672
f 10672 10560 10561
f 10562 10676 10674
f 10674 10561 10562
f 10563 10678 10676
f 10676 10562 10563
f 10564 10680 10678
f 10678 10563 10564
f 10535 10681 10680
f 10680 10564 10535
f 10535 10536 10684
f 10684 10681 10535
f 10537 10686 10684
f 10684 10536 10537
f 10538 10688 10686
f 10686 10537 10538
f 10539 10690 10688
f 10688 10538 10539
f 10540 10692 10690
f 10690 10539 10540
f 10541 10694 10692
f 10692 10540 10541
f 10542 10696 10694
f 10694 10541 10542
f 10543 10698 10696
f 10696 10542 10543
f 10544 10700 10698
f 10698 10543 10544
f 10526 10702 10700
f 10700 10544 10526
f 10527 10704 10702
f 10702 10526 10527
f 10528 10706 10704
f 10704 10527 10528
f 10529 10708 10706
f 10706 10528 10529
f 10530 10710 10708
f 10708 10529 10530
f 10531 10712 10710
f 10710 10530 10531
f 10532 10714 10712
f 10712 10531 10532
f 10533 10716 10714
f 10714 10532 10533
f 10534 10718 10716
f 10716 10533 10534
f 10554 10720 10718
f 10718 10534 10554
f 10553 10722 10720
f 10720 10554 10553
f 10552 10724 10722
f 10722 10553 10552
f 10551 10726 10724
f 10724 10552 10551
f 10550 10728 10726
f 10726 10551 10550
f 10549 10730 10728
f 10728 10550 10549
f 10548 10732 10730
f 10730 10549 10548
f 10547 10734 10732
f 10732 10548 10547
f 10546 10736 10734
f 10734 10547 10546
f 10545 10738 10736
f 10736 10546 10545
f 10507 10624 10738
f 10738 10545 10507
f 10566 10565 10623
f 10623 10626 10566
f 10567 10566 10626
f 10626 10628 10567
f 10568 10567 10628
f 10628 10630 10568
f 10569 10568 10630
f 10630 10632 10569
f 10570 10569 10632
f 10632 10634 10570
f 10571 10570 10634
f 10634 10636 10571
f 10572 10571 10636
f 10636 10638 10572
f 10573 10572 10638
f 10638 10640 10573
f 10574 10573 10640
f 10640 10642 10574
f 10575 10574 10642
f 10642 10644 10575
f 10576 10575 10644
f 10644 10646 10576
f 10577 10576 10646
f 10646 10648 10577
f 10578 10577 10648
f 10648 10650 10578
f 10579 10578 10650
f 10650 10652 10579
f 10580 10579 10652
f 10652 10654 10580
f 10581 10580 10654
f 10654 10656 10581
f 10582 10581 10656
f 10656 10658 10582
f 10659 10583 10582
f 10582 10658 10659
f 10584 10583 10659
f 10659 10661 10584
f 10585 10584 10661
f 10661 10663 10585
f 10586 10585 10663
f 10663 10665 10586
f 10587 10586 10665
f 10665 10667 10587
f 10588 10587 10667
f 10667 10669 10588
f 10589 10588 10669
f 10669 10671 10589
f 10590 10589 10671
f 10671 10673 10590
f 10591 10590 10673
f 10673 10675 10591
f 10592 10591 10675
f 10675 10677 10592
f 10593 10592 10677
f 10677 10679 10593
f 10682 10594 10593
f 10593 10679 10682
f 10595 10594 10682
f 10682 10683 10595
f 10596 10595 10683
f 10683 10685 10596
f 10597 10596 10685
f 10685 10687 10597
f 10598 10597 10687
f 10687 10689 10598
f 10599 10598 10689
f 10689 10691 10599
f 10600 10599 10691
f 10691 10693 10600
f 10601 10600 10693
f 10693 10695 10601
f 10602 10601 10695
f 10695 10697 10602
f 10603 10602 10697
f 10697 10699 10603
f 10604 10603 10699
f 10699 10701 10604
f 10605 10604 10701
f 10701 10703 10605
f 10606 10605 10703
f 10703 10705 10606
f 10607 10606 10705
f 10705 10707 10607
f 10608 10607 10707
f 10707 10709 10608
f 10609 10608 10709
f 10709 10711 10609
f 10610 10609 10711
f 10711 10713 10610
f 10611 10610 10713
f 10713 10715 10611
f 10717 10612 10611
f 10611 10715 10717
f 10613 10612 10717
f 10717 10719 10613
f 10614 10613 10719
f 10719 10721 10614
f 10615 10614 10721
f 10721 10723 10615
f 10616 10615 10723
f 10723 10725 10616
f 10617 10616 10725
f 10725 10727 10617
f 10618 10617 10727
f 10727 10729 10618
f 10619 10618 10729
f 10729 10731 10619
f 10620 10619 10731
f 10731 10733 10620
f 10621 10620 10733
f 10733 10735 10621
f 10622 10621 10735
f 10735 10737 10622
f 10565 10622 10737
f 10737 10623 10565
