# OBJ File
v 0.00007131526945158839 0.06156403571367264 -0.008911355398595333
v 0.000017357408069074154 -0.09023532271385193 0.017041653394699097
v -0.02627071738243103 0.024197250604629517 0.007574313320219517
v -0.00010247435420751572 -0.03725401312112808 0.017619121819734573
v -0.02433578297495842 -0.037376634776592255 0.013773362152278423
v -0.047578923404216766 -0.037700898945331573 -0.0002071135677397251
v -0.04764188081026077 0.02400161698460579 -0.0000016154153854586184
v -0.047641873359680176 0.02400161698460579 0.0005303272046148777
v -0.047578923404216766 -0.037700898945331573 0.0003248288412578404
v -0.026080885902047157 0.06157398223876953 0.0003789858310483396
v -0.04765067249536514 -0.07645624130964279 -0.00040307058952748775
v -0.04765067249536514 -0.07645624130964279 -0.0009350132313556969
v -0.02392033115029335 -0.08889050036668777 -0.013365697115659714
v -0.024339841678738594 -0.03723977506160736 -0.012033556587994099
v -0.04112851619720459 0.06158394366502762 0.0003733260673470795
v -0.04112850874662399 0.061583928763866425 -0.00015865478781051934
v -0.026080884039402008 0.06157398223876953 -0.00016097327170427889
v -0.04073994606733322 -0.03769788146018982 0.0004998761578463018
v -0.04109448194503784 0.02400161698460579 0.00048744736704975367
v -0.026160499081015587 0.02419847995042801 -0.007054786663502455
v -0.04109448939561844 0.02400161698460579 -0.00027725426480174065
v -0.04074002057313919 -0.037696633487939835 -0.00028967790422029793
v -0.02391626499593258 -0.08902736753225327 0.013149633072316647
v -0.04008151590824127 -0.08963044732809067 0.0004239903064444661
v -0.040420882403850555 -0.07704424858093262 0.0004998769727535546
v -0.040421195328235626 -0.07703875750303268 -0.000289677525870502
v -0.040081799030303955 -0.08962961286306381 -0.00021561032917816192
v -0.04659159481525421 0.060446836054325104 -0.00015850269119255245
v -0.046591632068157196 0.060446836054325104 0.0003734404454007745
v -0.042377009987831116 0.06176754832267761 0.00037334742955863476
v -0.04293379187583923 0.024001631885766983 -0.00018041569273918867
v -0.042376965284347534 0.061767563223838806 -0.00015861570136621594
v -0.04262813925743103 -0.037700898945331573 0.0004129000590182841
v -0.04293379187583923 0.02400161698460579 0.0004500578506849706
v -0.04262813925743103 -0.037700898945331573 -0.00021757278591394424
v -0.04249170422554016 -0.08224629610776901 0.000226780932280235
v -0.04249170422554016 -0.08224629610776901 -0.00040368945337831974
v -0.04143383353948593 -0.09024270623922348 -0.00008440023520961404
v -0.04142307490110397 -0.08944445103406906 0.00021818549430463463
v -0.040162742137908936 -0.09024270623922348 0.0000931836839299649
v -0.03983519226312637 -0.09023532271385193 -0.00009324023267254233
v -0.02385571599006653 -0.09023532271385193 -0.013207840733230114
v -0.03979647904634476 -0.09023532271385193 0.0003292508190497756
v -0.039893195033073425 -0.09023532271385193 0.00009950542880687863
v -0.02385571412742138 -0.09023532271385193 0.012978893704712391
v -0.024022728204727173 -0.08543688803911209 -0.013159527443349361
v -0.024022718891501427 -0.0854368507862091 0.012924845330417156
v -0.04749157279729843 -0.08849675208330154 -0.0009875873802229762
v -0.04749157279729843 -0.08849675208330154 -0.0009875873802229762
v -0.046726249158382416 -0.08800666779279709 -0.0005596311530098319
v -0.04672625660896301 -0.08800666779279709 -0.0010915769962593913
v -0.04142308235168457 -0.08944445103406906 -0.0003137777675874531
v -0.03986310958862305 -0.08974895626306534 -0.00005900280666537583
v -0.023884525522589684 -0.08932165801525116 -0.013171764090657234
v -0.03991711139678955 -0.0893927589058876 0.00010121690866071731
v -0.023884521797299385 -0.08932165801525116 0.012937067076563835
v -0.03982872515916824 -0.08932193368673325 0.00030739925568923354
v -0.03982872515916824 -0.08932193368673325 0.00030739925568923354
v 0.00007115246262401342 0.06329366564750671 0.00005314948793966323
v -0.02611452341079712 0.06332023441791534 0.00011540892592165619
v -0.04118473082780838 0.06334679573774338 0.00011495579383336008
v -0.04247917979955673 0.06334679573774338 0.00011508745956234634
v -0.047274135053157806 0.06163249909877777 0.00011554018419701606
v -0.048676639795303345 0.02400161698460579 0.0002898231032304466
v -0.04866912215948105 -0.037700898945331573 0.00003071425453526899
v -0.048663318157196045 -0.07648993283510208 -0.0008196013513952494
v -0.04007575660943985 -0.0850987657904625 -0.00009354490612167865
v -0.04015208035707474 -0.08539135754108429 0.00008784650708548725
v -0.04005400091409683 -0.08543839305639267 0.0003005965263582766
v -0.04005400091409683 -0.08543839305639267 0.0003005965263582766
v 0.00001587235601618886 -0.0854317769408226 -0.0174558088183403
v -0.026143226772546768 0.04922459274530411 0.0016456141602247953
v -0.0477156788110733 0.04844307899475098 -0.00015937934222165495
v -0.0477156788110733 0.04844307899475098 0.0003725631395354867
v -0.048672474920749664 0.048563070595264435 0.00011167880438733846
v -0.04093264043331146 0.04917401820421219 -0.0002225787320639938
v -0.02611701563000679 0.049224853515625 -0.0014602416194975376
v -0.04286911338567734 0.052237026393413544 0.0004203306743875146
v -0.04286910593509674 0.052237026393413544 -0.00021013946388848126
v -0.04093264043331146 0.04917401820421219 0.00043277005897834897
v -0.04421147704124451 -0.0892973467707634 -0.00041090173181146383
v -0.04764581471681595 -0.08633285760879517 -0.0005595763796009123
v -0.04853547364473343 -0.08658650517463684 -0.0009873374365270138
v -0.04764581471681595 -0.08633287996053696 -0.001091519370675087
v -0.04461541026830673 -0.08997488766908646 -0.0008164366008713841
v -0.0442114919424057 -0.0892973467707634 -0.0009428540943190455
v -0.044701412320137024 0.06172653287649155 0.0003734080237336457
v -0.04764391481876373 0.0578155443072319 0.00037328695179894567
v -0.04847633093595505 0.058645009994506836 0.00011486784205771983
v -0.04764391481876373 0.0578155592083931 -0.00015865454042796046
v -0.04511740803718567 0.06309602409601212 0.00011537854152265936
v -0.04470127820968628 0.06172655522823334 -0.00015854382945690304
v 0.025355493649840355 0.024197030812501907 0.007978248409926891
v 0.02357628382742405 -0.03735242038965225 0.013282365165650845
v -0.00007848226232454181 0.02439163625240326 0.01419217698276043
v 0.048668526113033295 -0.03719807788729668 -0.0007086656987667084
v 0.047611504793167114 -0.03727664053440094 -0.00019395689014345407
v 0.04766573756933212 0.02400161698460579 -0.00038951775059103966
v 0.04867636412382126 0.02400161698460579 -0.0008003631955944002
v 0.02524157054722309 0.06157398223876953 -0.00008671690738992766
v 0.02528654783964157 0.049224548041820526 0.0016508549451828003
v 0.00004777032881975174 0.04927486181259155 0.009452277794480324
v 0.00007086602272465825 0.06156403571367264 0.008761877194046974
v 0.04859139770269394 -0.07648994028568268 -0.0021554522681981325
v 0.04764188081026077 -0.07645624130964279 -0.001555964001454413
v 0.023407073691487312 -0.0888562723994255 -0.014004304073750973
v 0.023580534383654594 -0.037205539643764496 -0.012127896770834923
v -0.00010243436554446816 -0.03705698251724243 -0.016064319759607315
v 0.0000172015861608088 -0.08870770782232285 -0.017631541937589645
v 0.025273874402046204 0.06332024931907654 -0.0004367443616501987
v 0.04126919060945511 0.06334679573774338 0.0001149501622421667
v 0.041213057935237885 0.061583928763866425 0.0003733247867785394
v 0.041194163262844086 0.024001631885766983 0.0005174233810976148
v 0.04089774191379547 -0.037696532905101776 0.0005354047752916813
v 0.02530043199658394 0.02419835329055786 -0.009047593921422958
v 0.04089783877134323 -0.03769472986459732 -0.0003252045717090368
v 0.04119417071342468 0.02400161698460579 -0.00030723068630322814
v 0.02340281754732132 -0.08900316059589386 0.013788239099085331
v 0.040770165622234344 -0.07703832536935806 0.0005354048334993422
v 0.040490955114364624 -0.08962954580783844 0.00044831959530711174
v 0.02524152584373951 0.06157398223876953 -0.0006269302102737129
v 0.025272952392697334 0.04922482371330261 -0.0019174597691744566
v 0.04102020710706711 0.04917401820421219 -0.00022813011310063303
v 0.04121304303407669 0.061583928763866425 -0.0001586560974828899
v 0.04049103707075119 -0.08962833136320114 -0.00024182055494748056
v 0.04077063500881195 -0.07703038305044174 -0.00032520381500944495
v -0.000023333472199738026 0.024393759667873383 -0.01343541033565998
v 0.04306384176015854 0.024001631885766983 -0.00035075691994279623
v 0.04766573756933212 0.02400161698460579 -0.0009214602177962661
v 0.04261825233697891 0.06334679573774338 0.00011508745956234634
v 0.04251608997583389 0.06176754832267761 0.00037334742955863476
v 0.04306384176015854 0.024001631885766983 0.0002797155175358057
v 0.042806729674339294 -0.03762233629822731 0.00031682924600318074
v 0.042806729674339294 -0.03762233629822731 -0.0004381659673526883
v 0.042795561254024506 -0.0822601318359375 -0.00006469078653026372
v 0.042995303869247437 0.052237026393413544 -0.0002218270383309573
v 0.04251604527235031 0.06176754832267761 -0.00015861570136621594
v 0.0427955687046051 -0.0822601392865181 -0.0006951600080356002
v 0.04102020710706711 0.04917401820421219 0.00043832091614603996
v 0.04187978059053421 -0.09024270623922348 -0.00033177994191646576
v 0.04060869663953781 -0.09024270623922348 0.00009318385855294764
v 0.041869036853313446 -0.08944445103406906 -0.0000034257391234859824
v 0.023343103006482124 -0.09023532271385193 -0.013846443966031075
v 0.040189094841480255 -0.09023532271385193 -0.00015712124877609313
v 0.0403391495347023 -0.09023532271385193 0.00009950560342986137
v 0.040189094841480255 -0.09023532271385193 0.0003647782141342759
v 0.023343103006482124 -0.09023532271385193 0.0136174988001585
v 0.00001716578844934702 -0.08890474587678909 0.017229609191417694
v 0.023370590060949326 -0.08932165801525116 -0.013810367323458195
v 0.040221281349658966 -0.08932193368673325 -0.00013449174002744257
v 0.04036734253168106 -0.08932193368673325 0.00010121747618541121
v 0.040221281349658966 -0.08932193368673325 0.0003429267671890557
v 0.023370595648884773 -0.08932165056467056 0.013575674034655094
v 0.000017075275536626577 -0.08932068198919296 0.016985636204481125
v 0.042995333671569824 0.052237026393413544 0.0004086429253220558
v 0.045256488025188446 0.06309602409601212 0.00011537858517840505
v 0.04739208519458771 0.061632513999938965 0.00011554018419701606
v 0.04671178013086319 0.060446836054325104 0.00037344038719311357
v 0.0448404997587204 0.06172655522823334 0.0003734080237336457
v 0.04761151224374771 -0.03727664425969124 -0.0012737968936562538
v 0.04773463308811188 0.04844307154417038 -0.0003319552051834762
v 0.04768257588148117 0.0578155592083931 -0.0001586545695317909
v 0.04764188081026077 -0.07645625621080399 -0.0020879055373370647
v 0.04485362768173218 -0.09002111852169037 -0.002152287168428302
v 0.04447133094072342 -0.0893387719988823 -0.0015766797587275505
v 0.048076607286930084 -0.08663274347782135 -0.002570569049566984
v 0.046880804002285004 -0.08870019763708115 -0.00257081794552505
v 0.04625152796506882 -0.08818313479423523 -0.0019470215775072575
v 0.04729902744293213 -0.08637428283691406 -0.0019469659309834242
v 0.04186902940273285 -0.08944445103406906 -0.0005353887681849301
v 0.044471338391304016 -0.0893387719988823 -0.0021086318884044886
v 0.00006038369610905647 0.04927530884742737 -0.010347846895456314
v 0.00001735682599246502 -0.09023532271385193 -0.01750025898218155
v 0.000017073645722121 -0.08932071179151535 -0.01746954768896103
v 0.023503195494413376 -0.08543688803911209 -0.013798132538795471
v 0.040446244180202484 -0.08543839305639267 -0.00012728304136544466
v 0.040592364966869354 -0.08543839305639267 0.00010211006156168878
v 0.04044625163078308 -0.08543839305639267 0.0003361239214427769
v 0.023503189906477928 -0.08543684333562851 0.013563452288508415
v 0.00001587317092344165 -0.08543160557746887 0.016971934586763382
v 0.04484035074710846 0.06172655522823334 -0.0001585436548339203
v 0.0467117503285408 0.060446836054325104 -0.00015850199270062149
v 0.048671334981918335 0.048563070595264435 -0.00009285560372518376
v 0.048500366508960724 0.058645009994506836 0.00011486717266961932
v 0.04729902744293213 -0.08637429773807526 -0.0024789078161120415
v 0.04625152796506882 -0.08818313479423523 -0.0024789648596197367
v 0.04773463308811188 0.04844307899475098 0.00019998733478132635
v 0.04768257588148117 0.0578155592083931 0.00037328683538362384
v -0.0382927805185318 0.061583928763866425 0.0003732597688212991
v -0.0382927805185318 0.061583928763866425 -0.00015872153744567186
v -0.03793128579854965 -0.037631645798683167 0.003136917483061552
v -0.03826058655977249 0.024001602083444595 0.0019578798674046993
v -0.03826059401035309 0.024001821875572205 -0.0016828587977215648
v -0.037932515144348145 -0.03760301321744919 -0.002624146407470107
v -0.03734485059976578 -0.08928237855434418 0.0029859300702810287
v -0.03734642267227173 -0.0892537459731102 -0.0028457248117774725
v -0.03724442422389984 -0.09023532271385193 -0.0026975360233336687
v -0.037269316613674164 -0.09023532271385193 0.0028209369629621506
v -0.03729180991649628 -0.08932354301214218 -0.002661829348653555
v -0.03731562942266464 -0.08932193368673325 0.002783438190817833
v -0.038345128297805786 0.06334679573774338 0.00011466312571428716
v -0.03753114491701126 -0.08543999493122101 -0.0026345173828303814
v -0.03752996027469635 -0.08543839305639267 0.0027727768756449223
v -0.03811030089855194 0.04917405545711517 -0.00048732879804447293
v -0.038110293447971344 0.04917401820421219 0.0006927503272891045
v 0.03803329914808273 0.06334677338600159 -0.000006591035344172269
v 0.03798156976699829 0.061583906412124634 0.0002709801192395389
v 0.037964753806591034 0.024001572281122208 0.002164828358218074
v 0.03769703209400177 -0.03762052580714226 0.003173574572429061
v 0.03769844025373459 -0.03758728504180908 -0.0027938340790569782
v 0.03796476870775223 0.024001792073249817 -0.0022266877349466085
v 0.037350237369537354 -0.08927125483751297 0.003279315074905753
v 0.037803977727890015 0.04917405545711517 -0.0006038321298547089
v 0.037981562316417694 0.061583928763866425 -0.00026100093964487314
v 0.03735164552927017 -0.08923801779747009 -0.0031418949365615845
v 0.03735164552927017 -0.08923801779747009 -0.0031418949365615845
v 0.037803977727890015 0.04917401820421219 0.0007152099860832095
v 0.037274859845638275 -0.09023532271385193 -0.0029768983367830515
v 0.037274859845638275 -0.09023532271385193 0.003114320570603013
v 0.03732055425643921 -0.08932193368673325 -0.0029393990989774466
v 0.0373205691576004 -0.08932193368673325 0.0030768217984586954
v 0.03753232955932617 -0.08543839305639267 -0.0029287373181432486
v 0.03753232955932617 -0.08543839305639267 -0.0029287373181432486
v 0.03753232955932617 -0.08543839305639267 0.0030661604832857847
v -0.03998321294784546 -0.08748502284288406 -0.0000722850309102796
v -0.03998321294784546 -0.08748502284288406 -0.0000722850309102796
v -0.03967735171318054 -0.08967972546815872 -0.00021078917779959738
v -0.039609216153621674 -0.09023112058639526 -0.00025061352062039077
v -0.03916510194540024 -0.08448544144630432 -0.0009052578243426979
v -0.036611407995224 -0.08448544144630432 -0.0035195874515920877
v -0.024208050221204758 -0.08418230712413788 -0.012514935806393623
v 0.00001526350388303399 -0.08382180333137512 -0.016764838248491287
v 0.023710472509264946 -0.08416026085615158 -0.01310866978019476
v 0.036566369235515594 -0.08447866886854172 -0.0038348694797605276
v 0.039459340274333954 -0.08447866886854172 -0.0009964423952624202
v 0.039459340274333954 -0.08447866886854172 -0.0009964423952624202
v 0.037643954157829285 -0.08402370661497116 -0.000214338768273592
v 0.039459340274333954 -0.08447866886854172 0.0010130353039130569
v 0.036566361784935 -0.08447866886854172 0.0037752080243080854
v 0.02371044270694256 -0.084160216152668 0.012227782048285007
v 0.000015265075489878654 -0.08382163196802139 0.015497433952987194
v -0.02420802228152752 -0.0841822549700737 0.01163567416369915
v -0.0366114005446434 -0.08448543399572372 0.003460424952208996
v -0.03916509449481964 -0.08448544144630432 0.0009223506203852594
v -0.037458136677742004 -0.08406956493854523 -0.00021345849381759763
v -0.023764511570334435 -0.08102457970380783 -0.0006872084923088551
v 0.000012493808753788471 -0.07842136919498444 -0.0007897138129919767
v 0.023256106302142143 -0.08080030232667923 -0.0006890454096719623
v 0.023606250062584877 -0.0820765569806099 0.006174482870846987
v 0.000013572163879871368 -0.08028522878885269 0.007087580859661102
v -0.024087468162178993 -0.0822201520204544 0.005807759705930948
v -0.024087490513920784 -0.0822201743721962 -0.008957168087363243
v 0.000013561977539211512 -0.08028534054756165 -0.01182178407907486
v 0.02360626496374607 -0.08207658678293228 -0.00933145172894001
v -0.024530643597245216 -0.007281648926436901 0.01251830905675888
v -0.04763668775558472 -0.00728145707398653 0.000668664404656738
v -0.04763668775558472 -0.00728145707398653 0.0012006068136543036
v -0.041065216064453125 -0.00728145707398653 0.0004998740623705089
v -0.04106520861387253 -0.00728145707398653 -0.00028967857360839844
v -0.024530654773116112 -0.0072809914126992226 -0.009497509337961674
v -0.04290858656167984 -0.00728145707398653 0.0005746411625295877
v -0.04290858656167984 -0.00728145707398653 -0.00005583087477134541
v -0.0486760213971138 -0.00728145707398653 0.001076278742402792
v 0.023713594302535057 -0.007281742058694363 0.012160121463239193
v -0.00012906675692647696 -0.007282225415110588 0.016978807747364044
v 0.04766242951154709 -0.006857200525701046 0.00015574214921798557
v 0.048676565289497375 -0.006778635084629059 -0.00028660151292569935
v 0.041172564029693604 -0.00728145707398653 0.0005354019231162965
v 0.0237136147916317 -0.007281046360731125 -0.011291365139186382
v 0.041172564029693604 -0.00728145707398653 -0.00032520596869289875
v 0.04304520785808563 -0.007202887907624245 0.0003811490023508668
v 0.043045200407505035 -0.007202887907624245 -0.00037384568713605404
v 0.04766242206096649 -0.006857200525701046 -0.000924097141250968
v -0.0001290656509809196 -0.007281207479536533 -0.014749291352927685
v -0.038233064115047455 -0.00728145707398653 0.0028574380557984114
v -0.038233064115047455 -0.007281349040567875 -0.002079370664432645
v 0.03794514387845993 -0.007281479425728321 0.002924279309809208
v 0.03794515132904053 -0.007281358353793621 -0.002635313430801034
v -0.037637174129486084 -0.07675282657146454 0.0030459275003522635
v -0.024139635264873505 -0.0756307914853096 0.013264728710055351
v -0.0000055756536312401295 -0.07509125024080276 0.017168942838907242
v 0.023577921092510223 -0.0755242332816124 0.013689940795302391
v 0.037597768008708954 -0.07670387625694275 0.0032908141147345304
v 0.037603966891765594 -0.07655763626098633 -0.0031091163400560617
v 0.037603966891765594 -0.07655763626098633 -0.0031091163400560617
v 0.02359662763774395 -0.07487794011831284 -0.013690291903913021
v -0.000005421403329819441 -0.07422428578138351 -0.017371483147144318
v -0.024157525971531868 -0.07502856850624084 -0.013181954622268677
v -0.037642598152160645 -0.07662682980298996 -0.0028453394770622253
v -0.024630077183246613 0.005023175850510597 0.011101809330284595
v -0.04764460772275925 0.004839910194277763 0.0006731260800734162
v -0.04764460772275925 0.004839910194277763 0.0012050687801092863
v -0.04110976308584213 0.004839928820729256 0.0004998741787858307
v -0.04294700175523758 0.004839928820729256 0.0005752911092713475
v -0.048676975071430206 0.004839910194277763 0.0010846334043890238
v -0.00013753463281318545 0.0052061863243579865 0.016083918511867523
v 0.0237916000187397 0.005023617297410965 -0.010942271910607815
v 0.041213661432266235 0.004839910194277763 -0.0003252067253924906
v 0.04308067262172699 0.004839910194277763 -0.00024209709954448044
v -0.03827466070652008 0.004839900881052017 0.002565234899520874
v 0.03798288106918335 0.004839971661567688 -0.002582185436040163
v -0.04110976308584213 0.0048399195075035095 -0.00028967985417693853
v -0.024609077721834183 0.0050236526876688 -0.008556477725505829
v -0.042947009205818176 0.004839928820729256 -0.00005518251418834552
v 0.02380206063389778 0.005023114383220673 0.011156715452671051
v 0.047669313848018646 0.004839928820729256 0.00019572167366277426
v 0.04867691546678543 0.0048399195075035095 -0.0001116290659410879
v 0.04121365398168564 0.004839928820729256 0.0005354017484933138
v 0.043080657720565796 0.0048399195075035095 0.0003883750759996474
v 0.047669313848018646 0.0048399195075035095 -0.00033622048795223236
v -0.00012700323713943362 0.0052069369703531265 -0.01406609546393156
v -0.03827466070652008 0.004839980974793434 -0.0018922117305919528
v 0.03798288106918335 0.004839900881052017 0.0027247050311416388
v -0.04087749868631363 -0.020023537799715996 -0.0002896785154007375
v -0.024417702108621597 -0.02002342976629734 -0.010799653828144073
v -0.042746610939502716 -0.020023534074425697 -0.00010574425687082112
v 0.023608373478055 -0.020023593679070473 0.012959158048033714
v 0.04763081669807434 -0.018156811594963074 -0.0005647721118293703
v 0.04867406189441681 -0.017811115831136703 -0.0015673537272959948
v 0.040988385677337646 -0.020023537799715996 0.0005354026798158884
v 0.04288623481988907 -0.01967785134911537 0.00024791830219328403
v 0.04763081669807434 -0.018156811594963074 -0.003507461166009307
v -0.00012647395487874746 -0.020023483783006668 -0.015498491004109383
v -0.03805815428495407 -0.020023515447974205 -0.002353537827730179
v 0.03777556121349335 -0.020023537799715996 0.0031014494597911835
v -0.024417705833911896 -0.02002357691526413 0.013535051606595516
v -0.04760327935218811 -0.020023547112941742 0.0003980657202191651
v -0.04760327935218811 -0.020023541525006294 0.0009300090023316443
v -0.04087749868631363 -0.02002352848649025 0.0004998752847313881
v -0.04274662584066391 -0.020023534074425697 0.0005247293738648295
v -0.04867199808359146 -0.020023547112941742 0.0007521355873905122
v -0.00012647593393921852 -0.020023707300424576 0.017468377947807312
v 0.023608373478055 -0.02002345211803913 -0.011622508987784386
v 0.04098837822675705 -0.020023534074425697 -0.00032520515378564596
v 0.042886242270469666 -0.01967785134911537 -0.0009304509731009603
v -0.03805816173553467 -0.02002352848649025 0.0030840872786939144
v 0.03777556121349335 -0.020023515447974205 -0.0026887981221079826
v 0.011333669535815716 0.049396492540836334 0.003935842774808407
v 0.01031889021396637 0.06205631047487259 0.001729607000015676
v 0.01031889021396637 0.06205631047487259 0.001729607000015676
v 0.01209062710404396 0.06320340186357498 -0.00009950953244697303
v 0.010319027118384838 0.06205633282661438 -0.0018590360414236784
v 0.010319027118384838 0.06205633282661438 -0.0018590360414236784
v 0.011273818090558052 0.04939690977334976 -0.0040434496477246284
v -0.011387106031179428 0.04939691722393036 -0.003746652277186513
v -0.010315168648958206 0.06205633282661438 -0.001702833571471274
v -0.010315168648958206 0.06205633282661438 -0.001702833571471274
v -0.01215267926454544 0.06320340186357498 0.00012282129318919033
v -0.010315285995602608 0.062056295573711395 0.0018843818688765168
v -0.010315285995602608 0.062056295573711395 0.0018843818688765168
v -0.011502456851303577 0.04939652979373932 0.003901134245097637
v 0.00007013918366283178 0.06329368054866791 0.007034052163362503
v 0.00703633576631546 0.06321854144334793 0.0029121956322342157
v 0.007815980352461338 0.06320338696241379 0.000011776850442402065
v 0.007037315517663956 0.06321854144334793 -0.002955629490315914
v 0.00007229781476780772 0.06329368054866791 -0.007459593936800957
v -0.006888898089528084 0.06321855634450912 -0.0028654769994318485
v -0.007667446509003639 0.06320340186357498 0.00011258649465162307
v -0.006889675743877888 0.06321854144334793 0.003001300385221839
v -0.014019819907844067 0.02849188819527626 0.00973297655582428
v 0.0134885273873806 0.028491709381341934 0.010016029700636864
v 0.013287168927490711 0.02849353477358818 -0.010565373115241528
v -0.013617678545415401 0.028493627905845642 -0.009305911138653755
v -0.01308397576212883 -0.0014797467738389969 0.015382477082312107
v -0.04856283962726593 -0.026378639042377472 0.000596474448684603
v -0.00491403928026557 0.05732861906290054 0.00711231492459774
v -0.04857040196657181 0.03699423000216484 0.0002770820865407586
v -0.048556357622146606 -0.057614728808403015 -0.000271171098574996
v -0.012884172610938549 -0.055838607251644135 -0.015754587948322296
v -0.033242180943489075 0.063168004155159 0.00026459229411557317
v -0.03279676288366318 -0.026359591633081436 0.008286173455417156
v -0.03307907283306122 0.01324605941772461 -0.004795587621629238
v -0.032630555331707 -0.0570816695690155 0.008152790367603302
v -0.03310772776603699 0.05724288523197174 -0.0002806684351526201
v -0.032639987766742706 -0.05683675408363342 -0.007525335066020489
v -0.041679397225379944 0.0631723403930664 0.0002647739602252841
v -0.04137156903743744 -0.026378603652119637 0.0004339318838901818
v -0.041676707565784454 0.013197805732488632 -0.0002085192099912092
v -0.04115614295005798 -0.057739827781915665 0.0004198540700599551
v -0.04150441288948059 0.05732502043247223 -0.00020512138144113123
v -0.041156165301799774 -0.057739440351724625 -0.0002265383955091238
v -0.040389180183410645 0.0572403222322464 0.000421671022195369
v -0.0405815988779068 -0.09015850722789764 0.00022839145094621927
v -0.0321640819311142 -0.0901259258389473 -0.007831349968910217
v -0.03995686024427414 -0.09023480862379074 0.00022362069285009056
v -0.03940989822149277 -0.09015538543462753 0.0007860625628381968
v -0.012632794678211212 -0.0901116281747818 0.016137707978487015
v -0.03215036541223526 -0.09013102203607559 -0.0077149211429059505
v -0.039870090782642365 -0.09015411883592606 0.000017047183064278215
v -0.039367564022541046 -0.0901310071349144 0.0006883032037876546
v -0.012623571790754795 -0.09013092517852783 0.015987124294042587
v -0.04150441288948059 0.05732502043247223 0.00041576207149773836
v -0.046261973679065704 0.062392719089984894 0.00026513816555961967
v -0.04520442336797714 -0.026378629729151726 0.0005952622159384191
v -0.045364417135715485 0.013197805732488632 0.00009717314969748259
v -0.04532298445701599 0.03701186180114746 0.0004249310586601496
v -0.045123979449272156 -0.057682666927576065 0.00015297321078833193
v -0.04638449102640152 0.05387204885482788 -0.00020100649271626025
v -0.045123979449272156 -0.05768267437815666 -0.0004676354001276195
v -0.042870648205280304 -0.09015215188264847 -0.00028343312442302704
v -0.042870648205280304 -0.09015215188264847 -0.00028343312442302704
v -0.04074021428823471 -0.08664915710687637 0.0004103456740267575
v -0.042424142360687256 -0.08827371150255203 0.00005171589145902544
v -0.04813527315855026 -0.08753042668104172 -0.0008114062948152423
v -0.04813527315855026 -0.08753042668104172 -0.0008114062948152423
v -0.04242415726184845 -0.08827371150255203 -0.0005612399545498192
v -0.0407402440905571 -0.08664876967668533 -0.00022554692986886948
v -0.03995747119188309 -0.09023480862379074 -0.000023319378669839352
v -0.04058161377906799 -0.09015849977731705 -0.0000766115917940624
v -0.0428706556558609 -0.09015215188264847 -0.0005888152518309653
v -0.039865970611572266 -0.0901317223906517 0.00019050967239309102
v -0.004319142550230026 0.06325939297676086 0.0032769155222922564
v -0.01307862438261509 -0.0014790575951337814 -0.01239871233701706
v -0.01287572830915451 -0.0563938282430172 0.016557537019252777
v -0.00490608112886548 0.05732867121696472 -0.007111843675374985
v -0.012633066624403 -0.0900937169790268 -0.016493670642375946
v -0.012623575516045094 -0.09013091772794724 -0.016394518315792084
v -0.03228708356618881 -0.08737754821777344 -0.0077076382003724575
v -0.040123291313648224 -0.0856989249587059 -0.00001660036650719121
v -0.039529427886009216 -0.08737721294164658 0.0006842462462373078
v -0.012676331214606762 -0.08737438172101974 0.015979204326868057
v -0.0400274321436882 -0.08739382773637772 0.00018959383305627853
v -0.012676333077251911 -0.08737444877624512 -0.016388360410928726
v -0.004318112973123789 0.06325941532850266 -0.003161781467497349
v -0.033242180943489075 0.063168004155159 -0.00004125926352571696
v -0.041679397225379944 0.0631723403930664 -0.00004061765139340423
v -0.04626191407442093 0.062392719089984894 -0.000040237486246041954
v -0.048575758934020996 0.05528014898300171 -0.00004115313640795648
v -0.04857420176267624 0.013197805732488632 0.0005413689068518579
v -0.048556357622146606 -0.057614728808403015 -0.0005765435635112226
v -0.048135265707969666 -0.08753043413162231 -0.001116779982112348
v -0.006713550072163343 0.03729482367634773 0.010199046693742275
v -0.03313484042882919 0.037062615156173706 -0.0026174660306423903
v -0.04154902696609497 0.03709530830383301 -0.00021382627892307937
v -0.04037383943796158 0.03705652058124542 0.0006139545002952218
v -0.04154902696609497 0.037095315754413605 0.00042461330303922296
v -0.04532298445701599 0.03701186180114746 -0.0001956779306055978
v -0.01943471096456051 0.03729090467095375 -0.005230342503637075
v -0.048570409417152405 0.03699423000216484 -0.000028290440241107717
v -0.048575758934020996 0.05528014898300171 0.00026421924121677876
v -0.04484733194112778 0.059101372957229614 0.0004119902732782066
v -0.045985884964466095 -0.08653432875871658 -0.0003034688998013735
v -0.04465360939502716 -0.087733194231987 -0.0002853834303095937
v -0.046248018741607666 -0.08392485231161118 -0.0002816499909386039
v -0.04856710135936737 -0.08475589752197266 -0.0007938697235658765
v -0.04856710135936737 -0.08475589752197266 -0.0007938697235658765
v -0.04856710135936737 -0.08475590497255325 -0.0010992425959557295
v -0.04624802619218826 -0.08392486721277237 -0.0008945928420871496
v -0.045985884964466095 -0.08653433620929718 -0.0009164129151031375
v -0.0461801141500473 -0.08930239826440811 -0.000792805221863091
v -0.0461801141500473 -0.08930239826440811 -0.000792805221863091
v -0.046180129051208496 -0.08930239826440811 -0.001098182168789208
v -0.044653624296188354 -0.087733194231987 -0.0008983317529782653
v -0.04638449102640152 0.05387204885482788 0.0004119358491152525
v -0.04311264306306839 0.059573158621788025 0.00041198183316737413
v -0.04599056392908096 0.05772308260202408 0.0004119774093851447
v -0.047940194606781006 0.060405805706977844 0.00026495219208300114
v -0.04794018715620041 0.060405805706977844 -0.00004041994907311164
v -0.045990556478500366 0.05772308260202408 -0.00020096458320040256
v -0.044847242534160614 0.059101372957229614 -0.00020095647778362036
v -0.04370499402284622 0.06319525837898254 0.0002649170346558094
v -0.04370492696762085 0.06319527328014374 -0.000040465085476171225
v -0.04311254620552063 0.059573158621788025 -0.00020097388187423348
v 0.013223158195614815 0.015286244451999664 0.013371863402426243
v 0.048566192388534546 -0.02484423853456974 -0.0006030864897184074
v 0.048566192388534546 -0.02484423853456974 -0.0006030864897184074
v 0.005030938424170017 0.05732861906290054 0.007082194555550814
v 0.0485716313123703 0.03699423000216484 -0.0003657933557406068
v 0.048553891479969025 -0.05756523832678795 -0.0010880945483222604
v 0.048553891479969025 -0.05756523832678795 -0.0010880945483222604
v 0.012521789409220219 -0.05576968565583229 -0.015895962715148926
v 0.032559238374233246 0.063168004155159 -0.00010717666009441018
v 0.032152868807315826 -0.02635756880044937 0.00792726781219244
v 0.03241545706987381 0.013246014714241028 -0.00649551535025239
v 0.03212732821702957 -0.05701877176761627 0.008208315819501877
v 0.03242828696966171 0.05724287033081055 -0.0004943179083056748
v 0.03213740140199661 -0.056747857481241226 -0.007777884136885405
v 0.04181300103664398 0.06317232549190521 0.0002647735527716577
v 0.04153480380773544 -0.026354234665632248 0.00041905714897438884
v 0.04182594269514084 0.013197805732488632 -0.00023137885727919638
v 0.04145321249961853 -0.057738784700632095 0.0004098460194654763
v 0.04163814336061478 0.05732502043247223 -0.0002052812633337453
v 0.041453249752521515 -0.057738225907087326 -0.0002448967134114355
v 0.040339015424251556 0.0572403222322464 0.00041750044329091907
v 0.04102712124586105 -0.09015849977731705 0.00020419539941940457
v 0.04102712124586105 -0.09015849977731705 0.00020419539941940457
v 0.03180711716413498 -0.09012304246425629 -0.00836687721312046
v 0.04039771854877472 -0.09023480862379074 0.00022701358830090612
v 0.0396701917052269 -0.09015492349863052 0.0009097441215999424
v 0.012415144592523575 -0.09011005610227585 0.016552451997995377
v 0.03179645538330078 -0.0901310071349144 -0.008247707970440388
v 0.04030662775039673 -0.0901310071349144 0.00000982690107775852
v 0.03962758928537369 -0.0901310071349144 0.0008121443097479641
v 0.012405877001583576 -0.09013092517852783 0.01640186831355095
v 0.041638150811195374 0.05732502043247223 0.00041571323527023196
v 0.046398960053920746 0.062392719089984894 0.00026513816555961967
v 0.045290425419807434 -0.02559925615787506 0.0000055689888540655375
v 0.04544299095869064 0.013197805732488632 -0.000522454094607383
v 0.04539594054222107 0.03701186180114746 0.00009860610589385033
v 0.04527118057012558 -0.057657692581415176 -0.00026826857356354594
v 0.046433478593826294 0.05387204885482788 -0.0002188047074014321
v 0.04527118057012558 -0.057657692581415176 -0.0009274790645577013
v 0.04329604655504227 -0.09015672653913498 -0.0010662870481610298
v 0.04329604655504227 -0.09015672653913498 -0.0010662870481610298
v 0.04117569327354431 -0.08664889633655548 0.0003952110419049859
v 0.04284454137086868 -0.08827904611825943 -0.0004883506917394698
v 0.04750015586614609 -0.0876721739768982 -0.002377115422859788
v 0.04750015586614609 -0.0876721739768982 -0.002377115422859788
v 0.04284454882144928 -0.08827904611825943 -0.0011013058247044683
v 0.0411757230758667 -0.08664834499359131 -0.0002474841312505305
v 0.040397725999355316 -0.09023479372262955 -0.000027774243790190667
v 0.04102712869644165 -0.09015849232673645 -0.00010139356163563207
v 0.043296054005622864 -0.09015672653913498 -0.0013716691173613071
v 0.040306635200977325 -0.0901310071349144 0.0001940627844305709
v 0.004462798126041889 0.06325939297676086 0.0032197104301303625
v 0.013126309961080551 0.015287801623344421 -0.013270873576402664
v 0.012512984685599804 -0.05634506791830063 0.016508236527442932
v 0.005026193335652351 0.05732865631580353 -0.007159859873354435
v 0.012415429577231407 -0.09009148925542831 -0.016908414661884308
v 0.012405874207615852 -0.09013092517852783 -0.016809258610010147
v 0.0319264754652977 -0.08737712353467941 -0.008242660202085972
v 0.04046899825334549 -0.08737721294164658 0.000012129261449445039
v 0.03978869318962097 -0.08737721294164658 0.0008080873521976173
v 0.012455887161195278 -0.08737438172101974 0.01639394462108612
v 0.04046899825334549 -0.08737721294164658 0.00019332235387992114
v 0.01245588343590498 -0.08737444877624512 -0.016803104430437088
v 0.004463890567421913 0.06325941532850266 -0.003219391219317913
v 0.03255924582481384 0.063168004155159 -0.0004130452871322632
v 0.04181300103664398 0.06317232549190521 -0.00004061803701915778
v 0.04639888554811478 0.062392719089984894 -0.00004023715518997051
v 0.04858012497425079 0.05528014898300171 -0.00006128732638899237
v 0.048576660454273224 0.013197805732488632 -0.0006785231526009738
v 0.048553891479969025 -0.05756523832678795 -0.0014308234676718712
v 0.04750014841556549 -0.08767218887805939 -0.0026824879460036755
v 0.01894707791507244 0.03728969395160675 0.005644225049763918
v 0.03246084600687027 0.037062570452690125 -0.0034223273396492004
v 0.04168929159641266 0.0370953232049942 -0.0002255917788716033
v 0.04033230245113373 0.03705652803182602 0.0006740978569723666
v 0.04168929159641266 0.0370953232049942 0.0004164002020843327
v 0.04539594054222107 0.03701186180114746 -0.0005220025777816772
v 0.006470721215009689 0.03729616105556488 -0.010330675169825554
v 0.0485716238617897 0.03699423000216484 -0.0006711657624691725
v 0.04858012497425079 0.05528014898300171 0.00024408505123574287
v 0.04498384892940521 0.059101372957229614 0.00041180476546287537
v 0.04570307582616806 -0.08662939816713333 -0.001377693610265851
v 0.04465525597333908 -0.08782827109098434 -0.0013325796462595463
v 0.046226345002651215 -0.08393018692731857 -0.0013231190387159586
v 0.048335589468479156 -0.08476047962903976 -0.002334969351068139
v 0.048335589468479156 -0.08476047962903976 -0.002334969351068139
v 0.048335589468479156 -0.08476048707962036 -0.0026403414085507393
v 0.046226345002651215 -0.08393020182847977 -0.001936060725711286
v 0.04570307582616806 -0.08662940561771393 -0.001990635646507144
v 0.045975103974342346 -0.08944414556026459 -0.0023340333718806505
v 0.045975103974342346 -0.08944414556026459 -0.0023340333718806505
v 0.045975103974342346 -0.08944414556026459 -0.002639409154653549
v 0.04465526342391968 -0.08782827109098434 -0.0019455263391137123
v 0.04643348604440689 0.05387202650308609 0.00039413757622241974
v 0.04325146973133087 0.059573180973529816 0.0004117963253520429
v 0.04608367383480072 0.05772308260202408 0.0004117918433621526
v 0.048012346029281616 0.060405805706977844 0.00026495184283703566
v 0.048012346029281616 0.06040582060813904 -0.00004041997090098448
v 0.04608367383480072 0.05772308260202408 -0.0002011496981140226
v 0.04498375207185745 0.059101372957229614 -0.00020114156359340996
v 0.043844074010849 0.06319525837898254 0.0002649170346558094
v 0.04384400695562363 0.06319527328014374 -0.00004046507820021361
v 0.04325137287378311 0.059573158621788025 -0.00020115936058573425
v -0.04055576026439667 0.06317049264907837 0.0002646960783749819
v -0.04049965739250183 0.013197805732488632 0.000821918249130249
v -0.04019763320684433 -0.026376519352197647 -0.0006497023277916014
v -0.03998459875583649 -0.05762549117207527 0.0008993232622742653
v -0.04038918763399124 0.0572403222322464 -0.00021108330111019313
v -0.03998558223247528 -0.057606328278779984 -0.0006758462986908853
v -0.03310798108577728 0.05724287033081055 0.0004901171778328717
v -0.03948640078306198 -0.0901859700679779 -0.00047542195534333587
v -0.03948640078306198 -0.0901859700679779 -0.00047542195534333587
v -0.03948640078306198 -0.0901859700679779 -0.00047542195534333587
v -0.032164037227630615 -0.09013381600379944 0.007805683184415102
v -0.0392601415514946 -0.09013605117797852 -0.0005585323669947684
v -0.0392601415514946 -0.09013605117797852 -0.0005585323669947684
v -0.03215377777814865 -0.0901310071349144 0.007684854790568352
v -0.039618656039237976 -0.08739320933818817 -0.00039302388904616237
v -0.039618656039237976 -0.08739320933818817 -0.00039302388904616237
v -0.0322871133685112 -0.08737712353467941 0.007679751142859459
v -0.04055576026439667 0.06317049264907837 -0.00004070207796758041
v -0.040373846888542175 0.03705652803182602 -0.0004043828812427819
v -0.03314290940761566 0.0370621532201767 0.0028069294057786465
v 0.04050452262163162 0.06317047029733658 0.00025275087682530284
v 0.04018024355173111 -0.026376670226454735 0.000998420757241547
v 0.04046671837568283 0.013197813183069229 -0.0007453656871803105
v 0.04010486602783203 -0.05761093646287918 0.0010076981270685792
v 0.04033900797367096 0.0572403222322464 -0.00021959669538773596
v 0.04010616987943649 -0.05758575350046158 -0.0007905747625045478
v 0.03242845833301544 0.057242847979068756 0.0003084091586060822
v 0.03967023640871048 -0.09015411138534546 -0.0007071529980748892
v 0.03180679678916931 -0.09013178199529648 0.008340713568031788
v 0.03962758183479309 -0.0901310071349144 -0.000609425303991884
v 0.03179646283388138 -0.0901310071349144 0.008219885639846325
v 0.039788685739040375 -0.08737721294164658 -0.000605317996814847
v 0.031926482915878296 -0.08737712353467941 0.008214781992137432
v 0.040504515171051025 0.06317049264907837 -0.00005264729406917468
v 0.040332309901714325 0.03705654293298721 -0.00048321502981707454
v 0.032464899122714996 0.03706204146146774 0.0030227568931877613
v 0.012502272613346577 -0.07963735610246658 -0.00632440997287631
v -0.03999238461256027 -0.08809598535299301 0.000018758539226837456
v -0.03984447568655014 -0.0891735851764679 -0.00011533703946042806
v -0.03974510729312897 -0.0901857390999794 -0.0001459701597923413
v -0.039516791701316833 -0.08462917059659958 -0.0006002475274726748
v -0.039516791701316833 -0.08462917059659958 -0.0006002475274726748
v -0.03243167698383331 -0.08462923765182495 -0.007630093488842249
v -0.01272745244204998 -0.08457924425601959 -0.01629342883825302
v 0.012504477985203266 -0.08457767963409424 -0.016705915331840515
v 0.032072655856609344 -0.08462782949209213 -0.008160029537975788
v 0.03976257145404816 -0.08463206887245178 -0.0007307538180612028
v 0.04041116684675217 -0.08462660759687424 -0.00012381409760564566
v 0.04041116684675217 -0.08462660759687424 -0.00012381409760564566
v 0.04041116684675217 -0.08462660014629364 0.00029177352553233504
v 0.04041116684675217 -0.08462660014629364 0.00029177352553233504
v 0.03976257145404816 -0.08463206887245178 0.0009003740269690752
v 0.03207264095544815 -0.08462782204151154 0.008098091930150986
v 0.03207264095544815 -0.08462782204151154 0.008098091930150986
v 0.012504465878009796 -0.0845775455236435 0.01621926575899124
v 0.012504465878009796 -0.0845775455236435 0.01621926575899124
v -0.01272744033485651 -0.08457911759614944 0.015806894749403
v -0.01272744033485651 -0.08457911759614944 0.015806894749403
v -0.03243165463209152 -0.08462921530008316 0.007568265311419964
v -0.03243165463209152 -0.08462921530008316 0.007568265311419964
v -0.03951621055603027 -0.0846332311630249 0.000770144397392869
v -0.03951621055603027 -0.0846332311630249 0.000770144397392869
v -0.03998901695013046 -0.08462713658809662 0.0002794655738398433
v -0.03998901695013046 -0.08462713658809662 0.0002794655738398433
v -0.039991915225982666 -0.08457926660776138 -0.00011240408639423549
v -0.039991915225982666 -0.08457926660776138 -0.00011240408639423549
v 0.012502272613346577 -0.0796373263001442 0.0037089940160512924
v -0.030066464096307755 -0.08246701955795288 0.0020068399608135223
v -0.030066480860114098 -0.08246702700853348 -0.0036849123425781727
v -0.012728572823107243 -0.0797700360417366 0.0035758139565587044
v -0.012728583998978138 -0.07977006584405899 -0.006187470629811287
v 0.02966282330453396 -0.08228818327188492 -0.0038639698177576065
v 0.02966281957924366 -0.08228818327188492 0.0021808112505823374
v 0.03394343703985214 -0.08402229100465775 0.004663453437387943
v 0.012565975077450275 -0.08252236992120743 0.011731039732694626
v -0.012784004211425781 -0.08257358521223068 0.011395822279155254
v -0.03408849239349365 -0.08406580239534378 0.0043373373337090015
v -0.034088507294654846 -0.08406580239534378 -0.005328002851456404
v -0.012784028425812721 -0.08257367461919785 -0.01419693324714899
v 0.01256598997861147 -0.08252248167991638 -0.014535734429955482
v 0.033943451941013336 -0.08402230590581894 -0.00565716065466404
v -0.012971770018339157 -0.026337409391999245 0.01687753200531006
v -0.04857339709997177 -0.0015288442373275757 0.0013117672642692924
v -0.03302685171365738 -0.0015270430594682693 0.006997952237725258
v -0.032925158739089966 -0.013641617260873318 -0.005844012834131718
v -0.041655004024505615 -0.0015288572758436203 0.00044518272625282407
v -0.04153043031692505 -0.013641845434904099 -0.00020465593843255192
v -0.04535304754972458 -0.0015288442373275757 0.00095554901054129
v -0.04528772085905075 -0.013641845434904099 0.00022452107805293053
v -0.012972036376595497 -0.026319492608308792 -0.01456004474312067
v -0.04856875538825989 -0.013641845434904099 0.0007860766490921378
v 0.012512066401541233 -0.013642259873449802 0.015966441482305527
v 0.04857589304447174 -0.00147935189306736 0.00020164625311736017
v 0.032365962862968445 -0.0015270933508872986 0.0069617703557014465
v 0.03227023780345917 -0.013641643337905407 -0.00686336075887084
v 0.04180707037448883 -0.0015280693769454956 0.00043113500578328967
v 0.041685909032821655 -0.013617484830319881 -0.00027239933842793107
v 0.04543305188417435 -0.001503707841038704 0.00039231101982295513
v 0.04537026584148407 -0.012862466275691986 -0.0017910092137753963
v 0.012469833716750145 -0.02631727233529091 -0.014773339033126831
v 0.04857293516397476 -0.012107448652386665 -0.002022738801315427
v 0.04857293516397476 -0.012107448652386665 -0.002022738801315427
v -0.04035484045743942 -0.013641836121678352 0.0008883022237569094
v -0.04047815501689911 -0.0015288442373275757 -0.0005965372547507286
v 0.04044816642999649 -0.0015288535505533218 0.0009674637694843113
v 0.04032885283231735 -0.013641836121678352 -0.0007616227958351374
v -0.0396379753947258 -0.08651161938905716 0.0008885998977348208
v -0.032336294651031494 -0.08596377074718475 0.007930044084787369
v -0.012718293815851212 -0.08527593314647675 0.0161883644759655
v 0.01249431911855936 -0.08522717654705048 0.01658855751156807
v 0.03197281062602997 -0.08590087294578552 0.008450040593743324
v 0.039893895387649536 -0.08649706840515137 0.0010117971105501056
v 0.03989521414041519 -0.08647188544273376 -0.0008084744913503528
v 0.03198288381099701 -0.08562995493412018 -0.008463852107524872
v 0.012503126636147499 -0.08465179055929184 -0.016972705721855164
v -0.012726741842925549 -0.08472071588039398 -0.016566842794418335
v -0.0323457270860672 -0.08571886271238327 -0.007937969639897346
v -0.03963904827833176 -0.08649245649576187 -0.0006843758164905012
v -0.01380004920065403 0.015286363661289215 0.013154368847608566
v -0.033026643097400665 -0.0015267860144376755 -0.0050388784147799015
v -0.04165501147508621 -0.0015288442373275757 -0.00020120901172049344
v -0.04535304754972458 -0.0015288442373275757 0.0003349404432810843
v -0.013599359430372715 0.015287868678569794 -0.011677403934299946
v -0.04857339709997177 -0.0015288442373275757 0.0010063949739560485
v 0.012564055621623993 -0.0014797896146774292 0.015245760791003704
v 0.032365866005420685 -0.0015268027782440186 -0.0066612944938242435
v 0.04180707037448883 -0.001528063789010048 -0.00022360714501701295
v 0.04543305188417435 -0.001503707841038704 -0.0002668992383405566
v 0.012561554089188576 -0.0014790743589401245 -0.013866289518773556
v 0.04857589304447174 -0.00147935189306736 -0.00014108247705735266
v 0.04857589304447174 -0.00147935189306736 -0.00014108247705735266
v -0.04047814756631851 -0.0015288442373275757 0.0008620497537776828
v 0.04044816642999649 -0.0015288405120372772 -0.0007554558105766773
v -0.04857420176267624 0.013197783380746841 0.0008467413717880845
v -0.03308583050966263 0.013245560228824615 0.005828144960105419
v -0.04167670011520386 0.013197798281908035 0.0004376252763904631
v -0.04536440968513489 0.013197798281908035 0.0007177825318649411
v 0.048576660454273224 0.013197798281908035 -0.0003731509204953909
v 0.032418809831142426 0.013245470821857452 0.00610041618347168
v 0.04182594269514084 0.013197798281908035 0.00042175891576334834
v 0.04544299095869064 0.013197798281908035 0.00009815407975111157
v -0.04049965739250183 0.013197813183069229 -0.0005857001524418592
v 0.04046671837568283 0.013197805732488632 0.0009355538641102612
v -0.04856875538825989 -0.013641849160194397 0.0010914491722360253
v -0.032925158739089966 -0.013641866855323315 0.007815172895789146
v -0.041530437767505646 -0.013641840778291225 0.00044173578498885036
v -0.04528772085905075 -0.013641840778291225 0.0008451301255263388
v 0.04857293516397476 -0.012107448652386665 -0.0005593115347437561
v 0.04857293516397476 -0.012107448652386665 -0.0005593115347437561
v 0.03227023035287857 -0.01364191249012947 0.007558032404631376
v 0.04168590158224106 -0.013617493212223053 0.00041969912126660347
v 0.04537025839090347 -0.012862466275691986 0.000026256144337821752
v -0.04035484045743942 -0.013641836121678352 -0.0006221574731171131
v 0.04032885283231735 -0.013641849160194397 0.0009865902829915285
v -0.01302475854754448 -0.013642216101288795 0.016318321228027344
v -0.03279706835746765 -0.02635168842971325 -0.006703265011310577
v -0.04137156158685684 -0.026378590613603592 -0.00021246079995762557
v -0.04520442336797714 -0.026378629729151726 -0.00002534704253775999
v -0.013024764135479927 -0.013641590252518654 -0.013535215519368649
v -0.04856283962726593 -0.026378639042377472 0.00029110192554071546
v 0.012469549663364887 -0.02633584290742874 0.0164271779358387
v 0.03215319663286209 -0.026348823681473732 -0.007030132692307234
v 0.04153480380773544 -0.026354216039180756 -0.00027304195100441575
v 0.04529043287038803 -0.02559926174581051 -0.0018116969149559736
v 0.01251207385212183 -0.01364161353558302 -0.014418650418519974
v 0.048566192388534546 -0.02484424225986004 -0.002066513989120722
v -0.04019760340452194 -0.026377135887742043 0.0009034146787598729
v 0.0401802733540535 -0.02637585625052452 -0.0007668291218578815
v 0.01764521189033985 0.05732610821723938 0.000576469290535897
v 0.017773693427443504 0.06309834867715836 -0.00013516463513951749
v 0.017773833125829697 0.06309834867715836 -0.0004888070398010314
v 0.01764017343521118 0.05732615292072296 -0.0008248098893091083
v -0.018154587596654892 0.05732615292072296 -0.0005715922452509403
v -0.018286501988768578 0.06309834867715836 -0.00006003013550071046
v -0.018286528065800667 0.06309834867715836 0.00029305799398571253
v -0.018162673339247704 0.05732610821723938 0.0007840901962481439
v 0.004619641695171595 0.06309609115123749 0.006796938367187977
v 0.004619641695171595 0.06309609115123749 0.006796938367187977
v 0.004619641695171595 0.06309609115123749 0.006796938367187977
v 0.009393817745149136 0.06317102909088135 0.00040855311090126634
v 0.009394116699695587 0.06317102909088135 -0.0004256399115547538
v 0.004620901308953762 0.06309610605239868 -0.006921038962900639
v 0.004620901308953762 0.06309610605239868 -0.006921038962900639
v 0.004620901308953762 0.06309610605239868 -0.006921038962900639
v -0.0044767106883227825 0.06309610605239868 -0.006863218266516924
v -0.0044767106883227825 0.06309610605239868 -0.006863218266516924
v -0.0044767106883227825 0.06309610605239868 -0.006863218266516924
v -0.009264182299375534 0.06317104399204254 -0.00029980437830090523
v -0.009264282882213593 0.06317102909088135 0.0005334606394171715
v -0.004477801267057657 0.06309609115123749 0.006853829603642225
v -0.004477801267057657 0.06309609115123749 0.006853829603642225
v -0.004477801267057657 0.06309609115123749 0.006853829603642225
v -0.019683022052049637 0.03728983923792839 0.0053797815926373005
v 0.006587659940123558 0.03729475662112236 0.01031019352376461
v 0.018822072073817253 0.037290822714567184 -0.006377357989549637
v -0.006469290237873793 0.037296198308467865 -0.009872282855212688
v 0.00007191515760496259 0.06329368054866791 -0.0044980780221521854
v 0.000017339654732495546 -0.09010817110538483 0.01715751364827156
v -0.02498457580804825 0.013675648719072342 0.009886443614959717
v -0.04764683544635773 0.013197805732488632 0.000347574008628726
v -0.04857315868139267 0.02400161698460579 0.00044116447679698467
v -0.04764683544635773 0.013197783380746841 0.0008795168250799179
v -0.04856010526418686 -0.037700898945331573 -0.0001133105979533866
v -0.026027917861938477 0.057265639305114746 0.0005441394168883562
v -0.048562049865722656 -0.07648657262325287 -0.000949025503359735
v -0.02402874082326889 -0.0851244330406189 -0.013376024551689625
v -0.04050593078136444 0.061583928763866425 0.0003733130288310349
v -0.0411791130900383 0.06317049264907837 0.00026474037440493703
v -0.02611115574836731 0.06314561516046524 -0.00004202743002679199
v -0.040123291313648224 -0.037685949355363846 0.0009035523398779333
v -0.041122280061244965 0.013197805732488632 0.0004986313870176673
v -0.04047231376171112 0.02400163933634758 -0.0005359164788387716
v -0.04081564396619797 -0.026378201320767403 -0.00028967828257009387
v -0.032741479575634 -0.037431515753269196 -0.0071215019561350346
v -0.02438083104789257 -0.026332510635256767 -0.01141403242945671
v -0.03221718221902847 -0.08916125446557999 0.007890399545431137
v -0.040245696902275085 -0.08656869828701019 0.0004930963041260839
v -0.04024595767259598 -0.08656486123800278 -0.0002830348093993962
v -0.03949931263923645 -0.08935464918613434 -0.0006461612647399306
v -0.04731932282447815 0.059565119445323944 -0.00015856229583732784
v -0.04720586538314819 0.06151393800973892 -0.00004023252768092789
v -0.047319330275058746 0.05956510454416275 0.0003733788034878671
v -0.045810192823410034 0.061352215707302094 0.0003734410274773836
v -0.04534988850355148 0.02400161698460579 -0.00011021526006516069
v -0.04162420332431793 0.061602286994457245 0.0003733336925506592
v -0.04246894270181656 0.06318885833024979 -0.000040557992178946733
v -0.041624195873737335 0.061602286994457245 -0.00015863889711908996
v -0.041296303272247314 -0.0377005934715271 0.0004275516257621348
v -0.04295779764652252 0.013197805732488632 0.0005148960626684129
v -0.041649021208286285 0.02400161698460579 0.0004300229484215379
v -0.04164902865886688 0.02400161698460579 -0.00021388464665506035
v -0.042693279683589935 -0.026378635317087173 -0.00015376662486232817
v -0.04129631072282791 -0.03770047426223755 -0.00021884079615119845
v -0.040971361100673676 -0.07747351378202438 0.0004126580897718668
v -0.04097139090299606 -0.0774729773402214 -0.00023373434669338167
v -0.04143275320529938 -0.09016287326812744 0.00007745690527372062
v -0.04143275320529938 -0.09016287326812744 0.00007745690527372062
v -0.04061497747898102 -0.08938472718000412 0.00035717833088710904
v -0.04015575349330902 -0.09018868207931519 0.00024477788247168064
v -0.04015575349330902 -0.09018868207931519 0.00024477788247168064
v -0.04057854413986206 -0.09024269878864288 0.00007025705417618155
v -0.03986835479736328 -0.09018772095441818 -0.0001600763207534328
v -0.03986835479736328 -0.09018772095441818 -0.0001600763207534328
v -0.03971108794212341 -0.09023480117321014 -0.00019417423754930496
v -0.02386944368481636 -0.09010674059391022 -0.013286768458783627
v -0.039862245321273804 -0.09018781781196594 0.0003775383229367435
v -0.039862245321273804 -0.09018781781196594 0.0003775383229367435
v -0.03988352417945862 -0.09023532271385193 0.0002000216773012653
v -0.03996706008911133 -0.09024196118116379 0.00009730442252475768
v -0.023869037628173828 -0.09012042731046677 0.013069236651062965
v -0.03215177357196808 -0.09023532271385193 0.007719970773905516
v -0.040020234882831573 -0.08627539128065109 -0.00009900864097289741
v -0.040020234882831573 -0.08627539128065109 -0.00009900864097289741
v -0.023954669013619423 -0.08737631887197495 -0.013170191086828709
v -0.03988739103078842 -0.09023532271385193 0.00000513035774929449
v -0.04002667963504791 -0.08756566047668457 0.00010052268044091761
v -0.023954669013619423 -0.08737629652023315 0.012935497798025608
v -0.039944835007190704 -0.08737721294164658 0.0003068155492655933
v -0.039944835007190704 -0.08737721294164658 0.0003068155492655933
v -0.04350893944501877 0.062057264149188995 -0.00015858309052418917
v -0.04516509920358658 -0.037700898945331573 0.0003910012310370803
v -0.045349881052970886 0.02400161698460579 0.000510393874719739
v -0.04516509920358658 -0.037700898945331573 -0.00022960745263844728
v -0.04537608474493027 -0.07686438411474228 -0.00008176697883754969
v -0.04537607729434967 -0.07686438411474228 -0.0007023746147751808
v -0.04741504788398743 -0.08844774216413498 -0.0008096855599433184
v -0.04569464176893234 -0.08882251381874084 -0.0005579604767262936
v -0.04623406380414963 -0.0893557220697403 -0.0009683325188234448
v -0.04149670898914337 -0.08734287321567535 0.00029242178425192833
v -0.04783141613006592 -0.08464997261762619 -0.0005574790411628783
v -0.04741504788398743 -0.08844774216413498 -0.0011150605278089643
v -0.04783141613006592 -0.08464998006820679 -0.0010894212173298001
v -0.042718060314655304 -0.08957824856042862 -0.0006352696800604463
v -0.04149671643972397 -0.08734287321567535 -0.0003282023244537413
v -0.040615007281303406 -0.08938463032245636 -0.00018453219672665
v -0.04015578329563141 -0.09018862247467041 -0.00005100863927509636
v -0.04015578329563141 -0.09018862247467041 -0.00005100863927509636
v -0.041432760655879974 -0.09016287326812744 -0.0002279292675666511
v 0.000014552031643688679 -0.08516860008239746 0.017171382904052734
v -0.03983445465564728 -0.09017370641231537 -0.0000646478365524672
v -0.02385566756129265 -0.09013098478317261 -0.01317553035914898
v -0.03987488895654678 -0.09013809263706207 0.00010062145884148777
v -0.02385566383600235 -0.09013098478317261 0.012941408902406693
v -0.03978235274553299 -0.0901310071349144 0.0003094879211857915
v -0.03978235274553299 -0.0901310071349144 0.0003094879211857915
v 0.00001647166209295392 -0.0873732939362526 -0.017466634511947632
v -0.03219042718410492 -0.08932206779718399 -0.007710395846515894
v -0.03990419954061508 -0.08955304324626923 0.000018939594156108797
v -0.03941435366868973 -0.08932193368673325 0.0006851600483059883
v -0.03991168737411499 -0.08932901918888092 0.00018978504522237927
v 0.00007045560050755739 0.06329368054866791 0.004527665209025145
v -0.026111161336302757 0.06314561516046524 0.000267949013505131
v -0.0411791056394577 0.06317049264907837 -0.00004065609027747996
v -0.04246897250413895 0.06318885833024979 0.0002648280933499336
v -0.04168552905321121 0.06334679573774338 0.00011500682740006596
v -0.04720589518547058 0.06151392310857773 0.00026514061028137803
v -0.04372674226760864 0.06332169473171234 0.00011521647684276104
v -0.048009179532527924 0.060499198734760284 0.00011527341848704964
v -0.04857315868139267 0.02400161698460579 0.0001357921864837408
v -0.04856010526418686 -0.037700898945331573 0.00019206172146368772
v -0.0486772358417511 0.013197783380746841 0.000700665928889066
v -0.048562049865722656 -0.07648656517267227 -0.0006436528055928648
v -0.04864884167909622 -0.08476767688989639 -0.000969961634837091
v -0.039644755423069 -0.08539774268865585 -0.000471225765068084
v -0.039644755423069 -0.08539774268865585 -0.000471225765068084
v -0.04016768932342529 -0.08493801951408386 0.000010417948942631483
v -0.03237851709127426 -0.08543824404478073 0.007669440936297178
v -0.0401376336812973 -0.08543466776609421 0.0001855885930126533
v 0.00006981968181207776 0.05729097127914429 -0.009021276608109474
v -0.04100997745990753 0.0572403222322464 -0.00020624572061933577
v -0.026025312021374702 0.05726566165685654 -0.0003324034623801708
v -0.04223421961069107 0.058069027960300446 0.00041563413105905056
v -0.042234182357788086 0.058069027960300446 -0.0002049897302640602
v -0.04100997745990753 0.0572403222322464 0.0004168839077465236
v -0.0414765328168869 0.04941410571336746 -0.0002113900554832071
v -0.0403129979968071 0.04917401820421219 0.00048064003931358457
v -0.0414765328168869 0.04941410571336746 0.0004215814406052232
v -0.04857678711414337 0.048551082611083984 -0.00004295249527785927
v -0.04857678711414337 0.048551082611083984 0.0002624201006256044
v -0.04556766152381897 0.048544660210609436 0.0004155492642894387
v -0.04556766897439957 0.04854466766119003 -0.0002050584153039381
v -0.0449838861823082 -0.0866977870464325 -0.00021138807642273605
v -0.04271804541349411 -0.08957824856042862 -0.00010331295925425366
v -0.04333159327507019 -0.0875384733080864 -0.00010342324094381183
v -0.047452837228775024 -0.0872291699051857 -0.0005734354490414262
v -0.04560956358909607 -0.0854831412434578 -0.00021104175539221615
v -0.048211097717285156 -0.0875639021396637 -0.0009880856378003955
v -0.04844650626182556 -0.08656112849712372 -0.0008095107041299343
v -0.04844650626182556 -0.08656112849712372 -0.0008095107041299343
v -0.047452837228775024 -0.0872291773557663 -0.001105378963984549
v -0.04844651371240616 -0.08656113594770432 -0.0011148839257657528
v -0.045609571039676666 -0.08548316359519958 -0.0008316487655974925
v -0.044983893632888794 -0.0866977870464325 -0.0008319973130710423
v -0.0428876057267189 -0.09021591395139694 -0.00045089994091540575
v -0.04457501322031021 -0.08990713953971863 -0.0006422751466743648
v -0.04457501322031021 -0.08990713953971863 -0.0006422751466743648
v -0.04569464921951294 -0.08882251381874084 -0.0010899088811129332
v -0.044575028121471405 -0.08990713953971863 -0.0009476544219069183
v -0.043331608176231384 -0.0875384733080864 -0.000724037759937346
v -0.045046523213386536 0.057649627327919006 0.00041563622653484344
v -0.04350905120372772 0.062057264149188995 0.0003733735647983849
v -0.043789252638816833 0.05849214643239975 0.0004156359354965389
v -0.04788149893283844 0.0549096018075943 0.0003731428296305239
v -0.04574080556631088 0.055803507566452026 0.000415620394051075
v -0.048652902245521545 0.05532132089138031 0.00011423272371757776
v -0.048393093049526215 0.05856206268072128 0.00026466650888323784
v -0.04788149893283844 0.0549096018075943 -0.00015879867714829743
v -0.048393093049526215 0.058562085032463074 -0.000040705657738726586
v -0.04574080556631088 0.05580352991819382 -0.00020498555386438966
v -0.045046500861644745 0.057649627327919006 -0.0002049711038125679
v -0.04631214588880539 0.06250833719968796 0.00011553494550753385
v -0.04507584869861603 0.06295906752347946 0.00026502960827201605
v -0.045810095965862274 0.061352215707302094 -0.0001585056888870895
v -0.045075759291648865 0.06295906752347946 -0.00004034932499052957
v -0.04378914088010788 0.05849214643239975 -0.00020497816149145365
v 0.023578759282827377 -0.02634378895163536 0.013146369718015194
v -0.00014126970199868083 0.014152869582176208 0.015154396183788776
v 0.048562824726104736 -0.037205927073955536 -0.0004256409010849893
v 0.048562824726104736 -0.037205927073955536 -0.0004256409010849893
v 0.04761964827775955 -0.025063440203666687 -0.00032493710750713944
v 0.048575304448604584 0.02400161698460579 -0.0006319876410998404
v 0.04867137223482132 -0.024819880723953247 -0.0011228799121454358
v 0.02518927864730358 0.057265639305114746 0.00027733761817216873
v 0.00006879062857478857 0.05729091912508011 0.008933888748288155
v 0.04849644750356674 -0.07648657262325287 -0.0019612081814557314
v 0.04849644750356674 -0.07648657262325287 -0.0019612081814557314
v 0.00001466099638491869 -0.08455778658390045 -0.017629407346248627
v 0.025270625948905945 0.06314561516046524 -0.00027546758065000176
v 0.04051002860069275 0.06334677338600159 0.00010275137901771814
v 0.041263580322265625 0.06317047029733658 0.0002647364162839949
v 0.03251957893371582 0.061582937836647034 0.00005511599010787904
v 0.040436528623104095 0.02400161698460579 0.0008530235500074923
v 0.04093283414840698 -0.026378197595477104 0.0005354036693461239
v 0.024098502472043037 0.013676546514034271 -0.01069264579564333
v 0.04014728218317032 -0.03767313435673714 -0.0007745682960376143
v 0.041224896907806396 0.013197805732488632 -0.000323409796692431
v 0.032513052225112915 0.02402176335453987 -0.005612902343273163
v 0.02349637821316719 -0.08547366410493851 0.013789829798042774
v 0.040635451674461365 -0.0865645632147789 0.000527664611581713
v 0.03975961357355118 -0.08935613930225372 0.0009788491297513247
v 0.025187650695443153 0.05726566165685654 -0.000645623542368412
v 0.04026566445827484 0.04917401820421219 -0.0002973425725940615
v 0.04109495133161545 0.0572403222322464 -0.00020680112356785685
v 0.0404549241065979 0.061583928763866425 -0.00016890227561816573
v 0.03186267614364624 -0.08905357122421265 -0.008451448753476143
v 0.04063577950000763 -0.086558997631073 -0.00031782034784555435
v 0.048673324286937714 0.036995433270931244 -0.000528146221768111
v 0.04542684555053711 0.02400161698460579 -0.0006553082494065166
v 0.04181914031505585 0.06334679573774338 0.00011500625987537205
v 0.04260804504156113 0.06318885833024979 0.0002648280933499336
v 0.04175782948732376 0.061602286994457245 0.00037333351792767644
v 0.04179534316062927 0.024001624435186386 0.00041598587995395064
v 0.04283791780471802 -0.026135077700018883 0.00029242801247164607
v 0.04149935394525528 -0.0376926064491272 0.0004214980290271342
v 0.041499361395835876 -0.03769242763519287 -0.0002444519486743957
v 0.04309040307998657 0.013197805732488632 -0.0003092103579547256
v 0.04179535061120987 0.02400161698460579 -0.00023391615832224488
v 0.0413617342710495 -0.07747387140989304 0.00039266113890334964
v 0.04161158204078674 0.04941410571336746 -0.00021384966385085136
v 0.04237242788076401 0.058069027960300446 -0.00020561582641676068
v 0.041757822036743164 0.061602286994457245 -0.00015863904263824224
v 0.04136178642511368 -0.07747308164834976 -0.0002608358336146921
v 0.041094958782196045 0.0572403222322464 0.0004174388595856726
v 0.03238401561975479 0.04917905479669571 0.0011712608393281698
v 0.04102448374032974 -0.09024269878864288 0.000045519213017541915
v 0.04059848189353943 -0.09018862247467041 0.00024692731676623225
v 0.04059848189353943 -0.09018862247467041 0.00024692731676623225
v 0.041057705879211426 -0.08938462287187576 0.00033716659527271986
v 0.041878700256347656 -0.09016287326812744 -0.00016734597738832235
v 0.041878700256347656 -0.09016287326812744 -0.00016734597738832235
v 0.02335677295923233 -0.09010332077741623 -0.013925374485552311
v 0.03179458528757095 -0.09023532271385193 -0.008282307535409927
v 0.0402563139796257 -0.09018756449222565 -0.00020530764595605433
v 0.0402563139796257 -0.09018756449222565 -0.00020530764595605433
v 0.040413014590740204 -0.09024196118116379 0.00009730453894007951
v 0.040324144065380096 -0.09023532271385193 0.00020357452740427107
v 0.040256306529045105 -0.09018771350383759 0.0004121065139770508
v 0.040256306529045105 -0.09018771350383759 0.0004121065139770508
v 0.039633579552173615 -0.09023532271385193 0.0008405295084230602
v 0.023356346413493156 -0.09011800587177277 0.013707841746509075
v 0.023342903703451157 -0.09013098478317261 -0.013814135454595089
v 0.039674147963523865 -0.08932193368673325 -0.0006062549655325711
v 0.04017496854066849 -0.0901310071349144 -0.00013685115845873952
v 0.04035273194313049 -0.08932193368673325 0.000011390737199690193
v 0.040321268141269684 -0.0901310071349144 0.00010062185174319893
v 0.040324144065380096 -0.09023532271385193 -0.0000012576274457387626
v 0.04017496854066849 -0.0901310071349144 0.00034501543268561363
v 0.031834520399570465 -0.08932190388441086 0.008215965703129768
v 0.023342907428741455 -0.09013098478317261 0.013580013997852802
v 0.000017325510270893574 -0.09013088792562485 0.016991931945085526
v 0.04237246513366699 0.058069027960300446 0.0004150080494582653
v 0.04161158204078674 0.04941410571336746 0.00042023195419460535
v 0.04644910246133804 0.06250833719968796 0.00011553503281902522
v 0.04732406139373779 0.06151393800973892 0.0002651405520737171
v 0.045947372913360596 0.061352215707302094 0.0003734410274773836
v 0.0452149361371994 0.06295906752347946 0.00026502960827201605
v 0.04542683809995651 0.02400161698460579 -0.00003469983857939951
v 0.04527067393064499 -0.037449486553668976 0.00008357294427696615
v 0.04527068883180618 -0.037449486553668976 -0.0009230545838363469
v 0.04761964827775955 -0.025063445791602135 -0.0025553605519235134
v 0.04550604522228241 -0.07686571031808853 -0.0008291606791317463
v 0.04563219100236893 0.04854466766119003 -0.00030603414052166045
v 0.04789968580007553 0.0549096018075943 -0.00017605634639039636
v 0.04581356793642044 0.05580352991819382 -0.00020688989025074989
v 0.04550604522228241 -0.07686571776866913 -0.0014497676165774465
v 0.043312788009643555 -0.09022054076194763 -0.00124251504894346
v 0.04314539581537247 -0.08958239108324051 -0.0008073149947449565
v 0.044815391302108765 -0.08995288610458374 -0.0019611187744885683
v 0.044815391302108765 -0.08995288610458374 -0.0019611187744885683
v 0.041930750012397766 -0.0873442068696022 0.00010807483340613544
v 0.043630391359329224 -0.08756975084543228 -0.0008835436892695725
v 0.04756386578083038 -0.08770724385976791 -0.0025713166687637568
v 0.046817876398563385 -0.0886484906077385 -0.002373333089053631
v 0.046817876398563385 -0.0886484906077385 -0.002373333089053631
v 0.046926774084568024 -0.08735660463571548 -0.0019814404658973217
v 0.04799885302782059 -0.08660688996315002 -0.0023731582332402468
v 0.04799885302782059 -0.08660688996315002 -0.0023731582332402468
v 0.04193075746297836 -0.0873442068696022 -0.0005125485477037728
v 0.043145403265953064 -0.08958239108324051 -0.0013392716646194458
v 0.04363039880990982 -0.08756975084543228 -0.0015041575534269214
v 0.04105771332979202 -0.08938448876142502 -0.00020894911722280085
v 0.040598489344120026 -0.09018855541944504 -0.00005337586480891332
v 0.040598489344120026 -0.09018855541944504 -0.00005337586480891332
v 0.041878700256347656 -0.09016287326812744 -0.0004727321211248636
v 0.04481539875268936 -0.08995288610458374 -0.002266497816890478
v 0.04035273194313049 -0.08932193368673325 0.00019333824457135051
v -0.0001230509951710701 -0.02631423994898796 -0.015720181167125702
v 0.00001734355464577675 -0.09008846431970596 -0.017565898597240448
v 0.000017324404325336218 -0.09013088792562485 -0.01747332140803337
v 0.02343793213367462 -0.08737631887197495 -0.013808796182274818
v 0.032015539705753326 -0.08543824404478073 -0.008232345804572105
v 0.04033723473548889 -0.08737721294164658 -0.0001336747081950307
v 0.04057775437831879 -0.08543839305639267 0.000015792807971592993
v 0.040483638644218445 -0.08737721294164658 0.00010173022747039795
v 0.04033723473548889 -0.08737721294164658 0.0003423430025577545
v 0.03989769518375397 -0.08543839305639267 0.0007997663924470544
v 0.02343793958425522 -0.08737628906965256 0.013574106618762016
v 0.000016473466530442238 -0.08737319707870483 0.01698274165391922
v 0.04057775437831879 -0.08543839305639267 0.00019019404135178775
v 0.02527066133916378 0.06314561516046524 -0.0005856177303940058
v 0.041263580322265625 0.06317049264907837 -0.00004066007022629492
v 0.042608022689819336 0.06318885833024979 -0.000040557992178946733
v 0.045947276055812836 0.061352215707302094 -0.00015850515046622604
v 0.047324039041996 0.06151393800973892 -0.00004023215296911076
v 0.045214831829071045 0.06295906752347946 -0.00004034920857520774
v 0.04857765883207321 0.048551082611083984 -0.0002442909753881395
v 0.048655733466148376 0.05532132089138031 0.00009377879905514419
v 0.048418596386909485 0.058562085032463074 -0.00004070606519235298
v 0.048575304448604584 0.02400161698460579 -0.0009373599314130843
v 0.048562824726104736 -0.03720593452453613 -0.0011045797728002071
v 0.048562824726104736 -0.03720593452453613 -0.0011045797728002071
v 0.04849644750356674 -0.07648657262325287 -0.002266580704599619
v 0.046926774084568024 -0.08735661953687668 -0.002513382351025939
v 0.046817876398563385 -0.0886484906077385 -0.002678706543520093
v 0.04799884557723999 -0.08660690486431122 -0.0026785305235534906
v 0.04297417402267456 0.03727683797478676 0.0003225524560548365
v 0.045632198452949524 0.048544660210609436 0.0003145734663121402
v -0.000006140966434031725 0.03716833144426346 0.012216166593134403
v 0.025555981323122978 0.03711366280913353 -0.0054096803069114685
v 0.00003399717388674617 0.03716981038451195 -0.011895082890987396
v 0.04789968580007553 0.0549096018075943 0.00035588513128459454
v 0.048418596386909485 0.05856206268072128 0.00026466604322195053
v 0.04857765883207321 0.048551082611083984 0.00006108157685957849
v 0.04392729699611664 0.05849214643239975 0.0004150097956880927
v 0.04517069458961487 0.057649627327919006 0.0004150100867263973
v 0.04551989585161209 -0.08551443368196487 -0.0011529899202287197
v 0.04482568800449371 -0.08681008219718933 -0.0011538524413481355
v 0.0455552339553833 -0.08894995599985123 -0.0019438043236732483
v 0.04766814410686493 -0.08465410768985748 -0.0019420336466282606
v 0.04840974509716034 -0.08477230370044708 -0.002528454875573516
v 0.04766814410686493 -0.08465413004159927 -0.002473974833264947
v 0.04551989585161209 -0.08551444858312607 -0.0017735955771058798
v 0.04482568800449371 -0.08681008964776993 -0.001774459844455123
v 0.046021752059459686 -0.08949905633926392 -0.0025268245954066515
v 0.0455552339553833 -0.08894995599985123 -0.0024757510982453823
v 0.04581356793642044 0.055803507566452026 0.00041371595580130816
v 0.0436481311917305 0.062057264149188995 0.0003733735647983849
v 0.04739822447299957 0.05956510454416275 0.0003733786870725453
v 0.04808058589696884 0.06049921363592148 0.00011527302558533847
v 0.047398217022418976 0.059565119445323944 -0.00015856193203944713
v 0.04517066478729248 0.057649627327919006 -0.00020559666154440492
v 0.04392717778682709 0.05849216878414154 -0.00020560411212500185
v 0.04386581480503082 0.06332169473171234 0.00011521649139467627
v 0.04364801198244095 0.062057264149188995 -0.0001585830468684435
v -0.04050593078136444 0.061583928763866425 -0.000158670824021101
v -0.040472306311130524 0.02400161698460579 0.0007525921100750566
v -0.033182986080646515 0.02402183786034584 -0.004227953031659126
v -0.040123604238033295 -0.0376797690987587 -0.0006630966090597212
v -0.039498113095760345 -0.0893608033657074 0.0008559665875509381
v -0.032220259308815 -0.0890822559595108 -0.007916136644780636
v -0.032149285078048706 -0.09023532271385193 -0.0077486783266067505
v -0.03937353193759918 -0.09023532271385193 0.0007166883442550898
v -0.03933411091566086 -0.08937305212020874 -0.0005363966338336468
v -0.03933411091566086 -0.08937305212020874 -0.0005363966338336468
v -0.032192811369895935 -0.08932190388441086 0.0076809353195130825
v -0.04056129604578018 0.06334679573774338 0.00011489177995827049
v -0.03237864375114441 -0.08543840050697327 -0.0076972320675849915
v -0.039638981223106384 -0.08543839305639267 0.0006759253446944058
v -0.0403129905462265 0.04917401820421219 -0.00027092560776509345
v -0.03833989053964615 0.06317049264907837 0.00026453426107764244
v -0.03828635811805725 0.013197783380746841 0.0023536512162536383
v -0.038000740110874176 -0.026368841528892517 -0.0024902047589421272
v -0.03818240016698837 0.0572403222322464 -0.00023272744147107005
v -0.03747578710317612 -0.08625048398971558 -0.0028779138810932636
v -0.038182392716407776 0.0572403222322464 0.00044287543278187513
v -0.03728317469358444 -0.09014306962490082 -0.0027610661927610636
v -0.03728561848402023 -0.09014593064785004 0.0029034337494522333
v -0.03723645210266113 -0.09013117104768753 -0.0026722142938524485
v -0.037270545959472656 -0.0901310071349144 0.002787188393995166
v -0.03742443770170212 -0.08738138526678085 -0.0026450420264154673
v -0.03742477297782898 -0.08737721294164658 0.002782372059300542
v -0.038339897990226746 0.06317049264907837 -0.00004086246190126985
v -0.03816766291856766 0.037056662142276764 -0.0010947127593681216
v -0.03816766291856766 0.037056513130664825 0.0012986992951482534
v 0.032563649117946625 0.06334413588047028 -0.0002633647818583995
v 0.0404549315571785 0.061583928763866425 0.00036308157723397017
v 0.032518528401851654 0.024021029472351074 0.0049714865162968636
v 0.04014686495065689 -0.037681251764297485 0.0010017224121838808
v 0.03213980048894882 -0.037402838468551636 -0.007273075170814991
v 0.04043653607368469 0.02400163933634758 -0.0006700371741317213
v 0.031859420239925385 -0.08914096653461456 0.00842543039470911
v 0.03238265961408615 0.04917920380830765 -0.0012715902412310243
v 0.03251957148313522 0.061582937836647034 -0.00047768239164724946
v 0.0397600382566452 -0.08934805542230606 -0.000776222615968436
v 0.04026566445827484 0.04917401820421219 0.0004976516356691718
v 0.039633579552173615 -0.09023532271385193 -0.0006378614925779402
v 0.03179458528757095 -0.09023532271385193 0.008255001157522202
v 0.03183451294898987 -0.08932190388441086 -0.008243845775723457
v 0.03967415541410446 -0.08932193368673325 0.0008090012124739587
v 0.03989769518375397 -0.08543839305639267 -0.0005969799822196364
v 0.032015539705753326 -0.08543822914361954 0.008204473182559013
v 0.03802812844514847 0.06317047029733658 0.00014518773241434246
v 0.03772493451833725 -0.026370596140623093 0.003140563378110528
v 0.03799319267272949 0.013197917491197586 -0.0025495963636785746
v 0.03747253865003586 -0.08630477637052536 0.003310464322566986
v 0.03787275403738022 0.0572403222322464 -0.0003030888910870999
v 0.037872761487960815 0.0572403222322464 0.0003864099853672087
v 0.03729129582643509 -0.09014149755239487 -0.003059396520256996
v 0.03729115426540375 -0.0901448205113411 0.0031968180555850267
v 0.0372760146856308 -0.0901310071349144 -0.0029431493021547794
v 0.037276022136211395 -0.0901310071349144 0.0030805717688053846
v 0.037428416311740875 -0.08737721294164658 -0.002938332734629512
v 0.03742842376232147 -0.08737721294164658 0.0030757556669414043
v 0.03802812099456787 0.06317047029733658 -0.00016020890325307846
v 0.037866733968257904 0.03705665469169617 -0.001410510390996933
v -0.047634318470954895 0.0369834303855896 -0.00014463909610640258
v -0.047634318470954895 0.0369834303855896 0.0003873036475852132
v -0.040994465351104736 0.03705652803182602 0.0004601087421178818
v -0.026418469846248627 0.037113744765520096 -0.004215100314468145
v -0.04284901171922684 0.03727683797478676 -0.00020716774452012032
v -0.04284901171922684 0.03727683797478676 0.00042330531869083643
v -0.04099447280168533 0.03705652803182602 -0.00024991645477712154
v -0.04867441952228546 0.036995433270931244 0.00012493348913267255
v 0.04765629023313522 0.0369834303855896 -0.0001637325040064752
v 0.02559664472937584 0.037112757563591 0.004658161196857691
v 0.0410880371928215 0.03705652803182602 0.0004778722068294883
v 0.042974166572093964 0.03727683797478676 -0.00030792003963142633
v 0.04765629023313522 0.0369834303855896 -0.0006956750876270235
v 0.0410880371928215 0.03705652803182602 -0.00026768038515001535
v 0.03786672651767731 0.037056513130664825 0.0014276212314143777
v -0.039929524064064026 -0.08872129768133163 -0.00005616232374450192
v -0.04008616507053375 -0.08649756759405136 0.00000942171027418226
v -0.03977985680103302 -0.08986996114253998 -0.0001323934702668339
v -0.03981725871562958 -0.08854823559522629 -0.00016061999485827982
v -0.03928733617067337 -0.09023480117321014 -0.0005643023760057986
v -0.03961978107690811 -0.0901663675904274 -0.00023157737450674176
v -0.03812091052532196 -0.08443713188171387 -0.001895948895253241
v -0.03812091052532196 -0.08443713188171387 -0.001895948895253241
v -0.03812091052532196 -0.08443713188171387 -0.001895948895253241
v -0.03270277380943298 -0.08439723402261734 -0.007144737057387829
v 0.032393671572208405 -0.08438349515199661 -0.00762513792142272
v 0.038259319961071014 -0.08442581444978714 -0.0020840074867010117
v 0.038259319961071014 -0.08442581444978714 -0.0020840074867010117
v 0.038675665855407715 -0.0843745693564415 -0.0015029447386041284
v 0.038675665855407715 -0.0843745693564415 0.0013268176699057221
v 0.03825931251049042 -0.08442581444978714 0.0019618794322013855
v 0.032393649220466614 -0.08438348025083542 0.007262415252625942
v -0.03270275145769119 -0.08439721912145615 0.006783025339245796
v -0.038120903074741364 -0.08443713188171387 0.0017746554221957922
v -0.038415856659412384 -0.08439028263092041 0.0012338570086285472
v -0.03841586410999298 -0.08439028263092041 -0.0014089725445955992
v -0.03998038172721863 -0.08460323512554169 -0.00017442263197153807
v -0.037445247173309326 -0.0846373662352562 -0.002730045933276415
v -0.024062631651759148 -0.08460644632577896 -0.013074918650090694
v 0.00001559400698170066 -0.08456503599882126 -0.017368607223033905
v 0.02354428358376026 -0.08460424095392227 -0.013709032908082008
v 0.03744107484817505 -0.08463642001152039 -0.0030263641383498907
v 0.03744107484817505 -0.08463642001152039 -0.0030263641383498907
v 0.04035878926515579 -0.08463642001152039 -0.00021638644102495164
v 0.04036419838666916 -0.08460360765457153 0.00007475253369193524
v 0.04036419838666916 -0.08460360765457153 0.00007475253369193524
v 0.04035878926515579 -0.08463642001152039 0.0004030158161185682
v 0.04035878926515579 -0.08463642001152039 0.0004030158161185682
v 0.03744107484817505 -0.08463642001152039 0.003140617161989212
v 0.02354426495730877 -0.08460419625043869 0.013409743085503578
v 0.02354426495730877 -0.08460419625043869 0.013409743085503578
v 0.000015594298020005226 -0.08456484973430634 0.01680639013648033
v 0.000015594298020005226 -0.08456484973430634 0.01680639013648033
v -0.024062613025307655 -0.08460640162229538 0.0127757852897048
v -0.024062613025307655 -0.08460640162229538 0.0127757852897048
v -0.03744512051343918 -0.08463719487190247 0.002844438888132572
v -0.039978206157684326 -0.08463719487190247 0.00036093092057853937
v -0.039978206157684326 -0.08463719487190247 0.00036093092057853937
v -0.039978206157684326 -0.08463719487190247 0.00036093092057853937
v -0.03994205594062805 -0.08459341526031494 0.00007367072976194322
v -0.03994205594062805 -0.08459341526031494 0.00007367072976194322
v 0.03108174540102482 -0.08238742500543594 -0.0004960565129294991
v -0.031403809785842896 -0.08256404101848602 -0.0004944104002788663
v -0.024459877982735634 -0.08332716673612595 0.008879175409674644
v -0.023608265444636345 -0.08131638914346695 -0.005202580243349075
v 0.000014505872968584299 -0.08218709379434586 0.012222504243254662
v 0.00001280568540096283 -0.07892856746912003 -0.006526104174554348
v 0.02400248497724533 -0.08325403183698654 -0.011618833988904953
v 0.023085221648216248 -0.0811111107468605 0.0031063237693160772
v 0.024002457037568092 -0.08325398713350296 0.00936821661889553
v 0.03210044652223587 -0.08318731933832169 0.003397060325369239
v 0.000012812553904950619 -0.07892852276563644 0.0038671158254146576
v -0.02360825054347515 -0.08131637424230576 0.002901294268667698
v -0.032346323132514954 -0.08329809457063675 0.003142122644931078
v -0.024459905922412872 -0.08332719653844833 -0.011124696582555771
v -0.03234633058309555 -0.08329809457063675 -0.004948300775140524
v 0.00001449900446459651 -0.0821872428059578 -0.015124626457691193
v 0.023085229098796844 -0.0811111107468605 -0.005413413513451815
v 0.032100461423397064 -0.08318731933832169 -0.005208667833358049
v -0.024476531893014908 -0.013641973957419395 0.01308621559292078
v -0.04110046476125717 -0.0015288479626178741 -0.00028967915568500757
v -0.024557210505008698 -0.0015101674944162369 -0.008912441320717335
v -0.04293899983167648 -0.0015288442373275757 -0.00004124177939957008
v 0.023738980293273926 -0.0015107262879610062 0.011725341901183128
v -0.00012780126417055726 -0.013642377220094204 0.01724402606487274
v 0.0476679652929306 -0.0014864243566989899 0.0003294021007604897
v 0.048676781356334686 -0.0014785639941692352 0.000032818279578350484
v 0.04120596498250961 -0.0015288479626178741 0.0005354018649086356
v 0.02366323582828045 -0.013641555793583393 -0.011474598199129105
v 0.04108437895774841 -0.013641840778291225 -0.00032520550303161144
v 0.04307401180267334 -0.0015209931880235672 0.00041321973549202085
v 0.042969152331352234 -0.013398286886513233 -0.0007176313083618879
v 0.0476679652929306 -0.0014864243566989899 -0.00025732978247106075
v -0.00012974400306120515 -0.0014919769018888474 -0.014368224889039993
v -0.03826595097780228 -0.0015287753194570541 -0.00195854133926332
v 0.03797585517168045 -0.001528870314359665 0.0028310143388807774
v 0.03786395490169525 -0.013641773723065853 -0.0026643676683306694
v -0.04857209324836731 -0.00728145707398653 0.0012183765647932887
v -0.03299761563539505 -0.007281138561666012 -0.005418792832642794
v -0.0416199266910553 -0.00728145707398653 0.0004437236930243671
v -0.0416199192404747 -0.00728145707398653 -0.000202667317353189
v -0.045334652066230774 -0.00728145707398653 0.0009088144288398325
v -0.045334652066230774 -0.007281452417373657 0.00028820615261793137
v -0.04857209324836731 -0.00728145707398653 0.0009130043326877058
v 0.04857514053583145 -0.006786494515836239 -0.000013084558304399252
v 0.04857514053583145 -0.006786494515836239 -0.000013084558304399252
v 0.03233928978443146 -0.007281171157956123 -0.006767749786376953
v 0.04177377372980118 -0.00727359764277935 0.00042792793828994036
v 0.041773781180381775 -0.00727359764277935 -0.00023802099167369306
v 0.04541582614183426 -0.007030048407614231 0.0002896361402235925
v 0.04541582614183426 -0.007030048407614231 -0.000716990849468857
v 0.04857514053583145 -0.006786489859223366 -0.0006920229061506689
v 0.04857514053583145 -0.006786489859223366 -0.0006920229061506689
v -0.04044341295957565 -0.007281452417373657 0.0008756027091294527
v -0.04044341295957565 -0.007281447760760784 -0.0006086198263801634
v 0.04041539132595062 -0.00728145707398653 0.0009767904412001371
v 0.04041539877653122 -0.007281447760760784 -0.000758717767894268
v -0.026499273255467415 0.03711290657520294 0.004383070394396782
v -0.03319399803876877 0.024021141231060028 0.004641524516046047
v -0.03299761563539505 -0.007281492464244366 0.007420587353408337
v -0.03273843973875046 -0.037510521709918976 0.008289502933621407
v -0.03747192770242691 -0.08633926510810852 0.0030219287145882845
v -0.03980962932109833 -0.0769917443394661 0.0008944536093622446
v -0.024016136303544044 -0.08554873615503311 0.013172565959393978
v 0.04002602398395538 -0.07697109133005142 0.001013446133583784
v 0.037476904690265656 -0.0862017422914505 -0.0031686159782111645
v 0.037476904690265656 -0.0862017422914505 -0.0031686159782111645
v 0.040027886629104614 -0.07693534344434738 -0.0008060961263254285
v 0.023509560152888298 -0.08501832187175751 -0.014001605100929737
v 0.03209725767374039 -0.0757460668683052 -0.0082679633051157
v -0.03250112384557724 -0.0758722573518753 -0.007824712432920933
v -0.039811037480831146 -0.07696454972028732 -0.0006852165679447353
v 0.03208295255899429 -0.07613059133291245 0.008381294086575508
v 0.03213655948638916 -0.03749023377895355 0.008028676733374596
v 0.032339274883270264 -0.007281554862856865 0.007253333460539579
v -0.03248773515224457 -0.07621987164020538 0.007996607571840286
v -0.04756680876016617 -0.05761169269680977 -0.0000716953509254381
v -0.04756680130958557 -0.057611700147390366 -0.0006036378908902407
v -0.040598586201667786 -0.0576624758541584 0.0004998765652999282
v -0.02425241284072399 -0.05666663125157356 0.013531231321394444
v -0.0425138995051384 -0.058077000081539154 0.0003368750330992043
v -0.048666320741176605 -0.05761506035923958 -0.0004412805428728461
v 0.023604998365044594 -0.056136224418878555 -0.012918244116008282
v 0.04085272550582886 -0.057652708142995834 -0.00032520422246307135
v 0.0427708774805069 -0.05807008966803551 -0.0004402197082526982
v -0.03780227154493332 -0.05745715647935867 0.0030946244951337576
v 0.03767004609107971 -0.05731963366270065 -0.0029538997914642096
v -0.04059880971908569 -0.0576586090028286 -0.00028967770049348474
v -0.0425138920545578 -0.058077000081539154 -0.0002935977536253631
v 0.048659034073352814 -0.057564783841371536 -0.0012820962583646178
v 0.04760760813951492 -0.05756927654147148 -0.0013599361991509795
v -0.00005383871030062437 -0.0556756816804409 -0.016730546951293945
v -0.024265017360448837 -0.05624233931303024 -0.012680581770837307
v -0.03780609369277954 -0.057368386536836624 -0.0027516393456608057
v -0.03780609369277954 -0.057368386536836624 -0.0027516393456608057
v -0.0000539494794793427 -0.05628649890422821 0.017389994114637375
v 0.047607600688934326 -0.057569269090890884 -0.0007732039084658027
v 0.0427708625793457 -0.05807008966803551 0.00020270499226171523
v 0.04085241258144379 -0.05765830725431442 0.0005354048917070031
v 0.037665680050849915 -0.05742267519235611 0.003233330324292183
v 0.023591822013258934 -0.05659156292676926 0.013489250093698502
v -0.024559305980801582 -0.0015106629580259323 0.011897019110620022
v -0.04764296114444733 -0.0015288535505533218 0.0007479246705770493
v -0.04764296114444733 -0.0015288479626178741 0.0012798671377822757
v -0.041100457310676575 -0.0015288479626178741 0.000499874004162848
v -0.04293899983167648 -0.0015288479626178741 0.0005892308545298874
v -0.04867677390575409 -0.0015288479626178741 0.001171747106127441
v -0.00013079855125397444 -0.0014927554875612259 0.016657404601573944
v 0.0237379502505064 -0.0015101972967386246 -0.011094619520008564
v 0.04120597243309021 -0.0015288535505533218 -0.00032520631793886423
v 0.04307401925325394 -0.0015209876000881195 -0.00022970489226281643
v -0.03826595097780228 -0.0015288535505533218 0.0027219094336032867
v 0.03797586262226105 -0.0015287753194570541 -0.0026026887353509665
v -0.041122280061244965 0.013197798281908035 -0.00028843776090070605
v -0.024916863068938255 0.013676613569259644 -0.00837514828890562
v -0.04295779764652252 0.013197805732488632 -0.00011557771358639002
v 0.02413225919008255 0.013675503432750702 0.010171125642955303
v 0.04767139256000519 0.013197798281908035 -0.0001661055430304259
v 0.048677243292331696 0.013197798281908035 -0.000538589374627918
v 0.0412248894572258 0.013197805732488632 0.0005336037138476968
v 0.04309040307998657 0.013197798281908035 0.0003212618757970631
v 0.04767139256000519 0.013197798281908035 -0.0006980477483011782
v -0.00010732421651482582 0.014154445379972458 -0.013858819380402565
v -0.03828636556863785 0.013197943568229675 -0.0018832124769687653
v 0.037993185222148895 0.013197768479585648 0.0025597421918064356
v -0.03303886950016022 0.004858456552028656 -0.004826843738555908
v -0.0416642501950264 0.0048399195075035095 -0.0002026037691393867
v -0.04535789042711258 0.0048399195075035095 0.00029037962667644024
v -0.04857373982667923 0.004839910194277763 0.0009200538625009358
v 0.032376691699028015 0.004858449101448059 -0.006591519340872765
v 0.041814737021923065 0.004839910194277763 -0.0002248467062599957
v 0.045437075197696686 0.004839910194277763 -0.0003077509463764727
v 0.04857615381479263 0.004839910194277763 -0.0002575170365162194
v -0.040487319231033325 0.004839910194277763 0.0008463822887279093
v 0.04045570641756058 0.004839910194277763 -0.0007534058531746268
v -0.04857373982667923 0.004839910194277763 0.0012254263274371624
v -0.03304097056388855 0.004858233034610748 0.006501676980406046
v -0.0416642501950264 0.0048399195075035095 0.0004437889438122511
v -0.04535788297653198 0.004839910194277763 0.0009109889506362379
v 0.04857615381479263 0.0048399195075035095 0.000047855071898084134
v 0.03237772732973099 0.004858179017901421 0.006622126791626215
v 0.04181472957134247 0.0048399195075035095 0.0004286502371542156
v 0.04543706774711609 0.0048399195075035095 0.00031285721343010664
v -0.040487319231033325 0.0048399195075035095 -0.0005899049574509263
v 0.040455691516399384 0.004839910194277763 0.0009568326058797538
v -0.024476537480950356 -0.013641513884067535 -0.010148575529456139
v 0.023663224652409554 -0.013642036356031895 0.012600445188581944
v 0.047647617757320404 -0.012326645664870739 -0.0002891548501793295
v 0.04867575317621231 -0.012083082459867 -0.001077097374945879
v 0.04108437895774841 -0.013641845434904099 0.0005354020395316184
v 0.042969152331352234 -0.013398286886513233 0.0002988593769259751
v 0.04764761030673981 -0.012326645664870739 -0.0025195779744535685
v -0.0001278001582249999 -0.0136416619643569 -0.015157443471252918
v 0.037863947451114655 -0.013641863130033016 0.0030222744680941105
v -0.024380432441830635 -0.026346206665039062 0.013776576146483421
v -0.047592297196388245 -0.026378639042377472 0.00013822774053551257
v -0.047592297196388245 -0.026378635317087173 0.0006701705860905349
v -0.04081564396619797 -0.02637832798063755 0.0004998758086003363
v -0.042693279683589935 -0.026378635317087173 0.00047670677304267883
v -0.048670679330825806 -0.026378639042377472 0.0004425256629474461
v -0.00012305908603593707 -0.026333950459957123 0.017625458538532257
v 0.023579180240631104 -0.02632909081876278 -0.011757179163396358
v 0.04093284159898758 -0.026378018781542778 -0.0003252048627473414
v 0.04283793270587921 -0.026135077700018883 -0.0007240630802698433
v -0.038000620901584625 -0.026371702551841736 0.003135544480755925
v 0.037725068628787994 -0.026367273181676865 -0.00271643977612257
v -0.048565126955509186 -0.020023541525006294 0.000900613667909056
v -0.03284638375043869 -0.020023541525006294 0.008125144988298416
v -0.04143311083316803 -0.020023537799715996 0.00043873366666957736
v -0.04523668438196182 -0.020023537799715996 0.0007489869021810591
v 0.048569731414318085 -0.017845695838332176 -0.0008980871643871069
v 0.048569731414318085 -0.017845695838332176 -0.0008980871643871069
v 0.03219504654407501 -0.020023563876748085 0.007804505992680788
v 0.04159025102853775 -0.019988972693681717 0.000414605310652405
v 0.04532025754451752 -0.018917325884103775 -0.00013680905976798385
v -0.040258511900901794 -0.020023537799715996 -0.0006360357510857284
v 0.040234632790088654 -0.020023537799715996 0.0009945083875209093
v -0.03284638375043869 -0.020023465156555176 -0.006278292741626501
v -0.04143311083316803 -0.020023537799715996 -0.00020765892986673862
v -0.04523668438196182 -0.020023537799715996 0.00012837735994253308
v -0.048565126955509186 -0.020023541525006294 0.000595240795519203
v 0.03219504654407501 -0.020023474469780922 -0.006943136919289827
v 0.041590236127376556 -0.019988972693681717 -0.00029368099058046937
v 0.045320264995098114 -0.018917331472039223 -0.002455898327752948
v 0.04856973886489868 -0.017845695838332176 -0.002847150433808565
v -0.040258511900901794 -0.020023537799715996 0.0008982685394585133
v 0.04023462533950806 -0.020023537799715996 -0.0007640651892870665
v -0.03814926743507385 -0.013641840778291225 0.002984429243952036
v -0.03814926743507385 -0.013641840778291225 0.002984429243952036
v -0.04097528010606766 -0.013641840778291225 0.0004998745280317962
v -0.04283100366592407 -0.013641845434904099 0.0005547567852772772
v -0.047620683908462524 -0.013641845434904099 0.0010926956310868263
v -0.048674099147319794 -0.013641849160194397 0.0009466698975302279
v -0.047620683908462524 -0.013641849160194397 0.0005607528146356344
v -0.042830996215343475 -0.013641840778291225 -0.00007571592141175643
v -0.04097528010606766 -0.013641845434904099 -0.0002896784571930766
v -0.03814927488565445 -0.013641764409840107 -0.0022147514391690493
v -0.03306177258491516 0.0491790696978569 0.0011593099916353822
v -0.03320150077342987 0.061582937836647034 0.00037373864324763417
v -0.03324670344591141 0.06334415078163147 0.00011433761392254382
v -0.03320150077342987 0.061582937836647034 -0.0001590349420439452
v -0.03305915743112564 0.049179211258888245 -0.0009642891818657517
v 0.01824953220784664 0.02509072795510292 0.009744561277329922
v 0.012445232830941677 -0.08873803168535233 -0.016978733241558075
v 0.01240657176822424 -0.09023532271385193 0.01644674688577652
v 0.01244239043444395 -0.08892364054918289 0.016627322882413864
v 0.012420402839779854 -0.08932104706764221 0.01639633998274803
v 0.012406572699546814 -0.09023532271385193 -0.016838088631629944
v 0.012420399114489555 -0.089321069419384 -0.016805510967969894
v 0.012490266002714634 -0.08543360978364944 0.016383159905672073
v 0.012490266002714634 -0.0854337215423584 -0.01679230108857155
v 0.012525167316198349 -0.08392778784036636 -0.016118042171001434
v 0.012525167316198349 -0.08392778784036636 -0.016118042171001434
v 0.012525145895779133 -0.08392766863107681 0.014933696947991848
v 0.012524668127298355 -0.07917574793100357 -0.0007772702956572175
v 0.012541714124381542 -0.08086100220680237 0.007661162875592709
v 0.012541720643639565 -0.08086106926202774 -0.011400471441447735
v 0.012542547658085823 -0.07435771077871323 -0.01666269823908806
v 0.012530050240457058 -0.07517438381910324 0.016519639641046524
v 0.012479114346206188 -0.03727290779352188 0.016500961035490036
v 0.01253823284059763 -0.007282055914402008 0.015621611848473549
v 0.008547230623662472 0.025111697614192963 -0.012623936869204044
v 0.012538246810436249 -0.007281126454472542 -0.014143328182399273
v 0.012481954880058765 -0.03708730638027191 -0.015120219439268112
v 0.01271272823214531 0.005334680899977684 0.014610386453568935
v 0.012687611393630505 0.0053353868424892426 -0.013613304123282433
v 0.012483542785048485 -0.02002367191016674 0.016253922134637833
v 0.012483546510338783 -0.020023470744490623 -0.014633551239967346
v 0.018018526956439018 0.04933113604784012 -0.002350822789594531
v 0.017627127468585968 0.061596743762493134 -0.0006662235246039927
v 0.01779811829328537 0.06326181441545486 -0.0003167421091347933
v 0.0048952302895486355 0.06159573793411255 0.007009787950664759
v 0.0048952302895486355 0.06159573793411255 0.007009787950664759
v 0.005456788465380669 0.04933565855026245 0.00792276207357645
v -0.012663320638239384 -0.08876027166843414 -0.01656399294734001
v -0.012624165043234825 -0.09023532271385193 0.016032002866268158
v -0.012624168768525124 -0.09023532271385193 -0.01642334833741188
v -0.012638906016945839 -0.08932104706764221 0.01598159596323967
v -0.012638906948268414 -0.089321069419384 -0.016390766948461533
v -0.012712648138403893 -0.08543361723423004 0.01596841961145401
v -0.012712650932371616 -0.0854337215423584 -0.016377564519643784
v -0.012746446765959263 -0.0839434415102005 -0.01572585478425026
v -0.012746446765959263 -0.0839434415102005 -0.01572585478425026
v -0.012746423482894897 -0.08394331485033035 0.014542663469910622
v -0.012749827466905117 -0.07932322472333908 -0.0007760929875075817
v -0.012763069011271 -0.08095680922269821 0.007412300445139408
v -0.012763089500367641 -0.08095686882734299 -0.01114648301154375
v -0.009040914475917816 0.025109756737947464 0.012474225834012032
v -0.013054016046226025 -0.007281997241079807 0.01588650420308113
v -0.01293972134590149 -0.03728863596916199 0.016856402158737183
v -0.012807081453502178 -0.07445553690195084 -0.016336776316165924
v -0.012660594657063484 -0.088939368724823 0.0162125825881958
v -0.01870853267610073 0.025092564523220062 -0.008884575217962265
v -0.013054024428129196 -0.007281090132892132 -0.012940917164087296
v -0.012942438013851643 -0.03710954263806343 -0.015076566487550735
v -0.01325029693543911 0.0053347330540418625 0.014583583921194077
v -0.013196744956076145 0.005335412919521332 -0.012003292329609394
v -0.012992977164685726 -0.020023653283715248 0.01666724681854248
v -0.012992976233363152 -0.02002345770597458 -0.014093184843659401
v -0.012795091606676579 -0.07524358481168747 0.01625039428472519
v -0.018644636496901512 0.049330830574035645 0.0021007161121815443
v -0.018134547397494316 0.061596743762493134 0.0005227833171375096
v -0.004328322596848011 0.06325914710760117 0.00008553270890843123
v -0.004763415548950434 0.06159575283527374 -0.0070732333697378635
v -0.004763415548950434 0.06159575283527374 -0.0070732333697378635
v -0.005329777952283621 0.04933609813451767 -0.007809986360371113
v 0.01806069165468216 0.049330778419971466 0.0021210184786468744
v 0.017627228051424026 0.061596743762493134 0.00015834299847483635
v 0.010695112869143486 0.057395681738853455 0.00255428534001112
v 0.004473009146749973 0.06325914710760117 0.00002770123683148995
v 0.01193615049123764 0.063102126121521 0.00018778066441882402
v 0.01193615049123764 0.063102126121521 0.00018778066441882402
v 0.004895481280982494 0.06159575283527374 -0.0071284654550254345
v 0.004895481280982494 0.06159575283527374 -0.0071284654550254345
v 0.011936395429074764 0.063102126121521 -0.0003830823698081076
v 0.011936395429074764 0.063102126121521 -0.0003830823698081076
v 0.005417241249233484 0.04933609068393707 -0.007958777248859406
v 0.010687983594834805 0.05739571899175644 -0.002618813421577215
v -0.018563373014330864 0.04933115839958191 -0.0019205939024686813
v -0.018134525045752525 0.06159675866365433 -0.0003009615757036954
v -0.010751287452876568 0.05739571899175644 -0.002491530729457736
v -0.018311887979507446 0.06326181441545486 0.00011902382539119571
v -0.011992660351097584 0.06310214102268219 -0.00016652923659421504
v -0.011992660351097584 0.06310214102268219 -0.00016652923659421504
v -0.004763765726238489 0.06159575283527374 0.007064114324748516
v -0.004763765726238489 0.06159575283527374 0.007064114324748516
v -0.011992711573839188 0.0631021037697792 0.00040342885768041015
v -0.011992711573839188 0.0631021037697792 0.00040342885768041015
v -0.005409688223153353 0.04933568090200424 0.007897953502833843
v -0.0107627734541893 0.057395681738853455 0.002647620625793934
v 0.004430777858942747 0.06326070427894592 0.005736735183745623
v 0.007719163782894611 0.0632052794098854 0.0012287689605727792
v 0.0077196769416332245 0.0632052794098854 -0.0012272450840100646
v 0.004432447254657745 0.06326072663068771 -0.0058260285295546055
v -0.004286165349185467 0.06326072663068771 -0.005769400391727686
v -0.007570803165435791 0.0632052794098854 -0.0011277251178398728
v -0.007571188732981682 0.0632052794098854 0.0013275699457153678
v -0.004287706222385168 0.06326070427894592 0.005792644340544939
v 0.00007040036143735051 0.06312070786952972 0.00848238356411457
v 0.00007040036143735051 0.06312070786952972 0.00848238356411457
v 0.008067530579864979 0.06310398131608963 0.0023760150652378798
v 0.009539513848721981 0.06318215280771255 -0.000004838628228753805
v 0.008068222552537918 0.06310402601957321 -0.0024262121878564358
v 0.00007195892976596951 0.06312074512243271 -0.008667360059916973
v 0.00007195892976596951 0.06312074512243271 -0.008667360059916973
v -0.007932038977742195 0.06310402601957321 -0.0023211941588670015
v -0.009410570375621319 0.06318215280771255 0.0001231962232850492
v -0.007932460866868496 0.06310398131608963 0.0024796670768409967
v -0.019037943333387375 0.025090955197811127 0.009372279979288578
v -0.013130571693181992 0.0376552939414978 0.006926351226866245
v 0.008700884878635406 0.02510964870452881 0.01265899371355772
v 0.01273963414132595 0.03765515983104706 0.007127214223146439
v 0.018084874376654625 0.02509244903922081 -0.010649623349308968
v 0.012567254714667797 0.03765643760561943 -0.00756908068433404
v -0.008716998621821404 0.025111757218837738 -0.011706264689564705
v -0.0127883180975914 0.03765648975968361 -0.006736792623996735
v 0.00007155211642384529 0.06329366564750671 -0.002279793145135045
v 0.00007218343671411276 0.06329366564750671 -0.006463412661105394
v 0.00001735851401463151 -0.0902397483587265 0.017096802592277527
v 0.00001735851401463151 -0.0902397483587265 0.017096802592277527
v 0.000017281738109886646 -0.08970752358436584 0.017207283526659012
v -0.02563253417611122 0.018646493554115295 0.008872658014297485
v -0.024706963449716568 0.009098732843995094 0.010591620579361916
v -0.047645874321460724 0.018274959176778793 0.0001583662669872865
v -0.04764600098133087 0.008732128888368607 0.0005308724357746542
v -0.048262737691402435 0.02400161698460579 0.0004976547788828611
v -0.048676639795303345 0.02400161698460579 0.00036912952782586217
v -0.048676639795303345 0.02400161698460579 0.00036912952782586217
v -0.04764586687088013 0.018274959176778793 0.00069030886515975
v -0.047645993530750275 0.008732117712497711 0.001062815310433507
v -0.0482330322265625 -0.037700898945331573 -0.00016841053729876876
v -0.04866912215948105 -0.037700898945331573 -0.00004565516428556293
v -0.04866912215948105 -0.037700898945331573 -0.00004565516428556293
v -0.026047252118587494 0.05982773005962372 0.00040785386227071285
v -0.026050657033920288 0.05377037823200226 0.0009145052754320204
v -0.048258259892463684 -0.07647646218538284 -0.0009672041051089764
v -0.04866331070661545 -0.07648994028568268 -0.0008949878392741084
v -0.04866331070661545 -0.07648994028568268 -0.0008949878392741084
v -0.023969069123268127 -0.08753830194473267 -0.013387220911681652
v -0.02409350872039795 -0.08112812787294388 -0.013313723728060722
v -0.04091332107782364 0.06158394366502762 0.0003733221674337983
v -0.03970090299844742 0.061583928763866425 0.00037329376209527254
v -0.041162244975566864 0.06264165788888931 0.0003263097023591399
v -0.04118473082780838 0.06334679573774338 0.00019287124450784177
v -0.04118473082780838 0.06334679573774338 0.00019287124450784177
v -0.026101065799593925 0.06262173503637314 -0.00010909399134106934
v -0.02611451968550682 0.06332023441791534 0.00003466172347543761
v -0.02611451968550682 0.06332023441791534 0.00003466172347543761
v -0.04052677005529404 -0.037694863975048065 0.0005794060998596251
v -0.03932596743106842 -0.0376664400100708 0.0016851205145940185
v -0.03932596743106842 -0.0376664400100708 0.0016851205145940185
v -0.041116900742053986 0.018274959176778793 0.0004949033609591424
v -0.041117578744888306 0.008732128888368607 0.0004998741787858307
v -0.04087943583726883 0.024001624435186386 -0.0003443578607402742
v -0.039667800068855286 0.024001698940992355 -0.0009495451231487095
v -0.04078363627195358 -0.031052537262439728 -0.00028967816615477204
v -0.040844209492206573 -0.022944819182157516 -0.0002896784571930766
v -0.028942497447133064 -0.037332382053136826 -0.009690274484455585
v -0.035737812519073486 -0.037525590509176254 -0.004656403791159391
v -0.02436302788555622 -0.03086978942155838 -0.011719715781509876
v -0.024397602304816246 -0.022944776341319084 -0.011109634302556515
v -0.028463415801525116 -0.0890917107462883 0.010663251392543316
v -0.035177648067474365 -0.08922760933637619 0.005206238478422165
v -0.035177648067474365 -0.08922760933637619 0.005206238478422165
v -0.04033178836107254 -0.08296055346727371 0.0004998770309612155
v -0.04016399383544922 -0.08855101466178894 0.00047275377437472343
v -0.040164247155189514 -0.08854863047599792 -0.00026310759130865335
v -0.04033207893371582 -0.08295556157827377 -0.0002896773803513497
v -0.03988172113895416 -0.08943970501422882 -0.0003191832220181823
v -0.03872022032737732 -0.0893029272556305 -0.0014179800637066364
v -0.03872022032737732 -0.0893029272556305 -0.0014179800637066364
v -0.04698478430509567 0.06005238741636276 -0.00015852594515308738
v -0.04751229286193848 0.058805398643016815 -0.000158606912009418
v -0.04700110852718353 0.06115821748971939 -0.00010687414032872766
v -0.04727412015199661 0.06163249909877777 0.00003578472387744114
v -0.04727412015199661 0.06163249909877777 0.00003578472387744114
v -0.046984799206256866 0.06005238741636276 0.0003734159981831908
v -0.04751229286193848 0.05880536884069443 0.0003733342746272683
v -0.04622273147106171 0.060928069055080414 0.00037344719748944044
v -0.045286111533641815 0.06157536804676056 0.00037342641735449433
v -0.046607114374637604 0.024001624435186386 -0.000060142781876493245
v -0.04406162351369858 0.024001624435186386 -0.00015068784705363214
v -0.04195571690797806 0.0616573765873909 0.00037333928048610687
v -0.04135698080062866 0.06158394366502762 0.00037332961801439524
v -0.04243827611207962 0.06271511316299438 -0.00010708877380238846
v -0.04247916489839554 0.06334679573774338 0.000035369739634916186
v -0.04247916489839554 0.06334679573774338 0.000035369739634916186
v -0.041356973350048065 0.06158394366502762 -0.00015864757006056607
v -0.041955702006816864 0.061657391488552094 -0.00015862841974012554
v -0.04182012379169464 -0.03770089149475098 0.0004173647612333298
v -0.04096635431051254 -0.037699684500694275 0.0004521567025221884
v -0.042953141033649445 0.018274959176778793 0.0004797821748070419
v -0.042953744530677795 0.008732128888368607 0.0005488990573212504
v -0.04132280498743057 0.024001624435186386 0.0004471839056350291
v -0.04215780645608902 0.024001624435186386 0.00043222674867138267
v -0.04215780645608902 0.024001624435186386 -0.00019825379422400147
v -0.04132281243801117 0.024001624435186386 -0.00023699062876403332
v -0.04266569763422012 -0.031054239720106125 -0.00018393965729046613
v -0.04271790385246277 -0.022944819182157516 -0.0001275395625270903
v -0.040966376662254333 -0.03769919276237488 -0.00024195871083065867
v -0.04182012379169464 -0.037700898945331573 -0.00021311518503353
v -0.04148545116186142 -0.07872685045003891 0.00035778689198195934
v -0.040645673871040344 -0.07705219835042953 0.0004521578084677458
v -0.04064580053091049 -0.07705000787973404 -0.00024195780861191452
v -0.04148545116186142 -0.07872685045003891 -0.00027269270503893495
v -0.04142952710390091 -0.08992339670658112 0.0001529293949715793
v -0.041433826088905334 -0.09024269878864288 -0.0000032977259252220392
v -0.041433826088905334 -0.09024269878864288 -0.0000032977259252220392
v -0.04096478223800659 -0.08938875794410706 0.00030723330564796925
v -0.040338777005672455 -0.08944691717624664 0.00038765929639339447
v -0.04013478755950928 -0.09002659469842911 0.00032672390807420015
v -0.040162742137908936 -0.09024269878864288 0.00016731767391320318
v -0.040936268866062164 -0.09024269878864288 0.00001745295594446361
v -0.0403306782245636 -0.09024269878864288 0.00009012850932776928
v -0.039840467274188995 -0.0902397483587265 -0.0001245364546775818
v -0.039840467274188995 -0.0902397483587265 -0.0001245364546775818
v -0.03993901610374451 -0.09002572298049927 -0.0001916509063448757
v -0.039777204394340515 -0.09023532271385193 -0.00014644389739260077
v -0.03965194523334503 -0.09023323655128479 -0.00022794309188611805
v -0.02385980263352394 -0.0902397483587265 -0.013243715278804302
v -0.02385980263352394 -0.0902397483587265 -0.013243715278804302
v -0.023888371884822845 -0.0897018164396286 -0.013329818844795227
v -0.03981886804103851 -0.0902397483587265 0.00035128335002809763
v -0.03981886804103851 -0.0902397483587265 0.00035128335002809763
v -0.03993833810091019 -0.0900261178612709 0.0004034009762108326
v -0.0398545041680336 -0.09023532271385193 0.00025950686540454626
v -0.039893195033073425 -0.09023532271385193 0.00014771471614949405
v -0.040044791996479034 -0.09024269878864288 0.00009553901327308267
v -0.039919786155223846 -0.0902397483587265 0.00009858990961220115
v -0.02385980263352394 -0.0902397483587265 0.013020524755120277
v -0.02385980263352394 -0.0902397483587265 0.013020524755120277
v -0.023886745795607567 -0.0897565707564354 0.01311546191573143
v -0.02839922532439232 -0.09023532271385193 0.010493220761418343
v -0.035109683871269226 -0.09023532271385193 0.0050366949290037155
v -0.0400494784116745 -0.0856400802731514 -0.00009957521979231387
v -0.040000833570957184 -0.08688212931156158 -0.00008731993875699118
v -0.040000833570957184 -0.08688212931156158 -0.00008731993875699118
v -0.023992251604795456 -0.08631811290979385 -0.01316654309630394
v -0.023916566744446754 -0.08843600749969482 -0.013171564787626266
v -0.039893195033073425 -0.09023532271385193 0.00005231332761468366
v -0.039869993925094604 -0.09023532271385193 -0.00004305147012928501
v -0.04009057581424713 -0.08647819608449936 0.00009711609163787216
v -0.03996620327234268 -0.08857821673154831 0.00010148175351787359
v -0.023992249742150307 -0.08631808310747147 0.012931855395436287
v -0.023916564881801605 -0.08843598514795303 0.012936870567500591
v -0.04000597447156906 -0.08631933480501175 0.0003047626232728362
v -0.04000597447156906 -0.08631933480501175 0.0003047626232728362
v -0.03988196700811386 -0.088436558842659 0.0003074595588259399
v -0.03988196700811386 -0.088436558842659 0.0003074595588259399
v -0.04291349649429321 0.06195119768381119 -0.00015860045095905662
v -0.04410688579082489 0.06193479895591736 -0.0001585640711709857
v -0.04648871719837189 -0.03770089149475098 0.0003654728061519563
v -0.04381068795919418 -0.03770089149475098 0.0004054612363688648
v -0.04406162351369858 0.024001624435186386 0.00047977862413972616
v -0.046607114374637604 0.02400161698460579 0.0005309084663167596
v -0.043810680508613586 -0.037700898945331573 -0.00022500459454022348
v -0.04648871719837189 -0.037700898945331573 -0.00022557814372703433
v -0.04663803428411484 -0.07642253488302231 -0.00024689192650839686
v -0.04402057081460953 -0.07827077060937881 0.00007577221549581736
v -0.04402057081460953 -0.07827077805995941 -0.000554691709112376
v -0.04663803428411484 -0.0764225497841835 -0.0008379426435567439
v -0.04749157279729843 -0.08849675208330154 -0.0009050244116224349
v -0.04749157279729843 -0.08849675208330154 -0.0009050244116224349
v -0.04749157279729843 -0.08849675208330154 -0.0009050244116224349
v -0.047185443341732025 -0.08830070495605469 -0.0006963087362237275
v -0.04625862091779709 -0.0884336605668068 -0.0005662096664309502
v -0.04498576372861862 -0.08909455686807632 -0.0005065195146016777
v -0.046922340989112854 -0.08894441276788712 -0.000986418453976512
v -0.04545550048351288 -0.08970707654953003 -0.0009170864359475672
v -0.04177563637495041 -0.08534872531890869 0.00027975341072306037
v -0.04141233116388321 -0.08864619582891464 0.00026829109992831945
v -0.047762952744960785 -0.08177006989717484 -0.0005037023220211267
v -0.04776077717542648 -0.08589541167020798 -0.0005663331830874085
v -0.047185443341732025 -0.08830071240663528 -0.0011297446908429265
v -0.04749157279729843 -0.08849675208330154 -0.00106263707857579
v -0.04749157279729843 -0.08849675208330154 -0.00106263707857579
v -0.04749157279729843 -0.08849675208330154 -0.00106263707857579
v -0.047762952744960785 -0.08177008479833603 -0.0010356446728110313
v -0.04776077717542648 -0.08589542657136917 -0.001098275650292635
v -0.042024753987789154 -0.08953727036714554 -0.00046156306052580476
v -0.04345128685235977 -0.08947842568159103 -0.0008020771783776581
v -0.041412338614463806 -0.08864619582891464 -0.00032277958234772086
v -0.0417756512761116 -0.08534872531890869 -0.00035072077298536897
v -0.04033885896205902 -0.089446522295475 -0.0001832684938563034
v -0.04096478968858719 -0.08938875794410706 -0.00022473478747997433
v -0.040162742137908936 -0.09024269878864288 0.00002121637953678146
v -0.040134914219379425 -0.09002640098333359 -0.0001259156852029264
v -0.04143383353948593 -0.09024269878864288 -0.0001609163882676512
v -0.04143383353948593 -0.09024269878864288 -0.0001609163882676512
v -0.04142952710390091 -0.08992339670658112 -0.0002805221010930836
v 0.00001697277184575796 -0.0875667929649353 0.017207995057106018
v 0.00000775262014940381 -0.08118510991334915 0.017148718237876892
v -0.03984389454126358 -0.09002868086099625 -0.000060635851696133614
v -0.03983238339424133 -0.09022796154022217 -0.00007439665932906792
v -0.03983238339424133 -0.09022796154022217 -0.00007439665932906792
v -0.02386512979865074 -0.08985776454210281 -0.013171883299946785
v -0.02385343611240387 -0.09022796154022217 -0.013186313211917877
v -0.02385343611240387 -0.09022796154022217 -0.013186313211917877
v -0.03988737612962723 -0.08988620340824127 0.00010095180186908692
v -0.039877526462078094 -0.09022796154022217 0.0001001609634840861
v -0.039877526462078094 -0.09022796154022217 0.0001001609634840861
v -0.023865126073360443 -0.08985776454210281 0.012937186285853386
v -0.02385343424975872 -0.09022796154022217 0.012953915633261204
v -0.02385343424975872 -0.09022796154022217 0.012953915633261204
v -0.039796508848667145 -0.08985787630081177 0.0003073389525525272
v -0.039796508848667145 -0.08985787630081177 0.0003073389525525272
v -0.03978332132101059 -0.09022796154022217 0.0003160554333589971
v -0.03978332132101059 -0.09022796154022217 0.0003160554333589971
v -0.03978332132101059 -0.09022796154022217 0.0003160554333589971
v 0.00001679948763921857 -0.08843410760164261 -0.01746867224574089
v 0.00001614447683095932 -0.08631394058465958 -0.01746261864900589
v -0.028434664011001587 -0.08932182192802429 -0.01058414950966835
v -0.03514505922794342 -0.08932257443666458 -0.004939842503517866
v -0.03514505922794342 -0.08932257443666458 -0.004939842503517866
v -0.03988851606845856 -0.08965139836072922 -0.000020667906937887892
v -0.03991284966468811 -0.08946359157562256 0.00005963080911897123
v -0.03973608464002609 -0.08932194113731384 0.0003852930967696011
v -0.03867153823375702 -0.08932194113731384 0.0014151562936604023
v -0.03867153823375702 -0.08932194113731384 0.0014151562936604023
v -0.03991967439651489 -0.08935026824474335 0.00014350908168125898
v -0.03988432139158249 -0.08932194113731384 0.00024332253087777644
v 0.0000702317338436842 0.06329364329576492 0.00642832275480032
v 0.00007077463669702411 0.06329366564750671 0.0023624547757208347
v -0.02611452341079712 0.06332023441791534 0.00019464957586023957
v -0.02611452341079712 0.06332023441791534 0.00019464957586023957
v -0.026101073250174522 0.06262174993753433 0.00033087265910580754
v -0.04118473082780838 0.06334679573774338 0.00003524728526826948
v -0.04118473082780838 0.06334679573774338 0.00003524728526826948
v -0.04116223752498627 0.06264165788888931 -0.00010715617099776864
v -0.04247917979955673 0.06334679573774338 0.00019298835832159966
v -0.04247917979955673 0.06334679573774338 0.00019298835832159966
v -0.042438313364982605 0.0627150908112526 0.00032636255491524935
v -0.04141350835561752 0.06334679573774338 0.00011497913510538638
v -0.04203076660633087 0.06334679573774338 0.00011504192661959678
v -0.047274135053157806 0.06163249909877777 0.0001933965104399249
v -0.047274135053157806 0.06163249909877777 0.0001933965104399249
v -0.04700113832950592 0.06115821748971939 0.00032655958784744143
v -0.043060727417469025 0.06334679573774338 0.00011514652578625828
v -0.04442852735519409 0.06324649602174759 0.00011529467883519828
v -0.0476720854640007 0.06112184375524521 0.00011543513392098248
v -0.0482792854309082 0.05969632416963577 0.00011507701128721237
v -0.048676639795303345 0.02400161698460579 0.00021151827240828425
v -0.048676639795303345 0.02400161698460579 0.00021151827240828425
v -0.048262737691402435 0.02400161698460579 0.0000642219529254362
v -0.04866912215948105 -0.037700898945331573 0.0001119561493396759
v -0.04866912215948105 -0.037700898945331573 0.0001119561493396759
v -0.0482330396771431 -0.03770089149475098 0.00026502221589908004
v -0.048677124083042145 0.018274959176778793 0.0004777276189997792
v -0.04867713898420334 0.008732117712497711 0.0009168852702714503
v -0.04866331070661545 -0.07648993283510208 -0.0007373763364739716
v -0.04866331070661545 -0.07648993283510208 -0.0007373763364739716
v -0.048258259892463684 -0.07647646218538284 -0.0005337708862498403
v -0.04866218566894531 -0.0818374827504158 -0.0009197287727147341
v -0.04861077666282654 -0.08608313649892807 -0.00098694849293679
v -0.03997477889060974 -0.08526233583688736 -0.00016684405272826552
v -0.038895219564437866 -0.08544159680604935 -0.0012223449302837253
v -0.040170036256313324 -0.0850624069571495 0.000048376481572631747
v -0.040138162672519684 -0.0849703997373581 -0.00003567336898413487
v -0.040138162672519684 -0.0849703997373581 -0.00003567336898413487
v -0.028598926961421967 -0.08543778210878372 0.010441526770591736
v -0.035357020795345306 -0.08543839305639267 0.004987039137631655
v -0.035357020795345306 -0.08543839305639267 0.004987039137631655
v -0.04010944068431854 -0.08543839305639267 0.00023823777155485004
v -0.04014827311038971 -0.08542347699403763 0.00013819026935379952
v 0.00007104896940290928 0.059834353625774384 -0.009006235748529434
v 0.00006660533836111426 0.05381191521883011 -0.009093569591641426
v -0.04095795750617981 0.05372890084981918 -0.00021512317471206188
v -0.041072286665439606 0.05982109159231186 -0.00018955377163365483
v -0.02604018896818161 0.05377048999071121 -0.0007118080975487828
v -0.02604725770652294 0.05982773005962372 -0.00019210083701182157
v -0.0423576757311821 0.055501192808151245 0.00042033230420202017
v -0.04227481782436371 0.06018833816051483 0.0004015386220999062
v -0.04235764592885971 0.055501192808151245 -0.0002101415884681046
v -0.04227477312088013 0.060188353061676025 -0.00018953188555315137
v -0.040957964956760406 0.05372890084981918 0.00042531389044597745
v -0.0410722941160202 0.05982109159231186 0.000401536060962826
v -0.04116002470254898 0.04917401820421219 -0.00021512083185371011
v -0.04195808619260788 0.050134383141994476 -0.00021014398953411728
v -0.04071846604347229 0.04917401820421219 0.000445197569206357
v -0.039511777460575104 0.04917401820421219 0.0005571426008827984
v -0.04195809364318848 0.050134383141994476 0.00042033533100038767
v -0.04116002470254898 0.04917401820421219 0.00042531220242381096
v -0.048289746046066284 0.04851507395505905 -0.00010862849012482911
v -0.04867246747016907 0.048563070595264435 0.000032274598197545856
v -0.04867246747016907 0.048563070595264435 0.000032274598197545856
v -0.048289746046066284 0.04851507395505905 0.0003248045686632395
v -0.04867246747016907 0.048563070595264435 0.0001898860646178946
v -0.04867246747016907 0.048563070595264435 0.0001898860646178946
v -0.04429028183221817 0.04949737340211868 0.0004203276475891471
v -0.04675889015197754 0.04832308739423752 0.0004012195859104395
v -0.04429028183221817 0.04949737340211868 -0.0002101361460518092
v -0.04675889015197754 0.04832310229539871 -0.0001898310729302466
v -0.043889500200748444 -0.08541762828826904 -0.000021423638827400282
v -0.045960932970047 -0.08751656860113144 -0.0003943907795473933
v -0.04345126450061798 -0.08947842568159103 -0.0002701226621866226
v -0.04202474653720856 -0.08953727036714554 0.00007039660704322159
v -0.04287312924861908 -0.08592052012681961 0.000060716018197126687
v -0.04380754381418228 -0.08861981332302094 -0.0002637110010255128
v -0.04758129268884659 -0.08678875863552094 -0.0005665207863785326
v -0.04714607447385788 -0.08762013912200928 -0.0005665893550030887
v -0.04430500417947769 -0.08430361747741699 -0.000020055696950294077
v -0.04675615578889847 -0.08607922494411469 -0.0003943699994124472
v -0.04841042309999466 -0.08708036690950394 -0.0009877769043669105
v -0.04791298508644104 -0.08803630620241165 -0.0009880828438326716
v -0.048179611563682556 -0.08648504316806793 -0.0006961968028917909
v -0.048535481095314026 -0.08658649772405624 -0.0009047976927831769
v -0.04758129268884659 -0.08678877353668213 -0.001098464010283351
v -0.04714607447385788 -0.08762015402317047 -0.001098533859476447
v -0.048535481095314026 -0.08658650517463684 -0.00106240960303694
v -0.048535481095314026 -0.08658650517463684 -0.00106240960303694
v -0.048179611563682556 -0.08648505806922913 -0.0011296303709968925
v -0.04675615578889847 -0.08607923984527588 -0.0009854206582531333
v -0.04430500417947769 -0.08430362492799759 -0.0006505185156129301
v -0.045960932970047 -0.08751657605171204 -0.0009854440577328205
v -0.04388950765132904 -0.08541762828826904 -0.0006518879672512412
v -0.043742574751377106 -0.09013557434082031 -0.0006501402240246534
v -0.04210115224123001 -0.09024269878864288 -0.00025141885271295905
v -0.044453829526901245 -0.08970387279987335 -0.0005357498303055763
v -0.044615402817726135 -0.08997488766908646 -0.0007344975601881742
v -0.044985778629779816 -0.08909455686807632 -0.0010384698398411274
v -0.046258628368377686 -0.08843366801738739 -0.0010981566738337278
v -0.04461541026830673 -0.08997488766908646 -0.0008921126718632877
v -0.04461541026830673 -0.08997488766908646 -0.0008921126718632877
v -0.044453851878643036 -0.08970387279987335 -0.0009691920131444931
v -0.04380756616592407 -0.08861981332302094 -0.0008547707693651319
v -0.04287314414978027 -0.08592052012681961 -0.0005697518354281783
v -0.04590911418199539 0.05926115810871124 0.00040156999602913857
v -0.04409681260585785 0.05566064268350601 0.0004203268908895552
v -0.04410702735185623 0.06193479895591736 0.00037339009577408433
v -0.04291357100009918 0.06195119768381119 0.00037335907109081745
v -0.04329954832792282 0.05618409812450409 0.0004203289863653481
v -0.04428534209728241 0.06035708636045456 0.0004015594022348523
v -0.047794416546821594 0.056638047099113464 0.0003732416080310941
v -0.04782284051179886 0.052267029881477356 0.0003729352611117065
v -0.04452653229236603 0.054246388375759125 0.0004203264834359288
v -0.04681149870157242 0.05698610842227936 0.0004015082377009094
v -0.048594214022159576 0.05727698653936386 0.0001146679132943973
v -0.04867233335971832 0.05250701308250427 0.00011331784480717033
v -0.048143357038497925 0.058313220739364624 0.0003262534737586975
v -0.04847633093595505 0.058645009994506836 0.00019278503896202892
v -0.04847633093595505 0.058645009994506836 0.00019278503896202892
v -0.047794416546821594 0.056638069450855255 -0.00015869986964389682
v -0.04782284051179886 0.05226703733205795 -0.00015900674043223262
v -0.04847633093595505 0.05864502489566803 0.00003517376899253577
v -0.04847633093595505 0.05864502489566803 0.00003517376899253577
v -0.048143357038497925 0.05831325799226761 -0.0001071789301931858
v -0.04681149870157242 0.05698612332344055 -0.0001895409368444234
v -0.04452652484178543 0.05424640327692032 -0.00021013554942328483
v -0.045909084379673004 0.05926115810871124 -0.0001894808083306998
v -0.04409679025411606 0.05566064268350601 -0.00021013618970755488
v -0.04574471712112427 0.06284525990486145 0.00011546543100848794
v -0.04682137817144394 0.06209936738014221 0.00011556666868273169
v -0.04682137817144394 0.06209936738014221 0.00011556666868273169
v -0.044951051473617554 0.06254822015762329 0.00032648997148498893
v -0.045117445290088654 0.06309602409601212 0.00019325104949530214
v -0.045117445290088654 0.06309602409601212 0.00019325104949530214
v -0.04528598487377167 0.06157536804676056 -0.0001585227728355676
v -0.04622265696525574 0.060928069055080414 -0.0001584974816069007
v -0.04511738568544388 0.06309603899717331 0.00003563621430657804
v -0.04511738568544388 0.06309603899717331 0.00003563621430657804
v -0.04495091736316681 0.06254824250936508 -0.00010695151286199689
v -0.04428520053625107 0.06035708636045456 -0.00018949969671666622
v -0.043299488723278046 0.05618409812450409 -0.00021013834339100868
v 0.02357430011034012 -0.030914844945073128 0.013211061246693134
v 0.023590000346302986 -0.02294483594596386 0.01306887250393629
v -0.00011556578101590276 0.0190170519053936 0.014744856394827366
v -0.00014440598897635937 0.009464964270591736 0.015632014721632004
v 0.04824572056531906 -0.0372295007109642 -0.0003114065621048212
v 0.048668526113033295 -0.03719807788729668 -0.0005527103785425425
v 0.04761546105146408 -0.030205726623535156 -0.0001967118150787428
v 0.047624580562114716 -0.021247796714305878 -0.0004803761257790029
v 0.04867636412382126 0.024001624435186386 -0.0007210565963760018
v 0.04867636412382126 0.024001624435186386 -0.0007210565963760018
v 0.04827211797237396 0.024001624435186386 -0.0005243950290605426
v 0.048669904470443726 -0.03004859760403633 -0.0008350171847268939
v 0.04867279529571533 -0.02093352936208248 -0.001418307307176292
v 0.02520664781332016 0.053770363330841064 0.0007786292699165642
v 0.025209300220012665 0.05982773005962372 0.00002841171226464212
v 0.00007102853851392865 0.059834353625774384 0.008867149241268635
v 0.00006181607022881508 0.05381173640489578 0.009052153676748276
v 0.04821159690618515 -0.07647646218538284 -0.00179643917363137
v 0.048591405153274536 -0.07648994028568268 -0.0020732274278998375
v 0.000017043552361428738 -0.08717271685600281 -0.017649445682764053
v 0.000007892900612205267 -0.08039695769548416 -0.017545420676469803
v 0.025260932743549347 0.06262174993753433 -0.0001866165839601308
v 0.02527386136353016 0.06332023441791534 -0.000357450102455914
v 0.02527386136353016 0.06332023441791534 -0.000357450102455914
v 0.04099909961223602 0.0633467584848404 0.00011492248449940234
v 0.03959157317876816 0.0633467584848404 0.00006629436393268406
v 0.04126919060945511 0.0633467584848404 0.00019286615133751184
v 0.04126919060945511 0.0633467584848404 0.00019286615133751184
v 0.04124674201011658 0.06264162063598633 0.00032630719942972064
v 0.029008809477090836 0.06157995015382767 -0.000039913349610287696
v 0.03557634353637695 0.061583928763866425 0.0001686531468294561
v 0.040924616158008575 0.024001631885766983 0.0006145031074993312
v 0.03951992094516754 0.024001602083444595 0.0013355950359255075
v 0.04091469943523407 -0.031052496284246445 0.0005354042514227331
v 0.04095609486103058 -0.022944819182157516 0.0005354031454771757
v 0.024699198082089424 0.018647558987140656 -0.01011440809816122
v 0.023850729689002037 0.009099369868636131 -0.010902727954089642
v 0.040630780160427094 -0.037688568234443665 -0.0004402621416375041
v 0.03923920542001724 -0.03764163702726364 -0.0015013501979410648
v 0.04121840000152588 0.018274959176778793 -0.00031801691511645913
v 0.04122089594602585 0.008732117712497711 -0.0003252070746384561
v 0.029024774208664894 0.024080704897642136 -0.00746068125590682
v 0.03556109219789505 0.024001970887184143 -0.0037772427313029766
v 0.023446647450327873 -0.08776360750198364 0.013800784014165401
v 0.023543106392025948 -0.08157873898744583 0.013753507286310196
v 0.04056239873170853 -0.0885484516620636 0.0005044443532824516
v 0.04070708900690079 -0.08295517414808273 0.0005354047752916813
v 0.04022599756717682 -0.0894395187497139 0.0006007479969412088
v 0.038869164884090424 -0.0893097072839737 0.0018015720415860415
v 0.025209130719304085 0.05982773005962372 -0.0005717735039070249
v 0.025200963020324707 0.05377046763896942 -0.001032759202644229
v 0.040751755237579346 0.04917401820421219 -0.0002461089752614498
v 0.03935278207063675 0.04917403310537338 -0.00040789542254060507
v 0.04115690290927887 0.05982109159231186 -0.00018955435371026397
v 0.041043832898139954 0.05372890084981918 -0.0002173438115278259
v 0.04094332456588745 0.061583928763866425 -0.00015866351895965636
v 0.03953772038221359 0.061583928763866425 -0.00019960412464570254
v 0.02798296883702278 -0.08894991129636765 -0.011405888944864273
v 0.03500072658061981 -0.08915401250123978 -0.005557832773774862
v 0.03500072658061981 -0.08915401250123978 -0.005557832773774862
v 0.04070751368999481 -0.08294796198606491 -0.00032520375680178404
v 0.040562599897384644 -0.08854498714208603 -0.00029567035380750895
v 0.04867496341466904 0.030415792018175125 -0.000715526519343257
v 0.04867195338010788 0.04321853816509247 -0.0002999973949044943
v 0.04416755586862564 0.024001624435186386 -0.000491370796225965
v 0.04665511101484299 0.024001624435186386 -0.0008096458041109145
v 0.042169831693172455 0.06334677338600159 0.00011504192661959678
v 0.041530728340148926 0.06334677338600159 0.00011497687955852598
v 0.042577385902404785 0.0627150908112526 0.00032636255491524935
v 0.04261825978755951 0.06334677338600159 0.00019298835832159966
v 0.04261825978755951 0.06334677338600159 0.00019298835832159966
v 0.04147423803806305 0.061583928763866425 0.000373329094145447
v 0.04209478944540024 0.0616573765873909 0.00037333928048610687
v 0.04230233281850815 0.024001624435186386 0.00036408938467502594
v 0.04145517945289612 0.024001624435186386 0.0004591740434989333
v 0.042821891605854034 -0.03089711256325245 0.0003162361099384725
v 0.04285823553800583 -0.02263055555522442 0.000263592810370028
v 0.04115653038024902 -0.03769915550947189 0.00046636868501082063
v 0.04201861470937729 -0.03766947239637375 0.0003789369366131723
v 0.042018622159957886 -0.03766947239637375 -0.0003013518580701202
v 0.04115656763315201 -0.03769843280315399 -0.0002561686560511589
v 0.04308479279279709 0.018274959176778793 -0.0003379733534529805
v 0.043086938560009 0.008732117712497711 -0.0002740558120422065
v 0.041455186903476715 0.024001624435186386 -0.00024898102856241167
v 0.04230233281850815 0.024001624435186386 -0.000266390125034377
v 0.0410270169377327 -0.07704984396696091 0.00046636885963380337
v 0.0418601855635643 -0.07873062044382095 0.0002635883865877986
v 0.04209446161985397 0.050134383141994476 -0.0002177618007408455
v 0.041280150413513184 0.04917401820421219 -0.00021734136680606753
v 0.0424138605594635 0.06018833816051483 -0.00018953188555315137
v 0.042493388056755066 0.055501192808151245 -0.00021264608949422836
v 0.042094774544239044 0.0616573765873909 -0.00015862839063629508
v 0.04147423058748245 0.061583928763866425 -0.00015864807937759906
v 0.0418601855635643 -0.07873062044382095 -0.00036689016269519925
v 0.04102719575166702 -0.07704667001962662 -0.0002561678411439061
v 0.041156917810440063 0.05982109159231186 0.0004015354788862169
v 0.04104384779930115 0.05372890084981918 0.00042753416346386075
v 0.028938544914126396 0.04919419437646866 0.0014246245846152306
v 0.03541010618209839 0.0491739884018898 0.0009237831109203398
v 0.040776632726192474 -0.09024269878864288 0.00009012865484692156
v 0.04138222336769104 -0.09024269878864288 -0.00008149885979946703
v 0.04060869663953781 -0.09024269878864288 0.00016731774667277932
v 0.04056783765554428 -0.09002639353275299 0.0003353215870447457
v 0.04077182710170746 -0.08944649249315262 0.0003962568589486182
v 0.04141073673963547 -0.08938875794410706 0.00021858869877178222
v 0.04187978059053421 -0.09024269878864288 -0.0002506774035282433
v 0.04187978059053421 -0.09024269878864288 -0.0002506774035282433
v 0.041875481605529785 -0.08992339670658112 -0.00008414298645220697
v 0.023375507444143295 -0.08968812227249146 -0.013968427665531635
v 0.023347198963165283 -0.0902397483587265 -0.013882322236895561
v 0.023347198963165283 -0.0902397483587265 -0.013882322236895561
v 0.027915548533201218 -0.09023532271385193 -0.011241008527576923
v 0.034930817782878876 -0.09023532271385193 -0.005388286430388689
v 0.040336765348911285 -0.09002512693405151 -0.000228668941417709
v 0.04021149128675461 -0.0902397483587265 -0.00017956981901079416
v 0.04021149128675461 -0.0902397483587265 -0.00017956981901079416
v 0.040365733206272125 -0.0902397483587265 0.00009859002602752298
v 0.04049074649810791 -0.09024269878864288 0.00009553915879223496
v 0.0403391495347023 -0.09023532271385193 0.00014771487622056156
v 0.04027912765741348 -0.09023532271385193 0.00027371791657060385
v 0.040336720645427704 -0.09002569317817688 0.0004350915551185608
v 0.04021149128675461 -0.0902397483587265 0.00038681074511259794
v 0.04021149128675461 -0.0902397483587265 0.00038681074511259794
v 0.040039047598838806 -0.09023532271385193 0.00048338889610022306
v 0.03877731412649155 -0.09023532271385193 0.0016471799463033676
v 0.02337380312383175 -0.0897468775510788 0.013754067942500114
v 0.023347197100520134 -0.0902397483587265 0.013659129850566387
v 0.023347197100520134 -0.0902397483587265 0.013659129850566387
v 0.02334081009030342 -0.09022796154022217 -0.013824918307363987
v 0.02334081009030342 -0.09022796154022217 -0.013824918307363987
v 0.023351965472102165 -0.08985776454210281 -0.013810488395392895
v 0.04007522761821747 -0.08932194113731384 -0.0002468536258675158
v 0.03882145881652832 -0.08932194113731384 -0.0014310015831142664
v 0.03882145881652832 -0.08932194113731384 -0.0014310015831142664
v 0.040175944566726685 -0.09022796154022217 -0.00014362797082867473
v 0.040175944566726685 -0.09022796154022217 -0.00014362797082867473
v 0.04018910229206085 -0.08985787630081177 -0.000134551984956488
v 0.04036734253168106 -0.08932194113731384 0.000059631114709191024
v 0.040308915078639984 -0.08932194113731384 -0.00005086357123218477
v 0.040308915078639984 -0.08932194113731384 -0.00005086357123218477
v 0.04032348096370697 -0.09022796154022217 0.00010016125452239066
v 0.04032348096370697 -0.09022796154022217 0.00010016125452239066
v 0.040335044264793396 -0.08985787630081177 0.00010095228208228946
v 0.04027912765741348 -0.09023532271385193 -0.00006860384019091725
v 0.0403391495347023 -0.09023532271385193 0.00005231347313383594
v 0.040175944566726685 -0.09022796154022217 0.00035158288665115833
v 0.040175944566726685 -0.09022796154022217 0.00035158288665115833
v 0.04018910229206085 -0.08985787630081177 0.00034286646405234933
v 0.027949705719947815 -0.08932182192802429 0.011072675697505474
v 0.03497486561536789 -0.08932193368673325 0.005414397921413183
v 0.02334081009030342 -0.09022796154022217 0.013592520728707314
v 0.02334081009030342 -0.09022796154022217 0.013592520728707314
v 0.023351971060037613 -0.08985776454210281 0.013575791381299496
v 0.00001735513797029853 -0.09022796154022217 0.01700856164097786
v 0.00001735513797029853 -0.09022796154022217 0.01700856164097786
v 0.00001724116737022996 -0.08985736966133118 0.01698615774512291
v 0.04241389036178589 0.06018833816051483 0.0004015386220999062
v 0.04249342530965805 0.055501192808151245 0.0004178277449682355
v 0.041280150413513184 0.04917401820421219 0.00042753247544169426
v 0.04209446907043457 0.050134383141994476 0.0004127173451706767
v 0.04695200175046921 0.06209936738014221 0.00011556675599422306
v 0.04695200175046921 0.06209936738014221 0.00011556675599422306
v 0.045883797109127045 0.06284525990486145 0.00011546550376806408
v 0.047119975090026855 0.06115821748971939 0.00032655958784744143
v 0.047392092645168304 0.06163249909877777 0.00019339642312843353
v 0.047392092645168304 0.06163249909877777 0.00019339642312843353
v 0.04542519152164459 0.06157536804676056 0.00037342641735449433
v 0.04635424166917801 0.060928069055080414 0.00037344719748944044
v 0.045256517827510834 0.06309602409601212 0.0001932510785991326
v 0.045256517827510834 0.06309602409601212 0.0001932510785991326
v 0.04509013146162033 0.06254824250936508 0.00032648997148498893
v 0.04665511101484299 0.024001624435186386 -0.0002185949997510761
v 0.044167548418045044 0.024001624435186386 0.00013909469998907298
v 0.04395608603954315 -0.03754376620054245 0.0002133188972948119
v 0.04655449092388153 -0.0373552069067955 -0.00005724136281060055
v 0.04655449092388153 -0.0373552106320858 -0.0011463809059932828
v 0.04395609349012375 -0.03754376992583275 -0.0006661913939751685
v 0.04761546105146408 -0.030205726623535156 -0.0018244488164782524
v 0.04762458801269531 -0.021247798576951027 -0.0032039068173617125
v 0.044225968420505524 -0.07827609032392502 -0.0004430952249094844
v 0.04669235646724701 -0.07642253488302231 -0.0012168275425210595
v 0.04679793864488602 0.04832310229539871 -0.0003304483834654093
v 0.04438304901123047 0.04949737340211868 -0.0002688875247258693
v 0.04783991724252701 0.052267029881477356 -0.0002280370972584933
v 0.04781993478536606 0.056638047099113464 -0.00015869998605921865
v 0.044622622430324554 0.05424640327692032 -0.00021775327331852168
v 0.04686478525400162 0.05698612332344055 -0.0001895408786367625
v 0.04669235646724701 -0.0764225497841835 -0.001807877328246832
v 0.044225968420505524 -0.07827609032392502 -0.0010735581163316965
v 0.04254710674285889 -0.09024269878864288 -0.0007461781497113407
v 0.04410543292760849 -0.09015407413244247 -0.0017386109102517366
v 0.042470693588256836 -0.08953727036714554 -0.00037282577250152826
v 0.04382278025150299 -0.08949499577283859 -0.0012245967518538237
v 0.04485362023115158 -0.09002111852169037 -0.00207034801132977
v 0.044700704514980316 -0.08974818140268326 -0.0018035717075690627
v 0.041858285665512085 -0.08864619582891464 0.00007244833977892995
v 0.04217395931482315 -0.0853540450334549 0.00006804929580539465
v 0.04408904165029526 -0.08865641802549362 -0.0012594156432896852
v 0.04317190498113632 -0.0859474167227745 -0.0004808281664736569
v 0.047242648899555206 -0.08822125941514969 -0.0025713136419653893
v 0.04784250259399414 -0.08717283606529236 -0.0025710081681609154
v 0.04662909358739853 -0.08849336951971054 -0.002201203955337405
v 0.046880804002285004 -0.08870019763708115 -0.0024882552679628134
v 0.04660932719707489 -0.08778198063373566 -0.0019642869010567665
v 0.04713086783885956 -0.08687160164117813 -0.001964217983186245
v 0.048076607286930084 -0.08663274347782135 -0.0024880291894078255
v 0.0477655827999115 -0.08652935922145844 -0.0022010914981365204
v 0.04217396676540375 -0.0853540450334549 -0.0005624238983727992
v 0.041858285665512085 -0.08864619582891464 -0.0005186218768358231
v 0.04382278770208359 -0.08949499577283859 -0.0017565512098371983
v 0.042470693588256836 -0.08953727036714554 -0.0009047851781360805
v 0.043171919882297516 -0.0859474167227745 -0.0011112949578091502
v 0.044089049100875854 -0.08865641802549362 -0.001850474625825882
v 0.04141073673963547 -0.08938875794410706 -0.0003133788122795522
v 0.04077186435461044 -0.08944592624902725 -0.00019229308236390352
v 0.040567852556705475 -0.0900261178612709 -0.0001353858970105648
v 0.04060869663953781 -0.09024269878864288 0.000021216685127001256
v 0.041875481605529785 -0.08992339670658112 -0.0005175941623747349
v 0.04187978059053421 -0.09024269878864288 -0.00040829600766301155
v 0.04187978059053421 -0.09024269878864288 -0.00040829600766301155
v 0.04470071196556091 -0.08974818140268326 -0.0022370133083313704
v 0.04485362768173218 -0.09002111852169037 -0.002227962715551257
v 0.04485362768173218 -0.09002111852169037 -0.002227962715551257
v 0.040308915078639984 -0.08932194113731384 0.00025753380032256246
v 0.040308915078639984 -0.08932194113731384 0.00025753380032256246
v 0.04036734253168106 -0.08932194113731384 0.00014350967830978334
v -0.00011597166303545237 -0.030796680599451065 -0.015858769416809082
v -0.00012583204079419374 -0.022944798693060875 -0.015612206421792507
v 0.00001735851401463151 -0.0902397483587265 -0.01753009483218193
v 0.00001735851401463151 -0.0902397483587265 -0.01753009483218193
v 0.00001729640644043684 -0.08962869644165039 -0.017601702362298965
v 0.00001723965397104621 -0.08985737711191177 -0.017470072954893112
v 0.00001735449768602848 -0.09022794663906097 -0.01748235896229744
v 0.00001735449768602848 -0.09022794663906097 -0.01748235896229744
v 0.023401355370879173 -0.08843600749969482 -0.01381017081439495
v 0.023473989218473434 -0.08631811290979385 -0.01380514819175005
v 0.028108546510338783 -0.08543778955936432 -0.01119160745292902
v 0.03517364710569382 -0.08543839305639267 -0.005338627845048904
v 0.03517364710569382 -0.08543839305639267 -0.005338627845048904
v 0.040274448692798615 -0.088436558842659 -0.00013443159696180373
v 0.040398284792900085 -0.08631933480501175 -0.00013152416795492172
v 0.04053390771150589 -0.08543839305639267 -0.00004496697511058301
v 0.04053390771150589 -0.08543839305639267 -0.00004496697511058301
v 0.040592364966869354 -0.08543839305639267 0.00006236294575501233
v 0.04042069613933563 -0.088436558842659 0.00010148224828299135
v 0.04054468870162964 -0.08631933480501175 0.00010194497008342296
v 0.040274448692798615 -0.088436558842659 0.00034298707032576203
v 0.04039829224348068 -0.08631933480501175 0.00034029007656499743
v 0.04030013084411621 -0.08543839305639267 0.00044817838352173567
v 0.039041049778461456 -0.08543839305639267 0.0016020424664020538
v 0.02340136468410492 -0.08843598514795303 0.01357547752559185
v 0.023473994806408882 -0.08631807565689087 0.013570462353527546
v 0.0000168013502843678 -0.08843405544757843 0.01698477193713188
v 0.000016145932022482157 -0.08631381392478943 0.016978736966848373
v 0.040592364966869354 -0.08543839305639267 0.00014240080781746656
v 0.040533922612667084 -0.08543839305639267 0.00025244877906516194
v 0.040533922612667084 -0.08543839305639267 0.00025244877906516194
v 0.025273889303207397 0.06332023441791534 -0.0005175305414013565
v 0.025273889303207397 0.06332023441791534 -0.0005175305414013565
v 0.025260955095291138 0.06262174993753433 -0.0006268145516514778
v 0.04124672710895538 0.06264163553714752 -0.00010715874668676406
v 0.04126919060945511 0.06334677338600159 0.000035242162994109094
v 0.04126919060945511 0.06334677338600159 0.000035242162994109094
v 0.04261823743581772 0.06334677338600159 0.000035369739634916186
v 0.04261823743581772 0.06334677338600159 0.000035369739634916186
v 0.0425773561000824 0.0627150908112526 -0.00010708877380238846
v 0.04635415971279144 0.060928069055080414 -0.00015849682677071542
v 0.04542505741119385 0.06157536804676056 -0.00015852240903768688
v 0.04739208519458771 0.061632513999938965 0.00003578489850042388
v 0.04739208519458771 0.061632513999938965 0.00003578489850042388
v 0.04711993783712387 0.06115824729204178 -0.00010687357280403376
v 0.045089997351169586 0.06254824250936508 -0.00010695138189475983
v 0.045256465673446655 0.06309602409601212 0.00003563630161806941
v 0.045256465673446655 0.06309602409601212 0.00003563630161806941
v 0.048671334981918335 0.048563070595264435 -0.0001722597808111459
v 0.048671334981918335 0.048563070595264435 -0.0001722597808111459
v 0.04829665273427963 0.04851507395505905 -0.00030037941178306937
v 0.04867195338010788 0.05250701308250427 0.00003150382690364495
v 0.048604562878608704 0.05727698653936386 0.00011466725845821202
v 0.04817324876785278 0.05831323564052582 -0.000107179133919999
v 0.048500366508960724 0.05864502489566803 0.00003517317963996902
v 0.048500366508960724 0.05864502489566803 0.00003517317963996902
v 0.048272110521793365 0.024001624435186386 -0.0009578277240507305
v 0.04867636412382126 0.024001624435186386 -0.000878667866345495
v 0.04867636412382126 0.024001624435186386 -0.000878667866345495
v 0.048668526113033295 -0.03719807788729668 -0.0009095571585930884
v 0.04824572056531906 -0.0372295044362545 -0.0012429279740899801
v 0.048591405153274536 -0.07648994773626328 -0.0022308386396616697
v 0.048591405153274536 -0.07648994773626328 -0.0022308386396616697
v 0.04821159690618515 -0.07647646218538284 -0.0022298714611679316
v 0.04660932719707489 -0.08778198808431625 -0.0024962294846773148
v 0.04713086783885956 -0.08687160909175873 -0.0024961598683148623
v 0.046880804002285004 -0.08870019763708115 -0.0026458671782165766
v 0.046880804002285004 -0.08870019763708115 -0.0026458671782165766
v 0.04662909358739853 -0.08849337697029114 -0.0026346382219344378
v 0.0477655753493309 -0.08652936667203903 -0.0026345241349190474
v 0.048076607286930084 -0.08663275092840195 -0.0026456406340003014
v 0.048076607286930084 -0.08663275092840195 -0.0026456406340003014
v 0.04293954372406006 0.04434417188167572 0.00036158051807433367
v 0.04302128404378891 0.030415792018175125 0.00029249873477965593
v 0.04679793864488602 0.04832308739423752 0.0002606022171676159
v 0.04438306391239166 0.04949737340211868 0.00036157615249976516
v 0.00002431811299175024 0.04355838894844055 0.01117770653218031
v -0.000041207531467080116 0.03061073273420334 0.013285134918987751
v 0.02542749047279358 0.04351145029067993 -0.0034840030129998922
v 0.02554982714354992 0.030514851212501526 -0.007371780462563038
v 0.000010126212146133184 0.030612651258707047 -0.01275803055614233
v 0.00005013193003833294 0.04355932027101517 -0.011030404828488827
v 0.04783991724252701 0.052267029881477356 0.00030390487518161535
v 0.04781993478536606 0.056638047099113464 0.00037324149161577225
v 0.048500366508960724 0.058645009994506836 0.00019278436957392842
v 0.048500366508960724 0.058645009994506836 0.00019278436957392842
v 0.04817324876785278 0.05831323564052582 0.00032625312451273203
v 0.048671334981918335 0.048563070595264435 -0.00001464833621867001
v 0.048671334981918335 0.048563070595264435 -0.00001464833621867001
v 0.04829665273427963 0.04851507395505905 0.00013305361790116876
v 0.044424429535865784 0.06035708636045456 0.0004015594022348523
v 0.04343446344137192 0.05618409812450409 0.0004178244271315634
v 0.04422113299369812 0.05566064268350601 0.00041782238986343145
v 0.046031467616558075 0.05926115810871124 0.00040156999602913857
v 0.04652146250009537 -0.08611583709716797 -0.0015859174309298396
v 0.04438138008117676 -0.08433050662279129 -0.000683228368870914
v 0.045622244477272034 -0.08766607195138931 -0.0015859388513490558
v 0.043946273624897 -0.08548305183649063 -0.0006866581388749182
v 0.04505951702594757 -0.08917739987373352 -0.001815571915358305
v 0.04592636227607727 -0.08859550207853317 -0.0019639073871076107
v 0.04750869423151016 -0.08591198921203613 -0.0019640298560261726
v 0.0476856529712677 -0.08177008479833603 -0.0018076006090268493
v 0.048264265060424805 -0.08610164374113083 -0.002570179756730795
v 0.04851735383272171 -0.0818374827504158 -0.0024040075950324535
v 0.04750869423151016 -0.08591200411319733 -0.0024959712754935026
v 0.0476856529712677 -0.08177009224891663 -0.002339542144909501
v 0.04438138008117676 -0.08433052152395248 -0.0013136898633092642
v 0.04652146250009537 -0.08611584454774857 -0.002176966518163681
v 0.043946273624897 -0.08548305183649063 -0.0013171207392588258
v 0.04562225192785263 -0.08766607195138931 -0.00217699003405869
v 0.0454859733581543 -0.08979954570531845 -0.002401364501565695
v 0.046480268239974976 -0.08912936598062515 -0.002569648902863264
v 0.046480268239974976 -0.08912936598062515 -0.002569648902863264
v 0.04592636227607727 -0.08859550207853317 -0.0024958522990345955
v 0.04505952447652817 -0.08917739987373352 -0.002347521483898163
v 0.04686478525400162 0.05698610842227936 0.00040150817949324846
v 0.04462263733148575 0.054246388375759125 0.0004127086140215397
v 0.04305265098810196 0.06195119768381119 0.00037335907109081745
v 0.04424610733985901 0.06193479895591736 0.00037339009577408433
v 0.04756953567266464 0.05880536884069443 0.0003733341582119465
v 0.04708603769540787 0.06005238741636276 0.000373415881767869
v 0.04832504689693451 0.05969633907079697 0.00011507641465868801
v 0.047768935561180115 0.061121866106987 0.00011543495929799974
v 0.04756953567266464 0.058805398643016815 -0.0001586067519383505
v 0.04708603024482727 0.06005238741636276 -0.00015852536307647824
v 0.04422110319137573 0.05566064268350601 -0.00021264037059154361
v 0.04603143781423569 0.05926115810871124 -0.00018948010983876884
v 0.04343438148498535 0.05618409812450409 -0.0002126427280018106
v 0.04442428797483444 0.06035708636045456 -0.00018949950754176825
v 0.04456759989261627 0.0632464736700058 0.00011529470793902874
v 0.043199799954891205 0.06334677338600159 0.00011514652578625828
v 0.04424596577882767 0.06193479895591736 -0.00015856399841140956
v 0.04305258393287659 0.06195119768381119 -0.00015860045095905662
v -0.03970090299844742 0.06158394366502762 -0.00015868942136876285
v -0.040913306176662445 0.06158394366502762 -0.00015866091416683048
v -0.039667800068855286 0.02400161698460579 0.0011856690980494022
v -0.04087943583726883 0.024001624435186386 0.0005545507301576436
v -0.03604535013437271 0.024002015590667725 -0.0028334723319858313
v -0.029834406450390816 0.02408081665635109 -0.005692868493497372
v -0.03932662308216095 -0.03765219449996948 -0.001353893312625587
v -0.040526919066905975 -0.03769237548112869 -0.00036920775892212987
v -0.03871887922286987 -0.08931717276573181 0.0016046363161876798
v -0.03871887922286987 -0.08931717276573181 0.0016046363161876798
v -0.03988093137741089 -0.08944208920001984 0.0005335298483259976
v -0.03517988324165344 -0.08917631953954697 -0.00514048058539629
v -0.03517988324165344 -0.08917631953954697 -0.00514048058539629
v -0.028467191383242607 -0.08898311853408813 -0.010786579921841621
v -0.03509973734617233 -0.09023532271385193 -0.004977658856660128
v -0.028399229049682617 -0.09023532271385193 -0.010621701367199421
v -0.038626983761787415 -0.09023532271385193 0.0014502452686429024
v -0.03969975560903549 -0.09023532271385193 0.0004123339895159006
v -0.03862392157316208 -0.08932514488697052 -0.0012656935723498464
v -0.03961507976055145 -0.08951294422149658 -0.00025889836251735687
v -0.035154588520526886 -0.08932194113731384 0.004998162388801575
v -0.035154588520526886 -0.08932194113731384 0.004998162388801575
v -0.028434662148356438 -0.08932182192802429 0.010453366674482822
v -0.03975517302751541 0.06334679573774338 0.00011480865941848606
v -0.04096923768520355 0.06334679573774338 0.0001149337476817891
v -0.03535749763250351 -0.085439033806324 -0.004922058433294296
v -0.03535749763250351 -0.085439033806324 -0.004922058433294296
v -0.028598930686712265 -0.08543778955936432 -0.010572302155196667
v -0.03889285773038864 -0.08543839305639267 0.001405107555910945
v -0.03889285773038864 -0.08543839305639267 0.001405107555910945
v -0.03996160626411438 -0.08543839305639267 0.00037712365156039596
v -0.039511777460575104 0.049174025654792786 -0.0003488590591587126
v -0.04071845859289169 0.04917401820421219 -0.0002350062131881714
v -0.038345128297805786 0.06334679573774338 0.00019260526460129768
v -0.038345128297805786 0.06334679573774338 0.00019260526460129768
v -0.03832419216632843 0.06264163553714752 0.0003261769306845963
v -0.0382813960313797 0.018274951726198196 0.0021878641564399004
v -0.038281962275505066 0.008732108399271965 0.0024733913596719503
v -0.03797166049480438 -0.03101509064435959 -0.002557502593845129
v -0.03802712261676788 -0.022944806143641472 -0.0024222254287451506
v -0.03813393414020538 0.05372891575098038 -0.0003210232243873179
v -0.03824043273925781 0.05982109159231186 -0.00018958057626150548
v -0.03740379214286804 -0.08826479315757751 -0.0028698951937258244
v -0.03755713254213333 -0.08258109539747238 -0.002869741525501013
v -0.03813393414020538 0.05372890084981918 0.0005293060676194727
v -0.038240425288677216 0.05982109159231186 0.0004015097511000931
v -0.037261128425598145 -0.0902397483587265 -0.0027246205136179924
v -0.037261128425598145 -0.0902397483587265 -0.0027246205136179924
v -0.037308916449546814 -0.08984711766242981 -0.0028054413851350546
v -0.03727422654628754 -0.0902397483587265 0.002858435269445181
v -0.03727422654628754 -0.0902397483587265 0.002858435269445181
v -0.0373077467083931 -0.08985857665538788 0.002948431996628642
v -0.03725401312112808 -0.0898585170507431 -0.0026669190265238285
v -0.03723473101854324 -0.09022796154022217 -0.0026812434662133455
v -0.03723473101854324 -0.09022796154022217 -0.0026812434662133455
v -0.03728542476892471 -0.08985787630081177 0.0027834384236484766
v -0.037266626954078674 -0.09022796154022217 0.002798437839373946
v -0.037266626954078674 -0.09022796154022217 0.002798437839373946
v -0.03748539090156555 -0.08632253855466843 -0.0026400776114314795
v -0.03735426813364029 -0.08843976259231567 -0.0026534146163612604
v -0.03748302906751633 -0.08631933480501175 0.0027791736647486687
v -0.03736552596092224 -0.088436558842659 0.002783438190817833
v -0.03832419961690903 0.06264165788888931 -0.00010728943743743002
v -0.038345128297805786 0.06334679573774338 0.00003498111618682742
v -0.038345128297805786 0.06334679573774338 0.00003498111618682742
v -0.03821748495101929 0.030415959656238556 -0.0014201104640960693
v -0.03812674432992935 0.04346299171447754 -0.0007645053556188941
v -0.03821747750043869 0.03041577711701393 0.0016455493168905377
v -0.03812674432992935 0.04346290975809097 0.0009651572327129543
v 0.03562478721141815 0.06334677338600159 -0.0001280473079532385
v 0.02904747985303402 0.06333616375923157 -0.00037783372681587934
v 0.03953772038221359 0.061583928763866425 0.00033237895695492625
v 0.04094333201646805 0.061583928763866425 0.0003733194898813963
v 0.035561077296733856 0.024001527577638626 0.0034433326218277216
v 0.029046783223748207 0.024079661816358566 0.006549666170030832
v 0.03923840820789337 -0.03765897825360298 0.0017793661681935191
v 0.04063057899475098 -0.037692174315452576 0.0006504623452201486
v 0.035316869616508484 -0.037503279745578766 -0.004825247451663017
v 0.02821258082985878 -0.03729918599128723 -0.009814796037971973
v 0.03951992094516754 0.02400168403983116 -0.0012342245317995548
v 0.040924616158008575 0.024001624435186386 -0.00040431099478155375
v 0.034998416900634766 -0.08921182155609131 0.005622475408017635
v 0.027978982776403427 -0.0890682265162468 0.011282560415565968
v 0.03541010618209839 0.04917408525943756 -0.0009112170664593577
v 0.02893310971558094 0.04919443279504776 -0.001626491080969572
v 0.035576336085796356 0.061583928763866425 -0.0003633245942182839
v 0.029008788987994194 0.06157995015382767 -0.000575181795284152
v 0.03886996954679489 -0.08929236978292465 -0.0016204847488552332
v 0.04022620618343353 -0.08943606168031693 -0.0003917287685908377
v 0.03935278207063675 0.04917401820421219 0.0005785605753771961
v 0.040751755237579346 0.04917401820421219 0.00045629963278770447
v 0.03877731412649155 -0.09023532271385193 -0.0014660913730040193
v 0.040039047598838806 -0.09023532271385193 -0.0002742060460150242
v 0.034930817782878876 -0.09023532271385193 0.005452930461615324
v 0.027915548533201218 -0.09023532271385193 0.011112527921795845
v 0.034974850714206696 -0.08932193368673325 -0.005349752493202686
v 0.034974850714206696 -0.08932193368673325 -0.005349752493202686
v 0.027949701994657516 -0.08932182192802429 -0.011203456670045853
v 0.03882146626710892 -0.08932194113731384 0.0016120909713208675
v 0.04007522761821747 -0.08932194113731384 0.0004563478287309408
v 0.039041049778461456 -0.08543839305639267 -0.0014209530781954527
v 0.04030013084411621 -0.08543839305639267 -0.00023852201411500573
v 0.03517364710569382 -0.08543839305639267 0.005403276067227125
v 0.028108544647693634 -0.08543777465820312 0.011060835793614388
v 0.038012608885765076 0.06264162063598633 0.00021252354781609029
v 0.03803329914808273 0.0633467584848404 0.00007135533087421209
v 0.03803329914808273 0.0633467584848404 0.00007135533087421209
v 0.03770970553159714 -0.03102208860218525 0.003155134152621031
v 0.03774584084749222 -0.022944824770092964 0.003124466398730874
v 0.03798716515302658 0.01827511563897133 -0.0024444672744721174
v 0.0379895344376564 0.008732207119464874 -0.0025821446906775236
v 0.03740641474723816 -0.08829981088638306 0.003301813965663314
v 0.037539392709732056 -0.08265113085508347 0.003306414233520627
v 0.03792983293533325 0.05982109159231186 -0.0002729150583036244
v 0.03782569617033005 0.05372890084981918 -0.000397926545701921
v 0.03792984038591385 0.05982109159231186 0.0003181748907081783
v 0.03782569617033005 0.05372890084981918 0.0005079875700175762
v 0.0373137891292572 -0.089840829372406 -0.003104395465925336
v 0.0373137891292572 -0.089840829372406 -0.003104395465925336
v 0.037279777228832245 -0.0902397483587265 -0.0030143975745886564
v 0.037279777228832245 -0.0902397483587265 -0.0030143975745886564
v 0.03731323033571243 -0.08985412120819092 0.003241816535592079
v 0.037279777228832245 -0.0902397483587265 0.0031518195755779743
v 0.037279777228832245 -0.0902397483587265 0.0031518195755779743
v 0.037272170186042786 -0.09022796154022217 -0.0029543989803642035
v 0.037272170186042786 -0.09022796154022217 -0.0029543989803642035
v 0.03729071468114853 -0.08985787630081177 -0.0029393990989774466
v 0.03727217763662338 -0.09022796154022217 0.0030918209813535213
v 0.03727217763662338 -0.09022796154022217 0.0030918209813535213
v 0.037290722131729126 -0.08985787630081177 0.0030768215656280518
v 0.03736986964941025 -0.088436558842659 -0.002939398866146803
v 0.03748597949743271 -0.08631933480501175 -0.0029351343400776386
v 0.03748597949743271 -0.08631933480501175 -0.0029351343400776386
v 0.03736988455057144 -0.088436558842659 0.0030768217984586954
v 0.03748597949743271 -0.08631933480501175 0.003072557272389531
v 0.03803329914808273 0.0633467584848404 -0.00008626875205663964
v 0.03803329914808273 0.0633467584848404 -0.00008626875205663964
v 0.038012608885765076 0.06264163553714752 -0.00022094261657912284
v 0.037822969257831573 0.04346299171447754 -0.0009672095766291022
v 0.037919312715530396 0.030415937304496765 -0.0018561859615147114
v -0.047657258808612823 0.043170541524887085 -0.0001599719253135845
v -0.04763360321521759 0.030415784567594528 -0.00009723540279082954
v -0.047657258808612823 0.043170541524887085 0.00037197081837803125
v -0.04763360321521759 0.03041577711701393 0.0004347072681412101
v -0.04095039516687393 0.04346292465925217 0.0004451967542991042
v -0.041048094630241394 0.030415792018175125 0.0004750206717289984
v -0.026416148990392685 0.03051495924592018 -0.005743777379393578
v -0.026280933991074562 0.04351150244474411 -0.002707630628719926
v -0.04281570762395859 0.04434417188167572 -0.000210140147828497
v -0.042893730103969574 0.030415792018175125 -0.0001982503745239228
v -0.04281570762395859 0.04434417188167572 0.00042033224599435925
v -0.04289372265338898 0.030415792018175125 0.0004322229651734233
v -0.04095039516687393 0.04346291720867157 -0.00023500490351580083
v -0.041048094630241394 0.030415792018175125 -0.0002648279769346118
v -0.04867325723171234 0.04321853816509247 0.00010907111573033035
v -0.04867563396692276 0.03041577711701393 0.00017870460578706115
v 0.04765668511390686 0.030415792018175125 -0.0003198005142621696
v 0.04767785221338272 0.043170541524887085 0.000026819157938007265
v 0.025601347908377647 0.030513666570186615 0.006381933577358723
v 0.02545413188636303 0.04351086914539337 0.0030125833582133055
v 0.041144952178001404 0.030415792018175125 0.000499445537570864
v 0.041040703654289246 0.04346292465925217 0.0004562988760881126
v 0.04302128404378891 0.030415792018175125 -0.00033797387732192874
v 0.04293954372406006 0.04434417188167572 -0.00026889154105447233
v 0.04765668511390686 0.030415792018175125 -0.0008517430396750569
v 0.04767785221338272 0.043170541524887085 -0.0005051235784776509
v 0.041144959628582 0.030415792018175125 -0.0002892533375415951
v 0.04104069620370865 0.04346292465925217 -0.000246107520069927
v 0.0379193052649498 0.030415747314691544 0.0018210622947663069
v 0.037822969257831573 0.04346289485692978 0.001040379167534411
v -0.03995925188064575 -0.08810875564813614 -0.0000616797769907862
v -0.03995925188064575 -0.08810875564813614 -0.0000616797769907862
v -0.03989456593990326 -0.08929059654474258 -0.00005639082519337535
v -0.04012090712785721 -0.08597499132156372 0.0000465580087620765
v -0.040042199194431305 -0.08699289709329605 -0.000029918017389718443
v -0.039731405675411224 -0.08980830013751984 -0.00016965930990409106
v -0.03982532024383545 -0.0898359939455986 -0.00009587634121999145
v -0.03982532024383545 -0.0898359939455986 -0.00009587634121999145
v -0.03990340977907181 -0.08799800276756287 -0.0001185031869681552
v -0.039739228785037994 -0.08915214240550995 -0.00019068291294388473
v -0.03956405073404312 -0.09023323655128479 -0.0002864981070160866
v -0.03857721388339996 -0.09023532271385193 -0.0012971997493878007
v -0.039639659225940704 -0.09000100195407867 -0.00022303599689621478
v -0.039611294865608215 -0.09022622555494308 -0.0002405672858003527
v -0.039611294865608215 -0.09022622555494308 -0.0002405672858003527
v -0.03879687190055847 -0.08445975929498672 -0.0012396499514579773
v -0.03879687190055847 -0.08445975929498672 -0.0012396499514579773
v -0.03735163062810898 -0.08445975929498672 -0.0027158225420862436
v -0.03525322675704956 -0.08445975929498672 -0.0049092527478933334
v -0.028941387310624123 -0.08430017530918121 -0.009882508777081966
v 0.02849610708653927 -0.08428127318620682 -0.010445952415466309
v 0.035094477236270905 -0.08445058017969131 -0.005296429619193077
v 0.03739001601934433 -0.08445058017969131 -0.0029727898072451353
v 0.03739001601934433 -0.08445058017969131 -0.0029727898072451353
v 0.03903147578239441 -0.08445058017969131 -0.001367009594105184
v 0.03903147578239441 -0.08445058017969131 -0.001367009594105184
v 0.039167530834674835 -0.08445058017969131 -0.0012584154028445482
v 0.039167530834674835 -0.08445058017969131 -0.0012584154028445482
v 0.039167530834674835 -0.08445058017969131 -0.0012584154028445482
v 0.0382893830537796 -0.08424559235572815 -0.0012596299638971686
v 0.038289375603199005 -0.08424559235572815 0.0009562476188875735
v 0.039167530834674835 -0.08445058017969131 0.0012058328138664365
v 0.03903146833181381 -0.08445058017969131 0.0013156465720385313
v 0.037390001118183136 -0.08445058017969131 0.002878533909097314
v 0.03509446233510971 -0.08445057272911072 0.0051330397836863995
v 0.02849607914686203 -0.08428125828504562 0.009821539744734764
v -0.028941361233592033 -0.08430016040802002 0.009259490296244621
v -0.03525321185588837 -0.08445975929498672 0.004746539518237114
v -0.03735162317752838 -0.08445975929498672 0.0026222439482808113
v -0.038796864449977875 -0.08445975929498672 0.0011889650486409664
v -0.038881830871105194 -0.08445975929498672 0.001112902071326971
v -0.038053154945373535 -0.08427239209413528 0.000886938942130655
v -0.03805316239595413 -0.08427239209413528 -0.0011889372253790498
v -0.03888183832168579 -0.08445975929498672 -0.0011648067738860846
v -0.03888183832168579 -0.08445975929498672 -0.0011648067738860846
v -0.04008624702692032 -0.0847739726305008 -0.00008544278534827754
v -0.03965756297111511 -0.08452408760786057 -0.0004596381913870573
v -0.03755570203065872 -0.08491045981645584 -0.002624357119202614
v -0.03708595037460327 -0.08452408760786057 -0.003072031307965517
v -0.03708595037460327 -0.08452408760786057 -0.003072031307965517
v -0.024039506912231445 -0.0849081501364708 -0.0131480498239398
v -0.02411213330924511 -0.08440632373094559 -0.012882942333817482
v -0.02411213330924511 -0.08440632373094559 -0.012882942333817482
v 0.000015709258150309324 -0.08490246534347534 -0.0174453966319561
v 0.00001546577550470829 -0.08425847440958023 -0.01716267690062523
v 0.02351921610534191 -0.0849081501364708 -0.01378665491938591
v 0.0236006248742342 -0.08439749479293823 -0.013503598049283028
v 0.0236006248742342 -0.08439749479293823 -0.013503598049283028
v 0.03755725175142288 -0.0849098190665245 -0.0029180750716477633
v 0.03755725175142288 -0.0849098190665245 -0.0029180750716477633
v 0.03706413507461548 -0.08452095091342926 -0.0033768198918551207
v 0.03706413507461548 -0.08452095091342926 -0.0033768198918551207
v 0.04046975076198578 -0.0849098190665245 -0.00012025445175822824
v 0.04000334441661835 -0.08452095091342926 -0.0005216270801611245
v 0.04000334441661835 -0.08452095091342926 -0.0005216270801611245
v 0.04061518609523773 -0.0849098190665245 0.00010220911644864827
v 0.039590418338775635 -0.08438973128795624 -0.00000774921863921918
v 0.04046975076198578 -0.0849098190665245 0.0003291401662863791
v 0.04000333696603775 -0.08452095091342926 0.0006414275267161429
v 0.04000333696603775 -0.08452095091342926 0.0006414275267161429
v 0.03755725175142288 -0.0849098190665245 0.0030554994009435177
v 0.03706412762403488 -0.08452095091342926 0.0034215571358799934
v 0.03706412762403488 -0.08452095091342926 0.0034215571358799934
v 0.023519204929471016 -0.08490810543298721 0.013551978394389153
v 0.02360060065984726 -0.08439745008945465 0.01301044225692749
v 0.00001570954918861389 -0.08490228652954102 0.016961529850959778
v 0.000015466182958334684 -0.0842582955956459 0.016365401446819305
v -0.02403949573636055 -0.08490811288356781 0.012913371436297894
v -0.02411210909485817 -0.08440627157688141 0.012390434741973877
v -0.03755522519350052 -0.0849098190665245 0.002762115327641368
v -0.037085942924022675 -0.08452408760786057 0.0031169981230050325
v -0.037085942924022675 -0.08452408760786057 0.0031169981230050325
v -0.04007754474878311 -0.0849098190665245 0.0002936128294095397
v -0.04007754474878311 -0.0849098190665245 0.0002936128294095397
v -0.039657555520534515 -0.08452408760786057 0.0005796700716018677
v -0.039657555520534515 -0.08452408760786057 0.0005796700716018677
v -0.04017353057861328 -0.08485464006662369 0.00009757847874425352
v -0.04017353057861328 -0.08485464006662369 0.00009757847874425352
v -0.0392354354262352 -0.08440414816141129 -0.000007445822120644152
v 0.034147195518016815 -0.08315917104482651 -0.00041867949767038226
v 0.027500072494149208 -0.08160770684480667 -0.0005958267138339579
v -0.027967842295765877 -0.0818217471241951 -0.0005940156988799572
v -0.03426085412502289 -0.0832793340086937 -0.00041721720481291413
v -0.024370381608605385 -0.08380890637636185 0.010389851406216621
v -0.024337196722626686 -0.0827779695391655 0.00732984347268939
v -0.023670747876167297 -0.08109304308891296 -0.0029231407679617405
v -0.0237958412617445 -0.08171253651380539 -0.007253752555698156
v 0.000014929973985999823 -0.08309384435415268 0.014061372727155685
v 0.000014038174413144588 -0.08121351152658463 0.009236197918653488
v 0.000012578675523400307 -0.07855504751205444 -0.003596383146941662
v 0.000013143755495548248 -0.07951448857784271 -0.008407973684370518
v 0.023896051570773125 -0.08376485854387283 -0.012462572194635868
v 0.02387489750981331 -0.08267050236463547 -0.010630988515913486
v 0.023153679445385933 -0.0808730199933052 0.0013385126367211342
v 0.023289553821086884 -0.08153452724218369 0.004670655354857445
v 0.023874875158071518 -0.08267047256231308 0.007760779466480017
v 0.023896019905805588 -0.08376481384038925 0.010935463011264801
v 0.03508758544921875 -0.08360377699136734 0.0017393410671502352
v 0.02823522686958313 -0.08266862481832504 0.0049112518317997456
v 0.00001315301051363349 -0.07951442152261734 0.005941946059465408
v 0.000012582226190716028 -0.07855501770973206 0.0016606736462563276
v -0.023795824497938156 -0.0817125216126442 0.004378821700811386
v -0.023670744150877 -0.08109304308891296 0.0012334438506513834
v -0.02864830382168293 -0.08280310034751892 0.004575663711875677
v -0.03512715548276901 -0.08368571847677231 0.0015985860954970121
v -0.024337224662303925 -0.08277799934148788 -0.01019333116710186
v -0.024370411410927773 -0.08380895107984543 -0.011913707479834557
v -0.035127170383930206 -0.08368571847677231 -0.0026613865047693253
v -0.02864832803606987 -0.08280310779809952 -0.00711387163028121
v 0.000014029210433363914 -0.08121363073587418 -0.013721278868615627
v 0.000014925783034414053 -0.08309400826692581 -0.0161123163998127
v 0.000014925783034414053 -0.08309400826692581 -0.0161123163998127
v 0.02328956313431263 -0.08153454214334488 -0.007552641909569502
v 0.023153681308031082 -0.0808730199933052 -0.0030326182022690773
v 0.028235241770744324 -0.08266863971948624 -0.007456391118466854
v 0.03508759289979935 -0.08360377699136734 -0.002805677941069007
v -0.02450639009475708 -0.01040364895015955 0.01281109917908907
v -0.024445490911602974 -0.016885627061128616 0.013331560418009758
v -0.04108867049217224 -0.004386818036437035 -0.0002896788064390421
v -0.04110577702522278 0.0014831647276878357 -0.00028967950493097305
v -0.024544863030314445 -0.0043864063918590546 -0.009187543764710426
v -0.024575885385274887 0.0015568099915981293 -0.00869461428374052
v -0.04292881488800049 -0.004386810585856438 -0.00004671473288908601
v -0.042943574488162994 0.0014831647276878357 -0.00004290129800210707
v 0.023726360872387886 -0.004387078806757927 0.011948390863835812
v 0.023761026561260223 0.0015563368797302246 0.011468833312392235
v -0.000128450570628047 -0.010404163040220737 0.017115600407123566
v -0.00012713723117485642 -0.016885880380868912 0.017362233251333237
v 0.04766615480184555 -0.004217116162180901 0.0002829458680935204
v 0.04766871780157089 0.001483159139752388 0.0002990232314914465
v 0.048676714301109314 -0.004185691475868225 -0.000060348043916746974
v 0.04867682605981827 0.0014831647276878357 0.000010017793101724237
v 0.041195087134838104 -0.004386818036437035 0.0005354019231162965
v 0.041210420429706573 0.0014831647276878357 0.0005354018649086356
v 0.02369113825261593 -0.010403105057775974 -0.01138641033321619
v 0.02363421767950058 -0.01688535511493683 -0.011553955264389515
v 0.041133180260658264 -0.010403474792838097 -0.000325205794069916
v 0.041033633053302765 -0.01688554137945175 -0.0003252053284086287
v 0.04306461662054062 -0.004355389624834061 0.0004046601243317127
v 0.04307785630226135 0.0014831535518169403 0.00040755042573437095
v 0.04301124066114426 -0.01024633552879095 -0.0005375531618483365
v 0.04292535036802292 -0.016571272164583206 -0.0008649680530652404
v 0.04766615480184555 -0.004217112436890602 -0.00046815519453957677
v 0.04766871780157089 0.0014831647276878357 -0.00023291888646781445
v -0.0001296310219913721 -0.004386594519019127 -0.014551691710948944
v -0.00012900203000754118 0.0016300622373819351 -0.014204492792487144
v -0.03825493901968002 -0.0043867286294698715 -0.0020149408373981714
v -0.03827092796564102 0.0014832187443971634 -0.0019157674396410584
v 0.037965863943099976 -0.004386840388178825 0.002877735998481512
v 0.03797992318868637 0.0014831405133008957 0.0027810316532850266
v 0.037908896803855896 -0.010403390042483807 -0.002650504931807518
v 0.037817224860191345 -0.01688549667596817 -0.0026770744007080793
v -0.048260293900966644 -0.00728145707398653 0.001240211888216436
v -0.0486760213971138 -0.00728145707398653 0.0011565744644030929
v -0.0486760213971138 -0.00728145707398653 0.0011565744644030929
v -0.029168162494897842 -0.00728104542940855 -0.007455556653439999
v -0.03601919114589691 -0.00728125125169754 -0.0035668525379151106
v -0.04129338264465332 -0.007281452417373657 0.0004521544324234128
v -0.04212995618581772 -0.00728145707398653 0.00048205984057858586
v -0.04129338264465332 -0.00728145707398653 -0.00024195935111492872
v -0.04212995618581772 -0.007281447760760784 -0.0001484189706388861
v -0.04404094070196152 -0.00728145707398653 0.0007289457134902477
v -0.04659736156463623 -0.00728145707398653 0.0010780878365039825
v -0.04404094070196152 -0.007281447760760784 0.00009848050831351429
v -0.04659736156463623 -0.007281452417373657 0.00048703706124797463
v -0.048260293900966644 -0.00728145707398653 0.0008067790768109262
v -0.0486760213971138 -0.00728145707398653 0.0009989632526412606
v -0.0486760213971138 -0.00728145707398653 0.0009989632526412606
v 0.04867655783891678 -0.006778635084629059 -0.00013159266381990165
v 0.048270903527736664 -0.006810057908296585 0.00007925099635031074
v 0.035542964935302734 -0.007281273603439331 -0.004508202895522118
v 0.02838066592812538 -0.007281089201569557 -0.009125093929469585
v 0.04228168725967407 -0.007250028662383556 0.00040466367499902844
v 0.04143340885639191 -0.00728145707398653 0.0004663660656660795
v 0.04228168725967407 -0.007250028662383556 -0.00027562450850382447
v 0.041433416306972504 -0.00728145707398653 -0.000256169936619699
v 0.0466482937335968 -0.006935768760740757 0.000226717020268552
v 0.044152356684207916 -0.007124327123165131 0.000341959937941283
v 0.0466482937335968 -0.006935768760740757 -0.0008624219917692244
v 0.044152356684207916 -0.007124327123165131 -0.0005375499022193253
v 0.04867655783891678 -0.006778635084629059 -0.0004884392255917192
v 0.048270903527736664 -0.006810062564909458 -0.0008522698190063238
v -0.04085028916597366 -0.007281447760760784 0.0005794040625914931
v -0.03963940590620041 -0.00728145707398653 0.0015733279287815094
v -0.04085028916597366 -0.00728145707398653 -0.00036920845741406083
v -0.03963940590620041 -0.007281416095793247 -0.0011359837371855974
v 0.040903180837631226 -0.00728145707398653 0.000650459376629442
v 0.03949933499097824 -0.007281465455889702 0.0016796462005004287
v 0.04090318828821182 -0.00728145707398653 -0.00044026371324434876
v 0.039499349892139435 -0.00728142075240612 -0.0014379428466781974
v -0.026333387941122055 0.04351096600294113 0.0028641289100050926
v -0.026519007980823517 0.030513856559991837 0.006015458144247532
v -0.02987848035991192 0.024079851806163788 0.006172012537717819
v -0.036045342683792114 0.024001594632864 0.0031733226496726274
v -0.029168153181672096 -0.007281546480953693 0.010062025859951973
v -0.036019183695316315 -0.007281465455889702 0.004912791773676872
v -0.03573569655418396 -0.03757687658071518 0.005471746902912855
v -0.03573569655418396 -0.03757687658071518 0.005471746902912855
v -0.02893872559070587 -0.03744097054004669 0.011190076358616352
v -0.03755220025777817 -0.0826956257224083 0.0030324282124638557
v -0.03740119934082031 -0.08832206577062607 0.003008429426699877
v -0.04020947962999344 -0.0770309790968895 0.0005794065655209124
v -0.03901948034763336 -0.07690591365098953 0.0016487248940393329
v -0.03901948034763336 -0.07690591365098953 0.0016487248940393329
v -0.024077244102954865 -0.08167560398578644 0.013200259767472744
v -0.023960940539836884 -0.08781204372644424 0.013162179850041866
v 0.03912567347288132 -0.0768730565905571 0.0018262617522850633
v 0.04050534963607788 -0.07701912522315979 0.0006504622288048267
v 0.03754503279924393 -0.08251818269491196 -0.003151282900944352
v 0.03754503279924393 -0.08251818269491196 -0.003151282900944352
v 0.037409231066703796 -0.0882333368062973 -0.003164394060149789
v 0.037409231066703796 -0.0882333368062973 -0.003164394060149789
v 0.040506280958652496 -0.07700324803590775 -0.00044026155956089497
v 0.03912919759750366 -0.07679677754640579 -0.0016274626832455397
v 0.023560108616948128 -0.08099118620157242 -0.013900226913392544
v 0.023455152288079262 -0.08746983855962753 -0.01402583159506321
v 0.03524593263864517 -0.07618800550699234 -0.005455811507999897
v 0.03524593263864517 -0.07618800550699234 -0.005455811507999897
v 0.028200099244713783 -0.07528998702764511 -0.01114598661661148
v -0.028731558471918106 -0.0754360631108284 -0.010645104572176933
v -0.03547016531229019 -0.07628617435693741 -0.005098788533359766
v -0.03547016531229019 -0.07628617435693741 -0.005098788533359766
v -0.039022378623485565 -0.07684322446584702 -0.0014423711691051722
v -0.039022378623485565 -0.07684322446584702 -0.0014423711691051722
v -0.04021012783050537 -0.07701999694108963 -0.0003692079335451126
v 0.028182586655020714 -0.07581054419279099 0.011208121664822102
v 0.03523577004671097 -0.07644238322973251 0.005609008949249983
v 0.02820860594511032 -0.037417490035295486 0.010782473720610142
v 0.03531455993652344 -0.037561092525720596 0.005374528001993895
v 0.03554295003414154 -0.00728150550276041 0.004875941202044487
v 0.028380651026964188 -0.007281631231307983 0.009775158017873764
v -0.03546087443828583 -0.07651183754205704 0.005289768800139427
v -0.03546087443828583 -0.07651183754205704 0.005289768800139427
v -0.028714938089251518 -0.07591388374567032 0.010782808065414429
v -0.047567740082740784 -0.04704785346984863 0.00012654812599066645
v -0.047589875757694244 -0.06790896505117416 -0.00025365164037793875
v -0.047567740082740784 -0.04704786092042923 -0.0004053942975588143
v -0.04758986830711365 -0.06790897250175476 -0.000785594223998487
v -0.04067648947238922 -0.04704182595014572 0.0004998763324692845
v -0.0405116006731987 -0.06813741475343704 0.0004998767399229109
v -0.024298779666423798 -0.046399347484111786 0.013670924119651318
v -0.02419869787991047 -0.06685245782136917 0.013385443016886711
v -0.04257357865571976 -0.04704786092042923 0.0003762926789931953
v -0.04246096312999725 -0.0697701945900917 0.00029481062665581703
v -0.04866783320903778 -0.04704786092042923 -0.000206211261684075
v -0.04866475611925125 -0.0679224357008934 -0.0006529312231577933
v 0.02359287068247795 -0.04605714976787567 -0.012491513974964619
v 0.023608919233083725 -0.06616804748773575 -0.013340403325855732
v 0.04087826609611511 -0.04703553020954132 -0.0003252043970860541
v 0.04081793874502182 -0.06812480837106705 -0.0003252040478400886
v 0.042789019644260406 -0.047016434371471405 -0.0004042622749693692
v 0.04275442659854889 -0.06977397203445435 -0.0005246883374638855
v -0.03787350654602051 -0.04690936580300331 0.0031192214228212833
v -0.037722013890743256 -0.06787248700857162 0.003068426391109824
v 0.03768660128116608 -0.046820640563964844 -0.0028677487280219793
v 0.037644073367118835 -0.06769504398107529 -0.0030388387385755777
v -0.04051188379526138 -0.0681324228644371 -0.0002896776713896543
v -0.04067663103342056 -0.04703933745622635 -0.00028967790422029793
v -0.04246096312999725 -0.0697701945900917 -0.0003356616944074631
v -0.04257357865571976 -0.04704786092042923 -0.00025418016593903303
v 0.048636168241500854 -0.0679224506020546 -0.0017414024332538247
v 0.048667363822460175 -0.04684673249721527 -0.0008977713878266513
v 0.047617509961128235 -0.06790897250175476 -0.0017142994329333305
v 0.04760725051164627 -0.046878159046173096 -0.0011660308809950948
v -0.000027442059945315123 -0.06557381898164749 -0.01708158478140831
v -0.00008027948206290603 -0.045760028064250946 -0.01637318730354309
v -0.024214962497353554 -0.06630498915910721 -0.012962333858013153
v -0.02430690824985504 -0.046125613152980804 -0.012362416833639145
v -0.03772694617509842 -0.06775794178247452 -0.0028046686202287674
v -0.03772694617509842 -0.06775794178247452 -0.0028046686202287674
v -0.03787597268819809 -0.04685209318995476 -0.0026901618111878633
v -0.00002758303890004754 -0.06636196374893188 0.01726100593805313
v -0.00008035363862290978 -0.046154096722602844 0.017521001398563385
v 0.047617509961128235 -0.06790896505117416 -0.0011823569657281041
v 0.047607243061065674 -0.046878159046173096 -0.0004149290034547448
v 0.042754411697387695 -0.06977397203445435 0.00010578332876320928
v 0.04278900474309921 -0.047016434371471405 0.0002760196221061051
v 0.04081752896308899 -0.06813203543424606 0.0005354048917070031
v 0.040878064930438995 -0.04703913629055023 0.000535404949914664
v 0.037638433277606964 -0.0678279921412468 0.0032648141495883465
v 0.037683792412281036 -0.046887122094631195 0.0032012781593948603
v 0.023591918870806694 -0.06675558537244797 0.013597260229289532
v 0.02358436770737171 -0.04635091498494148 0.013379686512053013
v -0.02458428218960762 0.0015563927590847015 0.011530626565217972
v -0.02454485185444355 -0.004386996850371361 0.012219930067658424
v -0.047643907368183136 0.001483159139752388 0.0007391991675831378
v -0.047640860080718994 -0.004386818036437035 0.0007181355031207204
v -0.04764389991760254 0.0014831647276878357 0.001271141692996025
v -0.047640860080718994 -0.004386818036437035 0.0012500777374953032
v -0.04110576957464218 0.0014831647276878357 0.0004998741787858307
v -0.041088663041591644 -0.004386818036437035 0.0004998739459551871
v -0.042943574488162994 0.0014831647276878357 0.0005875719361938536
v -0.042928822338581085 -0.004386818036437035 0.0005837574135512114
v -0.04867689311504364 0.0014831647276878357 0.001162157510407269
v -0.04867652803659439 -0.004386818036437035 0.0011356911854818463
v -0.00013321565347723663 0.0016293860971927643 0.016416292637586594
v -0.00012963253539055586 -0.004387525841593742 0.016835488379001617
v 0.0237568486481905 0.0015567876398563385 -0.01100889965891838
v 0.02372637763619423 -0.00438644178211689 -0.011191437020897865
v 0.04121042788028717 0.0014831535518169403 -0.00032520643435418606
v 0.0411950945854187 -0.004386818036437035 -0.0003252061433158815
v 0.04307786375284195 0.0014831535518169403 -0.00022292182256933302
v 0.04306463152170181 -0.004355389624834061 -0.0002756212488748133
v -0.03827092796564102 0.0014831535518169403 0.002647330751642585
v -0.038254931569099426 -0.004386818036437035 0.0027912016957998276
v 0.03797993063926697 0.0014832187443971634 -0.002589788753539324
v 0.03796587139368057 -0.00438673235476017 -0.0026186187751591206
v -0.041117578744888306 0.008732128888368607 -0.0002896801452152431
v -0.041116900742053986 0.018274959176778793 -0.00028470990946516395
v -0.024664971977472305 0.009099431335926056 -0.008520438335835934
v -0.02553805708885193 0.018647674471139908 -0.007909254170954227
v -0.04295375198125839 0.008732128888368607 -0.00008157468255376443
v -0.04295314848423004 0.018274974077939987 -0.0001506914122728631
v 0.02387165278196335 0.009098634123802185 0.010766847059130669
v 0.024746332317590714 0.01864629238843918 0.009241453371942043
v 0.04767065495252609 0.008732128888368607 0.000023409702407661825
v 0.04767019301652908 0.018274959176778793 -0.000321017112582922
v 0.04867713153362274 0.008732128888368607 -0.00031500187469646335
v 0.04867706447839737 0.018274959176778793 -0.0007208802853710949
v 0.04122088849544525 0.008732128888368607 0.000535401573870331
v 0.04121839255094528 0.018274974077939987 0.0005282101919874549
v 0.043086938560009 0.008732128888368607 0.00035641639260575175
v 0.04308479279279709 0.018274959176778793 0.0002924989676102996
v 0.04767065495252609 0.008732128888368607 -0.0005085323937237263
v 0.04767020046710968 0.018274959176778793 -0.0008529593469575047
v -0.00012334552593529224 0.009466081857681274 -0.01395863015204668
v -0.00006823521107435226 0.019019022583961487 -0.013743375428020954
v -0.038281962275505066 0.00873221643269062 -0.0018934684339910746
v -0.0382813960313797 0.01827513799071312 -0.0018251176225021482
v 0.037989526987075806 0.008732099086046219 0.0026589520275592804
v 0.037987157702445984 0.01827491819858551 0.002403044607490301
v -0.029220756143331528 0.0049135517328977585 -0.0066599054262042046
v -0.03605848550796509 0.004840044304728508 -0.0031925328075885773
v -0.041338175535202026 0.0048399195075035095 -0.00024196074809879065
v -0.042172402143478394 0.0048399195075035095 -0.0001481605286244303
v -0.04407248646020889 0.0048399195075035095 0.00009977874287869781
v -0.04661224037408829 0.0048399195075035095 0.0004902765504084527
v -0.0482640266418457 0.0048399195075035095 0.0008125845342874527
v -0.048676975071430206 0.0048399195075035095 0.0010069359559565783
v -0.048676975071430206 0.0048399195075035095 0.0010069359559565783
v 0.03557819128036499 0.004840027540922165 -0.0044019464403390884
v 0.02843046560883522 0.004913534969091415 -0.00886644795536995
v 0.042320914566516876 0.0048399195075035095 -0.00022292538778856397
v 0.041474781930446625 0.004839910194277763 -0.00025617057690396905
v 0.04666171967983246 0.0048399195075035095 -0.0003321535768918693
v 0.04418138414621353 0.004839910194277763 -0.0002740522031672299
v 0.04867691546678543 0.0048399195075035095 -0.000189326296094805
v 0.04867691546678543 0.0048399195075035095 -0.000189326296094805
v 0.048273876309394836 0.0048399195075035095 -0.00030891166534274817
v -0.04089461266994476 0.0048399195075035095 0.0005794040625914931
v -0.03968247026205063 0.004839910194277763 0.0014564463635906577
v 0.040943995118141174 0.0048399195075035095 -0.00044026452815160155
v 0.03953868895769119 0.004839936271309853 -0.0014166922774165869
v -0.0482640266418457 0.0048399195075035095 0.0012460174039006233
v -0.048676975071430206 0.0048399195075035095 0.0011645474005490541
v -0.048676975071430206 0.0048399195075035095 0.0011645474005490541
v -0.02922915108501911 0.004913210868835449 0.008840890601277351
v -0.03605848550796509 0.004839900881052017 0.00432838499546051
v -0.041338175535202026 0.0048399195075035095 0.0004521548398770392
v -0.0421723946928978 0.0048399195075035095 0.00048232008703053
v -0.04407248646020889 0.0048399195075035095 0.0007302453741431236
v -0.04661224037408829 0.0048399195075035095 0.0010813280241563916
v 0.04867691546678543 0.0048399195075035095 -0.00003171508069499396
v 0.04867691546678543 0.0048399195075035095 -0.00003171508069499396
v 0.048273876309394836 0.0048399195075035095 0.00012452085502445698
v 0.03557818382978439 0.004839874804019928 0.004476794041693211
v 0.028434645384550095 0.004913158714771271 0.008926752023398876
v 0.04232089966535568 0.004839910194277763 0.000407553743571043
v 0.04147477447986603 0.0048399195075035095 0.00046636583283543587
v 0.04666171967983246 0.0048399195075035095 0.00025889690732583404
v 0.04418138414621353 0.0048399195075035095 0.0003564130747690797
v -0.04089461266994476 0.0048399195075035095 -0.0003692096215672791
v -0.03968247026205063 0.004839936271309853 -0.0010611206525936723
v 0.04094398766756058 0.0048399195075035095 0.0006504591437987983
v 0.03953868895769119 0.004839910194277763 0.0015998163726180792
v -0.024445494636893272 -0.01688532717525959 -0.010477227158844471
v -0.024506403133273125 -0.01040305383503437 -0.009819930419325829
v 0.023634212091565132 -0.01688566617667675 0.012797810137271881
v 0.023691119626164436 -0.010403729043900967 0.01238267682492733
v 0.04763888567686081 -0.015188515186309814 -0.00047986838035285473
v 0.047655850648880005 -0.009554961696267128 -0.000056121374655049294
v 0.04867503046989441 -0.014874245971441269 -0.0014160722494125366
v 0.048676252365112305 -0.009397831745445728 -0.0006630624993704259
v 0.041033633053302765 -0.01688554137945175 0.0005354022141546011
v 0.04113317281007767 -0.010403474792838097 0.0005354019231162965
v 0.04292535036802292 -0.016571277752518654 0.0002635924029164016
v 0.04301124066114426 -0.010246344842016697 0.0003419634886085987
v 0.04763888567686081 -0.015188515186309814 -0.0032033983152359724
v 0.047655850648880005 -0.009554961696267128 -0.0016838578740134835
v -0.00012713606702163815 -0.016885429620742798 -0.015342685393989086
v -0.00012844946468248963 -0.010403252206742764 -0.014955428428947926
v 0.03781721740961075 -0.016885550692677498 0.0030661169439554214
v 0.0379088819026947 -0.010403497144579887 0.002973727183416486
v -0.024397607892751694 -0.022944828495383263 0.013684596866369247
v -0.02436140738427639 -0.03092452883720398 0.013807373121380806
v -0.04759736359119415 -0.022944828495383263 0.0002801253576762974
v -0.04758661985397339 -0.031054239720106125 -0.00002504573785699904
v -0.04759736359119415 -0.022944824770092964 0.0008120685815811157
v -0.047586627304553986 -0.031054239720106125 0.0005068968748673797
v -0.04084421694278717 -0.022944815456867218 0.0004998755757696927
v -0.040783606469631195 -0.031053032726049423 0.0004998759250156581
v -0.04271790385246277 -0.022944819182157516 0.0005029340391047299
v -0.04266570508480072 -0.031054239720106125 0.0004465334350243211
v -0.04867129027843475 -0.02294483222067356 0.0006115669384598732
v -0.04867001622915268 -0.031054239720106125 0.00024793396005406976
v -0.0001258353586308658 -0.02294488064944744 0.017560608685016632
v -0.00011599098797887564 -0.03087548166513443 0.017649449408054352
v 0.023589998483657837 -0.02294478565454483 -0.011678284034132957
v 0.023575998842716217 -0.030856098979711533 -0.011895081028342247
v 0.04095608741044998 -0.022944819182157516 -0.00032520503737032413
v 0.04091472178697586 -0.031051773577928543 -0.00032520474633201957
v 0.042858242988586426 -0.02263055555522442 -0.0008649677620269358
v 0.04282189905643463 -0.03089711256325245 -0.000563280947972089
v -0.03802713006734848 -0.022944815456867218 0.00311615620739758
v -0.037971168756484985 -0.031026538461446762 0.0031424115877598524
v 0.03774584084749222 -0.022944806143641472 -0.0026997120585292578
v 0.037710271775722504 -0.031008798629045486 -0.002745606005191803
v -0.04824450612068176 -0.020023547112941742 0.0009385978919453919
v -0.04867199808359146 -0.02002355083823204 0.0008328586700372398
v -0.04867199808359146 -0.02002355083823204 0.0008328586700372398
v -0.029034242033958435 -0.02002355456352234 0.010976415127515793
v -0.03585429489612579 -0.020023537799715996 0.005366088356822729
v -0.03585429489612579 -0.020023537799715996 0.005366088356822729
v -0.041104644536972046 -0.020023537799715996 0.0004521558294072747
v -0.04195106774568558 -0.020023541525006294 0.00046209595166146755
v -0.04390793293714523 -0.020023541525006294 0.0006291209137998521
v -0.04653457552194595 -0.020023547112941742 0.0008580442517995834
v 0.04867406189441681 -0.01781112141907215 -0.0011578922858461738
v 0.0482567623257637 -0.01794940046966076 -0.0007222698768600821
v 0.03538423031568527 -0.02002355456352234 0.005230279173702002
v 0.028254320845007896 -0.02002357691526413 0.0104916300624609
v 0.042105965316295624 -0.019885268062353134 0.00035137153463438153
v 0.04124806076288223 -0.020023541525006294 0.00046636664774268866
v 0.04658757895231247 -0.018502501770853996 -0.00035992555785924196
v 0.044022075831890106 -0.019332151859998703 0.00007549850852228701
v -0.04066353291273117 -0.020023541525006294 -0.00036920804996043444
v -0.03945814073085785 -0.02002352848649025 -0.0012456499971449375
v 0.040720224380493164 -0.020023541525006294 0.0006504604243673384
v 0.03932271897792816 -0.020023541525006294 0.0017505151918157935
v -0.029034240171313286 -0.020023442804813385 -0.008590550161898136
v -0.03585429489612579 -0.020023493096232414 -0.004115186631679535
v -0.04110463708639145 -0.020023541525006294 -0.00024195952573791146
v -0.041951052844524384 -0.020023537799715996 -0.00016838456213008612
v -0.043907925486564636 -0.020023537799715996 -0.0000013459139154292643
v -0.046534568071365356 -0.020023547112941742 0.00026699225418269634
v -0.04824450612068176 -0.02002355083823204 0.000505164498463273
v -0.04867199808359146 -0.020023547112941742 0.0006752470508217812
v -0.04867199808359146 -0.020023547112941742 0.0006752470508217812
v 0.03538423031568527 -0.020023498684167862 -0.004615174140781164
v 0.028254322707653046 -0.02002345584332943 -0.00937735941261053
v 0.04210595786571503 -0.019885262474417686 -0.0004982662503607571
v 0.041248053312301636 -0.020023537799715996 -0.00025616929633542895
v 0.04658757895231247 -0.018502509221434593 -0.0031425643246620893
v 0.0440220832824707 -0.0193321630358696 -0.001650760998018086
v 0.04867406189441681 -0.01781112141907215 -0.0021921389270573854
v 0.0482567623257637 -0.01794940046966076 -0.003347290214151144
v 0.0482567623257637 -0.01794940046966076 -0.003347290214151144
v -0.040663547813892365 -0.020023537799715996 0.0005794051685370505
v -0.03945814073085785 -0.020023537799715996 0.0016639879904687405
v -0.03945814073085785 -0.020023537799715996 0.0016639879904687405
v 0.04072021692991257 -0.020023541525006294 -0.00044026272371411324
v 0.03932271897792816 -0.02002352848649025 -0.001459335908293724
v -0.03819553554058075 -0.010403474792838097 0.0029228487983345985
v -0.03810117393732071 -0.016885532066226006 0.003039176808670163
v -0.03810117393732071 -0.016885532066226006 0.003039176808670163
v -0.04102494567632675 -0.01040346547961235 0.0004998741787858307
v -0.04092366248369217 -0.016885532066226006 0.0004998749354854226
v -0.042873844504356384 -0.010403474792838097 0.0005653712432831526
v -0.042786456644535065 -0.01688554137945175 0.0005416065105237067
v -0.04762952774763107 -0.010403474792838097 0.0011502868728712201
v -0.04761149734258652 -0.01688554137945175 0.001021410571411252
v -0.04867515712976456 -0.010403474792838097 0.0010157988872379065
v -0.04867298901081085 -0.016885550692677498 0.0008613091195002198
v -0.04762952774763107 -0.010403474792838097 0.0006183442892506719
v -0.04761149734258652 -0.016885550692677498 0.0004894673475064337
v -0.04278644174337387 -0.016885537654161453 -0.00008886672731023282
v -0.042873844504356384 -0.01040346547961235 -0.00006510094681289047
v -0.04092366248369217 -0.01688554137945175 -0.0002896785154007375
v -0.04102494567632675 -0.010403474792838097 -0.0002896784571930766
v -0.03810117393732071 -0.016885487362742424 -0.0022841154132038355
v -0.038195542991161346 -0.010403377003967762 -0.0021462389267981052
v -0.03590409457683563 0.04917401075363159 0.0009055085247382522
v -0.029751945286989212 0.04919424653053284 0.001418047584593296
v -0.03607611358165741 0.06158394366502762 0.00037320610135793686
v -0.029819557443261147 0.06157995015382767 0.0003754632780328393
v -0.029859526082873344 0.06333616375923157 0.0001145904534496367
v -0.036125436425209045 0.06334679573774338 0.00011443397670518607
v -0.029819563031196594 0.06157995015382767 -0.00015970406820997596
v -0.03607611358165741 0.06158394366502762 -0.00015877210535109043
v -0.02974146604537964 0.049194447696208954 -0.0012284689582884312
v -0.03590409457683563 0.04917410761117935 -0.0007048573461361229
v 0.02165432646870613 0.02439270168542862 0.009057613089680672
v 0.015447359532117844 0.026715140789747238 0.009995907545089722
v 0.0063434503972530365 -0.08871220052242279 -0.01754722371697426
v 0.018180469051003456 -0.08878584951162338 -0.015829838812351227
v 0.018126633018255234 -0.09023532271385193 0.015361908823251724
v 0.006323338486254215 -0.09023532271385193 0.016972996294498444
v 0.01817665435373783 -0.08895530551671982 0.01553684938699007
v 0.0063419281505048275 -0.0889071375131607 0.017158597707748413
v 0.0063301692716777325 -0.08932079374790192 0.01691872999072075
v 0.01814735308289528 -0.08932136744260788 0.015316106379032135
v 0.006323338020592928 -0.09023532271385193 -0.017413150519132614
v 0.018126633018255234 -0.09023532271385193 -0.015680663287639618
v 0.01814734749495983 -0.08932137489318848 -0.01564636453986168
v 0.006330166477710009 -0.08932081609964371 -0.017381880432367325
v 0.018250025808811188 -0.08543530851602554 0.015303405001759529
v 0.006365140900015831 -0.08543222397565842 0.01690518483519554
v 0.006365141365677118 -0.08543237298727036 -0.01736830174922943
v 0.018250027671456337 -0.08543538302183151 -0.015633638948202133
v 0.006373731419444084 -0.08385046571493149 -0.016682349145412445
v 0.01834545098245144 -0.08403674513101578 -0.014963090419769287
v 0.01834542490541935 -0.08403665572404861 0.013898506760597229
v 0.006373721174895763 -0.08385030180215836 0.015433345921337605
v 0.018203774467110634 -0.07994548976421356 -0.0007467681425623596
v 0.006400377955287695 -0.07862354069948196 -0.0007888271356932819
v 0.01832781732082367 -0.08143993467092514 0.0070793177001178265
v 0.006389709189534187 -0.08044201135635376 0.00795542262494564
v 0.006389706861227751 -0.08044210821390152 -0.011772559955716133
v 0.018327830359339714 -0.08143997937440872 -0.010616457089781761
v 0.018328994512557983 -0.07456810027360916 -0.015501297079026699
v 0.0063826278783380985 -0.07424402236938477 -0.017258193343877792
v 0.0063759335316717625 -0.07510174810886383 0.017066974192857742
v 0.018312226980924606 -0.07531369477510452 0.01542720478028059
v 0.0063019501976668835 -0.0372563973069191 0.0173020102083683
v 0.018285172060132027 -0.03730456903576851 0.015174802392721176
v 0.00631884578615427 -0.0072821760550141335 0.016590222716331482
v 0.01838463731110096 -0.007281893864274025 0.014126923866569996
v 0.0045370496809482574 0.024472136050462723 -0.013310089707374573
v 0.011497216299176216 0.026716817170381546 -0.011568507179617882
v 0.018384654074907303 -0.007281072437763214 -0.012977705337107182
v 0.006318853702396154 -0.007281189784407616 -0.014747453853487968
v 0.018288981169462204 -0.03713512048125267 -0.013889857567846775
v 0.006303474772721529 -0.03706147149205208 -0.01583852618932724
v 0.006425903178751469 0.0052795857191085815 0.015673290938138962
v 0.018533101305365562 0.00520641915500164 0.013078060932457447
v 0.018512168899178505 0.00520702637732029 -0.01253453828394413
v 0.006413366179913282 0.005280317738652229 -0.014148631133139133
v 0.006292279809713364 -0.02002369798719883 0.017113182693719864
v 0.018303509801626205 -0.020023630931973457 0.014874582178890705
v 0.0062922821380198 -0.020023483783006668 -0.015347315929830074
v 0.018303511664271355 -0.02002345770597458 -0.013383260928094387
v 0.02161366306245327 0.0492754727602005 -0.002086035208776593
v 0.014550819993019104 0.04937667399644852 -0.0029304262716323137
v 0.021415304392576218 0.06156403571367264 -0.0006040350999683142
v 0.013973983004689217 0.061718836426734924 -0.0009732223115861416
v 0.02144043892621994 0.06329368054866791 -0.000405387079808861
v 0.014597863890230656 0.06322994828224182 -0.00020378947374410927
v 0.0024620925541967154 0.06156004220247269 0.008451815694570541
v 0.007411416620016098 0.06171882152557373 0.004414745606482029
v 0.007411416620016098 0.06171882152557373 0.004414745606482029
v 0.002725330414250493 0.04929511249065399 0.009615753777325153
v 0.008305210620164871 0.04937620460987091 0.005842899437993765
v -0.018579332157969475 -0.08881600201129913 -0.01526737492531538
v -0.006391432601958513 -0.08872395008802414 -0.017327923327684402
v -0.006370946299284697 -0.09023532271385193 0.016753699630498886
v -0.018524890765547752 -0.09023532271385193 0.014799446798861027
v -0.0185248963534832 -0.09023532271385193 -0.015118200331926346
v -0.006370947230607271 -0.09023532271385193 -0.01719384640455246
v -0.01854676753282547 -0.08932136744260788 0.014753643423318863
v -0.006378454156219959 -0.08932079374790192 0.016699429601430893
v -0.006378455553203821 -0.08932081609964371 -0.01716258004307747
v -0.01854676753282547 -0.08932137489318848 -0.015083900652825832
v -0.006416310556232929 -0.08543222397565842 0.016685880720615387
v -0.018654370680451393 -0.08543530851602554 0.014740939252078533
v -0.01865437999367714 -0.08543538302183151 -0.015071176923811436
v -0.006416313350200653 -0.08543237298727036 -0.017149001359939575
v -0.018741747364401817 -0.08405732363462448 -0.014434384182095528
v -0.0064261192455887794 -0.08385886251926422 -0.016474340111017227
v -0.0064261071383953094 -0.08385870605707169 0.015225954353809357
v -0.01874171756207943 -0.08405723422765732 0.013371317647397518
v -0.006457393988966942 -0.0787016972899437 -0.0007882061181589961
v -0.018605349585413933 -0.08014462888240814 -0.0007451640558429062
v -0.006444923579692841 -0.08049292117357254 0.007822804152965546
v -0.01871815323829651 -0.0815686360001564 0.006746962200850248
v -0.018718179315328598 -0.08156868070363998 -0.010277253575623035
v -0.006444939877837896 -0.0804930105805397 -0.011637208983302116
v -0.004822375252842903 0.02447008341550827 0.013654151931405067
v -0.012146474793553352 0.02671501785516739 0.010988853871822357
v -0.019084906205534935 -0.007281813770532608 0.01447063684463501
v -0.006661045830696821 -0.007282149977982044 0.01673339307308197
v -0.018928827717900276 -0.0373259000480175 0.015639252960681915
v -0.006590316537767649 -0.037264712154865265 0.01749347522854805
v -0.006476256530731916 -0.07429574429988861 -0.01708626002073288
v -0.018775103613734245 -0.07470076531171799 -0.015057258307933807
v -0.006389995571225882 -0.08891545236110687 0.01693929359316826
v -0.018575673922896385 -0.08897663652896881 0.014974383637309074
v -0.02232217974960804 0.02439437061548233 -0.00814027525484562
v -0.01570865511894226 0.02671707421541214 -0.00922293309122324
v -0.006661049090325832 -0.007281172089278698 -0.014108061790466309
v -0.01908491924405098 -0.0072810230776667595 -0.011365015991032124
v -0.006591747514903545 -0.037073224782943726 -0.01581713929772377
v -0.01893247850239277 -0.03716527670621872 -0.013822179287672043
v -0.0067877438850700855 0.005279602482914925 0.01565941795706749
v -0.019250763580203056 0.005206471309065819 0.0130402110517025
v -0.019208766520023346 0.005207052454352379 -0.010381319560110569
v -0.006749932188540697 0.005280336365103722 -0.013291268609464169
v -0.0066289170645177364 -0.020023688673973083 0.017335519194602966
v -0.018996594473719597 -0.020023616030812263 0.015416210517287254
v -0.018996592611074448 -0.020023439079523087 -0.012653297744691372
v -0.006628915201872587 -0.020023474469780922 -0.015061015263199806
v -0.01875900849699974 -0.07540754228830338 0.015058736316859722
v -0.006469931453466415 -0.07513833791017532 0.016925271600484848
v -0.022404225543141365 0.04927518963813782 0.001805902342312038
v -0.014974149875342846 0.04937635362148285 0.0027318589854985476
v -0.022136101499199867 0.06156403571367264 0.00038491206942126155
v -0.014225578866899014 0.061718836426734924 0.0009221404907293618
v -0.0021950404625386 0.0632830485701561 0.00006913997640367597
v -0.006196516565978527 0.06322994828224182 0.00010059308260679245
v -0.002319155726581812 0.06156004220247269 -0.008762773126363754
v -0.0073159318417310715 0.061718836426734924 -0.004420245066285133
v -0.0073159318417310715 0.061718836426734924 -0.004420245066285133
v -0.0025919685140252113 0.0492955818772316 -0.009553045965731144
v -0.008234379813075066 0.04937664419412613 -0.0056855580769479275
v 0.014605228789150715 0.04937630146741867 0.0027612687554210424
v 0.02164086326956749 0.049275144934654236 0.0018169335089623928
v 0.013974035158753395 0.061718836426734924 0.0006598782492801547
v 0.021415390074253082 0.06156403571367264 -0.000055576732847839594
v 0.010925352573394775 0.05391135811805725 0.003057643072679639
v 0.01054318342357874 0.06002635508775711 0.002214481122791767
v 0.006343219894915819 0.06322992593050003 0.000018487524357624352
v 0.002338078338652849 0.0632830336689949 0.00003929589001927525
v 0.011473072692751884 0.06279829889535904 0.0006671160226687789
v 0.011473072692751884 0.06279829889535904 0.0006671160226687789
v 0.01209055632352829 0.06320340186357498 -0.000022764590539736673
v 0.007411574013531208 0.061718836426734924 -0.004513861145824194
v 0.007411574013531208 0.061718836426734924 -0.004513861145824194
v 0.0024624618235975504 0.06156004220247269 -0.008779963478446007
v 0.012090696953237057 0.06320340186357498 -0.0001774439006112516
v 0.011473347432911396 0.06279829889535904 -0.0008429395384155214
v 0.011473347432911396 0.06279829889535904 -0.0008429395384155214
v 0.008250799961388111 0.04937662184238434 -0.005908498074859381
v 0.0027086110785603523 0.049295574426651 -0.009627489373087883
v 0.010542567819356918 0.06002635508775711 -0.0023195429239422083
v 0.010900347493588924 0.05391152948141098 -0.003110399004071951
v -0.014869286678731441 0.049376703798770905 -0.002560162218287587
v -0.02235179953277111 0.049275487661361694 -0.0016224515857174993
v -0.014225534163415432 0.061718836426734924 -0.0007098161731846631
v -0.02213609218597412 0.06156401336193085 -0.00016303655866067857
v -0.010984272696077824 0.05391152948141098 -0.0029405374079942703
v -0.010583366267383099 0.06002635508775711 -0.0021848445758223534
v -0.014872334897518158 0.06322994828224182 0.00012108383816666901
v -0.02216229774057865 0.06329368054866791 0.00011700944742187858
v -0.011512666940689087 0.06279829889535904 -0.0006447633495554328
v -0.011512666940689087 0.06279829889535904 -0.0006447633495554328
v -0.01215266715735197 0.06320340186357498 0.00004510390863288194
v -0.007316169328987598 0.06171882152557373 0.004507117439061403
v -0.007316169328987598 0.06171882152557373 0.004507117439061403
v -0.0023195866961032152 0.06156004220247269 0.008549371734261513
v -0.012152689509093761 0.06320340186357498 0.0001993081095861271
v -0.011512750759720802 0.06279829889535904 0.0008640481391921639
v -0.011512750759720802 0.06279829889535904 0.0008640481391921639
v -0.008339245803654194 0.0493762269616127 0.005810345523059368
v -0.002638960024341941 0.049295127391815186 0.00960241723805666
v -0.01058338675647974 0.06002635508775711 0.0023480348754674196
v -0.011030351743102074 0.05391138046979904 0.003094494342803955
v 0.0023601518478244543 0.0632830485701561 0.006792892701923847
v 0.0060617346316576 0.06323614716529846 0.004110229201614857
v 0.007429325953125954 0.06321091204881668 0.002088420558720827
v 0.007815857417881489 0.06320338696241379 0.0005712535930797458
v 0.007816110737621784 0.06320340186357498 -0.0005537589895538986
v 0.007430107332766056 0.06321093440055847 -0.0021105725318193436
v 0.00606301985681057 0.06323614716529846 -0.0041753682307899
v 0.0023621649015694857 0.0632830485701561 -0.007329787593334913
v -0.002217026660218835 0.0632830485701561 -0.007300020661205053
v -0.0059154764749109745 0.06323616206645966 -0.004097688477486372
v -0.007281361147761345 0.06321093440055847 -0.0020150565542280674
v -0.0076673501171171665 0.06320340186357498 -0.0004528749268501997
v -0.007667537312954664 0.06320340186357498 0.0006717517389915884
v -0.00728196743875742 0.06321091204881668 0.0021829905454069376
v -0.005916586145758629 0.06323614716529846 0.004186962265521288
v -0.002218971960246563 0.0632830485701561 0.006924051325768232
v 0.00007063703378662467 0.06260178238153458 0.0087050199508667
v 0.00007021497003734112 0.06329366564750671 0.008044233545660973
v 0.008829747326672077 0.06279828399419785 0.0021591803524643183
v 0.008829747326672077 0.06279828399419785 0.0021591803524643183
v 0.007496040314435959 0.06321091204881668 0.0026379136834293604
v 0.010527353733778 0.06318746507167816 -0.00003688241122290492
v 0.00875856727361679 0.06318746507167816 0.000007691305654589087
v 0.008830228820443153 0.06279829889535904 -0.002234890591353178
v 0.008830228820443153 0.06279829889535904 -0.002234890591353178
v 0.007496906444430351 0.06321093440055847 -0.002680850448086858
v 0.00007164146518334746 0.06260184198617935 -0.008864588104188442
v 0.00007220043335109949 0.06329368054866791 -0.008014809340238571
v -0.008732515387237072 0.06279829889535904 -0.0021126598585397005
v -0.008732515387237072 0.06279829889535904 -0.0021126598585397005
v -0.007348109036684036 0.06321093440055847 -0.002585221314802766
v -0.010461955331265926 0.06318746507167816 0.00012386799789965153
v -0.008608932606875896 0.06318746507167816 0.00011977829854004085
v -0.008732779882848263 0.06279829889535904 0.002279966603964567
v -0.008732779882848263 0.06279829889535904 0.002279966603964567
v -0.00734872929751873 0.06321091204881668 0.002732327673584223
v -0.01610032096505165 0.02671535313129425 0.009666618891060352
v -0.022542640566825867 0.024392936378717422 0.00865795649588108
v -0.012295419350266457 0.043674275279045105 0.005280019715428352
v -0.013729242607951164 0.03225027397274971 0.008535327389836311
v 0.011693162843585014 0.026714853942394257 0.01123938336968422
v 0.004603137727826834 0.024470031261444092 0.013751858845353127
v 0.012019826099276543 0.04367420822381973 0.00540017057210207
v 0.013248910196125507 0.032250117510557175 0.008793558925390244
v 0.015251418575644493 0.02671697735786438 -0.010724273510277271
v 0.02154417149722576 0.024394266307353973 -0.010100651532411575
v 0.011902552098035812 0.0436750128865242 -0.00566711463034153
v 0.013048631139099598 0.0322517566382885 -0.009337035939097404
v -0.011754801496863365 0.02671688422560692 -0.010406533256173134
v -0.004623929038643837 0.02447216957807541 -0.01280834712088108
v -0.012064562179148197 0.04367504268884659 -0.005124661605805159
v -0.013330047950148582 0.032251838594675064 -0.008245269767940044
v -0.006679374258965254 -0.0014853589236736298 0.016336515545845032
v -0.013140231370925903 0.0016808826476335526 0.015036237426102161
v -0.0191162321716547 -0.0014924481511116028 0.013878591358661652
v -0.013061808422207832 -0.00438731350004673 0.015654999762773514
v -0.04856167733669281 -0.031054239720106125 0.0004053376615047455
v -0.048239320516586304 -0.026378635317087173 0.0006494314293377101
v -0.04856389760971069 -0.022944824770092964 0.0007625428843311965
v -0.048670679330825806 -0.026378639042377472 0.00052345433505252
v -0.048670679330825806 -0.026378639042377472 0.00052345433505252
v -0.005085148848593235 0.05386154353618622 0.007342250552028418
v -0.002369726076722145 0.05730103701353073 0.008677853271365166
v -0.004832776729017496 0.05987166613340378 0.007056850474327803
v -0.007669718004763126 0.05737089365720749 0.00477204704657197
v -0.04857143759727478 0.03041577711701393 0.00033093628007918596
v -0.048258379101753235 0.03699062764644623 0.0003400171408429742
v -0.04857166111469269 0.04321373999118805 0.0002605828922241926
v -0.048674412071704865 0.036995433270931244 0.0002036651858361438
v -0.048674412071704865 0.036995433270931244 0.0002036651858361438
v -0.048557817935943604 -0.04704786092042923 -0.00004042414730065502
v -0.04866630584001541 -0.05761506035923958 -0.0003595323069021106
v -0.04866630584001541 -0.05761506035923958 -0.0003595323069021106
v -0.048557259142398834 -0.06792109459638596 -0.0004792302497662604
v -0.048226505517959595 -0.057613715529441833 -0.00017546824528835714
v -0.01886715367436409 -0.0560113899409771 -0.014504269696772099
v -0.012916584499180317 -0.04586514085531235 -0.015407628379762173
v -0.006538820918649435 -0.055726032704114914 -0.016480393707752228
v -0.012847056612372398 -0.0657840445637703 -0.016077589243650436
v -0.03612050414085388 0.06317049264907837 0.0002643719199113548
v -0.03322862088680267 0.06263964623212814 0.00032646238105371594
v -0.029855532571673393 0.06316053867340088 0.00026563735445961356
v -0.03324670344591141 0.06334413588047028 0.00019244513532612473
v -0.03324670344591141 0.06334413588047028 0.00019244513532612473
v -0.02899027243256569 -0.026352636516094208 0.011188287287950516
v -0.03281953185796738 -0.022944815456867218 0.008225403726100922
v -0.035800136625766754 -0.0263662226498127 0.005469001829624176
v -0.035800136625766754 -0.0263662226498127 0.005469001829624176
v -0.032771818339824677 -0.030978083610534668 0.008307518437504768
v -0.029349859803915024 0.013389647006988525 -0.006577473133802414
v -0.033050328493118286 0.008769113570451736 -0.0048265825025737286
v -0.03606954962015152 0.013198092579841614 -0.003180498257279396
v -0.03313727676868439 0.018312711268663406 -0.004626913461834192
v -0.028843315318226814 -0.056866079568862915 0.010998489335179329
v -0.03269035369157791 -0.04666711017489433 0.00823218934237957
v -0.0356161966919899 -0.057287365198135376 0.005387161858379841
v -0.0356161966919899 -0.057287365198135376 0.005387161858379841
v -0.032562024891376495 -0.06738798320293427 0.008068526163697243
v -0.03597210347652435 0.05724033713340759 -0.00025448400992900133
v -0.03315631300210953 0.05982174724340439 -0.00018986608483828604
v -0.02974141389131546 0.057250477373600006 -0.0003078013542108238
v -0.03307044506072998 0.053733110427856445 -0.0005119675188325346
v -0.02885502204298973 -0.056529439985752106 -0.010234666988253593
v -0.03257419168949127 -0.06707197427749634 -0.007694567088037729
v -0.035622738301754 -0.05712838098406792 -0.004911389201879501
v -0.035622738301754 -0.05712838098406792 -0.004911389201879501
v -0.0326964408159256 -0.04650910943746567 -0.007329987827688456
v -0.04140785336494446 0.06317049264907837 0.0002647557412274182
v -0.04168552905321121 0.06334677338600159 0.00019291641365271062
v -0.04168552905321121 0.06334677338600159 0.00019291641365271062
v -0.04202326387166977 0.06317785382270813 0.0002647973014973104
v -0.04166100174188614 0.06264899671077728 0.00032632966758683324
v -0.04104245454072952 -0.026378504931926727 0.0004521562368609011
v -0.0414000004529953 -0.022944815456867218 0.00043655443005263805
v -0.04189214110374451 -0.026378635317087173 0.00044288719072937965
v -0.04133971035480499 -0.031054116785526276 0.0004309147479943931
v -0.04135075956583023 0.013197805732488632 -0.00024146400392055511
v -0.04167203605175018 0.008732128888368607 -0.0002052431518677622
v -0.042184315621852875 0.013197805732488632 -0.00017231865786015987
v -0.04167134314775467 0.018274959176778793 -0.00021165781072340906
v -0.04107078164815903 -0.06842401623725891 0.00041536084609106183
v -0.04082423448562622 -0.05766808241605759 0.00045215728459879756
v -0.041233211755752563 -0.04704725742340088 0.0004238911787979305
v -0.04168717563152313 -0.05794756859540939 0.0003865723847411573
v -0.041237786412239075 0.0572403222322464 -0.0002054974902421236
v -0.04147616773843765 0.05391343683004379 -0.00021064482280053198
v -0.04183544963598251 0.05757912993431091 -0.00020499344100244343
v -0.04156288504600525 0.0598578006029129 -0.00018954448751173913
v -0.04082433134317398 -0.05766654014587402 -0.00024195818696171045
v -0.041070811450481415 -0.06842351704835892 -0.00023103159037418664
v -0.041687168180942535 -0.05794757604598999 -0.00024390744511038065
v -0.04123322665691376 -0.04704701155424118 -0.00022250122856348753
v -0.040795400738716125 0.0572403222322464 0.0004181272815912962
v -0.04033795744180679 0.05372890084981918 0.0004444628721103072
v -0.039586469531059265 0.0572403222322464 0.0004293190431781113
v -0.0404505655169487 0.05982109159231186 0.00040153187001124024
v -0.040578536689281464 -0.09024269878864288 0.0001501659135101363
v -0.040578536689281464 -0.09024269878864288 0.0001501659135101363
v -0.04032917320728302 -0.09016955643892288 0.0002465545549057424
v -0.04032917320728302 -0.09016955643892288 0.0002465545549057424
v -0.040590800344944 -0.08990593999624252 0.00029990216717123985
v -0.040939122438430786 -0.09015730023384094 0.00017731335537973791
v -0.02841256745159626 -0.0901160016655922 -0.010704141110181808
v -0.0321536660194397 -0.0902397483587265 -0.00778607651591301
v -0.0321536660194397 -0.0902397483587265 -0.00778607651591301
v -0.035121701657772064 -0.09013532847166061 -0.005054844077676535
v -0.035121701657772064 -0.09013532847166061 -0.005054844077676535
v -0.032184600830078125 -0.08977852016687393 -0.007877416908740997
v -0.03996706008911133 -0.09024196118116379 0.00015838902618270367
v -0.039909690618515015 -0.0902397483587265 0.00021081911108922213
v -0.039926253259181976 -0.09021337330341339 0.00029572914354503155
v -0.039926253259181976 -0.09021337330341339 0.00029572914354503155
v -0.04003526270389557 -0.09021410346031189 0.0002360367652727291
v -0.04003526270389557 -0.09021410346031189 0.0002360367652727291
v -0.03975183516740799 -0.09016833454370499 0.00047187221935018897
v -0.03938678652048111 -0.0902397483587265 0.0007482346845790744
v -0.03938678652048111 -0.0902397483587265 0.0007482346845790744
v -0.03865128755569458 -0.0901494100689888 0.001527440850622952
v -0.03865128755569458 -0.0901494100689888 0.001527440850622952
v -0.039447106420993805 -0.08989637345075607 0.0008238322334364057
v -0.018536601215600967 -0.09011535346508026 0.014896859414875507
v -0.01262697670608759 -0.0902397483587265 0.016081806272268295
v -0.01262697670608759 -0.0902397483587265 0.016081806272268295
v -0.006375512573868036 -0.09010923653841019 0.01686638966202736
v -0.012643403373658657 -0.08972136676311493 0.016185905784368515
v -0.0284002423286438 -0.0901309996843338 -0.010587967932224274
v -0.0321635901927948 -0.08985792845487595 -0.007710916455835104
v -0.03509834408760071 -0.09013107419013977 -0.0049463496543467045
v -0.03509834408760071 -0.09013107419013977 -0.0049463496543467045
v -0.032146893441677094 -0.09022796154022217 -0.00772623298689723
v -0.032146893441677094 -0.09022796154022217 -0.00772623298689723
v -0.03985802084207535 -0.090163953602314 -0.00002394910916336812
v -0.039880022406578064 -0.0899503231048584 0.000018595499568618834
v -0.03987445682287216 -0.09014517813920975 0.000058513294789008796
v -0.03987301141023636 -0.09022796154022217 0.000012992764823138714
v -0.03987301141023636 -0.09022796154022217 0.000012992764823138714
v -0.03968939185142517 -0.0901310071349144 0.0003879584837704897
v -0.039382465183734894 -0.08985787630081177 0.0006851539365015924
v -0.03862517327070236 -0.0901310071349144 0.001418665167875588
v -0.03862517327070236 -0.0901310071349144 0.001418665167875588
v -0.039365850389003754 -0.09022796154022217 0.0006977628800086677
v -0.039365850389003754 -0.09022796154022217 0.0006977628800086677
v -0.018524354323744774 -0.09013095498085022 0.014758539386093616
v -0.012628557160496712 -0.08985752612352371 0.01598196104168892
v -0.006370590068399906 -0.09013090282678604 0.016705483198165894
v -0.012622570618987083 -0.09022796154022217 0.016002126038074493
v -0.012622570618987083 -0.09022796154022217 0.016002126038074493
v -0.04183546453714371 0.05757910758256912 0.00041563576087355614
v -0.04147617518901825 0.05391343683004379 0.0004208355094306171
v -0.041237786412239075 0.0572403222322464 0.00041613681241869926
v -0.04156288504600525 0.0598578006029129 0.00040153629379346967
v -0.04631216078996658 0.06250833719968796 0.0001933924067998305
v -0.04631216078996658 0.06250833719968796 0.0001933924067998305
v -0.04676153510808945 0.06198223680257797 0.0002651598770171404
v -0.04611138999462128 0.062045879662036896 0.0003265588893555105
v -0.045698896050453186 0.06271827965974808 0.00026509002782404423
v -0.04386413097381592 -0.026378635317087173 0.0005330751882866025
v -0.04521931707859039 -0.022944824770092964 0.0006792170461267233
v -0.04651390016078949 -0.026378635317087173 0.0006465374608524144
v -0.04518777132034302 -0.031054239720106125 0.000498673296533525
v -0.04408135265111923 0.013197805732488632 -0.000021011685021221638
v -0.0453619658946991 0.008732128888368607 0.00020595120440702885
v -0.04661642760038376 0.013197805732488632 0.00022477046877611428
v -0.04536159336566925 0.018274959176778793 -0.000015150366380112246
v -0.04400550574064255 0.037161946296691895 0.00042627425864338875
v -0.0453760102391243 0.043284252285957336 0.0004154907073825598
v -0.04659421741962433 0.03697143495082855 0.000413774570915848
v -0.04532564431428909 0.03041577711701393 0.00045339169446378946
v -0.04517558217048645 -0.06819287687540054 0.00003444358299020678
v -0.04373282939195633 -0.057913802564144135 0.0002553240046836436
v -0.04513215273618698 -0.04704785346984863 0.0002737967879511416
v -0.04646729677915573 -0.05760832130908966 0.00004087592969881371
v -0.04598091542720795 0.05210479348897934 -0.00020502044935710728
v -0.04711008816957474 0.05449789762496948 -0.00018959835870191455
v -0.04602669179439545 0.054844439029693604 -0.00020498967205639929
v -0.04373282939195633 -0.057913802564144135 -0.0003751417389139533
v -0.04517558217048645 -0.06819287687540054 -0.0005861648241989315
v -0.04646729677915573 -0.057608332484960556 -0.0005501750274561346
v -0.04513215273618698 -0.04704786092042923 -0.00034681183751672506
v -0.0428876057267189 -0.09021591395139694 -0.000369335466530174
v -0.04209350794553757 -0.09017215669155121 -0.00008704124775249511
v -0.04209350794553757 -0.09017215669155121 -0.00008704124775249511
v -0.042819783091545105 -0.08996085077524185 -0.000194367443327792
v -0.04371343553066254 -0.09006986021995544 -0.00047897076001390815
v -0.04371343553066254 -0.09006986021995544 -0.00047897076001390815
v -0.04085209220647812 -0.08326201140880585 0.0004139923839829862
v -0.04108148068189621 -0.08692249655723572 0.00036570383235812187
v -0.040662989020347595 -0.08849459886550903 0.0003927002544514835
v -0.040471114218235016 -0.08656627684831619 0.0004456776659935713
v -0.0427674874663353 -0.08788793534040451 -0.000009637296898290515
v -0.042548492550849915 -0.0889405757188797 -0.000011444135452620685
v -0.04198770225048065 -0.0878668799996376 0.00017116917297244072
v -0.048211097717285156 -0.0875638946890831 -0.000905477674677968
v -0.048211097717285156 -0.0875638946890831 -0.000905477674677968
v -0.047836288809776306 -0.08799468725919724 -0.0008107195608317852
v -0.047907792031764984 -0.08743000775575638 -0.0007020120392553508
v -0.048327505588531494 -0.08705119788646698 -0.0008105044835247099
v -0.048327505588531494 -0.08705119788646698 -0.0008105044835247099
v -0.04198770970106125 -0.0878668799996376 -0.0004494509194046259
v -0.042548514902591705 -0.0889405757188797 -0.0006025078473612666
v -0.04276750236749649 -0.08788793534040451 -0.00063025375129655
v -0.04085212200880051 -0.08326151221990585 -0.000232400227105245
v -0.040471211075782776 -0.08656474202871323 -0.00023599178530275822
v -0.040663011372089386 -0.08849436044692993 -0.00021169221145100892
v -0.04108148813247681 -0.08692249655723572 -0.00025492574786767364
v -0.03996706008911133 -0.09024196118116379 0.00003763719723792747
v -0.04003532975912094 -0.0902140736579895 -0.00003869759530061856
v -0.04003532975912094 -0.0902140736579895 -0.00003869759530061856
v -0.03992869704961777 -0.0902133360505104 -0.00008827201963867992
v -0.03992869704961777 -0.0902133360505104 -0.00008827201963867992
v -0.03991185873746872 -0.0902397483587265 -0.000007841877959435806
v -0.040578536689281464 -0.09024269878864288 -0.000006303445843514055
v -0.040578536689281464 -0.09024269878864288 -0.000006303445843514055
v -0.040939122438430786 -0.09015730023384094 -0.00012807561142835766
v -0.040590815246105194 -0.08990591764450073 -0.00013776327250525355
v -0.040329188108444214 -0.0901695191860199 -0.000057284611102659255
v -0.040329188108444214 -0.0901695191860199 -0.000057284611102659255
v -0.0428876131772995 -0.09021591395139694 -0.0005269519751891494
v -0.0428876131772995 -0.09021591395139694 -0.0005269519751891494
v -0.04371345043182373 -0.09006986021995544 -0.0007843513740226626
v -0.0428197979927063 -0.08996085077524185 -0.0006278133951127529
v -0.042093515396118164 -0.09017215669155121 -0.00039242522325366735
v -0.03987514227628708 -0.09013383835554123 0.00014354390441440046
v -0.039879657328128815 -0.0898607075214386 0.0001895982277346775
v -0.03983812779188156 -0.0901310071349144 0.00024474802194163203
v -0.03986810892820358 -0.09022796154022217 0.00019361804879736155
v -0.03986810892820358 -0.09022796154022217 0.00019361804879736155
v -0.004290291573852301 0.06326016783714294 0.004679023753851652
v -0.0021979715675115585 0.0632830485701561 0.00414301035925746
v -0.004328587092459202 0.06325914710760117 0.0017233476974070072
v -0.0061466507613658905 0.0632309690117836 0.002246857387945056
v -0.019112037494778633 -0.0014918465167284012 -0.01077486202120781
v -0.013118811883032322 0.001681482419371605 -0.01217667106539011
v -0.006675594486296177 -0.0014846138656139374 -0.013644572347402573
v -0.01306181587278843 -0.00438649021089077 -0.012657450512051582
v -0.012911139987409115 -0.046223342418670654 0.016728132963180542
v -0.01885581575334072 -0.0565093457698822 0.01535799354314804
v -0.012836153618991375 -0.06650044769048691 0.016384869813919067
v -0.006534367799758911 -0.056319672614336014 0.017208613455295563
v -0.004832673817873001 0.05987168103456497 -0.007065758574754
v -0.002365116961300373 0.05730108916759491 -0.00882904976606369
v -0.0050532519817352295 0.053861699998378754 -0.0073125483468174934
v -0.007659262977540493 0.05737094581127167 -0.0046882424503564835
v -0.006375656463205814 -0.09009008854627609 -0.017260883003473282
v -0.012626977637410164 -0.0902397483587265 -0.016455311328172684
v -0.012626977637410164 -0.0902397483587265 -0.016455311328172684
v -0.018536970019340515 -0.0900992900133133 -0.01519278809428215
v -0.012644493952393532 -0.08964972198009491 -0.01653202623128891
v -0.006370591931045055 -0.09013090282678604 -0.017166342586278915
v -0.012628559954464436 -0.08985753357410431 -0.01639113947749138
v -0.018524358049035072 -0.09013095498085022 -0.01508764922618866
v -0.012622571550309658 -0.09022794663906097 -0.0164041668176651
v -0.012622571550309658 -0.09022794663906097 -0.0164041668176651
v -0.02851804345846176 -0.08737685531377792 -0.010582824237644672
v -0.03233785927295685 -0.08631953597068787 -0.007704014889895916
v -0.03525736182928085 -0.08737888187170029 -0.0049324422143399715
v -0.03525736182928085 -0.08737888187170029 -0.0049324422143399715
v -0.03223476558923721 -0.08843682706356049 -0.007709534373134375
v -0.04009392112493515 -0.08588752150535583 -0.00004710331268142909
v -0.04009392112493515 -0.08588752150535583 -0.00004710331268142909
v -0.04015147686004639 -0.08529715985059738 -0.0000022736494429409504
v -0.04011671245098114 -0.0859563872218132 -0.000002115171810146421
v -0.039851993322372437 -0.08737721294164658 0.00038451486034318805
v -0.039590440690517426 -0.08631933480501175 0.000681474688462913
v -0.03878454864025116 -0.08737721294164658 0.0014141513966023922
v -0.03878454864025116 -0.08737721294164658 0.0014141513966023922
v -0.03946704417467117 -0.088436558842659 0.0006851660436950624
v -0.01860138215124607 -0.08737538754940033 0.014751679264008999
v -0.012696384452283382 -0.08631544560194016 0.01597532257437706
v -0.006397663615643978 -0.08737355470657349 0.016696687787771225
v -0.01265600137412548 -0.08843479305505753 0.015980985015630722
v -0.04003383219242096 -0.08744366466999054 0.00014308169193100184
v -0.040089190006256104 -0.08632630109786987 0.0001880870113382116
v -0.040000542998313904 -0.08737722039222717 0.0002430068125249818
v -0.03996460884809494 -0.08845072239637375 0.00018997171719092876
v -0.006397665943950415 -0.08737364411354065 -0.01715981960296631
v -0.012696386314928532 -0.08631553500890732 -0.01638447493314743
v -0.01860138215124607 -0.08737543225288391 -0.015081925317645073
v -0.012656004168093204 -0.08843483030796051 -0.016390148550271988
v -0.0043280418030917645 0.06325914710760117 -0.0015693182358518243
v -0.002196652814745903 0.0632830485701561 -0.004074901808053255
v -0.004288904368877411 0.06326019018888474 -0.004612433724105358
v -0.006145961582660675 0.0632309839129448 -0.0020853078458458185
v -0.03612051159143448 0.06317049264907837 -0.00004102302045794204
v -0.03324670344591141 0.06334413588047028 0.00003458629362285137
v -0.03324670344591141 0.06334413588047028 0.00003458629362285137
v -0.029855526983737946 0.06316053867340088 -0.00004158836236456409
v -0.03322862833738327 0.06263964623212814 -0.00010764953913167119
v -0.04140785336494446 0.06317049264907837 -0.00004063852975377813
v -0.04166099429130554 0.06264899671077728 -0.00010712943912949413
v -0.042023248970508575 0.06317785382270813 -0.00004059145430801436
v -0.04168552905321121 0.06334677338600159 0.00003529496461851522
v -0.04168552905321121 0.06334677338600159 0.00003529496461851522
v -0.046111300587654114 0.06204589456319809 -0.00010687820031307638
v -0.046761490404605865 0.06198223680257797 -0.000040214443288277835
v -0.0463121235370636 0.06250833719968796 0.000035779259633272886
v -0.0463121235370636 0.06250833719968796 0.000035779259633272886
v -0.04569880664348602 0.06271827965974808 -0.000040287268348038197
v -0.048344336450099945 0.0551566407084465 -0.00010746755287982523
v -0.0485873818397522 0.05248301476240158 -0.00004179772804491222
v -0.048652902245521545 0.05532132089138031 0.0000345963635481894
v -0.048652902245521545 0.05532132089138031 0.0000345963635481894
v -0.048514239490032196 0.05721311271190643 -0.00004084652755409479
v -0.048573993146419525 0.018274959176778793 0.0003214130993001163
v -0.048265084624290466 0.013197805732488632 0.0004513776511885226
v -0.04857403039932251 0.008732128888368607 0.0007546017877757549
v -0.0486772358417511 0.013197798281908035 0.0006227357662282884
v -0.0486772358417511 0.013197798281908035 0.0006227357662282884
v -0.048557817935943604 -0.04704786092042923 -0.00034579652128741145
v -0.048226505517959595 -0.05761372298002243 -0.0006089012022130191
v -0.048557259142398834 -0.06792110204696655 -0.000784602714702487
v -0.04866630584001541 -0.057615067809820175 -0.0005171437514945865
v -0.04866630584001541 -0.057615067809820175 -0.0005171437514945865
v -0.047907792031764984 -0.08743001520633698 -0.001135446596890688
v -0.0478362962603569 -0.08799469470977783 -0.001116093946620822
v -0.048211097717285156 -0.0875639021396637 -0.0010630898177623749
v -0.048211097717285156 -0.0875639021396637 -0.0010630898177623749
v -0.048327505588531494 -0.08705120533704758 -0.0011158778797835112
v -0.00770036643370986 0.030962757766246796 0.011461435817182064
v -0.003379465313628316 0.03719101473689079 0.011587611399590969
v -0.005951240658760071 0.04361628741025925 0.008930719457566738
v -0.009937135502696037 0.03751558065414429 0.008490435779094696
v -0.033088549971580505 0.04346800595521927 -0.0017181587172672153
v -0.029890822246670723 0.03707973286509514 -0.0034652494359761477
v -0.03317424654960632 0.030426178127527237 -0.0035061007365584373
v -0.035957977175712585 0.03705679997801781 -0.0017884025583043694
v -0.0412222221493721 0.03705652803182602 -0.00022605569392908365
v -0.041602835059165955 0.030415792018175125 -0.0002144255704479292
v -0.0420607328414917 0.03721168637275696 -0.00020895476336590946
v -0.041503868997097015 0.043618083000183105 -0.00021263249800540507
v -0.0407799556851387 0.03705652803182602 0.0004998742369934916
v -0.040426626801490784 0.030415784567594528 0.0006883046589791775
v -0.03957135230302811 0.03705652058124542 0.0008607596391811967
v -0.04033046215772629 0.04346291720867157 0.0005409352015703917
v -0.0420607328414917 0.03721168637275696 0.0004215253284201026
v -0.041602835059165955 0.030415792018175125 0.00042699655750766397
v -0.041222214698791504 0.03705652803182602 0.0004362480831332505
v -0.041503868997097015 0.043618083000183105 0.0004228245234116912
v -0.04400550574064255 0.037161946296691895 -0.00020419189240783453
v -0.04532564431428909 0.030415784567594528 -0.0001672173966653645
v -0.04659421741962433 0.03697144240140915 -0.00017727671365719289
v -0.0453760102391243 0.043284252285957336 -0.0002051179326372221
v -0.019045203924179077 0.043612584471702576 -0.00340799312107265
v -0.016059834510087967 0.03751707077026367 -0.005814327858388424
v -0.01943499967455864 0.03095514327287674 -0.007125562522560358
v -0.02291034162044525 0.037170302122831345 -0.004750365391373634
v -0.04857143759727478 0.03041577711701393 0.000025563931558281183
v -0.048674412071704865 0.036995433270931244 0.00004605381400324404
v -0.048674412071704865 0.036995433270931244 0.00004605381400324404
v -0.04857166111469269 0.04321373999118805 -0.00004478964547161013
v -0.048258379101753235 0.03699062764644623 -0.00009341586701339111
v -0.048344336450099945 0.0551566407084465 0.00032596499659121037
v -0.048514239490032196 0.05721309036016464 0.0002645257627591491
v -0.048652902245521545 0.05532132089138031 0.00019220773538108915
v -0.048652902245521545 0.05532132089138031 0.00019220773538108915
v -0.0485873818397522 0.05248301476240158 0.00026357476599514484
v -0.04435235261917114 0.058682747185230255 0.0004156364011578262
v -0.0453081950545311 0.06019608676433563 0.000401571043767035
v -0.044865794479846954 0.058330386877059937 0.000415637216065079
v -0.04573226720094681 -0.08607979118824005 -0.0002446263679303229
v -0.04669457674026489 -0.0868944302201271 -0.00042181689059361815
v -0.0454898402094841 -0.08653517812490463 -0.00024463265435770154
v -0.044737957417964935 -0.08721758425235748 -0.00023911753669381142
v -0.04515521973371506 -0.08828931301832199 -0.0004085066611878574
v -0.04404520243406296 -0.08757588267326355 -0.00020412560843396932
v -0.045814596116542816 -0.08198309689760208 -0.00019563331443350762
v -0.047013990581035614 -0.08453226834535599 -0.00040694745257496834
v -0.04587942361831665 -0.0849146693944931 -0.00023776327725499868
v -0.04832187294960022 -0.08472058176994324 -0.0006851566140539944
v -0.04857226461172104 -0.08183073252439499 -0.0007434897706843913
v -0.04857226461172104 -0.08183073252439499 -0.0007434897706843913
v -0.04864884167909622 -0.0847676694393158 -0.0008875081548467278
v -0.04852578043937683 -0.08606436103582382 -0.000809921242762357
v -0.04852578043937683 -0.08606436103582382 -0.000809921242762357
v -0.04864884167909622 -0.08476768434047699 -0.0010451198322698474
v -0.04864884167909622 -0.08476768434047699 -0.0010451198322698474
v -0.04857226461172104 -0.08183073997497559 -0.0010488625848665833
v -0.04832187294960022 -0.08472060412168503 -0.0011185897747054696
v -0.04852578043937683 -0.08606437593698502 -0.001115294173359871
v -0.047013990581035614 -0.08453228324651718 -0.000997997121885419
v -0.045814596116542816 -0.08198311179876328 -0.0008162395097315311
v -0.04587943106889725 -0.0849146768450737 -0.0008583692251704633
v -0.04669457674026489 -0.0868944451212883 -0.0010128677822649479
v -0.04573226720094681 -0.08607979863882065 -0.0008652329561300576
v -0.0454898476600647 -0.08653519302606583 -0.0008652401156723499
v -0.04601828753948212 -0.08914244174957275 -0.0006847550394013524
v -0.04685597121715546 -0.0888933464884758 -0.0008095460943877697
v -0.04685597121715546 -0.0888933464884758 -0.0008095460943877697
v -0.04623405635356903 -0.0893557220697403 -0.0008860260713845491
v -0.04540851712226868 -0.08964582532644272 -0.0007419674657285213
v -0.04540851712226868 -0.08964582532644272 -0.0007419674657285213
v -0.04623406380414963 -0.0893557220697403 -0.0010436397278681397
v -0.04623406380414963 -0.0893557220697403 -0.0010436397278681397
v -0.04685597866773605 -0.0888933464884758 -0.0011149217607453465
v -0.04601830244064331 -0.08914244174957275 -0.0011181937297806144
v -0.045408524572849274 -0.08964582532644272 -0.0010473454603925347
v -0.04515523463487625 -0.08828932046890259 -0.000999562325887382
v -0.04473796486854553 -0.08721759170293808 -0.00085972755914554
v -0.04404521733522415 -0.08757588267326355 -0.0008247377700172365
v -0.04711008816957474 0.05449788272380829 0.00040145061211660504
v -0.04598091542720795 0.05210477113723755 0.0004155853530392051
v -0.04602669179439545 0.05484441667795181 0.00041561556281521916
v -0.04270397126674652 0.058861143887043 0.0004156335489824414
v -0.043291300535202026 0.06079283356666565 0.00040154694579541683
v -0.04336363822221756 0.05896211415529251 0.00041563500417396426
v -0.04551120847463608 0.05756903439760208 0.00041563285049051046
v -0.04662948101758957 0.058630988001823425 0.0004015446756966412
v -0.04579923301935196 0.056874752044677734 0.00041562452679499984
v -0.047733232378959656 0.060125552117824554 0.0003264376427978277
v -0.047603361308574677 0.061014898121356964 0.00026506627909839153
v -0.04800917208194733 0.060499198734760284 0.00019315372628625482
v -0.04800917208194733 0.060499198734760284 0.00019315372628625482
v -0.04820258915424347 0.05960724502801895 0.0002648137742653489
v -0.04800917208194733 0.06049921363592148 0.000035542441764846444
v -0.04800917208194733 0.06049921363592148 0.000035542441764846444
v -0.047603361308574677 0.06101491302251816 -0.0000403062003897503
v -0.047733232378959656 0.060125574469566345 -0.00010699463018681854
v -0.04820258915424347 0.059607259929180145 -0.000040558290493208915
v -0.04662947356700897 0.05863100290298462 -0.00018950387311633676
v -0.045511193573474884 0.05756903439760208 -0.00020497255900409073
v -0.04579923301935196 0.056874774396419525 -0.00020498041703831404
v -0.04530809074640274 0.06019608676433563 -0.00018948287470266223
v -0.044352248311042786 0.05868276208639145 -0.00020497474179137498
v -0.04486573487520218 0.058330386877059937 -0.00020497098739724606
v -0.043639689683914185 0.06281594187021255 0.0003264184342697263
v -0.04304603487253189 0.0632072314620018 0.0002648686058819294
v -0.043726757168769836 0.06332170963287354 0.0001931045699166134
v -0.043726757168769836 0.06332170963287354 0.0001931045699166134
v -0.04439641535282135 0.06311529874801636 0.00026497128419578075
v -0.04372671991586685 0.06332170963287354 0.00003548804670572281
v -0.04372671991586685 0.06332170963287354 0.00003548804670572281
v -0.043045975267887115 0.0632072314620018 -0.00004051528230775148
v -0.04363958537578583 0.06281594187021255 -0.0001070273356162943
v -0.04439632594585419 0.06311531364917755 -0.000040409169741906226
v -0.04329118877649307 0.06079283356666565 -0.0001895167224574834
v -0.04270390421152115 0.058861143887043 -0.0002049864415312186
v -0.0433635339140892 0.05896211415529251 -0.00020498118828982115
v 0.01649513654410839 0.020188573747873306 0.011541602201759815
v 0.010410470888018608 0.020225360989570618 0.01320251077413559
v 0.00635115522891283 0.014344152063131332 0.014712830074131489
v 0.01287794392555952 0.009721890091896057 0.014110702089965343
v 0.019185764715075493 0.014153383672237396 0.01186360977590084
v 0.04867137223482132 -0.024819888174533844 -0.0008103399886749685
v 0.04856798052787781 -0.020964955911040306 -0.0007951179286465049
v 0.04856798052787781 -0.020964955911040306 -0.0007951179286465049
v 0.04825068265199661 -0.02491730824112892 -0.00045624386984854937
v 0.04856446385383606 -0.030064312741160393 -0.0004404437495395541
v 0.04856446385383606 -0.030064312741160393 -0.0004404437495395541
v 0.0049599832855165005 0.05987166613340378 0.0070112538523972034
v 0.0025070812553167343 0.05730103701353073 0.008563021197915077
v 0.005178231280297041 0.05386154353618622 0.007335211616009474
v 0.007726154290139675 0.05737089365720749 0.004716831725090742
v 0.048673324286937714 0.036995433270931244 -0.00044941448140889406
v 0.048673324286937714 0.036995433270931244 -0.00044941448140889406
v 0.04857254773378372 0.04321373999118805 -0.00014209392247721553
v 0.04826650768518448 0.03699062764644623 -0.0002722450881265104
v 0.04857313632965088 0.030415792018175125 -0.0005493225762620568
v 0.04823846369981766 -0.057566579431295395 -0.000953089736867696
v 0.04853430390357971 -0.06792110204696655 -0.0015517253195866942
v 0.04853430390357971 -0.06792110204696655 -0.0015517253195866942
v 0.048659034073352814 -0.057564783841371536 -0.001192876952700317
v 0.04856135696172714 -0.04684987664222717 -0.0006771287298761308
v 0.04856135696172714 -0.04684987664222717 -0.0006771287298761308
v 0.006348029710352421 -0.05568958818912506 -0.01655389741063118
v 0.012500827200710773 -0.045820675790309906 -0.015474979765713215
v 0.018322445452213287 -0.05591792240738869 -0.01470224093645811
v 0.012537985108792782 -0.06569511443376541 -0.016314692795276642
v 0.0325460210442543 0.06263964623212814 -0.00002758208938757889
v 0.03561994433403015 0.06317047029733658 0.000025697889213915914
v 0.032563649117946625 0.06334411352872849 -0.0001852450950536877
v 0.032563649117946625 0.06334411352872849 -0.0001852450950536877
v 0.02904360368847847 0.06316053867340088 -0.0002190328377764672
v 0.032142408192157745 -0.030969975516200066 0.007972495630383492
v 0.03533725440502167 -0.026364654302597046 0.005308506079018116
v 0.03216979652643204 -0.022944828495383263 0.007876702584326267
v 0.02821797877550125 -0.026350289583206177 0.010654130019247532
v 0.0324707105755806 0.01831265166401863 -0.006204991601407528
v 0.03558780252933502 0.01319805532693863 -0.004345396533608437
v 0.03238782286643982 0.008769076317548752 -0.006587457377463579
v 0.02855830080807209 0.013389572501182556 -0.008708437904715538
v 0.03211241960525513 -0.06730683892965317 0.00830286554992199
v 0.035293251276016235 -0.057238440960645676 0.005494039971381426
v 0.03213345259428024 -0.046626538038253784 0.008112101815640926
v 0.02821212448179722 -0.056793276220560074 0.010999079793691635
v 0.032475486397743225 0.05982174724340439 -0.00044949789298698306
v 0.035474441945552826 0.05724033713340759 -0.00039254105649888515
v 0.032392509281635284 0.05373309552669525 -0.0007292969967238605
v 0.028933096677064896 0.057250477373600006 -0.0005861138342879713
v 0.03213994950056076 -0.04645174741744995 -0.007506048306822777
v 0.03530040383338928 -0.05705922096967697 -0.0051453798078000546
v 0.03212542086839676 -0.0669572576880455 -0.008046036586165428
v 0.028224458917975426 -0.0564265213906765 -0.010489482432603836
v 0.041794613003730774 0.06264898180961609 0.00032632937654852867
v 0.04216232895851135 0.06317783892154694 0.0002647973014973104
v 0.04181914031505585 0.06334677338600159 0.00019291591888759285
v 0.04181914031505585 0.06334677338600159 0.00019291591888759285
v 0.04152508080005646 0.06317047029733658 0.0002647541696205735
v 0.04151655733585358 -0.031038355082273483 0.0004214383661746979
v 0.042052775621414185 -0.026281209662556648 0.0003691759193316102
v 0.041558049619197845 -0.02291339635848999 0.00041617313399910927
v 0.04119212180376053 -0.026378460228443146 0.0004663676954805851
v 0.041819483041763306 0.018274959176778793 -0.0002337161567993462
v 0.04233165085315704 0.013197805732488632 -0.00024977108114399016
v 0.041821956634521484 0.008732128888368607 -0.00022804285981692374
v 0.04148609936237335 0.013197805732488632 -0.00025545223616063595
v 0.04197440296411514 -0.05794506147503853 0.00033232831628993154
v 0.04147925227880478 -0.047043852508068085 0.0004174172063358128
v 0.04111028462648392 -0.057666417211294174 0.00046636880142614245
v 0.041418224573135376 -0.06842411309480667 0.0003994345897808671
v 0.04169650375843048 0.0598578006029129 -0.0001895445166155696
v 0.041974082589149475 0.05757910758256912 -0.00020541083358693868
v 0.04161020368337631 0.05391343683004379 -0.00021128429216332734
v 0.04135538637638092 0.0572403222322464 -0.00020571965433191508
v 0.04147926717996597 -0.047043487429618835 -0.00024106138153001666
v 0.04197441786527634 -0.05794506147503853 -0.00030313222669065
v 0.041418276727199554 -0.06842339038848877 -0.00025406264467164874
v 0.04111040383577347 -0.0576641820371151 -0.00025616821949370205
v 0.04039982706308365 0.05982109159231186 0.0003931968240067363
v 0.03942444175481796 0.0572403222322464 0.00040797574911266565
v 0.04028884321451187 0.05372890084981918 0.00044823711505159736
v 0.040826015174388885 0.0572403222322464 0.00041923706885427237
v 0.04138507694005966 -0.09015730023384094 0.00007939220813568681
v 0.04103504866361618 -0.08990591019392014 0.0002773317974060774
v 0.0407734215259552 -0.0901695191860199 0.00024769146693870425
v 0.0407734215259552 -0.0901695191860199 0.00024769146693870425
v 0.04102448374032974 -0.09024269878864288 0.00012542796321213245
v 0.04102448374032974 -0.09024269878864288 0.00012542796321213245
v 0.031827203929424286 -0.08976704627275467 -0.008413007482886314
v 0.03494385629892349 -0.09013309329748154 -0.005473059602081776
v 0.03494385629892349 -0.09013309329748154 -0.005473059602081776
v 0.03179778903722763 -0.0902397483587265 -0.008320748805999756
v 0.03179778903722763 -0.0902397483587265 -0.008320748805999756
v 0.027928844094276428 -0.09011267870664597 -0.01132345013320446
v 0.04047685116529465 -0.0902140736579895 0.00023895005870144814
v 0.04047685116529465 -0.0902140736579895 0.00023895005870144814
v 0.04035183787345886 -0.0902133360505104 0.00030930060893297195
v 0.04035183787345886 -0.0902133360505104 0.00030930060893297195
v 0.04035031050443649 -0.0902397483587265 0.00021437193208839744
v 0.040413014590740204 -0.09024196118116379 0.00015838909894227982
v 0.03970812261104584 -0.08989451080560684 0.0009470342774875462
v 0.038801610469818115 -0.09014866501092911 0.0017243761103600264
v 0.039646849036216736 -0.0902397483587265 0.0008720760815776885
v 0.039646849036216736 -0.0902397483587265 0.0008720760815776885
v 0.040092095732688904 -0.09016808867454529 0.0005422876565717161
v 0.01242556981742382 -0.08971507847309113 0.016600649803876877
v 0.00632786238566041 -0.09010840207338333 0.017085690051317215
v 0.012409387156367302 -0.0902397483587265 0.01649654656648636
v 0.012409387156367302 -0.0902397483587265 0.01649654656648636
v 0.018138274550437927 -0.09011322259902954 0.015459325164556503
v 0.031792886555194855 -0.09022796154022217 -0.008259242400527
v 0.031792886555194855 -0.09022796154022217 -0.008259242400527
v 0.03493300825357437 -0.0901310071349144 -0.005353606306016445
v 0.03493300825357437 -0.0901310071349144 -0.005353606306016445
v 0.03180908411741257 -0.08985786139965057 -0.008243856951594353
v 0.02791641093790531 -0.0901309996843338 -0.011207275092601776
v 0.04030872881412506 -0.09022796154022217 0.0000060697057051584125
v 0.04030872881412506 -0.09022796154022217 0.0000060697057051584125
v 0.040321268141269684 -0.0901310071349144 0.00005851352761965245
v 0.04032044857740402 -0.08985787630081177 0.000011203934263903648
v 0.04026274383068085 -0.0901310071349144 -0.000052830502681899816
v 0.04026274383068085 -0.0901310071349144 -0.000052830502681899816
v 0.03962590545415878 -0.09022796154022217 0.0008216040441766381
v 0.03962590545415878 -0.09022796154022217 0.0008216040441766381
v 0.03877545893192291 -0.0901310071349144 0.0016155997291207314
v 0.039642415940761566 -0.08985787630081177 0.000808994984254241
v 0.04002866894006729 -0.0901310071349144 0.0004590132157318294
v 0.0124049698933959 -0.09022796154022217 0.016416870057582855
v 0.0124049698933959 -0.09022796154022217 0.016416870057582855
v 0.006322905421257019 -0.09013090282678604 0.01692478358745575
v 0.01241058949381113 -0.08985752612352371 0.01639670506119728
v 0.01812596619129181 -0.09013095498085022 0.015321001410484314
v 0.041696518659591675 0.0598578006029129 0.00040153623558580875
v 0.04135539382696152 0.0572403222322464 0.0004163587582297623
v 0.04161021113395691 0.05391343683004379 0.0004206401063129306
v 0.041974104940891266 0.05757910758256912 0.00041521829552948475
v 0.04583797603845596 0.06271827965974808 0.00026509002782404423
v 0.04624844342470169 0.06204589456319809 0.00032655883114784956
v 0.04689224809408188 0.06198223680257797 0.0002651598770171404
v 0.046449124813079834 0.06250833719968796 0.00019339243590366095
v 0.046449124813079834 0.06250833719968796 0.00019339243590366095
v 0.045280277729034424 -0.03055141493678093 0.00008172032539732754
v 0.04656790941953659 -0.02530699037015438 -0.00016429097740910947
v 0.045303091406822205 -0.021939171478152275 -0.00008667587098898366
v 0.043982118368148804 -0.02589152194559574 0.00016451718693133444
v 0.04543958604335785 0.018274959176778793 -0.0006144540384411812
v 0.04666554182767868 0.013197805732488632 -0.0006272175232879817
v 0.045440882444381714 0.008732128888368607 -0.0004099918878637254
v 0.044189393520355225 0.013197805732488632 -0.00040827825432643294
v 0.045400962233543396 0.030415792018175125 0.000006275629857555032
v 0.04663925617933273 0.03697144240140915 -0.000035217955883126706
v 0.045445799827575684 0.043284252285957336 0.0002118171687470749
v 0.04410690814256668 0.037161946296691895 0.00022304731828626245
v 0.04655618220567703 -0.05757375806570053 -0.0005337776383385062
v 0.04525962471961975 -0.04694729670882225 -0.00004707832704298198
v 0.04393959790468216 -0.05789871886372566 -0.000010134175681741908
v 0.04532937705516815 -0.06819350272417068 -0.0005380328511819243
v 0.046085797250270844 0.054844439029693604 -0.00021052038937341422
v 0.04714364558458328 0.05449789762496948 -0.0002036601072177291
v 0.04603678733110428 0.05210479348897934 -0.0002450663596391678
v 0.04525963217020035 -0.04694729670882225 -0.0008220945601351559
v 0.04655618220567703 -0.05757375806570053 -0.001174637582153082
v 0.04532937705516815 -0.06819350272417068 -0.001158640836365521
v 0.043939605355262756 -0.05789871886372566 -0.000665504252538085
v 0.044077157974243164 -0.09008815884590149 -0.001554042100906372
v 0.044077157974243164 -0.09008815884590149 -0.001554042100906372
v 0.043245829641819 -0.08996528387069702 -0.0009509375086054206
v 0.04253946244716644 -0.09017215669155121 -0.0005766469985246658
v 0.04253946244716644 -0.09017215669155121 -0.0005766469985246658
v 0.043312788009643555 -0.09022054076194763 -0.0011609506327658892
v 0.040892377495765686 -0.08656462281942368 0.00045924895675852895
v 0.04110457003116608 -0.08849434554576874 0.0003760291147045791
v 0.04151885211467743 -0.08692312985658646 0.00029159459518268704
v 0.0412711501121521 -0.08326210826635361 0.0003960041212849319
v 0.04242031276226044 -0.08786904811859131 -0.0001956730120582506
v 0.042978011071681976 -0.08894424140453339 -0.0006278326036408544
v 0.04315595328807831 -0.08789993077516556 -0.000648597429972142
v 0.047771334648132324 -0.0871427059173584 -0.002375182928517461
v 0.047771334648132324 -0.0871427059173584 -0.002375182928517461
v 0.0473090261220932 -0.08756698668003082 -0.002215153304859996
v 0.047179318964481354 -0.08817732334136963 -0.0023753978312015533
v 0.047179318964481354 -0.08817732334136963 -0.0023753978312015533
v 0.04756386578083038 -0.08770723640918732 -0.0024887092877179384
v 0.04315595328807831 -0.08789993077516556 -0.001269213273189962
v 0.042978011071681976 -0.08894424140453339 -0.0012188961263746023
v 0.04242031276226044 -0.08786904811859131 -0.0008162925369106233
v 0.04151885211467743 -0.08692312985658646 -0.00032903411192819476
v 0.04110458493232727 -0.08849401772022247 -0.00023426031111739576
v 0.04089251160621643 -0.08656240999698639 -0.000249633623752743
v 0.04127120226621628 -0.0832613855600357 -0.0002574928221292794
v 0.04035031050443649 -0.0902397483587265 -0.000013345001207198948
v 0.04035183787345886 -0.09021329879760742 -0.00010609245509840548
v 0.04035183787345886 -0.09021329879760742 -0.00010609245509840548
v 0.04047685116529465 -0.09021402895450592 -0.000042127183405682445
v 0.04047685116529465 -0.09021402895450592 -0.000042127183405682445
v 0.040413014590740204 -0.09024196118116379 0.00003763743006857112
v 0.0407734215259552 -0.09016947448253632 -0.000058492332755122334
v 0.0407734215259552 -0.09016947448253632 -0.000058492332755122334
v 0.04103504866361618 -0.08990585803985596 -0.00016267815954051912
v 0.04138507694005966 -0.09015730023384094 -0.0002259965258417651
v 0.04102448374032974 -0.09024269878864288 -0.000031041199690662324
v 0.04102448374032974 -0.09024269878864288 -0.000031041199690662324
v 0.04253946244716644 -0.09017215669155121 -0.0008820308721624315
v 0.043245829641819 -0.08996528387069702 -0.001384383300319314
v 0.04407716542482376 -0.09008815884590149 -0.0018594227731227875
v 0.04331279546022415 -0.09022054076194763 -0.0013185670832172036
v 0.04331279546022415 -0.09022054076194763 -0.0013185670832172036
v 0.04030872881412506 -0.09022796154022217 0.00019717095710802823
v 0.04030872881412506 -0.09022796154022217 0.00019717095710802823
v 0.04026274383068085 -0.0901310071349144 0.00025895918952301145
v 0.04026274383068085 -0.0901310071349144 0.00025895918952301145
v 0.04032044857740402 -0.08985787630081177 0.00019315139797981828
v 0.040321268141269684 -0.0901310071349144 0.00014354429731611162
v 0.004472728818655014 0.06325914710760117 0.0016657030209898949
v 0.002339734463021159 0.0632830336689949 0.004113403148949146
v 0.004433551337569952 0.06326016783714294 0.004622599575668573
v 0.006292577832937241 0.0632309690117836 0.0021660716738551855
v 0.010276020504534245 0.02022729441523552 -0.013138744980096817
v 0.01635124534368515 0.02019030973315239 -0.012091340497136116
v 0.01911822520196438 0.014154672622680664 -0.012156623415648937
v 0.012827706523239613 0.00972294807434082 -0.013502170331776142
v 0.006310691125690937 0.014345739036798477 -0.013904736377298832
v 0.006343312561511993 -0.05629389360547066 0.0171804316341877
v 0.012526623904705048 -0.06643754988908768 0.016508616507053375
v 0.018310632556676865 -0.0564432218670845 0.015301739796996117
v 0.012495145201683044 -0.04619188979268074 0.01650889217853546
v 0.005161662120372057 0.053861699998378754 -0.007389305159449577
v 0.002504914766177535 0.05730108916759491 -0.008851166814565659
v 0.004959615413099527 0.05987168103456497 -0.007112111430615187
v 0.007719682529568672 0.05737094581127167 -0.004769728519022465
v 0.01242670789361 -0.08964084088802338 -0.01694677025079727
v 0.01813865825533867 -0.09009627252817154 -0.015755251049995422
v 0.012409388087689877 -0.0902397483587265 -0.016870055347681046
v 0.012409388087689877 -0.0902397483587265 -0.016870055347681046
v 0.006328015122562647 -0.09008891135454178 -0.017480187118053436
v 0.012404968962073326 -0.09022794663906097 -0.016818910837173462
v 0.012404968962073326 -0.09022794663906097 -0.016818910837173462
v 0.01812596432864666 -0.09013095498085022 -0.015650112181901932
v 0.012410585768520832 -0.08985753357410431 -0.016805879771709442
v 0.006322904024273157 -0.09013090282678604 -0.01738564297556877
v 0.03187652677297592 -0.08843650668859482 -0.008243825286626816
v 0.03507593274116516 -0.08737721294164658 -0.005348640028387308
v 0.03507593274116516 -0.08737721294164658 -0.005348640028387308
v 0.03197569400072098 -0.0863192155957222 -0.00823921337723732
v 0.02803036756813526 -0.08737685531377792 -0.011202131398022175
v 0.04040607064962387 -0.088436558842659 0.000011577249097172171
v 0.040483638644218445 -0.08737721294164658 0.0000602892687311396
v 0.04053004831075668 -0.08631933480501175 0.000013412507541943341
v 0.040425077080726624 -0.08737721294164658 -0.000050081485824193805
v 0.040425077080726624 -0.08737721294164658 -0.000050081485824193805
v 0.03972659260034561 -0.088436558842659 0.0008090072078630328
v 0.038933612406253815 -0.08737721294164658 0.0016110861906781793
v 0.03984940052032471 -0.08631933480501175 0.0008053158526308835
v 0.040190838277339935 -0.08737721294164658 0.00045556959230452776
v 0.012436614371836185 -0.08843479305505753 0.016395729035139084
v 0.006347935181111097 -0.08737355470657349 0.01691598817706108
v 0.012474884279072285 -0.08631544560194016 0.016390066593885422
v 0.018199497833848 -0.08737538754940033 0.01531414408236742
v 0.04040607064962387 -0.088436558842659 0.0001935248583322391
v 0.04042508453130722 -0.08737721294164658 0.000257217965554446
v 0.04042508453130722 -0.08737721294164658 0.000257217965554446
v 0.04053004831075668 -0.08631933480501175 0.0001923417003126815
v 0.040483638644218445 -0.08737721294164658 0.00014378383639268577
v 0.012436610646545887 -0.08843483030796051 -0.01680489256978035
v 0.018199492245912552 -0.08737543225288391 -0.015644390136003494
v 0.01247488148510456 -0.08631553500890732 -0.016799218952655792
v 0.006347931921482086 -0.08737364411354065 -0.017379119992256165
v 0.004435035400092602 0.06326019018888474 -0.0046694315969944
v 0.0023410858120769262 0.0632830485701561 -0.00410471810027957
v 0.004473306238651276 0.06325914710760117 -0.0016271722270175815
v 0.006293362472206354 0.0632309839129448 -0.0021666674874722958
v 0.032563649117946625 0.06334411352872849 -0.0003431130317039788
v 0.032563649117946625 0.06334411352872849 -0.0003431130317039788
v 0.03561994433403015 0.06317047029733658 -0.0002796968328766525
v 0.0325460210442543 0.06263964623212814 -0.0004617166123352945
v 0.029043616726994514 0.06316053867340088 -0.0005263276980258524
v 0.04181913286447525 0.06334677338600159 0.000035294448025524616
v 0.04181913286447525 0.06334677338600159 0.000035294448025524616
v 0.042162321507930756 0.06317785382270813 -0.00004059145430801436
v 0.04179460555315018 0.06264899671077728 -0.00010712972289184108
v 0.04152508080005646 0.06317049264907837 -0.000040640123188495636
v 0.0458378791809082 0.06271827965974808 -0.00004028703551739454
v 0.04644908756017685 0.06250833719968796 0.0000357794706360437
v 0.04644908756017685 0.06250833719968796 0.0000357794706360437
v 0.0468922033905983 0.06198223680257797 -0.000040214028558693826
v 0.04624834656715393 0.06204589456319809 -0.00010687772737583145
v 0.0485261008143425 0.05721311271190643 -0.000040846949559636414
v 0.048655733466148376 0.05532132089138031 0.000014142489817459136
v 0.048655733466148376 0.05532132089138031 0.000014142489817459136
v 0.04858875274658203 0.05248301476240158 -0.00012233329471200705
v 0.04835331439971924 0.0551566407084465 -0.00012664285895880312
v 0.048677243292331696 0.013197805732488632 -0.0006165195372886956
v 0.048677243292331696 0.013197805732488632 -0.0006165195372886956
v 0.0485764816403389 0.008732128888368607 -0.0004580372478812933
v 0.04827490448951721 0.013197805732488632 -0.0007104244432412088
v 0.04857637733221054 0.018274959176778793 -0.0008584667230024934
v 0.048659034073352814 -0.057564783841371536 -0.0013704118318855762
v 0.048659034073352814 -0.057564783841371536 -0.0013704118318855762
v 0.04853430390357971 -0.06792110204696655 -0.0018570974934846163
v 0.04823846369981766 -0.057566579431295395 -0.0014363315422087908
v 0.048561349511146545 -0.04684987664222717 -0.001131927827373147
v 0.048561349511146545 -0.04684987664222717 -0.001131927827373147
v 0.04777132719755173 -0.087142713367939 -0.0026805554516613483
v 0.047563858330249786 -0.08770724385976791 -0.0026463204994797707
v 0.047563858330249786 -0.08770724385976791 -0.0026463204994797707
v 0.047179318964481354 -0.08817732334136963 -0.002680770820006728
v 0.047309018671512604 -0.08756699413061142 -0.0026485861744731665
v 0.01854921504855156 0.04361181706190109 0.0037018503062427044
v 0.0158066563308239 0.037515800446271896 0.006208733189851046
v 0.018957016989588737 0.0309535413980484 0.007718617096543312
v 0.022212348878383636 0.03716917708516121 0.005183998961001635
v 0.03241325914859772 0.04346797615289688 -0.0022383518517017365
v 0.03546907752752304 0.03705678507685661 -0.002334730699658394
v 0.032501935958862305 0.03042611852288246 -0.004616262391209602
v 0.02907787263393402 0.037079665809869766 -0.0045038084499537945
v 0.04164116084575653 0.043618083000183105 -0.0002192735264543444
v 0.0421997606754303 0.03721168637275696 -0.00024891129578463733
v 0.041746318340301514 0.030415792018175125 -0.00023084034910425544
v 0.0413484051823616 0.03705652803182602 -0.00023316126316785812
v 0.040285803377628326 0.04346292465925217 0.0005779890925623477
v 0.03941798210144043 0.03705652058124542 0.0009521188330836594
v 0.04038820415735245 0.030415792018175125 0.000770826474763453
v 0.04081916809082031 0.03705652803182602 0.0005354012828320265
v 0.04164116084575653 0.043618083000183105 0.00041840370977297425
v 0.0413484051823616 0.03705652803182602 0.0004433533176779747
v 0.04174631088972092 0.030415792018175125 0.0004154662019573152
v 0.0421997532248497 0.03721168637275696 0.0003815683303400874
v 0.045445799827575684 0.043284252285957336 -0.00040879129664972425
v 0.04663925617933273 0.03697144240140915 -0.0006262690876610577
v 0.045400962233543396 0.030415792018175125 -0.0006143329665064812
v 0.04410690814256668 0.037161946296691895 -0.0004074184107594192
v 0.00732527207583189 0.030964501202106476 -0.011608850210905075
v 0.0032861207146197557 0.03719242662191391 -0.011464809998869896
v 0.00584415253251791 0.0436171293258667 -0.009026610292494297
v 0.009536239318549633 0.03751682862639427 -0.008885429240763187
v 0.04857254773378372 0.04321373999118805 -0.00044746650382876396
v 0.048673324286937714 0.036995433270931244 -0.00060702592600137
v 0.048673324286937714 0.036995433270931244 -0.00060702592600137
v 0.04857313632965088 0.030415792018175125 -0.0008546949829906225
v 0.04826650768518448 0.03699062764644623 -0.0007056781323626637
v 0.04858875274658203 0.05248301476240158 0.0001830391847761348
v 0.048655733466148376 0.05532132089138031 0.0001717538689263165
v 0.048655733466148376 0.05532132089138031 0.0001717538689263165
v 0.0485261008143425 0.05721309036016464 0.00026452529709786177
v 0.04835331439971924 0.0551566407084465 0.0003067897050641477
v 0.04499910771846771 0.058330386877059937 0.0004152198089286685
v 0.04544559866189957 0.06019608676433563 0.000401571043767035
v 0.04449015110731125 0.05868276208639145 0.0004152189358137548
v 0.045253582298755646 -0.08664138615131378 -0.0012371407356113195
v 0.04628968983888626 -0.08700598776340485 -0.0016545946709811687
v 0.045539021492004395 -0.08614496141672134 -0.0012371342163532972
v 0.04419000446796417 -0.08764105290174484 -0.0011358191259205341
v 0.04508870840072632 -0.08840085566043854 -0.0016217000083997846
v 0.04466807097196579 -0.08732379227876663 -0.0012233797460794449
v 0.04584306478500366 -0.08492666482925415 -0.001219963189214468
v 0.04692654311656952 -0.08453594148159027 -0.0016175633063539863
v 0.04587297886610031 -0.08198527246713638 -0.001114441896788776
v 0.0481887087225914 -0.08608267456293106 -0.0023745992220938206
v 0.0481887087225914 -0.08608267456293106 -0.0023745992220938206
v 0.04840974509716034 -0.08477229624986649 -0.0024460013955831528
v 0.04843419790267944 -0.08183073252439499 -0.002209730911999941
v 0.04843419790267944 -0.08183073252439499 -0.002209730911999941
v 0.048113107681274414 -0.084725022315979 -0.0021740742959082127
v 0.0481887087225914 -0.08608268946409225 -0.002679971745237708
v 0.048113107681274414 -0.0847250297665596 -0.002607506699860096
v 0.04843418300151825 -0.08183073997497559 -0.0025151032023131847
v 0.04840974509716034 -0.08477230370044708 -0.0026036128401756287
v 0.04840974509716034 -0.08477230370044708 -0.0026036128401756287
v 0.04584306478500366 -0.08492667973041534 -0.0018405679147690535
v 0.045872971415519714 -0.08198528736829758 -0.0017350469715893269
v 0.04692654311656952 -0.08453595638275146 -0.0022086112294346094
v 0.045253582298755646 -0.08664138615131378 -0.0018577462760731578
v 0.04553902894258499 -0.08614496886730194 -0.0018577391747385263
v 0.04628968983888626 -0.08700599521398544 -0.0022456434089690447
v 0.04544331878423691 -0.08973733335733414 -0.0022087234538048506
v 0.04544331878423691 -0.08973733335733414 -0.0022087234538048506
v 0.04602175951004028 -0.08949905633926392 -0.0024445182643830776
v 0.04642487317323685 -0.0890759751200676 -0.0023742238990962505
v 0.04642487317323685 -0.0890759751200676 -0.0023742238990962505
v 0.04642487317323685 -0.0890759751200676 -0.0023742238990962505
v 0.04583514481782913 -0.0892794132232666 -0.0021741886157542467
v 0.045443326234817505 -0.08973733335733414 -0.0025141010992228985
v 0.04583515226840973 -0.0892794132232666 -0.0026076261419802904
v 0.04642488807439804 -0.0890759751200676 -0.0026795987505465746
v 0.04602175951004028 -0.08949905633926392 -0.0026021318044513464
v 0.04602175951004028 -0.08949905633926392 -0.0026021318044513464
v 0.04419001191854477 -0.08764105290174484 -0.00175643025431782
v 0.04466807842254639 -0.08732379227876663 -0.0018439877312630415
v 0.04508870840072632 -0.08840085566043854 -0.0022127542179077864
v 0.046085797250270844 0.05484441667795181 0.0004100847872905433
v 0.04603678733110428 0.05210477113723755 0.0003755394136533141
v 0.04714364558458328 0.05449788272380829 0.0003873888053931296
v 0.043502144515514374 0.05896211415529251 0.0004152175970375538
v 0.0434303805232048 0.06079283356666565 0.00040154694579541683
v 0.04284247010946274 0.058861143887043 0.00041521608363837004
v 0.04588408023118973 0.056874752044677734 0.0004152071778662503
v 0.046715863049030304 0.05863100290298462 0.0004015446756966412
v 0.04561949521303177 0.05756903439760208 0.0004152155015617609
v 0.0482494980096817 0.05960724502801895 0.0002648133668117225
v 0.04808058589696884 0.06049921363592148 0.00019315331883262843
v 0.04808058589696884 0.06049921363592148 0.00019315331883262843
v 0.04770065099000931 0.06101491302251816 0.0002650661044754088
v 0.047807641327381134 0.060125574469566345 0.00032643740996718407
v 0.0482494980096817 0.059607259929180145 -0.00004055852332385257
v 0.04780763387680054 0.060125574469566345 -0.00010699439735617489
v 0.04770064353942871 0.06101491302251816 -0.00004030598938697949
v 0.048080578446388245 0.06049921363592148 0.00003554218710632995
v 0.048080578446388245 0.06049921363592148 0.00003554218710632995
v 0.04588407278060913 0.056874774396419525 -0.00020539754768833518
v 0.045619480311870575 0.05756903439760208 -0.00020538947137538344
v 0.04671585559844971 0.05863100290298462 -0.00018950345111079514
v 0.04499904066324234 0.058330386877059937 -0.00020538787066470832
v 0.044490039348602295 0.05868276208639145 -0.00020539182878565043
v 0.04544549435377121 0.06019608676433563 -0.000189482350833714
v 0.04453549534082413 0.06311529874801636 0.00026497128419578075
v 0.04386582970619202 0.06332169473171234 0.0001931045699166134
v 0.04386582970619202 0.06332169473171234 0.0001931045699166134
v 0.04318510740995407 0.0632072165608406 0.0002648686058819294
v 0.04377876967191696 0.06281591951847076 0.0003264184342697263
v 0.044535405933856964 0.06311529874801636 -0.000040409122448181733
v 0.043778665363788605 0.06281594187021255 -0.00010702731378842145
v 0.04318506270647049 0.0632072314620018 -0.00004051528230775148
v 0.04386579990386963 0.06332169473171234 0.00003548806125763804
v 0.04386579990386963 0.06332169473171234 0.00003548806125763804
v 0.04350203275680542 0.05896211415529251 -0.0002053985372185707
v 0.042842403054237366 0.058861143887043 -0.00020540384866762906
v 0.04343026876449585 0.06079283356666565 -0.00018951669335365295
v -0.04056129604578018 0.06334677338600159 0.00019281353161204606
v -0.04056129604578018 0.06334677338600159 0.00019281353161204606
v -0.04096364229917526 0.06317049264907837 0.0002647254732437432
v -0.040539152920246124 0.06264163553714752 0.00032628182088956237
v -0.039749741554260254 0.06317049264907837 0.0002646373468451202
v -0.040494367480278015 0.018274959176778793 0.0007954231114126742
v -0.04090707004070282 0.013197805732488632 0.0005769185954704881
v -0.040495023131370544 0.008732128888368607 0.0008371977601200342
v -0.03969457745552063 0.013197798281908035 0.0013690293999388814
v -0.040166258811950684 -0.031045788899064064 -0.0006564321229234338
v -0.040602028369903564 -0.026377780362963676 -0.0003692078171297908
v -0.04022572189569473 -0.022944815456867218 -0.0006429044296965003
v -0.03939852863550186 -0.026373762637376785 -0.0013003164203837514
v -0.04006105661392212 -0.04701796546578407 0.0009017828269861639
v -0.040386274456977844 -0.05765312537550926 0.0005794063326902688
v -0.0398990660905838 -0.06808969378471375 0.000896703451871872
v -0.039190828800201416 -0.05756501853466034 0.0016682036221027374
v -0.039190828800201416 -0.05756501853466034 0.0016682036221027374
v -0.04033795744180679 0.05372890084981918 -0.00023446284467354417
v -0.040795400738716125 0.0572403222322464 -0.00020749005489051342
v -0.0404505655169487 0.05982109159231186 -0.0001895611931104213
v -0.039586469531059265 0.0572403222322464 -0.00021887818002142012
v -0.04038672894239426 -0.05764538794755936 -0.0003692078171297908
v -0.04006168991327286 -0.047005604952573776 -0.000669698289129883
v -0.03919287025928497 -0.05752084404230118 -0.0014048910234123468
v -0.03990034759044647 -0.06806496530771255 -0.0006811494240537286
v -0.03307148814201355 0.05373304337263107 0.0007163333357311785
v -0.02974245510995388 0.057250455021858215 0.000517785141710192
v -0.03315630555152893 0.05982174724340439 0.00040210463339462876
v -0.035972096025943756 0.0572403222322464 0.0004641444538719952
v -0.039332009851932526 -0.09023909270763397 -0.0005646605859510601
v -0.039332009851932526 -0.09023909270763397 -0.0005646605859510601
v -0.039675481617450714 -0.09023909270763397 -0.0002476680383551866
v -0.039675481617450714 -0.09023909270763397 -0.0002476680383551866
v -0.03976406902074814 -0.09016810357570648 -0.00024158789892680943
v -0.03944899141788483 -0.08989392220973969 -0.0006068120710551739
v -0.03944899141788483 -0.08989392220973969 -0.0006068120710551739
v -0.03864622861146927 -0.09014798700809479 -0.0013364620972424746
v -0.03215496987104416 -0.0902397483587265 0.0077589876018464565
v -0.03215496987104416 -0.0902397483587265 0.0077589876018464565
v -0.028412191197276115 -0.09012686461210251 0.010580223985016346
v -0.032183319330215454 -0.08981012552976608 0.007852128706872463
v -0.035122521221637726 -0.0901404544711113 0.0051214671693742275
v -0.035122521221637726 -0.0901404544711113 0.0051214671693742275
v -0.03928252309560776 -0.08987832814455032 -0.0005507192690856755
v -0.03928252309560776 -0.08987832814455032 -0.0005507192690856755
v -0.03954606503248215 -0.09014981985092163 -0.0002817948698066175
v -0.0392625629901886 -0.09022767096757889 -0.0005626599304378033
v -0.0392625629901886 -0.09022767096757889 -0.0005626599304378033
v -0.0392625629901886 -0.09022767096757889 -0.0005626599304378033
v -0.03855700045824051 -0.09013132750988007 -0.0012824737932533026
v -0.032166726887226105 -0.08985786139965057 0.007680948358029127
v -0.0284002423286438 -0.0901309996843338 0.01045741606503725
v -0.03215008229017258 -0.09022796154022217 0.007696561515331268
v -0.03215008229017258 -0.09022796154022217 0.007696561515331268
v -0.03511197865009308 -0.0901310071349144 0.005002015735954046
v -0.03511197865009308 -0.0901310071349144 0.005002015735954046
v -0.039601996541023254 -0.08623804152011871 -0.0004748693900182843
v -0.039601996541023254 -0.08623804152011871 -0.0004748693900182843
v -0.03990758955478668 -0.08675311505794525 -0.00016576169582549483
v -0.03979115188121796 -0.08805324882268906 -0.00019797919958364218
v -0.039419278502464294 -0.08853880316019058 -0.0005127404583618045
v -0.039419278502464294 -0.08853880316019058 -0.0005127404583618045
v -0.03878390043973923 -0.08738554269075394 -0.0012332472251728177
v -0.03233761340379715 -0.0863192155957222 0.007676305249333382
v -0.02851804345846176 -0.08737684786319733 0.010452045127749443
v -0.03223589062690735 -0.08843649923801422 0.00768091669306159
v -0.035257488489151 -0.08737721294164658 0.004997049458324909
v -0.035257488489151 -0.08737721294164658 0.004997049458324909
v -0.040539152920246124 0.06264163553714752 -0.00010718651174101979
v -0.04096364229917526 0.06317049264907837 -0.00004067226473125629
v -0.04056129604578018 0.06334677338600159 0.00003518864104989916
v -0.04056129604578018 0.06334677338600159 0.00003518864104989916
v -0.03974974900484085 0.06317049264907837 -0.00004076048935530707
v -0.040426626801490784 0.030415799468755722 -0.00047658762196078897
v -0.0407799556851387 0.03705652803182602 -0.0002896820369642228
v -0.04033046215772629 0.04346291720867157 -0.00033169728703796864
v -0.03957135230302811 0.0370565727353096 -0.0006530495593324304
v -0.03318452090024948 0.030425559729337692 0.003762998152524233
v -0.029923131689429283 0.03707905858755112 0.0036446526646614075
v -0.03309378772974014 0.043467700481414795 0.00189760432112962
v -0.03595796972513199 0.037056513130664825 0.0019861836917698383
v 0.04048798978328705 0.06264162063598633 0.0003149096155539155
v 0.040993526577949524 0.06317047029733658 0.00026471749879419804
v 0.04051002860069275 0.0633467584848404 0.0001806748769013211
v 0.04051002860069275 0.0633467584848404 0.0001806748769013211
v 0.03958618640899658 0.06317047029733658 0.00021688984998036176
v 0.040162794291973114 -0.03104638122022152 0.0009998780442401767
v 0.04066508263349533 -0.026377763599157333 0.0006504614721052349
v 0.040202945470809937 -0.022944819182157516 0.0009968103840947151
v 0.03926973044872284 -0.026374440640211105 0.0017661612946540117
v 0.04046033322811127 0.018274974077939987 -0.0007205071742646396
v 0.040955156087875366 0.013197805732488632 -0.00043666985584422946
v 0.040462806820869446 0.008732128888368607 -0.0007534021860919893
v 0.03954944759607315 0.013197842985391617 -0.0013996300986036658
v 0.040586404502391815 -0.05764477699995041 0.0006504624616354704
v 0.04012872278690338 -0.04700858145952225 0.00100449298042804
v 0.039200425148010254 -0.057541873306035995 0.0018032684456557035
v 0.04007180035114288 -0.0680709183216095 0.0010108464630320668
v 0.040399812161922455 0.05982109159231186 -0.0001978962100110948
v 0.04082600772380829 0.0572403222322464 -0.00020860080257989466
v 0.04028884321451187 0.05372890084981918 -0.0002480600669514388
v 0.03942444175481796 0.0572403222322464 -0.0002482667623553425
v 0.040129564702510834 -0.046992335468530655 -0.0007819595630280674
v 0.04058705270290375 -0.057633597403764725 -0.0004402617923915386
v 0.040073491632938385 -0.06803842633962631 -0.0007990684825927019
v 0.03920290619134903 -0.057488128542900085 -0.0015653764130547643
v 0.032475508749485016 0.05982174724340439 0.0001424949587089941
v 0.028933748602867126 0.057250455021858215 0.00028000056045129895
v 0.03239307552576065 0.053733013570308685 0.0006267129792831838
v 0.03547444939613342 0.0572403222322464 0.0003485499764792621
v 0.03970829397439957 -0.08989129215478897 -0.0007444525836035609
v 0.040092118084430695 -0.09016774594783783 -0.00033341028029099107
v 0.039646849036216736 -0.0902397483587265 -0.0006694498588331044
v 0.039646849036216736 -0.0902397483587265 -0.0006694498588331044
v 0.03880169242620468 -0.09014692902565002 -0.0015432881191372871
v 0.03880169242620468 -0.09014692902565002 -0.0015432881191372871
v 0.03182590752840042 -0.08980200439691544 0.008387159556150436
v 0.027928443625569344 -0.09012451767921448 0.011199531145393848
v 0.03179778903722763 -0.0902397483587265 0.008294017985463142
v 0.03179778903722763 -0.0902397483587265 0.008294017985463142
v 0.03494362533092499 -0.09013886749744415 0.005537703167647123
v 0.03962590545415878 -0.09022796154022217 -0.0006189061095938087
v 0.03962590545415878 -0.09022796154022217 -0.0006189061095938087
v 0.04002866894006729 -0.0901310071349144 -0.0002496274537406862
v 0.03964240103960037 -0.08985787630081177 -0.000606261077336967
v 0.03877545893192291 -0.0901310071349144 -0.0014345108065754175
v 0.03877545893192291 -0.0901310071349144 -0.0014345108065754175
v 0.031792886555194855 -0.09022796154022217 0.008231592364609241
v 0.031792886555194855 -0.09022796154022217 0.008231592364609241
v 0.02791641652584076 -0.0901309996843338 0.011076723225414753
v 0.03180908411741257 -0.08985786139965057 0.008215976879000664
v 0.03493301570415497 -0.0901310071349144 0.00541825033724308
v 0.03972659260034561 -0.088436558842659 -0.0006062490865588188
v 0.04019083082675934 -0.08737721294164658 -0.00024598208256065845
v 0.03984940052032471 -0.08631933480501175 -0.0006025367183610797
v 0.03893360495567322 -0.08737721294164658 -0.0014299969188869
v 0.03893360495567322 -0.08737721294164658 -0.0014299969188869
v 0.031876541674137115 -0.08843649923801422 0.008215947076678276
v 0.02803037501871586 -0.08737684041261673 0.011071352288126945
v 0.031975701451301575 -0.0863192155957222 0.00821133702993393
v 0.03507594019174576 -0.08737721294164658 0.005413285456597805
v 0.04051002860069275 0.0633467584848404 0.000023050029994919896
v 0.04051002860069275 0.0633467584848404 0.000023050029994919896
v 0.04099351912736893 0.06317049264907837 -0.00004068022462888621
v 0.04048798233270645 0.06264163553714752 -0.00011855870252475142
v 0.03958618640899658 0.06317047029733658 -0.00008850796439219266
v 0.040285803377628326 0.04346292465925217 -0.00038150057662278414
v 0.04081916809082031 0.03705652803182602 -0.0003252100432291627
v 0.04038820415735245 0.030415799468755722 -0.000585166912060231
v 0.03941798210144043 0.0370565727353096 -0.0008191600791178644
v 0.03241591900587082 0.043467648327350616 0.002015907084569335
v 0.02909412607550621 0.037078939378261566 0.003896818496286869
v 0.032507069408893585 0.03042544424533844 0.00405391538515687
v 0.03546906262636185 0.03705645725131035 0.0021587626542896032
v 0.018130695447325706 -0.08034468442201614 -0.005970998201519251
v 0.012512962333858013 -0.0792975053191185 -0.003493455471470952
v 0.00639722403138876 -0.07912128418684006 -0.006500495132058859
v 0.01251702569425106 -0.0801699087023735 -0.009033595211803913
v -0.04001288861036301 -0.08779875189065933 0.00005896910442970693
v -0.03994401544332504 -0.08889877051115036 0.000019381310266908258
v -0.03996509313583374 -0.08841045200824738 -0.000019771468942053616
v -0.04004225134849548 -0.08725317567586899 0.000015909135981928557
v -0.03988420218229294 -0.08900769799947739 -0.00008995542884804308
v -0.03988420218229294 -0.08900769799947739 -0.00008995542884804308
v -0.03981368988752365 -0.08953262120485306 -0.0001233878720086068
v -0.03983510285615921 -0.08894955366849899 -0.0001325737393926829
v -0.0397590771317482 -0.09007708728313446 -0.00013792830577585846
v -0.039795659482479095 -0.09018241614103317 -0.0001052212028298527
v -0.039795659482479095 -0.09018241614103317 -0.0001052212028298527
v -0.0397317036986351 -0.09022767096757889 -0.00016249690088443458
v -0.0397317036986351 -0.09022767096757889 -0.00016249690088443458
v -0.03968629986047745 -0.09017935395240784 -0.0001871956483228132
v -0.03966628015041351 -0.08489356189966202 -0.0004631162737496197
v -0.03966628015041351 -0.08489356189966202 -0.0004631162737496197
v -0.03877238929271698 -0.08463553339242935 -0.0013532908633351326
v -0.039046525955200195 -0.08450821042060852 -0.0010323264868929982
v -0.039046525955200195 -0.08450821042060852 -0.0010323264868929982
v -0.039046525955200195 -0.08450821042060852 -0.0010323264868929982
v -0.03986770659685135 -0.08461761474609375 -0.0002673887647688389
v -0.03240101784467697 -0.08490971475839615 -0.007685860153287649
v -0.028658557683229446 -0.08461917191743851 -0.010483022779226303
v -0.03249730169773102 -0.08449269831180573 -0.007490132004022598
v -0.03249730169773102 -0.08449269831180573 -0.007490132004022598
v -0.035346128046512604 -0.08463528007268906 -0.004934040363878012
v -0.035346128046512604 -0.08463528007268906 -0.004934040363878012
v -0.01272161677479744 -0.08490464091300964 -0.01636669784784317
v -0.006423170678317547 -0.08456937223672867 -0.017063159495592117
v -0.012734337709844112 -0.08430851995944977 -0.016099300235509872
v -0.012734337709844112 -0.08430851995944977 -0.016099300235509872
v -0.018679769709706306 -0.08459236472845078 -0.014987868256866932
v 0.0124987056478858 -0.08490464091300964 -0.016781441867351532
v 0.01827533170580864 -0.08459031581878662 -0.015546953305602074
v 0.012511871755123138 -0.08430226892232895 -0.01650502160191536
v 0.012511871755123138 -0.08430226892232895 -0.01650502160191536
v 0.0063713546842336655 -0.08456853032112122 -0.01728133112192154
v 0.03203735500574112 -0.08490965515375137 -0.008220922201871872
v 0.03516222536563873 -0.08463424444198608 -0.005348841659724712
v 0.03516222536563873 -0.08463424444198608 -0.005348841659724712
v 0.03215295076370239 -0.08448714017868042 -0.008004748262465
v 0.03215295076370239 -0.08448714017868042 -0.008004748262465
v 0.02817169949412346 -0.08461728692054749 -0.011096742004156113
v 0.03992253541946411 -0.0849098190665245 -0.0005877226358279586
v 0.04019305855035782 -0.08463424444198608 -0.0003449622308835387
v 0.039256446063518524 -0.08450357615947723 -0.0011820626677945256
v 0.03890988975763321 -0.08463424444198608 -0.0015557780861854553
v 0.03890988975763321 -0.08463424444198608 -0.0015557780861854553
v 0.04060064256191254 -0.0849098190665245 0.000019635910575743765
v 0.040383465588092804 -0.08461237698793411 -0.000037783429434057325
v 0.040383465588092804 -0.08461237698793411 -0.000037783429434057325
v 0.03982175886631012 -0.08448170125484467 -0.0005633131950162351
v 0.04041721671819687 -0.08463424444198608 -0.00016300941933877766
v 0.04041721671819687 -0.08463424444198608 -0.00016300941933877766
v 0.04041721671819687 -0.08463424444198608 -0.00016300941933877766
v 0.04060064256191254 -0.0849098190665245 0.00018649046251084656
v 0.04041720926761627 -0.08463424444198608 0.00034310552291572094
v 0.04041720926761627 -0.08463424444198608 0.00034310552291572094
v 0.04041720926761627 -0.08463424444198608 0.00034310552291572094
v 0.03982175886631012 -0.08448170125484467 0.0006165858940221369
v 0.040383465588092804 -0.08461237698793411 0.0001934637111844495
v 0.040383465588092804 -0.08461237698793411 0.0001934637111844495
v 0.03992253541946411 -0.0849098190665245 0.000790513469837606
v 0.03890988230705261 -0.08463424444198608 0.0017080912366509438
v 0.039256446063518524 -0.08450358361005783 0.0012521658791229129
v 0.039256446063518524 -0.08450358361005783 0.0012521658791229129
v 0.04019305855035782 -0.08463424444198608 0.0005270603578537703
v 0.03203734755516052 -0.08490964770317078 0.00819305144250393
v 0.028171682730317116 -0.08461727201938629 0.010916613973677158
v 0.028171682730317116 -0.08461727201938629 0.010916613973677158
v 0.0321529358625412 -0.08448713272809982 0.00784060638397932
v 0.03516221046447754 -0.08463424444198608 0.005388354882597923
v 0.03516221046447754 -0.08463424444198608 0.005388354882597923
v 0.012498699128627777 -0.0849045068025589 0.016372304409742355
v 0.0063713486306369305 -0.08456835895776749 0.016739632934331894
v 0.0063713486306369305 -0.08456835895776749 0.016739632934331894
v 0.012511854991316795 -0.0843021348118782 0.015785805881023407
v 0.018275316804647446 -0.08459021896123886 0.015143296681344509
v 0.018275316804647446 -0.08459021896123886 0.015143296681344509
v -0.012721607461571693 -0.0849045142531395 0.015957560390233994
v -0.018679751083254814 -0.08459228277206421 0.014584358781576157
v -0.018679751083254814 -0.08459228277206421 0.014584358781576157
v -0.012734320014715195 -0.08430839329957962 0.015380547381937504
v -0.00642316322773695 -0.08456920087337494 0.016521524637937546
v -0.00642316322773695 -0.08456920087337494 0.016521524637937546
v -0.03240096569061279 -0.08490964770317078 0.007658020593225956
v -0.035346075892448425 -0.08463521301746368 0.004973657429218292
v -0.035346075892448425 -0.08463521301746368 0.004973657429218292
v -0.035346075892448425 -0.08463521301746368 0.004973657429218292
v -0.032497286796569824 -0.08449269086122513 0.007326397579163313
v -0.028658542782068253 -0.08461915701627731 0.010303030721843243
v -0.028658542782068253 -0.08461915701627731 0.010303030721843243
v -0.03966397047042847 -0.0849098190665245 0.0006666721892543137
v -0.03986638784408569 -0.08463521301746368 0.00044962094398215413
v -0.039046525955200195 -0.08450820297002792 0.0011027712607756257
v -0.039046525955200195 -0.08450820297002792 0.0011027712607756257
v -0.03877214342355728 -0.08463521301746368 0.0015058426652103662
v -0.03877214342355728 -0.08463521301746368 0.0015058426652103662
v -0.03877214342355728 -0.08463521301746368 0.0015058426652103662
v -0.04016048461198807 -0.08490545302629471 0.00018223591905552894
v -0.03995933383703232 -0.08461084961891174 0.00018756419012788683
v -0.03995933383703232 -0.08461084961891174 0.00018756419012788683
v -0.039454467594623566 -0.08448821306228638 0.0005787138943560421
v -0.04000719636678696 -0.08463522046804428 0.00032073346665129066
v -0.04000719636678696 -0.08463522046804428 0.00032073346665129066
v -0.04017207771539688 -0.08471395820379257 0.000019894345314241946
v -0.04017207771539688 -0.08471395820379257 0.000019894345314241946
v -0.04001006484031677 -0.0845884159207344 -0.00014105744776315987
v -0.04001006484031677 -0.0845884159207344 -0.00014105744776315987
v -0.04001006484031677 -0.0845884159207344 -0.00014105744776315987
v -0.039454467594623566 -0.08448821306228638 -0.0005250369431450963
v -0.039961084723472595 -0.08458191156387329 -0.00003357335299369879
v 0.006397225894033909 -0.07912123948335648 0.0038446681573987007
v 0.012512962333858013 -0.0792974904179573 0.0015876105753704906
v 0.01813068985939026 -0.08034466952085495 0.003462182590737939
v 0.012517022900283337 -0.08016986399888992 0.005694685969501734
v -0.031009158119559288 -0.08253540843725204 0.0010069094132632017
v -0.027665531262755394 -0.08200471848249435 0.0024447182659059763
v -0.03129712492227554 -0.0828535184264183 0.0025201141834259033
v -0.031009163707494736 -0.08253540843725204 -0.0022640905808657408
v -0.03129713982343674 -0.0828535184264183 -0.004318204242736101
v -0.027665546163916588 -0.08200471848249435 -0.0044203693978488445
v -0.018538009375333786 -0.08052492886781693 0.0032815781887620687
v -0.012738898396492004 -0.07944100350141525 0.0015202778158709407
v -0.006453709211200476 -0.07919134199619293 0.003774245036765933
v -0.012741304002702236 -0.08028604090213776 0.005500513128936291
v -0.012738903984427452 -0.07944101840257645 -0.003423297079280019
v -0.01853802241384983 -0.08052495867013931 -0.00578529154881835
v -0.01274132076650858 -0.08028609305620193 -0.008834745734930038
v -0.006453718990087509 -0.07919138669967651 -0.006428085267543793
v 0.030649594962596893 -0.08235587924718857 -0.002370336325839162
v 0.02716861106455326 -0.08180450648069382 -0.004624808207154274
v 0.030960550531744957 -0.08270227164030075 -0.004537548404186964
v 0.030649593099951744 -0.08235589414834976 0.0011091199703514576
v 0.03096054308116436 -0.08270227164030075 0.0027339837979525328
v 0.027168603613972664 -0.08180450648069382 0.0026435076724737883
v 0.03681612014770508 -0.08420463651418686 0.002588359173387289
v 0.036626338958740234 -0.08430027961730957 0.003145504742860794
v 0.03291020542383194 -0.0842127576470375 0.006205334793776274
v 0.02905747853219509 -0.08363129943609238 0.007263986859470606
v 0.032931260764598846 -0.08361279219388962 0.004120597615838051
v 0.018472610041499138 -0.08286606520414352 0.010827760212123394
v 0.012548631057143211 -0.08330356329679489 0.013524707406759262
v 0.006380593404173851 -0.08227776736021042 0.012166479602456093
v 0.012560851871967316 -0.08167668431997299 0.009724902920424938
v -0.006434248294681311 -0.08230520039796829 0.0119875343516469
v -0.012767924927175045 -0.08333484083414078 0.013157382607460022
v -0.01885310374200344 -0.08293374627828598 0.01038161851465702
v -0.012779844924807549 -0.08175011724233627 0.009429099038243294
v -0.029422668740153313 -0.08369534462690353 0.006822739727795124
v -0.03315294533967972 -0.08423998206853867 0.0057887607254087925
v -0.036605365574359894 -0.08432237058877945 0.0028959002811461687
v -0.036732181906700134 -0.08423496037721634 0.002398771233856678
v -0.03311852365732193 -0.08368849754333496 0.0038277797866612673
v -0.03673219680786133 -0.08423496037721634 -0.002955178264528513
v -0.03660537302494049 -0.08432237058877945 -0.003327710786834359
v -0.03660537302494049 -0.08432237058877945 -0.003327710786834359
v -0.03315296769142151 -0.08423998206853867 -0.006472670938819647
v -0.029422694817185402 -0.08369535952806473 -0.008513168431818485
v -0.033118538558483124 -0.08368851244449615 -0.005340545903891325
v -0.01885313168168068 -0.08293380588293076 -0.012983121909201145
v -0.01276794821023941 -0.08333496004343033 -0.015114633366465569
v -0.01276794821023941 -0.08333496004343033 -0.015114633366465569
v -0.006434264592826366 -0.08230532705783844 -0.014874608255922794
v -0.01277986727654934 -0.08175019174814224 -0.012904048897325993
v 0.006380598526448011 -0.08227790147066116 -0.015055475756525993
v 0.012548648752272129 -0.08330368250608444 -0.015484265051782131
v 0.012548648752272129 -0.08330368250608444 -0.015484265051782131
v 0.01847263239324093 -0.0828661248087883 -0.01343399379402399
v 0.012560862116515636 -0.08167676627635956 -0.01320449449121952
v 0.02905750274658203 -0.08363130688667297 -0.008958843536674976
v 0.032910220324993134 -0.0842127576470375 -0.006891252007335424
v 0.03662635385990143 -0.08430027961730957 -0.003578946692869067
v 0.03662635385990143 -0.08430027961730957 -0.003578946692869067
v 0.036816127598285675 -0.08420463651418686 -0.0031467913649976254
v 0.03293127566576004 -0.08361279964447021 -0.00563789252191782
v -0.006616527680307627 -0.02633502334356308 0.017514538019895554
v -0.012982032261788845 -0.02294485829770565 0.01679513230919838
v -0.018967000767588615 -0.026341132819652557 0.01565226912498474
v -0.012958797626197338 -0.03088933229446411 0.016902077943086624
v -0.04826325178146362 -0.0015288479626178741 0.0013287020847201347
v -0.04857359081506729 0.0014831647276878357 0.0013020395999774337
v -0.04867677390575409 -0.0015288479626178741 0.0012518524890765548
v -0.04867677390575409 -0.0015288479626178741 0.0012518524890765548
v -0.04857295751571655 -0.004386818036437035 0.0012765619903802872
v -0.0291963592171669 -0.0015215836465358734 0.009509925730526447
v -0.03303336352109909 0.0014904681593179703 0.006762933451682329
v -0.036050230264663696 -0.0015288610011339188 0.004641734063625336
v -0.033016547560691833 -0.00438685342669487 0.007214561104774475
v -0.029104003682732582 -0.013641545549035072 -0.008019237779080868
v -0.032883577048778534 -0.016885394230484962 -0.006061386317014694
v -0.035940200090408325 -0.013641697354614735 -0.003837614320218563
v -0.03296516835689545 -0.010403179563581944 -0.005628904327750206
v -0.041328832507133484 -0.0015288479626178741 0.0004521544906310737
v -0.041660286486148834 0.0014831535518169403 0.0004450169508345425
v -0.04216354340314865 -0.0015288535505533218 0.000487895798869431
v -0.04164326190948486 -0.004386818036437035 0.0004446353414095938
v -0.04147905856370926 -0.01688554137945175 -0.00020597111142706126
v -0.042044252157211304 -0.013641836121678352 -0.00015637307660654187
v -0.041579850018024445 -0.010403474792838097 -0.00020359431800898165
v -0.04120296239852905 -0.013641845434904099 -0.00024195940932258964
v -0.04406590759754181 -0.0015288479626178741 0.0007581252139061689
v -0.04535580426454544 0.0014831647276878357 0.0009502634056843817
v -0.04660914093255997 -0.0015288479626178741 0.0011424729600548744
v -0.04534688591957092 -0.004386818036437035 0.0009380110423080623
v -0.045260779559612274 -0.01688554137945175 0.00018241173529531807
v -0.04656728357076645 -0.013641845434904099 0.00039933028165251017
v -0.04531364142894745 -0.01040346547961235 0.00025851576356217265
v -0.04397721588611603 -0.013641836121678352 0.00005871056055184454
v -0.018967358395457268 -0.026325061917304993 -0.013226049020886421
v -0.012982026673853397 -0.02294478937983513 -0.014331242069602013
v -0.0066166650503873825 -0.026315860450267792 -0.01539757288992405
v -0.012959879823029041 -0.030817698687314987 -0.014801262877881527
v -0.04856684058904648 -0.01688554510474205 0.0007023846847005188
v -0.0486740916967392 -0.013641845434904099 0.0008695672149769962
v -0.0486740916967392 -0.013641845434904099 0.0008695672149769962
v -0.04857059568166733 -0.010403474792838097 0.0008537916000932455
v -0.04825273156166077 -0.013641849160194397 0.0006864033639431
v 0.006306147202849388 -0.013642340898513794 0.016873586922883987
v 0.01249696221202612 -0.016885805875062943 0.016121651977300644
v 0.018345806747674942 -0.013642149046063423 0.01453719474375248
v 0.012526581063866615 -0.010404011234641075 0.015796896070241928
v 0.048676781356334686 -0.0014785639941692352 0.00012039471766911447
v 0.048676781356334686 -0.0014785639941692352 0.00012039471766911447
v 0.04857601225376129 0.0014831535518169403 0.00016790171503089368
v 0.048273250460624695 -0.0014817100018262863 0.0002726297825574875
v 0.04857565462589264 -0.004188833758234978 0.0001432603457942605
v 0.04857565462589264 -0.004188833758234978 0.0001432603457942605
v 0.03557165712118149 -0.0015288889408111572 0.004689410794526339
v 0.03237132728099823 0.0014904327690601349 0.006803166586905718
v 0.02840599976480007 -0.0015216432511806488 0.009392333216965199
v 0.0323568657040596 -0.004386907443404198 0.007108354475349188
v 0.03546696901321411 -0.013641715049743652 -0.004566313233226538
v 0.032230474054813385 -0.016885407269001007 -0.006905095651745796
v 0.028320183977484703 -0.01364158559590578 -0.009263467974960804
v 0.03230845928192139 -0.010403214953839779 -0.006817666348069906
v 0.04231356084346771 -0.0015257112681865692 0.00041749177034944296
v 0.041811503469944 0.0014831535518169403 0.0004305680049583316
v 0.041467033326625824 -0.0015288535505533218 0.0004663660074584186
v 0.04179622232913971 -0.004383677616715431 0.00043027906212955713
v 0.0421975776553154 -0.013544420711696148 -0.00041313859401270747
v 0.041635334491729736 -0.016854114830493927 -0.0002871328324545175
v 0.04134466499090195 -0.013641840778291225 -0.0002561695873737335
v 0.04173453152179718 -0.010387761518359184 -0.00025439163437113166
v 0.04665914177894592 -0.0014942828565835953 0.0003680200898088515
v 0.04543536156415939 0.0014831535518169403 0.0003741933614946902
v 0.044175922870635986 -0.001513144001364708 0.0004061018698848784
v 0.04542744159698486 -0.004286259412765503 0.0003648964921012521
v 0.046619489789009094 -0.012570207938551903 -0.002270694589242339
v 0.04534392058849335 -0.01587989740073681 -0.002251307014375925
v 0.04409009963274002 -0.013154732063412666 -0.0012251215521246195
v 0.04539550095796585 -0.009900652803480625 -0.0012284290278330445
v 0.006287002936005592 -0.026314683258533478 -0.015509434044361115
v 0.012474085204303265 -0.022944793105125427 -0.014698288403451443
v 0.018281778320670128 -0.026322051882743835 -0.013519912026822567
v 0.012472041882574558 -0.03080880641937256 -0.014900161884725094
v 0.04867575317621231 -0.012083092704415321 -0.0015402182471007109
v 0.04857141524553299 -0.01490568183362484 -0.002593180164694786
v 0.04826449602842331 -0.012180517427623272 -0.002393058966845274
v 0.04826449602842331 -0.012180517427623272 -0.002393058966845274
v 0.04857420176267624 -0.009413540363311768 -0.0013257215032353997
v 0.04857420176267624 -0.009413540363311768 -0.0013257215032353997
v -0.04030399024486542 -0.016885532066226006 0.0008937772363424301
v -0.039552561938762665 -0.013641840778291225 0.001624124706722796
v -0.04040374606847763 -0.01040346547961235 0.0008821439114399254
v -0.0407608300447464 -0.013641836121678352 0.0005794045282527804
v -0.040885359048843384 -0.0015288479626178741 -0.00036920892307534814
v -0.040483392775058746 0.0014831647276878357 -0.000592260155826807
v -0.039673469960689545 -0.0015288200229406357 -0.0010876522865146399
v -0.040466517210006714 -0.004386810585856438 -0.0006021769950166345
v 0.04093635827302933 -0.0015288479626178741 0.000650459376629442
v 0.040452517569065094 0.001483159139752388 0.0009624652448110282
v 0.039531342685222626 -0.0015288572758436203 0.0016423402121290565
v 0.040437497198581696 -0.004386818036437035 0.0009721359820105135
v 0.04081558436155319 -0.013641840778291225 -0.00044026324758306146
v 0.040279045701026917 -0.016885537654161453 -0.0007628931780345738
v 0.03941477835178375 -0.013641818426549435 -0.0014495642390102148
v 0.04037674516439438 -0.01040346547961235 -0.0007602367550134659
v -0.040035516023635864 -0.08655130863189697 0.0005739983753301203
v -0.039562635123729706 -0.08844674378633499 0.0008768882835283875
v -0.03885047882795334 -0.08644711226224899 0.0016371163073927164
v -0.03885047882795334 -0.08644711226224899 0.0016371163073927164
v -0.039721451699733734 -0.08291283994913101 0.0008931035990826786
v -0.03530118614435196 -0.08616947382688522 0.005245417822152376
v -0.03530118614435196 -0.08616947382688522 0.005245417822152376
v -0.03226998448371887 -0.08807981014251709 0.007912565022706985
v -0.028575269505381584 -0.08574818819761276 0.010698273777961731
v -0.03241068869829178 -0.08221112191677094 0.007954253815114498
v -0.01865692436695099 -0.08539145439863205 0.014975382946431637
v -0.012686158530414104 -0.08763603866100311 0.01620391756296158
v -0.006420913152396679 -0.08520177751779556 0.01689315214753151
v -0.012755203060805798 -0.08132358640432358 0.01619437336921692
v 0.0063674370758235455 -0.0851759985089302 0.01710469275712967
v 0.0124673368409276 -0.0876045897603035 0.01661866158246994
v 0.018251772969961166 -0.08532533794641495 0.015518446452915668
v 0.012517252005636692 -0.08126068860292435 0.01655091717839241
v 0.028084708377718925 -0.08567538112401962 0.011298181489109993
v 0.03191164880990982 -0.08803922683000565 0.008447596803307533
v 0.03511673957109451 -0.08612053841352463 0.005651955027133226
v 0.03203316777944565 -0.08212997764348984 0.0084291473031044
v 0.03899625688791275 -0.08642397075891495 0.0018321124371141195
v 0.03982365131378174 -0.08843737095594406 0.0010000907350331545
v 0.04037146270275116 -0.08654298633337021 0.0006444142782129347
v 0.039964042603969574 -0.08289404958486557 0.001015006098896265
v 0.04037211835384369 -0.08653182536363602 -0.0004343819455243647
v 0.03982449322938919 -0.08842115104198456 -0.0007973373285494745
v 0.03899874538183212 -0.08637022972106934 -0.0016492537688463926
v 0.03996574133634567 -0.08286156505346298 -0.0008103129221126437
v 0.03512389957904816 -0.08594131469726562 -0.005578457377851009
v 0.03512389957904816 -0.08594131469726562 -0.005578457377851009
v 0.03191814571619034 -0.08786444365978241 -0.00847451202571392
v 0.02809704653918743 -0.08530862629413605 -0.011409877799451351
v 0.03204616904258728 -0.08178039640188217 -0.008401120081543922
v 0.01826358772814274 -0.08480001986026764 -0.015824109315872192
v 0.012473019771277905 -0.08723336458206177 -0.016997914761304855
v 0.00637215469032526 -0.08457168936729431 -0.017542701214551926
v 0.012528614141047001 -0.08051825314760208 -0.01687150076031685
v -0.006425369996577501 -0.08460813015699387 -0.017328135669231415
v -0.012691609561443329 -0.0872778370976448 -0.016583170741796494
v -0.018668267875909805 -0.08489348739385605 -0.015273486264050007
v -0.012766106054186821 -0.08060718327760696 -0.016492284834384918
v -0.02858697809278965 -0.08541154116392136 -0.010802410542964935
v -0.032276079058647156 -0.08792179822921753 -0.007939368486404419
v -0.03530774265527725 -0.08601048588752747 -0.005168029572814703
v -0.03530774265527725 -0.08601048588752747 -0.005168029572814703
v -0.032422855496406555 -0.08189511299133301 -0.007902800105512142
v -0.038852594792842865 -0.08640295267105103 -0.001452946336939931
v -0.038852594792842865 -0.08640295267105103 -0.001452946336939931
v -0.0395636186003685 -0.08843439072370529 -0.0006712799658998847
v -0.04003603756427765 -0.08654359728097916 -0.0003634507302194834
v -0.039722733199596405 -0.08288811147212982 -0.0006876566912978888
v -0.006721704266965389 0.014344226568937302 0.01461090985685587
v -0.010864421725273132 0.020225495100021362 0.012993761338293552
v -0.0172059778124094 0.020188774913549423 0.011217094026505947
v -0.01995045132935047 0.014153532683849335 0.011600821278989315
v -0.013433885760605335 0.009721972048282623 0.01399182341992855
v -0.029195524752140045 -0.001521209254860878 -0.006950870621949434
v -0.03301655501127243 -0.004386533051729202 -0.0052164108492434025
v -0.03605023771524429 -0.001528700813651085 -0.0033251927234232426
v -0.033032529056072235 0.0014906879514455795 -0.004903316032141447
v -0.041328832507133484 -0.0015288479626178741 -0.00024195999139919877
v -0.04164326190948486 -0.004386818036437035 -0.00020175596000626683
v -0.04216354340314865 -0.0015288442373275757 -0.0001425837690476328
v -0.04166029393672943 0.0014831647276878357 -0.00020137532555963844
v -0.044065915048122406 -0.0015288442373275757 0.00012765941210091114
v -0.04534688591957092 -0.004386810585856438 0.0003174027078785002
v -0.04660914093255997 -0.0015288442373275757 0.0005514219519682229
v -0.04535581171512604 0.0014831647276878357 0.0003296544309705496
v -0.01981501467525959 0.014154743403196335 -0.010037601925432682
v -0.016917767003178596 0.020190391689538956 -0.010298301465809345
v -0.01058091688901186 0.020227346569299698 -0.011934422887861729
v -0.006599769927561283 0.014345776289701462 -0.013099228031933308
v -0.01332678459584713 0.009722992777824402 -0.011890547350049019
v -0.04826325178146362 -0.0015288479626178741 0.0008952693315222859
v -0.04857295751571655 -0.004386818036437035 0.0009711896418593824
v -0.04867677390575409 -0.0015288479626178741 0.0010942410444840789
v -0.04867677390575409 -0.0015288479626178741 0.0010942410444840789
v -0.04857359081506729 0.0014831647276878357 0.0009966673096641898
v 0.006333379074931145 -0.001485385000705719 0.01626184955239296
v 0.012544751167297363 -0.004387363791465759 0.015449189580976963
v 0.01841212809085846 -0.0014925003051757812 0.013705039396882057
v 0.012614073231816292 0.0016808435320854187 0.014977450482547283
v 0.035571664571762085 -0.001528710126876831 -0.00444295397028327
v 0.0323568731546402 -0.0043865591287612915 -0.006713351234793663
v 0.02840559370815754 -0.0015212353318929672 -0.008973314426839352
v 0.032370924949645996 0.001490674912929535 -0.006618408486247063
v 0.04231356084346771 -0.001525701954960823 -0.00021796832152176648
v 0.04179622232913971 -0.004383677616715431 -0.00022819866717327386
v 0.04146704077720642 -0.0015288535505533218 -0.0002561701985541731
v 0.0418115109205246 0.001483159139752388 -0.0002229289966635406
v 0.04665914177894592 -0.0014942772686481476 -0.00027283935924060643
v 0.04542744159698486 -0.004286250099539757 -0.00041011942084878683
v 0.044175922870635986 -0.0015131328254938126 -0.00024926819605752826
v 0.04543536156415939 0.001483159139752388 -0.000246414914727211
v 0.01841004751622677 -0.0014918763190507889 -0.012740811333060265
v 0.012544761411845684 -0.004386518150568008 -0.014003071002662182
v 0.006332130171358585 -0.0014846231788396835 -0.014425444416701794
v 0.012604031711816788 0.0016814693808555603 -0.013735523447394371
v 0.048676781356334686 -0.0014785639941692352 -0.000057140008721034974
v 0.048676781356334686 -0.0014785639941692352 -0.000057140008721034974
v 0.04857565462589264 -0.004188833758234978 -0.0003115382860414684
v 0.04857565462589264 -0.004188833758234978 -0.0003115382860414684
v 0.048273250460624695 -0.0014817062765359879 -0.00021061161532998085
v 0.04857601225376129 0.0014831647276878357 -0.0001374704297631979
v -0.040885359048843384 -0.0015288479626178741 0.0005794040043838322
v -0.040466517210006714 -0.004386818036437035 0.0008689789101481438
v -0.039673469960689545 -0.0015288535505533218 0.0015191164566203952
v -0.040483392775058746 0.001483159139752388 0.0008545917808078229
v 0.040936365723609924 -0.0015288479626178741 -0.00044026406249031425
v 0.04043750464916229 -0.004386810585856438 -0.0007570486050099134
v 0.03953135013580322 -0.0015288200229406357 -0.001424893387593329
v 0.04045252501964569 0.0014831647276878357 -0.0007541659288108349
v -0.04826507717370987 0.013197798281908035 0.0008848105790093541
v -0.048573993146419525 0.018274959176778793 0.000626785506028682
v -0.0486772358417511 0.013197798281908035 0.0007803470944054425
v -0.0486772358417511 0.013197798281908035 0.0007803470944054425
v -0.04857402294874191 0.008732117712497711 0.0010599740780889988
v -0.029376938939094543 0.013388916850090027 0.007891057059168816
v -0.03314670920372009 0.01831209287047386 0.005318220239132643
v -0.03606954962015152 0.013197783380746841 0.003911183215677738
v -0.033054523169994354 0.00876876525580883 0.006206355523318052
v -0.04135075956583023 0.013197805732488632 0.00045165768824517727
v -0.04167133569717407 0.018274959176778793 0.00043374107917770743
v -0.042184315621852875 0.013197805732488632 0.0004581621033139527
v -0.041672028601169586 0.008732128888368607 0.0004411498666740954
v -0.04408135265111923 0.013197805732488632 0.0006094550481066108
v -0.04536159336566925 0.018274959176778793 0.0006054588011465967
v -0.04661642014980316 0.013197798281908035 0.0008158219861797988
v -0.0453619658946991 0.008732128888368607 0.0008265606593340635
v 0.048677243292331696 0.013197805732488632 -0.00045890832552686334
v 0.048677243292331696 0.013197805732488632 -0.00045890832552686334
v 0.04857637733221054 0.018274959176778793 -0.0005530943744815886
v 0.04827490448951721 0.013197805732488632 -0.0002769918064586818
v 0.0485764816403389 0.008732128888368607 -0.00015266510308720171
v 0.035587795078754425 0.013197723776102066 0.004155497997999191
v 0.03247540444135666 0.018311962485313416 0.005637575872242451
v 0.028571786358952522 0.01338878646492958 0.008177842013537884
v 0.03238990902900696 0.008768701925873756 0.00640823831781745
v 0.04233164340257645 0.013197805732488632 0.0003807081957347691
v 0.04181947559118271 0.018274959176778793 0.0004183429991826415
v 0.041486091911792755 0.013197805732488632 0.0004656463861465454
v 0.04182194918394089 0.008732128888368607 0.0004254542291164398
v 0.04666554182767868 0.013197805732488632 -0.00003616687536123209
v 0.04543957859277725 0.018274959176778793 0.000006154179573059082
v 0.044189393520355225 0.013197805732488632 0.00022218703816179186
v 0.045440882444381714 0.008732128888368607 0.0002106163155985996
v -0.04090707004070282 0.013197805732488632 -0.00036672496935352683
v -0.040494367480278015 0.018274974077939987 -0.000569974712561816
v -0.03969457745552063 0.01319785788655281 -0.001054737949743867
v -0.040495023131370544 0.008732136338949203 -0.000590030918829143
v 0.04095514863729477 0.013197805732488632 0.000646863249130547
v 0.04046033322811127 0.018274959176778793 0.0009055376285687089
v 0.039549440145492554 0.013197783380746841 0.001529803965240717
v 0.04046279937028885 0.008732128888368607 0.0009502571192570031
v -0.04825273156166077 -0.013641849160194397 0.001119836582802236
v -0.04857059568166733 -0.010403474792838097 0.0011591640068218112
v -0.0486740916967392 -0.013641849160194397 0.0010271786013618112
v -0.0486740916967392 -0.013641849160194397 0.0010271786013618112
v -0.04856684058904648 -0.016885550692677498 0.001007757498882711
v -0.029103996232151985 -0.013641903176903725 0.01057364884763956
v -0.03296516090631485 -0.010403505526483059 0.007623857352882624
v -0.03594019263982773 -0.013641845434904099 0.005166773684322834
v -0.03594019263982773 -0.013641845434904099 0.005166773684322834
v -0.032883577048778534 -0.016885550692677498 0.007985335774719715
v -0.04120296984910965 -0.013641836121678352 0.00045215507270768285
v -0.04157985746860504 -0.010403474792838097 0.00044279685243964195
v -0.042044252157211304 -0.013641845434904099 0.0004741064622066915
v -0.041479066014289856 -0.01688554137945175 0.0004404211067594588
v -0.04397723078727722 -0.013641845434904099 0.0006891765515320003
v -0.04531364142894745 -0.010403474792838097 0.0008791242726147175
v -0.04656728357076645 -0.013641845434904099 0.0009903816971927881
v -0.045260779559612274 -0.01688554137945175 0.0008030211320146918
v 0.04867575317621231 -0.012083092704415321 -0.0007649774197489023
v 0.048574209213256836 -0.009413540363311768 -0.0002732168650254607
v 0.048574209213256836 -0.009413540363311768 -0.0002732168650254607
v 0.04826449602842331 -0.012180517427623272 -0.0004155529313720763
v 0.04857141524553299 -0.014905672520399094 -0.0007935434114187956
v 0.04857141524553299 -0.014905672520399094 -0.0007935434114187956
v 0.03546695411205292 -0.013641885481774807 0.005071931052953005
v 0.03230844438076019 -0.01040356419980526 0.007407119031995535
v 0.028320172801613808 -0.013641966506838799 0.010170797817409039
v 0.032230474054813385 -0.016885586082935333 0.007694389205425978
v 0.0421975776553154 -0.013544424436986446 0.00037174782482907176
v 0.04173452407121658 -0.010387761518359184 0.00042400945676490664
v 0.04134466499090195 -0.013641845434904099 0.00046636618208140135
v 0.04163534194231033 -0.016854114830493927 0.0004161724355071783
v 0.046619489789009094 -0.012570199556648731 -0.0001355704152956605
v 0.04539550095796585 -0.009900652803480625 0.0001642163551878184
v 0.04409009963274002 -0.013154732063412666 0.00017738078895490617
v 0.04534392058849335 -0.01587989367544651 -0.00008662534673931077
v -0.0407608225941658 -0.013641845434904099 -0.00036920816637575626
v -0.04040375351905823 -0.01040346547961235 -0.000615306431427598
v -0.03955256938934326 -0.013641810044646263 -0.0011901356047019362
v -0.04030398279428482 -0.016885532066226006 -0.0006290937890298665
v 0.04081558436155319 -0.013641845434904099 0.0006504596676677465
v 0.04037673771381378 -0.010403474792838097 0.000981735298410058
v 0.03941477835178375 -0.013641849160194397 0.0017188448691740632
v 0.040279045701026917 -0.01688554137945175 0.0009909747168421745
v -0.006645633839070797 -0.013642323203384876 0.017063148319721222
v -0.013040882535278797 -0.01040396187454462 0.01610967516899109
v -0.019042588770389557 -0.013642090372741222 0.014996888116002083
v -0.01300800684839487 -0.016885777935385704 0.016506243497133255
v -0.028990644961595535 -0.026341769844293594 -0.009142435155808926
v -0.032773032784461975 -0.030946487560868263 -0.006912846118211746
v -0.03580034524202347 -0.026361096650362015 -0.004388520494103432
v -0.03281952440738678 -0.02294478937983513 -0.0064919996075332165
v -0.04104245454072952 -0.026378465816378593 -0.0002419592346996069
v -0.04133971035480499 -0.031054072082042694 -0.00021547780488617718
v -0.04189212620258331 -0.026378635317087173 -0.00018759322119876742
v -0.0413999930024147 -0.022944819182157516 -0.00020983832655474544
v -0.04386413097381592 -0.026378635317087173 -0.00009739121742313728
v -0.04518777132034302 -0.031054239720106125 -0.00012193559086881578
v -0.04651390016078949 -0.026378639042377472 0.00005548595800064504
v -0.04521931707859039 -0.022944824770092964 0.00005860754754394293
v -0.019042598083615303 -0.013641538098454475 -0.012017319910228252
v -0.01304088905453682 -0.010403144173324108 -0.013237147592008114
v -0.0066456361673772335 -0.013641640543937683 -0.014612006023526192
v -0.01300800871104002 -0.01688537187874317 -0.013824200257658958
v -0.048239320516586304 -0.026378639042377472 0.00021599831234198064
v -0.04856167733669281 -0.031054247170686722 0.00009996528388001025
v -0.048670679330825806 -0.02637864463031292 0.00036584294866770506
v -0.048670679330825806 -0.02637864463031292 0.00036584294866770506
v -0.04856389760971069 -0.02294483222067356 0.0004571701865643263
v 0.006286848336458206 -0.026334192603826523 0.017272453755140305
v 0.012470904737710953 -0.03088304027915001 0.016474835574626923
v 0.018281402066349983 -0.026339003816246986 0.015061266720294952
v 0.012474085204303265 -0.022944867610931396 0.016354650259017944
v 0.035337477922439575 -0.026358865201473236 -0.004670459311455488
v 0.03214370459318161 -0.03093501552939415 -0.007121504750102758
v 0.028218373656272888 -0.026338454335927963 -0.009493145160377026
v 0.03216979652643204 -0.02294478937983513 -0.006977746728807688
v 0.04205278307199478 -0.026281209662556648 -0.0004157109069637954
v 0.04151655733585358 -0.031038282439112663 -0.00025696359807625413
v 0.04119211435317993 -0.026378389447927475 -0.0002561690052971244
v 0.04155804216861725 -0.02291339635848999 -0.0002871325414162129
v 0.04656791687011719 -0.025306997820734978 -0.002299415646120906
v 0.04528028517961502 -0.030551418662071228 -0.0013109254650771618
v 0.0439821258187294 -0.02589152194559574 -0.0012379856780171394
v 0.045303091406822205 -0.02193918079137802 -0.0022513577714562416
v 0.006306151393800974 -0.013641653582453728 -0.015081278048455715
v 0.01252659223973751 -0.010403175838291645 -0.014284529723227024
v 0.018345817923545837 -0.013641572557389736 -0.013204705901443958
v 0.012496965937316418 -0.016885394230484962 -0.014537664130330086
v 0.04867137223482132 -0.024819888174533844 -0.0015855806414037943
v 0.04856446385383606 -0.030064312741160393 -0.0014929489698261023
v 0.04856446385383606 -0.030064312741160393 -0.0014929489698261023
v 0.04825068265199661 -0.02491731196641922 -0.0024337503127753735
v 0.04825068265199661 -0.02491731196641922 -0.0024337503127753735
v 0.04856798052787781 -0.020964955911040306 -0.002594755031168461
v -0.04060201346874237 -0.026378026232123375 0.0005794056924059987
v -0.040166132152080536 -0.031048258766531944 0.0009041017037816346
v -0.03939846158027649 -0.026375185698270798 0.0016845713835209608
v -0.03939846158027649 -0.026375185698270798 0.0016845713835209608
v -0.04022572189569473 -0.022944815456867218 0.0009014756651595235
v 0.04066509008407593 -0.026377400383353233 -0.00044026237446814775
v 0.04016295075416565 -0.03104313462972641 -0.0007697456167079508
v 0.03926980495452881 -0.02637270651757717 -0.001470392569899559
v 0.04020293802022934 -0.022944815456867218 -0.0007651564665138721
v 0.017778780311346054 0.053857460618019104 0.0011312557617202401
v 0.02139400504529476 0.057290948927402496 0.00031443359330296516
v 0.017601722851395607 0.059871017932891846 0.00030056468676775694
v 0.014040191657841206 0.05737090855836868 0.0012486253399401903
v 0.017700647935271263 0.06260792165994644 0.000004604837158694863
v 0.021437888965010643 0.06312072277069092 -0.00024207792012020946
v 0.01779807358980179 0.06326181441545486 -0.00023548013996332884
v 0.01779807358980179 0.06326181441545486 -0.00023548013996332884
v 0.014506335370242596 0.0630909726023674 0.00002897146623581648
v 0.014506335370242596 0.0630909726023674 0.00002897146623581648
v 0.01779816299676895 0.06326181441545486 -0.0003993506543338299
v 0.01779816299676895 0.06326181441545486 -0.0003993506543338299
v 0.02143797092139721 0.06312072277069092 -0.0005569887580350041
v 0.017700742930173874 0.06260792165994644 -0.0005906122387386858
v 0.014506530947983265 0.0630909726023674 -0.00042943848529830575
v 0.014506530947983265 0.0630909726023674 -0.00042943848529830575
v 0.017601214349269867 0.059871017932891846 -0.0006770979962311685
v 0.021390747278928757 0.05729097127914429 -0.0006505415658466518
v 0.017761163413524628 0.053857602179050446 -0.0013109332649037242
v 0.014033699408173561 0.05737094581127167 -0.0013923700898885727
v -0.01828610710799694 0.05385761708021164 -0.0010302230948582292
v -0.022111564874649048 0.05729097127914429 -0.0003509953967295587
v -0.018109995871782303 0.059871017932891846 -0.00037941220216453075
v -0.014308777637779713 0.05737094581127167 -0.001202208804897964
v -0.01821037195622921 0.06260792165994644 -0.00018351906328462064
v -0.022159669548273087 0.06312070786952972 -0.000042593645048327744
v -0.018311882391572 0.06326181441545486 0.000036559671571012586
v -0.018311882391572 0.06326181441545486 0.000036559671571012586
v -0.014777077361941338 0.0630909726023674 -0.00011108009493909776
v -0.014777077361941338 0.0630909726023674 -0.00011108009493909776
v -0.018311895430088043 0.06326181441545486 0.00020013579342048615
v -0.018311895430088043 0.06326181441545486 0.00020013579342048615
v -0.02215968631207943 0.06312072277069092 0.0002719694166444242
v -0.018210401758551598 0.06260792165994644 0.00041095277993008494
v -0.014777114614844322 0.0630909726023674 0.0003465741756372154
v -0.014777114614844322 0.0630909726023674 0.0003465741756372154
v -0.018109986558556557 0.059871017932891846 0.0005975124659016728
v -0.022116785869002342 0.057290948927402496 0.0005661715404130518
v -0.018318569287657738 0.053857482969760895 0.001231466419994831
v -0.014319214969873428 0.05737090855836868 0.0013981041265651584
v 0.004766538739204407 0.06260592490434647 0.00696519436314702
v 0.004766538739204407 0.06260592490434647 0.00696519436314702
v 0.006563431117683649 0.06309198588132858 0.004483477678149939
v 0.006563431117683649 0.06309198588132858 0.004483477678149939
v 0.004500264767557383 0.06326016783714294 0.006424483843147755
v 0.0024110181257128716 0.06311073899269104 0.008190508000552654
v 0.0024110181257128716 0.06311073899269104 0.008190508000552654
v 0.010363482870161533 0.0631352961063385 0.0002787132398225367
v 0.009539442136883736 0.06318216770887375 0.00010695309902075678
v 0.008632644079625607 0.06318982690572739 0.0006840839050710201
v 0.008957087993621826 0.06313765794038773 0.0010913070291280746
v 0.010363750159740448 0.06313531845808029 -0.00035393802681937814
v 0.008957560174167156 0.06313768029212952 -0.001119860215112567
v 0.00863301008939743 0.06318982690572739 -0.0006818222464062274
v 0.009539586491882801 0.06318216770887375 -0.00011816783808171749
v 0.004767346661537886 0.06260593980550766 -0.007091331295669079
v 0.004767346661537886 0.06260593980550766 -0.007091331295669079
v 0.002412502421066165 0.06311076879501343 -0.008555484004318714
v 0.002412502421066165 0.06311076879501343 -0.008555484004318714
v 0.004501835908740759 0.06326019018888474 -0.006537918001413345
v 0.006564405281096697 0.06309201568365097 -0.004570079036056995
v 0.006564405281096697 0.06309201568365097 -0.004570079036056995
v -0.004628696478903294 0.06260593980550766 -0.0070332069881260395
v -0.004628696478903294 0.06260593980550766 -0.0070332069881260395
v -0.006423651240766048 0.06309201568365097 -0.004486192483454943
v -0.006423651240766048 0.06309201568365097 -0.004486192483454943
v -0.00435565086081624 0.06326019018888474 -0.006480805575847626
v -0.0022679767571389675 0.06311076879501343 -0.008535581640899181
v -0.0022679767571389675 0.06311076879501343 -0.008535581640899181
v -0.010294509120285511 0.06313531845808029 -0.0001971633028006181
v -0.009410551749169827 0.06318216770887375 0.000010035262675955892
v -0.008483245968818665 0.06318984925746918 -0.000571274315007031
v -0.008825113996863365 0.06313768029212952 -0.0010013059945777059
v -0.010294569656252861 0.0631352961063385 0.00043453252874314785
v -0.008825335651636124 0.06313765794038773 0.001208620727993548
v -0.008483445271849632 0.06318982690572739 0.0007937889313325286
v -0.009410589002072811 0.06318216770887375 0.000234661900321953
v -0.004629405681043863 0.06260592490434647 0.007022362668067217
v -0.004629405681043863 0.06260592490434647 0.007022362668067217
v -0.002269371412694454 0.06311073899269104 0.008291138336062431
v -0.002269371412694454 0.06311073899269104 0.008291138336062431
v -0.004357054829597473 0.06326016783714294 0.006480752024799585
v -0.006424390710890293 0.06309198588132858 0.004566123243421316
v -0.006424390710890293 0.06309198588132858 0.004566123243421316
v -0.019207846373319626 0.043611906468868256 0.0035529141314327717
v -0.023071972653269768 0.037169333547353745 0.004905897658318281
v -0.019745007157325745 0.030953746289014816 0.007373038679361343
v -0.016374213621020317 0.03751593828201294 0.005971365142613649
v 0.005921532865613699 0.043616242706775665 0.0089972959831357
v 0.0033351636957377195 0.03719097748398781 0.01164474431425333
v 0.0074703628197312355 0.030962668359279633 0.01161282416433096
v 0.009694559499621391 0.03751549869775772 0.00864935852587223
v 0.01846659742295742 0.0436125323176384 -0.004159833304584026
v 0.022130999714136124 0.03717020899057388 -0.005970449652522802
v 0.018801655620336533 0.030955038964748383 -0.008642791770398617
v 0.015648342669010162 0.0375170037150383 -0.0068216463550925255
v -0.005791254807263613 0.04361715912818909 -0.008746268227696419
v -0.003234090516343713 0.0371924489736557 -0.011228741146624088
v -0.007395496591925621 0.03096453845500946 -0.010938916355371475
v -0.00962275080382824 0.03751687332987785 -0.008232206106185913
v -0.00666526285931468 -0.004387453198432922 0.016554545611143112
v -0.006715994793921709 0.0016587786376476288 0.016048427671194077
v -0.019162192940711975 0.001629641279578209 0.013503785245120525
v -0.019096070900559425 -0.004387149587273598 0.01419181190431118
v -0.04867001622915268 -0.031054239720106125 0.00032899732468649745
v -0.04867001622915268 -0.031054239720106125 0.00032899732468649745
v -0.0482366606593132 -0.031054239720106125 0.0004677170072682202
v -0.048241712152957916 -0.022944824770092964 0.0008073353674262762
v -0.04867129027843475 -0.022944828495383263 0.0006923879263922572
v -0.04867129027843475 -0.022944828495383263 0.0006923879263922572
v -0.007908880710601807 0.0538947656750679 0.005120537709444761
v -0.002460975432768464 0.05382832884788513 0.008825475350022316
v -0.002333249431103468 0.059837035834789276 0.00865801703184843
v -0.007523566484451294 0.05996500700712204 0.004577346611768007
v -0.04867564141750336 0.03041577711701393 0.0002577362465672195
v -0.04867564141750336 0.03041577711701393 0.0002577362465672195
v -0.04825882613658905 0.03041577711701393 0.00039202114567160606
v -0.048266857862472534 0.043199338018894196 0.00032361940247938037
v -0.04867326468229294 0.04321853071451187 0.00018751541210804135
v -0.04867326468229294 0.04321853071451187 0.00018751541210804135
v -0.048227787017822266 -0.04704785346984863 0.00004417773016029969
v -0.048667825758457184 -0.04704786092042923 -0.00012472973321564496
v -0.048667825758457184 -0.04704786092042923 -0.00012472973321564496
v -0.048664748668670654 -0.0679224357008934 -0.000570923846680671
v -0.048664748668670654 -0.0679224357008934 -0.000570923846680671
v -0.04823479801416397 -0.06791704893112183 -0.0003745672293007374
v -0.018823940306901932 -0.06600698083639145 -0.014813234098255634
v -0.018903685733675957 -0.04597661271691322 -0.014163028448820114
v -0.00656798854470253 -0.045792512595653534 -0.016132313758134842
v -0.006507244426757097 -0.06563877314329147 -0.016814127564430237
v -0.036125436425209045 0.06334679573774338 0.00019239647372160107
v -0.036125436425209045 0.06334679573774338 0.00019239647372160107
v -0.03610570728778839 0.06264163553714752 0.0003260714001953602
v -0.029843538999557495 0.0626336932182312 0.0003278845106251538
v -0.029859526082873344 0.06333616375923157 0.00019308495393488556
v -0.029859526082873344 0.06333616375923157 0.00019308495393488556
v -0.02896820567548275 -0.030950266867876053 0.011215987615287304
v -0.02901044674217701 -0.022944819182157516 0.011108066886663437
v -0.03582502901554108 -0.022944815456867218 0.005430226214230061
v -0.03582502901554108 -0.022944815456867218 0.005430226214230061
v -0.03577267378568649 -0.031004630029201508 0.0054827360436320305
v -0.03577267378568649 -0.031004630029201508 0.0054827360436320305
v -0.02959587797522545 0.01842445507645607 -0.0062917605973780155
v -0.029246840626001358 0.008879266679286957 -0.006648304872214794
v -0.03606538474559784 0.008732324466109276 -0.003195046214386821
v -0.03606490045785904 0.01827532798051834 -0.0030822022818028927
v -0.0287820715457201 -0.06710981577634811 0.010881491005420685
v -0.028896311298012733 -0.04652802646160126 0.011109464801847935
v -0.03568229079246521 -0.04679982364177704 0.005436355713754892
v -0.03568229079246521 -0.04679982364177704 0.005436355713754892
v -0.03554113954305649 -0.06765341013669968 0.005334765650331974
v -0.03554113954305649 -0.06765341013669968 0.005334765650331974
v -0.035926416516304016 0.05372893810272217 -0.00040803360752761364
v -0.036026790738105774 0.05982109159231186 -0.0001895997702376917
v -0.029779596254229546 0.05982373654842377 -0.0001906196994241327
v -0.029722781851887703 0.0537455752491951 -0.000618125544860959
v -0.028903864324092865 -0.04631083831191063 -0.009969692677259445
v -0.028797179460525513 -0.06667543202638626 -0.010466152802109718
v -0.0355495810508728 -0.06744826585054398 -0.005017447285354137
v -0.0355495810508728 -0.06744826585054398 -0.005017447285354137
v -0.035686515271663666 -0.04669725149869919 -0.004788434598594904
v -0.04139089584350586 0.06264165788888931 0.00032631889916956425
v -0.04141350835561752 0.06334679573774338 0.0001928919373312965
v -0.04141350835561752 0.06334679573774338 0.0001928919373312965
v -0.04203076660633087 0.06334679573774338 0.00019294761295896024
v -0.04203076660633087 0.06334679573774338 0.00019294761295896024
v -0.04200075566768646 0.06267103552818298 0.0003263436956331134
v -0.04101024568080902 -0.031053753569722176 0.00045215646969154477
v -0.041071176528930664 -0.022944815456867218 0.0004521561204455793
v -0.04191935062408447 -0.022944819182157516 0.0004533780156634748
v -0.041861653327941895 -0.031054239720106125 0.00043081800686195493
v -0.04134534299373627 0.018274959176778793 -0.00023997292737476528
v -0.04134603589773178 0.008732128888368607 -0.00024196095182560384
v -0.04217984527349472 0.008732128888368607 -0.00015871747746132314
v -0.04217918962240219 0.01827496662735939 -0.00018636410823091865
v -0.04160885512828827 -0.06925246864557266 0.00036859867395833135
v -0.04073681682348251 -0.06814465671777725 0.0004521575756371021
v -0.040902554988861084 -0.047045446932315826 0.000452156993560493
v -0.041759781539440155 -0.04704785346984863 0.0004027221002615988
v -0.041300445795059204 0.05982109159231186 -0.00018954958068206906
v -0.04118548333644867 0.05372890084981918 -0.0002121387660736218
v -0.04187997430562973 0.05446707457304001 -0.00021014454250689596
v -0.04188064485788345 0.059967994689941406 -0.00018953857943415642
v -0.04090260714292526 -0.04704444855451584 -0.00024195847800001502
v -0.04073692858219147 -0.06814265996217728 -0.0002419580123387277
v -0.04160885512828827 -0.06925246864557266 -0.00026188103947788477
v -0.041759781539440155 -0.04704786092042923 -0.00022775790421292186
v -0.04085739701986313 0.05982109159231186 0.00040153530426323414
v -0.04074365645647049 0.05372890084981918 0.00043028558138757944
v -0.0395362451672554 0.05372890084981918 0.0004750636871904135
v -0.03964662551879883 0.05982109159231186 0.000401523953769356
v -0.040936268866062164 -0.09024269878864288 0.00009825729648582637
v -0.040936268866062164 -0.09024269878864288 0.00009825729648582637
v -0.0403306782245636 -0.09024269878864288 0.00016799654986243695
v -0.0403306782245636 -0.09024269878864288 0.00016799654986243695
v -0.04032466560602188 -0.08995011448860168 0.0003237703931517899
v -0.040947675704956055 -0.08990112692117691 0.00024888431653380394
v -0.028432555496692657 -0.0897388681769371 -0.010749106295406818
v -0.02840290032327175 -0.0902397483587265 -0.010659173130989075
v -0.02840290032327175 -0.0902397483587265 -0.010659173130989075
v -0.035107821226119995 -0.0902397483587265 -0.005012025590986013
v -0.035107821226119995 -0.0902397483587265 -0.005012025590986013
v -0.035107821226119995 -0.0902397483587265 -0.005012025590986013
v -0.035143665969371796 -0.089816153049469 -0.005100833717733622
v -0.035143665969371796 -0.089816153049469 -0.005100833717733622
v -0.040044791996479034 -0.09024269878864288 0.0001636977249290794
v -0.039919786155223846 -0.0902397483587265 0.0001526439154986292
v -0.03987941890954971 -0.0902397483587265 0.0002760530333034694
v -0.04000668227672577 -0.0901283398270607 0.0003149981494061649
v -0.04000668227672577 -0.0901283398270607 0.0003149981494061649
v -0.03980953246355057 -0.08994819223880768 0.0005040644900873303
v -0.03971794992685318 -0.0902397483587265 0.0004394475254230201
v -0.03971794992685318 -0.0902397483587265 0.0004394475254230201
v -0.038635507225990295 -0.0902397483587265 0.0014853341272100806
v -0.038635507225990295 -0.0902397483587265 0.0014853341272100806
v -0.038635507225990295 -0.0902397483587265 0.0014853341272100806
v -0.0386778861284256 -0.08987249433994293 0.0015695475740358233
v -0.0386778861284256 -0.08987249433994293 0.0015695475740358233
v -0.0185514148324728 -0.08973626792430878 0.014943893067538738
v -0.01852862909436226 -0.0902397483587265 0.014844856224954128
v -0.01852862909436226 -0.0902397483587265 0.014844856224954128
v -0.006372448056936264 -0.0902397483587265 0.016807183623313904
v -0.006372448056936264 -0.0902397483587265 0.016807183623313904
v -0.006381056737154722 -0.08971180021762848 0.01691564917564392
v -0.028397230431437492 -0.09022796154022217 -0.010599217377603054
v -0.028397230431437492 -0.09022796154022217 -0.010599217377603054
v -0.028411608189344406 -0.08985783159732819 -0.010584198869764805
v -0.03511356562376022 -0.08985813707113266 -0.004941878374665976
v -0.03511356562376022 -0.08985813707113266 -0.004941878374665976
v -0.035095155239105225 -0.09022796154022217 -0.004957021679729223
v -0.035095155239105225 -0.09022796154022217 -0.004957021679729223
v -0.035095155239105225 -0.09022796154022217 -0.004957021679729223
v -0.03985946625471115 -0.09022796154022217 -0.00003043598189833574
v -0.03985946625471115 -0.09022796154022217 -0.00003043598189833574
v -0.03986717760562897 -0.08998966217041016 -0.000021417541574919596
v -0.03988566994667053 -0.08991453796625137 0.00005938978574704379
v -0.039877526462078094 -0.09022796154022217 0.00005636620335280895
v -0.039877526462078094 -0.09022796154022217 0.00005636620335280895
v -0.039689116179943085 -0.09022796154022217 0.00039607560029253364
v -0.039689116179943085 -0.09022796154022217 0.00039607560029253364
v -0.03970392793416977 -0.08985787630081177 0.0003852688241750002
v -0.03864024579524994 -0.08985787630081177 0.0014151562936604023
v -0.03864024579524994 -0.08985787630081177 0.0014151562936604023
v -0.03862214833498001 -0.09022796154022217 0.0014291917905211449
v -0.03862214833498001 -0.09022796154022217 0.0014291917905211449
v -0.03862214833498001 -0.09022796154022217 0.0014291917905211449
v -0.018522782251238823 -0.09022796154022217 0.014772200956940651
v -0.018522782251238823 -0.09022796154022217 0.014772200956940651
v -0.018531665205955505 -0.08985765278339386 0.01475387904793024
v -0.00637314235791564 -0.08985741436481476 0.0166998989880085
v -0.0063700927421450615 -0.09022796154022217 0.016721606254577637
v -0.0063700927421450615 -0.09022796154022217 0.016721606254577637
v -0.04188065975904465 0.05996797978878021 0.0004015368758700788
v -0.041879989206790924 0.05446707457304001 0.00042033527279272676
v -0.04118548333644867 0.05372890084981918 0.00042232946725562215
v -0.041300445795059204 0.05982109159231186 0.00040153623558580875
v -0.045744746923446655 0.06284525990486145 0.00019332960073370486
v -0.045744746923446655 0.06284525990486145 0.00019332960073370486
v -0.04682139307260513 0.06209936738014221 0.00019342084124218673
v -0.04682139307260513 0.06209936738014221 0.00019342084124218673
v -0.04682139307260513 0.06209936738014221 0.00019342084124218673
v -0.0465819388628006 0.06163085252046585 0.0003265723935328424
v -0.045561306178569794 0.06233729422092438 0.0003265283885411918
v -0.04384150356054306 -0.031054239720106125 0.00047272833762690425
v -0.04388435184955597 -0.022944819182157516 0.0005855300696566701
v -0.04652343690395355 -0.022944824770092964 0.0007620462565682828
v -0.04650323837995529 -0.031054239720106125 0.0005136393010616302
v -0.04407753050327301 0.01827496662735939 -0.00009123924974119291
v -0.044078029692173004 0.008732128888368607 0.00004699444252764806
v -0.04661485552787781 0.008732128888368607 0.00037425674963742495
v -0.0466146245598793 0.018274959176778793 0.00007043240475468338
v -0.04402872174978256 0.030415792018175125 0.000444109202362597
v -0.044018663465976715 0.04388459771871567 0.00042032875353470445
v -0.046641260385513306 0.0431225448846817 0.00040098302997648716
v -0.04659157991409302 0.03041577711701393 0.00045271089766174555
v -0.04651499539613724 -0.06789549440145493 -0.00011320020712446421
v -0.04373706132173538 -0.06911738961935043 0.00017693637346383184
v -0.043765924870967865 -0.04704785346984863 0.0003322460688650608
v -0.04646763950586319 -0.04704785346984863 0.00020415928156580776
v -0.045042432844638824 0.05291392654180527 -0.00021013458899687976
v -0.0469733402132988 0.05202706158161163 -0.00018968178483191878
v -0.04699461907148361 0.055999115109443665 -0.00018955895211547613
v -0.04376591742038727 -0.04704786092042923 -0.000298219732940197
v -0.04373706132173538 -0.06911738961935043 -0.00045352900633588433
v -0.04651498794555664 -0.06789549440145493 -0.0007042511133477092
v -0.04646763950586319 -0.04704786092042923 -0.00038689159555360675
v -0.04374256730079651 -0.09013557434082031 -0.0005683842464350164
v -0.04210115224123001 -0.09024269878864288 -0.0001700675638858229
v -0.04207058995962143 -0.08996052294969559 -0.000005749854608438909
v -0.04362604767084122 -0.08987271040678024 -0.00038013746961951256
v -0.040556199848651886 -0.08296779543161392 0.0004521579248830676
v -0.04127759486436844 -0.0841350108385086 0.00036312348674982786
v -0.040993303060531616 -0.08853480964899063 0.00034662341931834817
v -0.04039311408996582 -0.08852247148752213 0.0004262365400791168
v -0.04228916019201279 -0.0866650640964508 0.00014408424613066018
v -0.04315996915102005 -0.08882128447294235 -0.0001471644500270486
v -0.0419483408331871 -0.0888318344950676 0.00013798811414744705
v -0.04841042309999466 -0.08708035945892334 -0.0009051970555447042
v -0.04791298508644104 -0.08803630620241165 -0.0009054749389179051
v -0.04791298508644104 -0.08803630620241165 -0.0009054749389179051
v -0.0476062148809433 -0.08786983788013458 -0.0006992724374867976
v -0.04807876795530319 -0.0869637131690979 -0.0006991341942921281
v -0.042289167642593384 -0.0866650640964508 -0.0004863858921453357
v -0.0419483557343483 -0.0888318344950676 -0.0004530785954557359
v -0.043159984052181244 -0.08882128447294235 -0.0007382259937003255
v -0.041277602314949036 -0.0841350108385086 -0.0002673567505553365
v -0.04055631905794144 -0.08296579867601395 -0.00024195766309276223
v -0.04039321094751358 -0.0885215476155281 -0.00021809444297105074
v -0.040993303060531616 -0.08853481709957123 -0.00024445238523185253
v -0.039919786155223846 -0.0902397483587265 0.00004571954923449084
v -0.040044791996479034 -0.09024269878864288 0.00002911869523813948
v -0.04000694304704666 -0.09012820571660995 -0.00011104418081231415
v -0.04000694304704666 -0.09012820571660995 -0.00011104418081231415
v -0.039888061583042145 -0.0902397483587265 -0.00006396897515514866
v -0.0403306782245636 -0.09024269878864288 0.000014982637367211282
v -0.0403306782245636 -0.09024269878864288 0.000014982637367211282
v -0.040936268866062164 -0.09024269878864288 -0.00005936281377216801
v -0.040936268866062164 -0.09024269878864288 -0.00005936281377216801
v -0.04094768315553665 -0.08990112692117691 -0.0001845710794441402
v -0.04032471030950546 -0.08994999527931213 -0.00012651676661334932
v -0.04210115224123001 -0.09024269878864288 -0.00032768509117886424
v -0.04210115224123001 -0.09024269878864288 -0.00032768509117886424
v -0.043742574751377106 -0.09013557434082031 -0.0007260001148097217
v -0.043742574751377106 -0.09013557434082031 -0.0007260001148097217
v -0.04362606257200241 -0.08987271040678024 -0.0008135813986882567
v -0.042070597410202026 -0.08996052294969559 -0.00043919822201132774
v -0.039877526462078094 -0.09022796154022217 0.000144853736856021
v -0.039877526462078094 -0.09022796154022217 0.000144853736856021
v -0.0398884043097496 -0.08986920863389969 0.0001432680437574163
v -0.03985205292701721 -0.08985787630081177 0.00024320198281202465
v -0.039839841425418854 -0.09022796154022217 0.00024962739553302526
v -0.039839841425418854 -0.09022796154022217 0.00024962739553302526
v -0.005996196996420622 0.06323406845331192 0.003339980263262987
v -0.0022050784900784492 0.0632830336689949 0.00587412528693676
v -0.002195381559431553 0.0632830485701561 0.0021715639159083366
v -0.0061966897919774055 0.06322994828224182 0.0011720095062628388
v -0.01909608207643032 -0.004386428743600845 -0.011054348200559616
v -0.01914539560675621 0.0016301646828651428 -0.010544526390731335
v -0.006700870580971241 0.0016594324260950089 -0.013450057245790958
v -0.006665265653282404 -0.0043865591287612915 -0.013866635039448738
v -0.006565118674188852 -0.046175505965948105 0.017370864748954773
v -0.018896374851465225 -0.04629787802696228 0.015519319102168083
v -0.018809307366609573 -0.06664951145648956 0.015192166902124882
v -0.006501495372503996 -0.06640476733446121 0.017046745866537094
v -0.007523499429225922 0.05996502935886383 -0.004493669606745243
v -0.0023331516422331333 0.05983702093362808 -0.008863003924489021
v -0.0024423040449619293 0.053828515112400055 -0.00893489457666874
v -0.007866989821195602 0.053894929587841034 -0.005024093668907881
v -0.006381630897521973 -0.0896352007985115 -0.017297446727752686
v -0.006372448522597551 -0.0902397483587265 -0.01722431555390358
v -0.006372448522597551 -0.0902397483587265 -0.01722431555390358
v -0.018528630957007408 -0.0902397483587265 -0.015152103267610073
v -0.018528630957007408 -0.0902397483587265 -0.015152103267610073
v -0.018552878871560097 -0.0896720215678215 -0.015233471989631653
v -0.006370093673467636 -0.09022794663906097 -0.01717556267976761
v -0.006370093673467636 -0.09022794663906097 -0.01717556267976761
v -0.006373144220560789 -0.08985742181539536 -0.017163056880235672
v -0.018531665205955505 -0.08985765278339386 -0.015084139071404934
v -0.018522784113883972 -0.09022794663906097 -0.015097858384251595
v -0.018522784113883972 -0.09022794663906097 -0.015097858384251595
v -0.02847275137901306 -0.08843634277582169 -0.010584070347249508
v -0.028562715277075768 -0.08631884306669235 -0.010579279623925686
v -0.03531347215175629 -0.08632062375545502 -0.004928397946059704
v -0.03531347215175629 -0.08632062375545502 -0.004928397946059704
v -0.03519710898399353 -0.08843784779310226 -0.004936476703733206
v -0.03519710898399353 -0.08843784779310226 -0.004936476703733206
v -0.040069907903671265 -0.08640890568494797 -0.00004015766899101436
v -0.04011905938386917 -0.0853833556175232 -0.000043960353650618345
v -0.04011905938386917 -0.0853833556175232 -0.000043960353650618345
v -0.04014986753463745 -0.08548161387443542 0.000027552858227863908
v -0.03978918492794037 -0.088436558842659 0.0003853171947412193
v -0.03991322219371796 -0.08631933480501175 0.0003820591955445707
v -0.03884468227624893 -0.08631933480501175 0.0014111369382590055
v -0.03884468227624893 -0.08631933480501175 0.0014111369382590055
v -0.038723237812519073 -0.088436558842659 0.0014151562936604023
v -0.038723237812519073 -0.088436558842659 0.0014151562936604023
v -0.01857171393930912 -0.08843541890382767 0.014753250405192375
v -0.01863064430654049 -0.08631683140993118 0.014747915789484978
v -0.006407958455383778 -0.08631431311368942 0.016692716628313065
v -0.006387228611856699 -0.08843427896499634 0.01669863983988762
v -0.03997132182121277 -0.0884932205080986 0.000143749886774458
v -0.04009769856929779 -0.08634717762470245 0.00014059575914870948
v -0.040061622858047485 -0.08631933480501175 0.00024145726638380438
v -0.03993763029575348 -0.088436558842659 0.00024344302073586732
v -0.006387230474501848 -0.08843433111906052 -0.017161782830953598
v -0.006407960783690214 -0.08631443232297897 -0.01715584471821785
v -0.01863064616918564 -0.08631689101457596 -0.015078158117830753
v -0.01857171580195427 -0.08843544870615005 -0.015083502046763897
v -0.006196333561092615 0.06322994828224182 -0.0009822362335398793
v -0.002194679109379649 0.0632830485701561 -0.00205490761436522
v -0.002203316893428564 0.0632830485701561 -0.005865165498107672
v -0.005995223298668861 0.06323408335447311 -0.0032174517400562763
v -0.03610571473836899 0.06264165788888931 -0.0001073923340300098
v -0.03612544387578964 0.06334679573774338 0.00003477327118162066
v -0.03612544387578964 0.06334679573774338 0.00003477327118162066
v -0.029859526082873344 0.06333616375923157 0.00003451687371125445
v -0.029859526082873344 0.06333616375923157 0.00003451687371125445
v -0.029843538999557495 0.06263367086648941 -0.00010817783186212182
v -0.04141350835561752 0.06334679573774338 0.00003526907676132396
v -0.04141350835561752 0.06334679573774338 0.00003526907676132396
v -0.04139088839292526 0.06264165788888931 -0.00010714399832068011
v -0.04200073331594467 0.06267103552818298 -0.00010711140930652618
v -0.042030759155750275 0.06334679573774338 0.00003532761911628768
v -0.042030759155750275 0.06334679573774338 0.00003532761911628768
v -0.04556119441986084 0.06233730912208557 -0.00010691089846659452
v -0.046581871807575226 0.06163085252046585 -0.00010686284076655284
v -0.04682137072086334 0.06209936738014221 0.00003580847260309383
v -0.04682137072086334 0.06209936738014221 0.00003580847260309383
v -0.04682137072086334 0.06209936738014221 0.00003580847260309383
v -0.04574469476938248 0.06284527480602264 0.00003571564593585208
v -0.04574469476938248 0.06284527480602264 0.00003571564593585208
v -0.04827430099248886 0.057021431624889374 -0.00010726977052399889
v -0.04833253473043442 0.052411019802093506 -0.00010788344661705196
v -0.048672325909137726 0.05250701308250427 0.000033764634281396866
v -0.048672325909137726 0.05250701308250427 0.000033764634281396866
v -0.048594214022159576 0.057277001440525055 0.000034991993743460625
v -0.048594214022159576 0.057277001440525055 0.000034991993743460625
v -0.048677124083042145 0.018274959176778793 0.0003996347659267485
v -0.048677124083042145 0.018274959176778793 0.0003996347659267485
v -0.04826462268829346 0.018274959176778793 0.0002415083727100864
v -0.04826468229293823 0.008732117712497711 0.0006547595839947462
v -0.04867713898420334 0.008732117712497711 0.0008390824659727514
v -0.04867713898420334 0.008732117712497711 0.0008390824659727514
v -0.048667825758457184 -0.04704786092042923 -0.00028234103228896856
v -0.048667825758457184 -0.04704786092042923 -0.00028234103228896856
v -0.048227787017822266 -0.04704786092042923 -0.0003892550594173372
v -0.04823479801416397 -0.06791706383228302 -0.0008080002735368907
v -0.048664748668670654 -0.0679224506020546 -0.0007285353494808078
v -0.048664748668670654 -0.0679224506020546 -0.0007285353494808078
v -0.04807876795530319 -0.0869637280702591 -0.0011325681116431952
v -0.04760622978210449 -0.08786984533071518 -0.001132707460783422
v -0.04791298508644104 -0.08803630620241165 -0.0010630873730406165
v -0.04791298508644104 -0.08803630620241165 -0.0010630873730406165
v -0.04841042309999466 -0.08708036690950394 -0.0010628091404214501
v -0.04841042309999466 -0.08708036690950394 -0.0010628091404214501
v -0.010842657648026943 0.03174307942390442 0.009908613748848438
v -0.003998892847448587 0.03065013885498047 0.012714045122265816
v -0.002935638651251793 0.043577685952186584 0.010481514036655426
v -0.009058997966349125 0.0436549112200737 0.007028996478766203
v -0.03591950982809067 0.0434630811214447 -0.0011995639652013779
v -0.02981523424386978 0.04348254203796387 -0.002245707903057337
v -0.029914969578385353 0.030455857515335083 -0.004682500846683979
v -0.036004818975925446 0.030416131019592285 -0.0023676224518567324
v -0.041177891194820404 0.04346292465925217 -0.00022009119857102633
v -0.04127614200115204 0.030415792018175125 -0.00023202021839097142
v -0.042113564908504486 0.030415792018175125 -0.00020538772514555603
v -0.04201362282037735 0.04408358037471771 -0.00021014377125538886
v -0.0407361164689064 0.04346292465925217 0.00047005072701722383
v -0.040833279490470886 0.030415792018175125 0.0005296977469697595
v -0.03962305933237076 0.03041577711701393 0.001032901811413467
v -0.03952886164188385 0.04346290975809097 0.000693940615747124
v -0.04201363027095795 0.04408358037471771 0.000420335796661675
v -0.04211355745792389 0.030415792018175125 0.00042509264312684536
v -0.04127614200115204 0.030415792018175125 0.0004422130878083408
v -0.041177891194820404 0.04346292465925217 0.000430283194873482
v -0.044018663465976715 0.04388459771871567 -0.00021013672812841833
v -0.04402872174978256 0.030415792018175125 -0.00018635718151926994
v -0.04659157991409302 0.030415792018175125 -0.00013834037235938013
v -0.046641260385513306 0.0431225448846817 -0.0001900681818369776
v -0.02266702428460121 0.04355965554714203 -0.003029345069080591
v -0.015487151220440865 0.04365585744380951 -0.004040718078613281
v -0.01628773845732212 0.03174498304724693 -0.007573546841740608
v -0.022866982966661453 0.030613262206315994 -0.006536885630339384
v -0.04825882613658905 0.03041577711701393 -0.00004141173849347979
v -0.04867564141750336 0.03041577711701393 0.00010012494749389589
v -0.04867564141750336 0.03041577711701393 0.00010012494749389589
v -0.04867326468229294 0.04321853071451187 0.00002990401117131114
v -0.04867326468229294 0.04321853071451187 0.00002990401117131114
v -0.048266857862472534 0.043199338018894196 -0.00010981369996443391
v -0.04833253473043442 0.052411019802093506 0.0003255493356846273
v -0.04827430099248886 0.05702140927314758 0.0003261626698076725
v -0.048594214022159576 0.05727698653936386 0.00019260334374848753
v -0.048594214022159576 0.05727698653936386 0.00019260334374848753
v -0.048672325909137726 0.05250701308250427 0.00019137609342578799
v -0.048672325909137726 0.05250701308250427 0.00019137609342578799
v -0.0440279021859169 0.05686233192682266 0.00042032700730487704
v -0.04482743889093399 0.06030547618865967 0.00040156597970053554
v -0.04562404751777649 0.05975676327943802 0.00040157302282750607
v -0.0446624681353569 -0.08552750945091248 -0.00009685796976555139
v -0.04675216227769852 -0.08649715781211853 -0.00040809944039210677
v -0.04637916386127472 -0.0872039943933487 -0.0004081262741237879
v -0.04376004636287689 -0.08632741123437881 -0.00007495280442526564
v -0.04559490084648132 -0.08792291581630707 -0.00040797353722155094
v -0.04451603442430496 -0.08848205208778381 -0.0003556220908649266
v -0.04482536017894745 -0.08298610895872116 -0.0000694793343427591
v -0.04686371982097626 -0.08170268684625626 -0.00034902209881693125
v -0.046910785138607025 -0.08570768684148788 -0.0004080247017554939
v -0.04827078431844711 -0.08600804954767227 -0.0006987581728026271
v -0.04830249398946762 -0.08181051164865494 -0.000633730785921216
v -0.04866218566894531 -0.0818374827504158 -0.0008373617311008275
v -0.04866218566894531 -0.0818374827504158 -0.0008373617311008275
v -0.048610784113407135 -0.08608313649892807 -0.0009044440812431276
v -0.048610784113407135 -0.08608314394950867 -0.0010620559332892299
v -0.048610784113407135 -0.08608314394950867 -0.0010620559332892299
v -0.04866218566894531 -0.0818374827504158 -0.000994973350316286
v -0.04866218566894531 -0.0818374827504158 -0.000994973350316286
v -0.048302486538887024 -0.08181051909923553 -0.001067164121195674
v -0.04827078431844711 -0.08600806444883347 -0.0011321913916617632
v -0.046910785138607025 -0.08570770919322968 -0.0009990747785195708
v -0.04686371982097626 -0.08170268684625626 -0.0009400721173733473
v -0.04482536017894745 -0.08298612385988235 -0.0006999400211498141
v -0.04637916386127472 -0.08720400184392929 -0.0009991781553253531
v -0.04675216227769852 -0.08649717271327972 -0.000999149982817471
v -0.0446624755859375 -0.08552752435207367 -0.0007273194496519864
v -0.04526759684085846 -0.08946207165718079 -0.0006338945822790265
v -0.04665685445070267 -0.08874011784791946 -0.000698514690157026
v -0.046922340989112854 -0.08894441276788712 -0.0009039614233188331
v -0.046922340989112854 -0.08894441276788712 -0.0009039614233188331
v -0.04545549303293228 -0.08970707654953003 -0.0008349581039510667
v -0.04545550048351288 -0.08970707654953003 -0.0009925724007189274
v -0.04545550048351288 -0.08970707654953003 -0.0009925724007189274
v -0.04692234843969345 -0.08894441276788712 -0.0010615745559334755
v -0.04692234843969345 -0.08894441276788712 -0.0010615745559334755
v -0.046656861901283264 -0.08874011784791946 -0.0011319519253447652
v -0.04526761174201965 -0.08946207165718079 -0.001067334902472794
v -0.044516049325466156 -0.08848205208778381 -0.0009466797346249223
v -0.04559491574764252 -0.08792291581630707 -0.0009990279795601964
v -0.043760061264038086 -0.08632741123437881 -0.0007054172456264496
v -0.04699461907148361 0.055999092757701874 0.0004014900769107044
v -0.0469733402132988 0.05202704668045044 0.0004013679572381079
v -0.045042432844638824 0.052913911640644073 0.00042032572673633695
v -0.042869970202445984 0.057127177715301514 0.0004203302087262273
v -0.04276639223098755 0.060555607080459595 0.0004015420563519001
v -0.0437854528427124 0.06062310189008713 0.00040155288297683
v -0.04480183124542236 0.0558941513299942 0.00042032537749037147
v -0.046297505497932434 0.05898291617631912 0.0004015598096884787
v -0.04674529284238815 0.057914406061172485 0.0004015269805677235
v -0.047972485423088074 0.059339940547943115 0.00032634835224598646
v -0.047397173941135406 0.06069406867027283 0.000326511450111866
v -0.0476720929145813 0.06112184375524521 0.00019330081704538316
v -0.0476720929145813 0.06112184375524521 0.00019330081704538316
v -0.0482792854309082 0.05969632416963577 0.0001929751451825723
v -0.0482792854309082 0.05969632416963577 0.0001929751451825723
v -0.0482792854309082 0.05969633907079697 0.000035363926144782454
v -0.0482792854309082 0.05969633907079697 0.000035363926144782454
v -0.0476720854640007 0.061121866106987 0.000035689372452907264
v -0.0476720854640007 0.061121866106987 0.000035689372452907264
v -0.04739716649055481 0.06069406867027283 -0.00010692137584555894
v -0.047972485423088074 0.05933995544910431 -0.00010708383342716843
v -0.04674529284238815 0.057914428412914276 -0.0001895218010758981
v -0.04629749059677124 0.05898291617631912 -0.0001894896267913282
v -0.044801823794841766 0.0558941513299942 -0.00021013470541220158
v -0.04562398046255112 0.05975676327943802 -0.00018947909120470285
v -0.04482731968164444 0.06030547618865967 -0.00018949047080241144
v -0.04402783513069153 0.05686233192682266 -0.00021013642253819853
v -0.044299960136413574 0.06272180378437042 0.00032645289320498705
v -0.04300188273191452 0.06278854608535767 0.0003263878752477467
v -0.04306074231863022 0.06334679573774338 0.0001930414728121832
v -0.04306074231863022 0.06334679573774338 0.0001930414728121832
v -0.04442854970693588 0.06324649602174759 0.0001931752631207928
v -0.04442854970693588 0.06324649602174759 0.0001931752631207928
v -0.0444285050034523 0.06324649602174759 0.00003555958392098546
v -0.0444285050034523 0.06324649602174759 0.00003555958392098546
v -0.04306071251630783 0.06334679573774338 0.000035424003726802766
v -0.04306071251630783 0.06334679573774338 0.000035424003726802766
v -0.04300181567668915 0.06278856098651886 -0.00010706039029173553
v -0.04429984092712402 0.06272180378437042 -0.00010699068661779165
v -0.043785326182842255 0.06062311679124832 -0.00018950842786580324
v -0.04276631772518158 0.060555607080459595 -0.00018952458049170673
v -0.042869895696640015 0.057127177715301514 -0.0002101396967191249
v 0.02041865698993206 0.01901787519454956 0.010651136748492718
v 0.013639558106660843 0.022808808833360672 0.01172590535134077
v 0.005569738335907459 0.019165821373462677 0.01431038323789835
v 0.006529020145535469 0.00961172953248024 0.015203055925667286
v 0.01866726577281952 0.009465288370847702 0.012613938190042973
v 0.048669904470443726 -0.03004859760403633 -0.0006045273039489985
v 0.04867279529571533 -0.02093352936208248 -0.0010386334033682942
v 0.048253513872623444 -0.02105923928320408 -0.0006287143332883716
v 0.04824812710285187 -0.03011145070195198 -0.0003140706103295088
v 0.007600868120789528 0.05996500700712204 0.0044969432055950165
v 0.0024760726373642683 0.059837035834789276 0.00856399443000555
v 0.00258140591904521 0.05382832884788513 0.008721602149307728
v 0.007932733744382858 0.05389475077390671 0.005102864000946283
v 0.04867496341466904 0.030415792018175125 -0.0006364948931150138
v 0.04867496341466904 0.030415792018175125 -0.0006364948931150138
v 0.04867195338010788 0.04321853816509247 -0.0002215530985267833
v 0.04867195338010788 0.04321853816509247 -0.0002215530985267833
v 0.04827430844306946 0.04319934546947479 -0.000059882368077524006
v 0.04826764762401581 0.030415792018175125 -0.00044632062781602144
v 0.048243314027786255 -0.04685930162668228 -0.0005574636743403971
v 0.048228710889816284 -0.06791705638170242 -0.0013991323066875339
v 0.048636168241500854 -0.0679224506020546 -0.0016593954060226679
v 0.048667363822460175 -0.04684673249721527 -0.0007864044164307415
v 0.0063694133423268795 -0.06559175997972488 -0.01693868637084961
v 0.0063241575844585896 -0.04576900228857994 -0.016166340559720993
v 0.018305229023098946 -0.04591630771756172 -0.014262302778661251
v 0.01833293028175831 -0.06588637083768845 -0.015138848684728146
v 0.02903200499713421 0.0626336932182312 -0.00013367351493798196
v 0.03560540825128555 0.06264163553714752 0.00009877710544969887
v 0.03562478721141815 0.06334677338600159 -0.0000500788155477494
v 0.03562478721141815 0.06334677338600159 -0.0000500788155477494
v 0.02904747612774372 0.06333616375923157 -0.00029931252356618643
v 0.02904747612774372 0.06333616375923157 -0.00029931252356618643
v 0.028210468590259552 -0.03094087541103363 0.010712646879255772
v 0.03532414883375168 -0.030998319387435913 0.005337648559361696
v 0.03535642474889755 -0.022944824770092964 0.005276313051581383
v 0.028232228010892868 -0.02294483222067356 0.010587075725197792
v 0.028795523568987846 0.01842436194419861 -0.008286180905997753
v 0.035582125186920166 0.01827528327703476 -0.004161026328802109
v 0.03558439761400223 0.008732298389077187 -0.004401865415275097
v 0.02845740132033825 0.008879223838448524 -0.008850538171827793
v 0.028204690665006638 -0.0670158788561821 0.011112809181213379
v 0.0352715328335762 -0.06759026646614075 0.005557008553296328
v 0.0353059247136116 -0.04676825553178787 0.005429936107248068
v 0.028211291879415512 -0.04648105427622795 0.010883458890020847
v 0.028970083221793175 0.05982373654842377 -0.0005291531560942531
v 0.03552789241075516 0.05982109159231186 -0.0003562658675946295
v 0.035430386662483215 0.05372891575098038 -0.0005511811468750238
v 0.0289150383323431 0.05374554544687271 -0.0009004357852973044
v 0.028219249099493027 -0.04624444246292114 -0.010125810280442238
v 0.035310544073581696 -0.04665262997150421 -0.0049730767495930195
v 0.03528076410293579 -0.06735901534557343 -0.005315257236361504
v 0.028220610693097115 -0.06654264032840729 -0.01084860973060131
v 0.04150813817977905 0.06264163553714752 0.0003263179096393287
v 0.042139820754528046 0.06267101317644119 0.0003263436956331134
v 0.04216983914375305 0.06334677338600159 0.00019294761295896024
v 0.04216983914375305 0.06334677338600159 0.00019294761295896024
v 0.041530728340148926 0.06334677338600159 0.00019288990006316453
v 0.041530728340148926 0.06334677338600159 0.00019288990006316453
v 0.041173771023750305 -0.031053543090820312 0.0004663681611418724
v 0.042035214602947235 -0.030991390347480774 0.00037869944935664535
v 0.042075105011463165 -0.022819112986326218 0.0003576415474526584
v 0.04121556133031845 -0.022944819182157516 0.00046636711340397596
v 0.04147956520318985 0.018274959176778793 -0.0002532952930778265
v 0.042325459420681 0.018274959176778793 -0.0002612764365039766
v 0.04232782870531082 0.008732117712497711 -0.0002357090706937015
v 0.041482068598270416 0.008732117712497711 -0.00025617098435759544
v 0.04194165766239166 -0.06925498694181442 0.00029068213189020753
v 0.0419992059469223 -0.04703529179096222 0.0003626132383942604
v 0.04113643616437912 -0.04704437404870987 0.00046636885963380337
v 0.04107487201690674 -0.06814250349998474 0.00046636880142614245
v 0.04141773283481598 0.05982109159231186 -0.00018954981351271272
v 0.042019717395305634 0.05996797978878021 -0.0001895385212264955
v 0.042017288506031036 0.05446707457304001 -0.0002118141856044531
v 0.04130394011735916 0.05372890084981918 -0.00021302698587533087
v 0.041136518120765686 -0.047042928636074066 -0.00025616842322051525
v 0.0419992059469223 -0.04703529179096222 -0.00028779031708836555
v 0.04194166511297226 -0.06925498694181442 -0.0003397968248464167
v 0.04107503592967987 -0.06813960522413254 -0.00025616801576688886
v 0.040887556970119476 0.05982109159231186 0.00040153408190235496
v 0.03948386758565903 0.05982109159231186 0.0003681887756101787
v 0.0393754243850708 0.05372890084981918 0.0004715098184533417
v 0.04077523201704025 0.05372890084981918 0.0004347263020463288
v 0.04138222336769104 -0.09024269878864288 -6.94570189807564e-7
v 0.04138222336769104 -0.09024269878864288 -6.94570189807564e-7
v 0.04139363020658493 -0.08990112692117691 0.00015405533486045897
v 0.040763795375823975 -0.08994998037815094 0.00032831786666065454
v 0.040776632726192474 -0.09024269878864288 0.0001679966226220131
v 0.027948668226599693 -0.08972558379173279 -0.01136841718107462
v 0.03496447205543518 -0.08980721980333328 -0.005519299302250147
v 0.03496447205543518 -0.08980721980333328 -0.005519299302250147
v 0.03493419289588928 -0.0902397483587265 -0.0054268199019134045
v 0.03493419289588928 -0.0902397483587265 -0.0054268199019134045
v 0.03493419289588928 -0.0902397483587265 -0.0054268199019134045
v 0.02791922725737095 -0.0902397483587265 -0.011278482154011726
v 0.02791922725737095 -0.0902397483587265 -0.011278482154011726
v 0.04049074649810791 -0.09024269878864288 0.0001636977685848251
v 0.04043514281511307 -0.09012819826602936 0.0003266511484980583
v 0.04043514281511307 -0.09012819826602936 0.0003266511484980583
v 0.040304042398929596 -0.0902397483587265 0.000290264084469527
v 0.04036574065685272 -0.0902397483587265 0.00015264400281012058
v 0.04015267640352249 -0.08994719386100769 0.0005725615192204714
v 0.03882819414138794 -0.08986950665712357 0.0017664828337728977
v 0.03878583759069443 -0.0902397483587265 0.0016822690377011895
v 0.03878583759069443 -0.0902397483587265 0.0016822690377011895
v 0.040057241916656494 -0.0902397483587265 0.0005105023155920208
v 0.040057241916656494 -0.0902397483587265 0.0005105023155920208
v 0.018152855336666107 -0.0897277444601059 0.015506358817219734
v 0.0063332668505609035 -0.08970846980810165 0.017134949564933777
v 0.0063248430378735065 -0.0902397483587265 0.01702648028731346
v 0.0063248430378735065 -0.0902397483587265 0.01702648028731346
v 0.018130378797650337 -0.0902397483587265 0.0154073191806674
v 0.018130378797650337 -0.0902397483587265 0.0154073191806674
v 0.027913536876440048 -0.09022794663906097 -0.011218524537980556
v 0.027913536876440048 -0.09022794663906097 -0.011218524537980556
v 0.034929029643535614 -0.09022794663906097 -0.005365166813135147
v 0.034929029643535614 -0.09022794663906097 -0.005365166813135147
v 0.034929029643535614 -0.09022794663906097 -0.005365166813135147
v 0.03494689613580704 -0.08985787630081177 -0.005349752958863974
v 0.03494689613580704 -0.08985787630081177 -0.005349752958863974
v 0.027927394956350327 -0.08985783159732819 -0.011203504167497158
v 0.04026446491479874 -0.09022796154022217 -0.00005812851304654032
v 0.04026446491479874 -0.09022796154022217 -0.00005812851304654032
v 0.04026446491479874 -0.09022796154022217 -0.00005812851304654032
v 0.04032348096370697 -0.09022796154022217 0.00005636637797579169
v 0.04032348096370697 -0.09022796154022217 0.00005636637797579169
v 0.0403350368142128 -0.08985787630081177 0.00005939006223343313
v 0.0402766689658165 -0.08985787630081177 -0.0000509840901941061
v 0.0402766689658165 -0.08985787630081177 -0.0000509840901941061
v 0.0400284081697464 -0.09022796154022217 0.0004671304486691952
v 0.0400284081697464 -0.09022796154022217 0.0004671304486691952
v 0.03877247869968414 -0.09022796154022217 0.00162612646818161
v 0.03877247869968414 -0.09022796154022217 0.00162612646818161
v 0.03879041224718094 -0.08985787630081177 0.0016120909713208675
v 0.04004316031932831 -0.08985787630081177 0.0004563236143440008
v 0.018124517053365707 -0.09022796154022217 0.015334663912653923
v 0.018124517053365707 -0.09022796154022217 0.015334663912653923
v 0.0063224793411791325 -0.09022796154022217 0.016940906643867493
v 0.0063224793411791325 -0.09022796154022217 0.016940906643867493
v 0.006325255148112774 -0.08985741436481476 0.016919199377298355
v 0.018132930621504784 -0.08985765278339386 0.015316341072320938
v 0.042019739747047424 0.05996797978878021 0.0004015368758700788
v 0.041417740285396576 0.05982109159231186 0.0004015359445475042
v 0.04130394756793976 0.05372890084981918 0.0004232175415381789
v 0.04201731085777283 0.05446707457304001 0.00041866552783176303
v 0.045883819460868835 0.06284525990486145 0.00019332962983753532
v 0.045883819460868835 0.06284525990486145 0.00019332962983753532
v 0.04570038616657257 0.06233730912208557 0.0003265283885411918
v 0.04671291261911392 0.06163085252046585 0.0003265723353251815
v 0.0469520166516304 0.06209936738014221 0.00019342084124218673
v 0.0469520166516304 0.06209936738014221 0.00019342084124218673
v 0.0469520166516304 0.06209936738014221 0.00019342084124218673
v 0.043968744575977325 -0.030739977955818176 0.00021213294530753046
v 0.046561017632484436 -0.03036285936832428 -0.00005967140168650076
v 0.0465763658285141 -0.021562056615948677 -0.0002910567563958466
v 0.043998971581459045 -0.022316286340355873 0.00010684714652597904
v 0.044184789061546326 0.018274959176778793 -0.0004658037796616554
v 0.04666334390640259 0.018274959176778793 -0.0007536105695180595
v 0.04666417837142944 0.008732128888368607 -0.0004726654733531177
v 0.0441865399479866 0.008732117712497711 -0.0003379693953320384
v 0.0441325381398201 0.030415792018175125 0.00016466135275550187
v 0.04663839936256409 0.030415792018175125 -0.00016207336739171296
v 0.046683743596076965 0.0431225448846817 0.00011974823428317904
v 0.044117823243141174 0.04388459771871567 0.00029593834187835455
v 0.04659884423017502 -0.06789549440145493 -0.0008821394294500351
v 0.04654713720083237 -0.04690958559513092 -0.0002370441798120737
v 0.04394136369228363 -0.04698500782251358 0.00013169932935852557
v 0.04396577924489975 -0.0691199079155922 -0.00018959013686981052
v 0.045120373368263245 0.05291392654180527 -0.00023225764743983746
v 0.04703530669212341 0.055999115109443665 -0.00018955895211547613
v 0.047007881104946136 0.05202706158161163 -0.0002459287061356008
v 0.043941378593444824 -0.04698500782251358 -0.0005983843584544957
v 0.04654713720083237 -0.04690958932042122 -0.0010273308726027608
v 0.04659884423017502 -0.06789549440145493 -0.0014731900300830603
v 0.04396578669548035 -0.0691199079155922 -0.0008200549054890871
v 0.04410542547702789 -0.09015407413244247 -0.0016568551072850823
v 0.04399237036705017 -0.08989044278860092 -0.001415009843185544
v 0.04251653701066971 -0.08996052294969559 -0.0004798945155926049
v 0.04254710674285889 -0.09024269878864288 -0.0006648270064033568
v 0.040963515639305115 -0.08296564221382141 0.00046636880142614245
v 0.04082158952951431 -0.08852147310972214 0.0004378893645480275
v 0.04143925756216049 -0.08853481709957123 0.0002682862104848027
v 0.041689202189445496 -0.08413753658533096 0.0002769606071524322
v 0.04268171638250351 -0.08667374402284622 -0.00027191860135644674
v 0.04239429533481598 -0.0888318344950676 -0.00025369698414579034
v 0.043540142476558685 -0.08883591741323471 -0.0009676414774730802
v 0.04784250259399414 -0.08717283606529236 -0.0024884287267923355
v 0.04755784571170807 -0.0870523452758789 -0.002208152087405324
v 0.0469893217086792 -0.08804554492235184 -0.002208290621638298
v 0.047242648899555206 -0.08822125196456909 -0.0024887064937502146
v 0.042681723833084106 -0.08667374402284622 -0.0009023879538290203
v 0.04354014992713928 -0.08883591741323471 -0.0015587025554850698
v 0.04239429533481598 -0.0888318344950676 -0.0008447632426396012
v 0.04168920964002609 -0.08413753658533096 -0.0003535185824148357
v 0.04143925756216049 -0.08853481709957123 -0.00032278895378112793
v 0.04082166403532028 -0.08852013200521469 -0.00023003172827884555
v 0.040963687002658844 -0.0829627588391304 -0.0002561676665209234
v 0.040365733206272125 -0.0902397483587265 0.00004571972385747358
v 0.040304042398929596 -0.0902397483587265 -0.00008598214481025934
v 0.04043515771627426 -0.09012801200151443 -0.00012476372648961842
v 0.04043515771627426 -0.09012801200151443 -0.00012476372648961842
v 0.04049074649810791 -0.09024269878864288 0.00002911897172452882
v 0.040776632726192474 -0.09024269878864288 0.000014982921129558235
v 0.040776632726192474 -0.09024269878864288 0.000014982921129558235
v 0.04076381027698517 -0.08994979411363602 -0.00013134880282450467
v 0.04139363020658493 -0.08990112692117691 -0.00027939968276768923
v 0.04138222336769104 -0.09024269878864288 -0.00015831453492864966
v 0.04138222336769104 -0.09024269878864288 -0.00015831453492864966
v 0.04254710674285889 -0.09024269878864288 -0.0008224443881772459
v 0.04254710674285889 -0.09024269878864288 -0.0008224443881772459
v 0.04251653701066971 -0.08996052294969559 -0.0009133428102359176
v 0.04399237781763077 -0.08989044278860092 -0.0018484536558389664
v 0.04410543292760849 -0.09015407413244247 -0.0018144708592444658
v 0.04410543292760849 -0.09015407413244247 -0.0018144708592444658
v 0.04032348096370697 -0.09022796154022217 0.00014485401334241033
v 0.04032348096370697 -0.09022796154022217 0.00014485401334241033
v 0.04026446491479874 -0.09022796154022217 0.00026383850490674376
v 0.04026446491479874 -0.09022796154022217 0.00026383850490674376
v 0.04026446491479874 -0.09022796154022217 0.00026383850490674376
v 0.0402766689658165 -0.08985787630081177 0.00025741319404914975
v 0.0402766689658165 -0.08985787630081177 0.00025741319404914975
v 0.040335044264793396 -0.08985787630081177 0.00014326859673019499
v 0.006343021988868713 0.06322992593050003 0.0010901644127443433
v 0.0023377290926873684 0.0632830336689949 0.0021418167743831873
v 0.002346430439502001 0.0632830336689949 0.005844655446708202
v 0.0061416300013661385 0.06323406845331192 0.0032616339158266783
v 0.005513207521289587 0.01916777715086937 -0.013722500763833523
v 0.013460136950016022 0.022810734808444977 -0.012139868922531605
v 0.020324353128671646 0.01901939883828163 -0.011399488896131516
v 0.018625399097800255 0.009466197341680527 -0.01245564129203558
v 0.006503943353891373 0.009612839668989182 -0.014035196974873543
v 0.006321112625300884 -0.04615887254476547 0.017252039164304733
v 0.006363327614963055 -0.06637150794267654 0.017110850661993027
v 0.01831769198179245 -0.06656419485807419 0.015366640873253345
v 0.018297607079148293 -0.046255216002464294 0.01523646805435419
v 0.007910002022981644 0.05389490723609924 -0.005144336726516485
v 0.002574228448793292 0.053828515112400055 -0.008972251787781715
v 0.0024759117513895035 0.05983702093362808 -0.008877042680978775
v 0.007600339129567146 0.05996502935886383 -0.004575104918330908
v 0.006333876866847277 -0.08963049948215485 -0.01751675084233284
v 0.018154386430978775 -0.08965995907783508 -0.015795934945344925
v 0.018130378797650337 -0.0902397483587265 -0.01571456715464592
v 0.018130378797650337 -0.0902397483587265 -0.01571456715464592
v 0.0063248430378735065 -0.0902397483587265 -0.017443619668483734
v 0.0063248430378735065 -0.0902397483587265 -0.017443619668483734
v 0.006322478875517845 -0.09022794663906097 -0.017394866794347763
v 0.006322478875517845 -0.09022794663906097 -0.017394866794347763
v 0.018124515190720558 -0.09022794663906097 -0.015660323202610016
v 0.018124515190720558 -0.09022794663906097 -0.015660323202610016
v 0.018132926896214485 -0.08985765278339386 -0.01564660295844078
v 0.006325253285467625 -0.08985742181539536 -0.017382357269525528
v 0.0279865525662899 -0.08843634277582169 -0.01120337750762701
v 0.03502104431390762 -0.088436558842659 -0.005349752493202686
v 0.03502104431390762 -0.088436558842659 -0.005349752493202686
v 0.03512997925281525 -0.08631933480501175 -0.0053453026339411736
v 0.03512997925281525 -0.08631933480501175 -0.0053453026339411736
v 0.02807355858385563 -0.08631884306669235 -0.011198586784303188
v 0.040362194180488586 -0.088436558842659 -0.00005074325599707663
v 0.040362194180488586 -0.088436558842659 -0.00005074325599707663
v 0.04042069613933563 -0.088436558842659 0.00005987180338706821
v 0.04054468870162964 -0.08631933480501175 0.00006106060754973441
v 0.04048612713813782 -0.08631933480501175 -0.000048336616600863636
v 0.04048612713813782 -0.08631933480501175 -0.000048336616600863636
v 0.040128193795681 -0.088436558842659 0.0004563720431178808
v 0.03887277841567993 -0.088436558842659 0.0016120910877361894
v 0.03899327665567398 -0.08631933480501175 0.001608071499504149
v 0.040251895785331726 -0.08631933480501175 0.0004531139857135713
v 0.018171178176999092 -0.08843541145324707 0.015315713360905647
v 0.006338286213576794 -0.08843427896499634 0.016917940229177475
v 0.006357443053275347 -0.08631431311368942 0.01691201701760292
v 0.018227415159344673 -0.08631682395935059 0.015310380607843399
v 0.04042069613933563 -0.088436558842659 0.00014375039609149098
v 0.04036220163106918 -0.088436558842659 0.0002576542319729924
v 0.04036220163106918 -0.088436558842659 0.0002576542319729924
v 0.04048612713813782 -0.08631933480501175 0.00025566836120560765
v 0.04048612713813782 -0.08631933480501175 0.00025566836120560765
v 0.04054468870162964 -0.08631933480501175 0.00014340298366732895
v 0.0063382829539477825 -0.08843433111906052 -0.017381083220243454
v 0.018171170726418495 -0.08843544870615005 -0.015645965933799744
v 0.018227413296699524 -0.08631689101457596 -0.01564062014222145
v 0.006357441656291485 -0.08631443232297897 -0.017375145107507706
v 0.00614274013787508 0.06323408335447311 -0.0032965759746730328
v 0.002348241861909628 0.0632830485701561 -0.005894938949495554
v 0.0023384476080536842 0.0632830485701561 -0.002084761392325163
v 0.006343428045511246 0.06322994828224182 -0.0010643849382176995
v 0.029047485440969467 0.06333616375923157 -0.0004579175147227943
v 0.029047485440969467 0.06333616375923157 -0.0004579175147227943
v 0.03562478721141815 0.06334677338600159 -0.0002077019162243232
v 0.03562478721141815 0.06334677338600159 -0.0002077019162243232
v 0.03560540825128555 0.06264163553714752 -0.0003346863086335361
v 0.029032006859779358 0.0626336932182312 -0.0005698279128409922
v 0.041530728340148926 0.06334677338600159 0.00003526703949319199
v 0.041530728340148926 0.06334677338600159 0.00003526703949319199
v 0.04216982424259186 0.06334677338600159 0.00003532761911628768
v 0.04216982424259186 0.06334677338600159 0.00003532761911628768
v 0.04213980585336685 0.06267103552818298 -0.00010711140930652618
v 0.041508130729198456 0.06264163553714752 -0.00010714499512687325
v 0.04570026695728302 0.06233730912208557 -0.00010691057832445949
v 0.045883774757385254 0.06284525990486145 0.00003571580600691959
v 0.045883774757385254 0.06284525990486145 0.00003571580600691959
v 0.04695199429988861 0.06209936738014221 0.0000358087127096951
v 0.04695199429988861 0.06209936738014221 0.0000358087127096951
v 0.04695199429988861 0.06209936738014221 0.0000358087127096951
v 0.04671285301446915 0.06163085252046585 -0.00010686228051781654
v 0.048290714621543884 0.057021431624889374 -0.00010727002518251538
v 0.048604562878608704 0.057277001440525055 0.00003499143349472433
v 0.048604562878608704 0.057277001440525055 0.00003499143349472433
v 0.04867195338010788 0.05250701308250427 -0.000048049347242340446
v 0.04867195338010788 0.05250701308250427 -0.000048049347242340446
v 0.04833913594484329 0.052411019802093506 -0.00018458391423337162
v 0.04867706447839737 0.018274959176778793 -0.0007989731966517866
v 0.04867706447839737 0.018274959176778793 -0.0007989731966517866
v 0.04867713153362274 0.008732128888368607 -0.00039280467899516225
v 0.04867713153362274 0.008732128888368607 -0.00039280467899516225
v 0.04827453941106796 0.008732117712497711 -0.0005001347744837403
v 0.048274315893650055 0.018274959176778793 -0.0008821867522783577
v 0.04866735637187958 -0.04684673249721527 -0.0010237101232632995
v 0.04866735637187958 -0.04684673249721527 -0.0010237101232632995
v 0.048636168241500854 -0.0679224506020546 -0.0018170065013691783
v 0.048636168241500854 -0.0679224506020546 -0.0018170065013691783
v 0.048228710889816284 -0.06791706383228302 -0.0018325650598853827
v 0.048243314027786255 -0.04685930907726288 -0.0011901322286576033
v 0.04755783826112747 -0.0870523527264595 -0.0026415849570184946
v 0.047842495143413544 -0.08717283606529236 -0.0026460401713848114
v 0.047842495143413544 -0.08717283606529236 -0.0026460401713848114
v 0.047242648899555206 -0.08822125941514969 -0.0026463179383426905
v 0.047242648899555206 -0.08822125941514969 -0.0026463179383426905
v 0.0469893217086792 -0.08804554492235184 -0.0026417237240821123
v 0.02196117863059044 0.04355893284082413 0.003330499865114689
v 0.01523113064467907 0.04365505278110504 0.004325464367866516
v 0.016024228185415268 0.03174331411719322 0.008127866312861443
v 0.02218114584684372 0.030611779540777206 0.00716413464397192
v 0.029004523530602455 0.04348251223564148 -0.0029186513274908066
v 0.035427987575531006 0.043463073670864105 -0.001551679684780538
v 0.03551842272281647 0.030416108667850494 -0.0031225313432514668
v 0.029101761057972908 0.030455760657787323 -0.006108854431658983
v 0.04130076617002487 0.04346292465925217 -0.00022453222481999546
v 0.04215070605278015 0.04408358037471771 -0.00023226684425026178
v 0.04225536435842514 0.030415792018175125 -0.0002612770185805857
v 0.04140567034482956 0.030415792018175125 -0.000241790316067636
v 0.040772125124931335 0.04346292465925217 0.0004922549705952406
v 0.03937249630689621 0.04346291720867157 0.000748898193705827
v 0.03947264701128006 0.03041577711701393 0.0011578190606087446
v 0.040875717997550964 0.030415792018175125 0.0005785477114841342
v 0.04215070605278015 0.04408358037471771 0.000398212403524667
v 0.04130076617002487 0.04346292465925217 0.00043472391553223133
v 0.04140566289424896 0.030415792018175125 0.000451982778031379
v 0.04225536435842514 0.030415792018175125 0.00036920257844030857
v 0.044117823243141174 0.04388459771871567 -0.00033452699426561594
v 0.046683743596076965 0.0431225448846817 -0.00047130283201113343
v 0.04663839936256409 0.030415792018175125 -0.0007531243609264493
v 0.0441325381398201 0.030415792018175125 -0.0004658044199459255
v 0.010308684781193733 0.03174469619989395 -0.01040068082511425
v 0.003807776141911745 0.030651982873678207 -0.01248909905552864
v 0.002932820236310363 0.04357859492301941 -0.010442512109875679
v 0.0088215796276927 0.04365569353103638 -0.0072717806324362755
v 0.04827430844306946 0.04319934546947479 -0.0004933154559694231
v 0.04867195338010788 0.04321853816509247 -0.00037916452856734395
v 0.04867195338010788 0.04321853816509247 -0.00037916452856734395
v 0.04867496341466904 0.030415792018175125 -0.0007941063377074897
v 0.04867496341466904 0.030415792018175125 -0.0007941063377074897
v 0.04826764762401581 0.030415792018175125 -0.000879753555636853
v 0.04833913594484329 0.052411019802093506 0.00024884886806830764
v 0.04867195338010788 0.05250701308250427 0.00010956208279822022
v 0.04867195338010788 0.05250701308250427 0.00010956208279822022
v 0.048604562878608704 0.05727698653936386 0.00019260270346421748
v 0.048604562878608704 0.05727698653936386 0.00019260270346421748
v 0.048290714621543884 0.05702140927314758 0.00032616237876936793
v 0.044161856174468994 0.05686233192682266 0.0004186572623439133
v 0.04575643688440323 0.05975676327943802 0.00040157302282750607
v 0.04496651887893677 0.06030547618865967 0.00040156597970053554
v 0.044606275856494904 -0.08559168130159378 -0.0008756851893849671
v 0.045976005494594574 -0.08734270930290222 -0.0016202892875298858
v 0.04641924053430557 -0.0865703672170639 -0.0016202619299292564
v 0.043884292244911194 -0.08639157563447952 -0.0008207960636354983
v 0.04463306814432144 -0.08855526149272919 -0.0014894475461915135
v 0.045372456312179565 -0.08806162327528 -0.0016201367834582925
v 0.04492620378732681 -0.08299479633569717 -0.0008070760522969067
v 0.046753138303756714 -0.08572234213352203 -0.0016201867256313562
v 0.0468539297580719 -0.08170268684625626 -0.0014725395012646914
v 0.047962039709091187 -0.08602577447891235 -0.0022077756002545357
v 0.048264265060424805 -0.08610163629055023 -0.0024876755196601152
v 0.04851736128330231 -0.0818374827504158 -0.0023216409608721733
v 0.048184677958488464 -0.08181051909923553 -0.002045857487246394
v 0.048264265060424805 -0.08610164374113083 -0.002645286964252591
v 0.048264265060424805 -0.08610164374113083 -0.002645286964252591
v 0.04796203225851059 -0.08602578938007355 -0.002641208004206419
v 0.048184677958488464 -0.08181052654981613 -0.0024792898911982775
v 0.04851735383272171 -0.0818374827504158 -0.0024792521726340055
v 0.04851735383272171 -0.0818374827504158 -0.0024792521726340055
v 0.046753138303756714 -0.08572234958410263 -0.002211235463619232
v 0.04492620378732681 -0.08299481123685837 -0.001437535509467125
v 0.0468539297580719 -0.08170268684625626 -0.0020635882392525673
v 0.045976005494594574 -0.08734270930290222 -0.0022113388404250145
v 0.044606275856494904 -0.08559168875217438 -0.0015061449958011508
v 0.04641924053430557 -0.0865703821182251 -0.0022113111335784197
v 0.045315392315387726 -0.08955068141222 -0.002048082882538438
v 0.0454859659075737 -0.08979954570531845 -0.00231923651881516
v 0.046480268239974976 -0.08912936598062515 -0.00248719216324389
v 0.046480268239974976 -0.08912936598062515 -0.00248719216324389
v 0.046258702874183655 -0.08891582489013672 -0.002207532525062561
v 0.0454859733581543 -0.08979954570531845 -0.002476850524544716
v 0.0454859733581543 -0.08979954570531845 -0.002476850524544716
v 0.045315392315387726 -0.08955068141222 -0.0024815222714096308
v 0.04625871032476425 -0.08891582489013672 -0.002640968421474099
v 0.046480268239974976 -0.08912936598062515 -0.0026448045391589403
v 0.046480268239974976 -0.08912936598062515 -0.0026448045391589403
v 0.046480268239974976 -0.08912936598062515 -0.0026448045391589403
v 0.04463307559490204 -0.08855526149272919 -0.0020805038511753082
v 0.04388429969549179 -0.08639158308506012 -0.0014512591296806931
v 0.04537246376276016 -0.0880616307258606 -0.0022111886646598577
v 0.04703530669212341 0.055999092757701874 0.00040149001870304346
v 0.04512038081884384 0.052913911640644073 0.00039820256642997265
v 0.047007881104946136 0.052027054131031036 0.00034512090496718884
v 0.043006740510463715 0.057127177715301514 0.00041866052197292447
v 0.043924540281295776 0.06062310189008713 0.00040155288297683
v 0.04290546476840973 0.060555607080459595 0.0004015420563519001
v 0.044907502830028534 0.0558941513299942 0.00041865563252940774
v 0.046814024448394775 0.057914406061172485 0.0004015268641524017
v 0.04640313982963562 0.05898291617631912 0.0004015598096884787
v 0.04802284389734268 0.05933995544910431 0.0003263480612076819
v 0.04832504689693451 0.05969633907079697 0.00019297456310596317
v 0.04832504689693451 0.05969633907079697 0.00019297456310596317
v 0.047768935561180115 0.061121866106987 0.0001933005842147395
v 0.047768935561180115 0.061121866106987 0.0001933005842147395
v 0.04749578237533569 0.06069406867027283 0.00032651121728122234
v 0.04832504689693451 0.05969633907079697 0.00003536346775945276
v 0.04832504689693451 0.05969633907079697 0.00003536346775945276
v 0.04802284389734268 0.05933995544910431 -0.00010708385525504127
v 0.0474957674741745 0.06069408357143402 -0.00010692095384001732
v 0.047768935561180115 0.061121866106987 0.000035689372452907264
v 0.047768935561180115 0.061121866106987 0.000035689372452907264
v 0.046814024448394775 0.057914428412914276 -0.00018952152458950877
v 0.04490748047828674 0.0558941513299942 -0.00021180405747145414
v 0.04640313237905502 0.05898291617631912 -0.00018948904471471906
v 0.04575636237859726 0.05975676327943802 -0.0001894784509204328
v 0.044161781668663025 0.05686233192682266 -0.00021180576004553586
v 0.04496639221906662 0.06030547618865967 -0.00018949007790070027
v 0.04443904012441635 0.06272180378437042 0.00032645289320498705
v 0.04456762969493866 0.0632464736700058 0.0001931752631207928
v 0.04456762969493866 0.0632464736700058 0.0001931752631207928
v 0.0431998148560524 0.06334677338600159 0.0001930414728121832
v 0.0431998148560524 0.06334677338600159 0.0001930414728121832
v 0.0431409627199173 0.06278854608535767 0.0003263878752477467
v 0.04456757754087448 0.0632464736700058 0.00003555961302481592
v 0.04456757754087448 0.0632464736700058 0.00003555961302481592
v 0.044438913464546204 0.06272180378437042 -0.00010699062113417313
v 0.043140895664691925 0.06278854608535767 -0.00010706039029173553
v 0.04319979250431061 0.06334677338600159 0.000035424003726802766
v 0.04319979250431061 0.06334677338600159 0.000035424003726802766
v 0.04392440617084503 0.06062311679124832 -0.00018950836965814233
v 0.043006666004657745 0.057127177715301514 -0.0002118093252647668
v 0.04290539771318436 0.060555607080459595 -0.00018952458049170673
v -0.03975517302751541 0.06334679573774338 0.00019273786165285856
v -0.03975517302751541 0.06334679573774338 0.00019273786165285856
v -0.04096923768520355 0.06334679573774338 0.00019285154121462256
v -0.04096923768520355 0.06334679573774338 0.00019285154121462256
v -0.04094687104225159 0.06264165788888931 0.00032630068017169833
v -0.039733462035655975 0.06264163553714752 0.0003262438112869859
v -0.03968939930200577 0.018274959176778793 0.0012943638721480966
v -0.04090172052383423 0.018274959176778793 0.0005694625433534384
v -0.04090239107608795 0.008732128888368607 0.0005794040043838322
v -0.03969002515077591 0.008732117712497711 0.001419709180481732
v -0.03936798870563507 -0.031034760177135468 -0.0013272358337417245
v -0.0405702218413353 -0.031050831079483032 -0.0003692078171297908
v -0.04063042998313904 -0.022944819182157516 -0.0003692079335451126
v -0.03942599147558212 -0.022944815456867218 -0.001273124828003347
v -0.03926537185907364 -0.04697895422577858 0.0016780422301962972
v -0.03926537185907364 -0.04697895422577858 0.0016780422301962972
v -0.040463708341121674 -0.04703579843044281 0.0005794063326902688
v -0.04029976576566696 -0.06812534481287003 0.0005794065655209124
v -0.03910723328590393 -0.06801165640354156 0.001657724380493164
v -0.03910723328590393 -0.06801165640354156 0.001657724380493164
v -0.0395362451672554 0.05372890084981918 -0.00026563595747575164
v -0.04074365645647049 0.05372890084981918 -0.00022009490930940956
v -0.040857382118701935 0.05982109159231186 -0.00018955697305500507
v -0.039646632969379425 0.05982109159231186 -0.00018956841086037457
v -0.04030035436153412 -0.06811537593603134 -0.0003692079335451126
v -0.04046400636434555 -0.04703080654144287 -0.00036920775892212987
v -0.039266690611839294 -0.04695045202970505 -0.0013802998000755906
v -0.03910987079143524 -0.0679546669125557 -0.0014261027099564672
v -0.03910987079143524 -0.0679546669125557 -0.0014261027099564672
v -0.03592640906572342 0.05372890084981918 0.0006144082290120423
v -0.029726967215538025 0.05374549329280853 0.0008210446685552597
v -0.02977958880364895 0.05982375890016556 0.000404010817874223
v -0.03602678328752518 0.05982109159231186 0.0004014871083199978
v -0.03860931843519211 -0.0902397483587265 -0.0013114609755575657
v -0.03860931843519211 -0.0902397483587265 -0.0013114609755575657
v -0.03960883617401123 -0.09023712575435638 -0.00027633519493974745
v -0.03976115584373474 -0.0902397483587265 -0.00019141896336805075
v -0.03976115584373474 -0.0902397483587265 -0.00019141896336805075
v -0.03981092572212219 -0.08994726091623306 -0.0002842475660145283
v -0.03867950290441513 -0.08986679464578629 -0.001377322245389223
v -0.03867950290441513 -0.08986679464578629 -0.001377322245389223
v -0.03511306643486023 -0.0902397483587265 0.005075227469205856
v -0.03511306643486023 -0.0902397483587265 0.005075227469205856
v -0.03511306643486023 -0.0902397483587265 0.005075227469205856
v -0.02840290032327175 -0.0902397483587265 0.010532992891967297
v -0.02840290032327175 -0.0902397483587265 0.010532992891967297
v -0.02843104861676693 -0.08978230506181717 0.010626460425555706
v -0.035142555832862854 -0.08983665704727173 0.005167705472558737
v -0.035142555832862854 -0.08983665704727173 0.005167705472558737
v -0.03857743740081787 -0.08985916525125504 -0.0012758742086589336
v -0.03956799954175949 -0.08993428200483322 -0.00027343054534867406
v -0.03954393416643143 -0.09022680670022964 -0.00028723437571898103
v -0.03954393416643143 -0.09022680670022964 -0.00028723437571898103
v -0.03855834901332855 -0.09022796154022217 -0.001288559753447771
v -0.03855834901332855 -0.09022796154022217 -0.001288559753447771
v -0.03512612730264664 -0.08985787630081177 0.004998162388801575
v -0.03512612730264664 -0.08985787630081177 0.004998162388801575
v -0.028411604464054108 -0.08985783159732819 0.010453414171934128
v -0.028397228568792343 -0.09022796154022217 0.010469356551766396
v -0.028397228568792343 -0.09022796154022217 0.010469356551766396
v -0.03510791063308716 -0.09022796154022217 0.005013575311750174
v -0.03510791063308716 -0.09022796154022217 0.005013575311750174
v -0.03510791063308716 -0.09022796154022217 0.005013575311750174
v -0.038849420845508575 -0.0863257497549057 -0.00122670060954988
v -0.039939574897289276 -0.08596723526716232 -0.00017118627147283405
v -0.039900898933410645 -0.08741901069879532 -0.00014434722834266722
v -0.039692677557468414 -0.08881858736276627 -0.00023495542700402439
v -0.038700737059116364 -0.08844297379255295 -0.0012488646898418665
v -0.03531252592802048 -0.08631933480501175 0.004993712995201349
v -0.03531252592802048 -0.08631933480501175 0.004993712995201349
v -0.028562715277075768 -0.08631883561611176 0.010448502376675606
v -0.02847275137901306 -0.08843633532524109 0.01045328937470913
v -0.03520160913467407 -0.088436558842659 0.004998162388801575
v -0.03520160913467407 -0.088436558842659 0.004998162388801575
v -0.03973346948623657 0.06264165788888931 -0.00010722406295826659
v -0.04094686359167099 0.06264165788888931 -0.00010716709948610514
v -0.04096923768520355 0.06334679573774338 0.000035226912586949766
v -0.04096923768520355 0.06334679573774338 0.000035226912586949766
v -0.03975517302751541 0.06334679573774338 0.000035113145713694394
v -0.03975517302751541 0.06334679573774338 0.000035113145713694394
v -0.03962305933237076 0.030415844172239304 -0.0008166108164004982
v -0.040833279490470886 0.030415792018175125 -0.0003195052850060165
v -0.040736109018325806 0.04346290975809097 -0.00025985881802625954
v -0.03952886164188385 0.04346293956041336 -0.0004875645972788334
v -0.03600480407476425 0.030415769666433334 0.0026083076372742653
v -0.029956096783280373 0.03045498952269554 0.004951441194862127
v -0.02983620949089527 0.04348212480545044 0.0024130523670464754
v -0.03591950982809067 0.04346290975809097 0.0013906755484640598
v 0.03957003355026245 0.06264162063598633 0.0002807767014019191
v 0.04097679257392883 0.06264162063598633 0.00032629549968987703
v 0.04099909961223602 0.0633467584848404 0.0001928412966663018
v 0.04099909961223602 0.0633467584848404 0.0001928412966663018
v 0.03959157317876816 0.0633467584848404 0.0001442264037905261
v 0.03959157317876816 0.0633467584848404 0.0001442264037905261
v 0.0392531156539917 -0.031037472188472748 0.001771989744156599
v 0.04064717888832092 -0.031050750985741615 0.0006504619959741831
v 0.04068814218044281 -0.022944819182157516 0.0006504608900286257
v 0.03929176926612854 -0.022944819182157516 0.0017597222467884421
v 0.03954319655895233 0.01827501878142357 -0.0013454980216920376
v 0.04094869643449783 0.018274959176778793 -0.0004258837434463203
v 0.040951184928417206 0.008732117712497711 -0.00044026493560522795
v 0.03954562544822693 0.008732154965400696 -0.0014166762121021748
v 0.04055214673280716 -0.06811458617448807 0.0006504623452201486
v 0.04061143100261688 -0.047030411660671234 0.0006504625198431313
v 0.0392221137881279 -0.046964019536972046 0.001790447742678225
v 0.0391695499420166 -0.06798180192708969 0.0018158619059249759
v 0.03948386013507843 0.05982109159231186 -0.0002229035017080605
v 0.04088754951953888 0.05982109159231186 -0.00018955815176013857
v 0.04077523201704025 0.05372890084981918 -0.00022453618294093758
v 0.0393754243850708 0.05372890084981918 -0.0003013715031556785
v 0.03922371566295624 -0.04692934453487396 -0.0015309159643948078
v 0.04061184823513031 -0.04702319949865341 -0.00044026196701452136
v 0.04055298864841461 -0.06810014694929123 -0.0004402616759762168
v 0.03917274624109268 -0.06791245192289352 -0.0015993518754839897
v 0.03552789241075516 0.05982109159231186 0.00023482028336729854
v 0.028970152139663696 0.05982373654842377 0.00006556877633556724
v 0.028917308896780014 0.05374545603990555 0.0007006099331192672
v 0.035430386662483215 0.05372888594865799 0.0005611138185486197
v 0.03882851451635361 -0.08986257016658783 -0.0015853953082114458
v 0.03882851451635361 -0.08986257016658783 -0.0015853953082114458
v 0.04015275090932846 -0.08994584530591965 -0.00036372116301208735
v 0.040057241916656494 -0.0902397483587265 -0.00030148596852086484
v 0.040057241916656494 -0.0902397483587265 -0.00030148596852086484
v 0.03878583759069443 -0.0902397483587265 -0.0015011808136478066
v 0.03878583759069443 -0.0902397483587265 -0.0015011808136478066
v 0.03878583759069443 -0.0902397483587265 -0.0015011808136478066
v 0.03496354818344116 -0.08983035385608673 0.005583942402154207
v 0.027947071939706802 -0.08977290987968445 0.011245769448578358
v 0.02791922725737095 -0.0902397483587265 0.011152301914989948
v 0.02791922725737095 -0.0902397483587265 0.011152301914989948
v 0.03493419289588928 -0.0902397483587265 0.0054914639331400394
v 0.03493419289588928 -0.0902397483587265 0.0054914639331400394
v 0.03877247869968414 -0.09022796154022217 -0.001445037662051618
v 0.03877247869968414 -0.09022796154022217 -0.001445037662051618
v 0.03877247869968414 -0.09022796154022217 -0.001445037662051618
v 0.0400284081697464 -0.09022796154022217 -0.00025782844750210643
v 0.0400284081697464 -0.09022796154022217 -0.00025782844750210643
v 0.04004316031932831 -0.08985787630081177 -0.000246877723839134
v 0.03879040479660034 -0.08985787630081177 -0.0014310016995295882
v 0.03879040479660034 -0.08985787630081177 -0.0014310016995295882
v 0.03492903709411621 -0.09022796154022217 0.005429810378700495
v 0.03492903709411621 -0.09022796154022217 0.005429810378700495
v 0.027913538739085197 -0.09022796154022217 0.011088663712143898
v 0.027913538739085197 -0.09022796154022217 0.011088663712143898
v 0.027927400544285774 -0.08985783159732819 0.01107272133231163
v 0.034946903586387634 -0.08985787630081177 0.005414397921413183
v 0.03887276351451874 -0.088436558842659 -0.0014310015831142664
v 0.03887276351451874 -0.088436558842659 -0.0014310015831142664
v 0.040128193795681 -0.088436558842659 -0.00024682958610355854
v 0.04025188833475113 -0.08631933480501175 -0.00024348741862922907
v 0.038993269205093384 -0.08631933480501175 -0.0014269822277128696
v 0.038993269205093384 -0.08631933480501175 -0.0014269822277128696
v 0.03502105921506882 -0.088436558842659 0.005414397921413183
v 0.0279865600168705 -0.08843632787466049 0.011072596535086632
v 0.028073564171791077 -0.08631882816553116 0.011067811399698257
v 0.03512997925281525 -0.08631933480501175 0.005409949459135532
v 0.03959157317876816 0.06334677338600159 -0.000013398275768849999
v 0.03959157317876816 0.06334677338600159 -0.000013398275768849999
v 0.04099909961223602 0.06334677338600159 0.00003521667531458661
v 0.04099909961223602 0.06334677338600159 0.00003521667531458661
v 0.04097677767276764 0.06264163553714752 -0.00010717227996792644
v 0.039570026099681854 0.06264163553714752 -0.00015269109280779958
v 0.03937249630689621 0.04346293956041336 -0.0005935161607339978
v 0.040772125124931335 0.04346292465925217 -0.0002820639929268509
v 0.04087572544813156 0.030415792018175125 -0.000368356064427644
v 0.03947265446186066 0.030415844172239304 -0.0010457539465278387
v 0.03542798012495041 0.04346287250518799 0.0014878291403874755
v 0.02901517041027546 0.04348204284906387 0.0025492720305919647
v 0.02912234701216221 0.03045482188463211 0.005289528053253889
v 0.03551841527223587 0.030415695160627365 0.0028420938178896904
v 0.01820736564695835 -0.08082395792007446 -0.00846702978014946
v 0.018161501735448837 -0.080048106610775 -0.003314279019832611
v 0.006399508100003004 -0.07875516265630722 -0.0035831546410918236
v 0.006393848452717066 -0.07969316095113754 -0.009307934902608395
v -0.0400712713599205 -0.08681558072566986 0.000055780692491680384
v -0.03995766490697861 -0.08871987462043762 0.0000598715414525941
v -0.03992354869842529 -0.08909548074007034 -0.000019526840333128348
v -0.04000595211982727 -0.08768483251333237 -0.000023178909032139927
v -0.03989902883768082 -0.08852318674325943 -0.00009978977323044091
v -0.03989902883768082 -0.08852318674325943 -0.00009978977323044091
v -0.03985536843538284 -0.08946467936038971 -0.00009074855188373476
v -0.03985536843538284 -0.08946467936038971 -0.00009074855188373476
v -0.03977727144956589 -0.08940929919481277 -0.00015509652439504862
v -0.03970334678888321 -0.09005242586135864 -0.00017856343765743077
v -0.03980688750743866 -0.09006350487470627 -0.00009904593753162771
v -0.03980688750743866 -0.09006350487470627 -0.00009904593753162771
v -0.039787232875823975 -0.09022796154022217 -0.00011936592636629939
v -0.039787232875823975 -0.09022796154022217 -0.00011936592636629939
v -0.039787232875823975 -0.09022796154022217 -0.00011936592636629939
v -0.039673469960689545 -0.09022680670022964 -0.00020094271167181432
v -0.039673469960689545 -0.09022680670022964 -0.00020094271167181432
v -0.03999114781618118 -0.08483940362930298 -0.00015895818069111556
v -0.03891921788454056 -0.08491110056638718 -0.0012133001582697034
v -0.03830569237470627 -0.08451615273952484 -0.0017960411496460438
v -0.03830569237470627 -0.08451615273952484 -0.0017960411496460438
v -0.03948351740837097 -0.08451615273952484 -0.0006119960453361273
v -0.03538147360086441 -0.0849100798368454 -0.004911134950816631
v -0.03538147360086441 -0.0849100798368454 -0.004911134950816631
v -0.028618864715099335 -0.08490915596485138 -0.010560755617916584
v -0.02875405177474022 -0.08445410430431366 -0.010277481749653816
v -0.02875405177474022 -0.08445410430431366 -0.010277481749653816
v -0.035212211310863495 -0.08451615273952484 -0.005029188469052315
v -0.035212211310863495 -0.08451615273952484 -0.005029188469052315
v -0.035212211310863495 -0.08451615273952484 -0.005029188469052315
v -0.018667452037334442 -0.08490647375583649 -0.01505996659398079
v -0.006420922465622425 -0.08490313589572906 -0.017138443887233734
v -0.006424441933631897 -0.08427373319864273 -0.01686212792992592
v -0.018701232969760895 -0.08435525745153427 -0.01479822676628828
v -0.018701232969760895 -0.08435525745153427 -0.01479822676628828
v 0.0063693588599562645 -0.08490313589572906 -0.01735774427652359
v 0.018262431025505066 -0.08490647375583649 -0.015622428618371487
v 0.018299438059329987 -0.08434701710939407 -0.015347187407314777
v 0.018299438059329987 -0.08434701710939407 -0.015347187407314777
v 0.006372392177581787 -0.08427036553621292 -0.01707691326737404
v 0.02812774106860161 -0.08490915596485138 -0.011180060915648937
v 0.03519740700721741 -0.0849098190665245 -0.005327504128217697
v 0.03519740700721741 -0.0849098190665245 -0.005327504128217697
v 0.035029053688049316 -0.08451225608587265 -0.005439552012830973
v 0.035029053688049316 -0.08451225608587265 -0.005439552012830973
v 0.035029053688049316 -0.08451225608587265 -0.005439552012830973
v 0.028280971571803093 -0.08444654941558838 -0.010874440893530846
v 0.028280971571803093 -0.08444654941558838 -0.010874440893530846
v 0.039066240191459656 -0.0849098190665245 -0.0014109042240306735
v 0.040324315428733826 -0.0849098190665245 -0.00023026217240840197
v 0.03977496176958084 -0.08451225608587265 -0.0007088763522915542
v 0.03977496176958084 -0.08451225608587265 -0.0007088763522915542
v 0.038413047790527344 -0.08451225608587265 -0.002014517318457365
v 0.038413047790527344 -0.08451225608587265 -0.002014517318457365
v 0.038413047790527344 -0.08451225608587265 -0.002014517318457365
v 0.04055701196193695 -0.0849098190665245 -0.000039430902688764036
v 0.04055701196193695 -0.0849098190665245 -0.000039430902688764036
v 0.04061518609523773 -0.0849098190665245 0.00006437345291487873
v 0.039667487144470215 -0.08442477881908417 -0.00034898315789178014
v 0.039976321160793304 -0.08451225608587265 -0.000546983617823571
v 0.039976321160793304 -0.08451225608587265 -0.000546983617823571
v 0.04061518609523773 -0.0849098190665245 0.00014057039516046643
v 0.04055701196193695 -0.0849098190665245 0.0002470026374794543
v 0.04055701196193695 -0.0849098190665245 0.0002470026374794543
v 0.039976321160793304 -0.08451225608587265 0.0006445329054258764
v 0.039667487144470215 -0.08442478626966476 0.000356632808689028
v 0.040324315428733826 -0.0849098190665245 0.0004399362951517105
v 0.039066240191459656 -0.0849098190665245 0.0015919934958219528
v 0.038413047790527344 -0.08451225608587265 0.0020805024541914463
v 0.038413047790527344 -0.08451225608587265 0.0020805024541914463
v 0.03977496176958084 -0.08451225608587265 0.0008082230924628675
v 0.03977496176958084 -0.08451225608587265 0.0008082230924628675
v 0.03519739955663681 -0.0849098190665245 0.0053921532817184925
v 0.028127731755375862 -0.08490913361310959 0.011049295775592327
v 0.028280945494771004 -0.08444652706384659 0.010546219535171986
v 0.03502904623746872 -0.08451225608587265 0.005403655115514994
v 0.03502904623746872 -0.08451225608587265 0.005403655115514994
v 0.01826242357492447 -0.08490639179944992 0.015292201191186905
v 0.006369355600327253 -0.08490297198295593 0.016894634813070297
v 0.006372382864356041 -0.08427020162343979 0.016299448907375336
v 0.018299415707588196 -0.08434692770242691 0.014723220840096474
v -0.006420917343348265 -0.08490297943353653 0.016675330698490143
v -0.018667438998818398 -0.08490639925003052 0.014729737304151058
v -0.018701208755373955 -0.08435516804456711 0.014174865558743477
v -0.006424432620406151 -0.084273561835289 0.016084913164377213
v -0.02861885540187359 -0.08490913361310959 0.010429986752569675
v -0.03538127243518829 -0.0849098190665245 0.004975916352123022
v -0.03538127243518829 -0.0849098190665245 0.004975916352123022
v -0.0352121964097023 -0.08451615273952484 0.0049935756251215935
v -0.0352121964097023 -0.08451615273952484 0.0049935756251215935
v -0.02875402942299843 -0.08445408940315247 0.009949813596904278
v -0.03891827166080475 -0.0849098190665245 0.001395058585330844
v -0.03891827166080475 -0.0849098190665245 0.001395058585330844
v -0.03998587280511856 -0.0849098190665245 0.0003688815631903708
v -0.039483509957790375 -0.08451615273952484 0.0007116294000297785
v -0.039483509957790375 -0.08451615273952484 0.0007116294000297785
v -0.03830569237470627 -0.08451615273952484 0.0018623118521645665
v -0.03830569237470627 -0.08451615273952484 0.0018623118521645665
v -0.0401325523853302 -0.0849098190665245 0.00023279165907297283
v -0.04017093777656555 -0.08489232510328293 0.00013776337436866015
v -0.03930714726448059 -0.08443618565797806 0.00033584173070266843
v -0.039609573781490326 -0.08451615273952484 0.0005976774846203625
v -0.040177904069423676 -0.08477658033370972 0.0000598858023295179
v -0.040177904069423676 -0.08477658033370972 0.0000598858023295179
v -0.04014404118061066 -0.0847226232290268 -0.00002718689211178571
v -0.04014404118061066 -0.0847226232290268 -0.00002718689211178571
v -0.03960958123207092 -0.08451615273952484 -0.0004998415242880583
v -0.03960958123207092 -0.08451615273952484 -0.0004998415242880583
v -0.03930714726448059 -0.08443618565797806 -0.00032765523064881563
v 0.00639385124668479 -0.07969310134649277 0.005909078288823366
v 0.006399509962648153 -0.07875513285398483 0.0016495735617354512
v 0.018161499872803688 -0.0800480991601944 0.0014816391048952937
v 0.018207358196377754 -0.08082392066717148 0.005286101251840591
v -0.033454328775405884 -0.08316842466592789 0.001202547806315124
v -0.027783125638961792 -0.08185049146413803 0.0010614960920065641
v -0.028051599860191345 -0.082352414727211 0.003561365185305476
v -0.027783134952187538 -0.08185049146413803 -0.0025275307707488537
v -0.03345433622598648 -0.08316842466592789 -0.0023650636430829763
v -0.028051618486642838 -0.0823524221777916 -0.005953855346888304
v -0.018607856705784798 -0.08098120242357254 0.005025002174079418
v -0.018566511571407318 -0.08024243265390396 0.0013898888137191534
v -0.006456377450376749 -0.07883108407258987 0.0016140572261065245
v -0.006449765991419554 -0.07975458353757858 0.005805959925055504
v -0.006456382106989622 -0.07883110642433167 -0.0035461480729281902
v -0.018566519021987915 -0.08024244755506516 -0.003218678757548332
v -0.01860787533223629 -0.08098123222589493 -0.008199634030461311
v -0.006449779961258173 -0.07975465804338455 -0.009202334098517895
v 0.03326324373483658 -0.0830378457903862 -0.0024847437161952257
v 0.027298061177134514 -0.08163828402757645 -0.00263546546921134
v 0.027588309720158577 -0.082180917263031 -0.006234831176698208
v 0.027298055589199066 -0.08163828402757645 0.0011650851229205728
v 0.03326323628425598 -0.0830378457903862 0.0013183802366256714
v 0.02758830040693283 -0.08218090981245041 0.0038356792647391558
v 0.03607126325368881 -0.08397331833839417 0.0023184779565781355
v 0.03792402148246765 -0.08435587584972382 0.002081553917378187
v 0.03565502166748047 -0.08435587584972382 0.004271495155990124
v 0.028857635334134102 -0.08400581032037735 0.008626000955700874
v 0.028787482529878616 -0.08316884189844131 0.006039878819137812
v 0.01842838153243065 -0.08214675635099411 0.008967753499746323
v 0.018424054607748985 -0.08351953327655792 0.012535679154098034
v 0.006376625970005989 -0.0831504687666893 0.014000588096678257
v 0.006385122425854206 -0.0813392624258995 0.010096323676407337
v -0.006439558230340481 -0.08137843757867813 0.009938380680978298
v -0.006429571192711592 -0.08316726237535477 0.013805110938847065
v -0.0188111774623394 -0.08356069773435593 0.012043769471347332
v -0.018810998648405075 -0.08224459737539291 0.008574257604777813
v -0.02916262112557888 -0.08326629549264908 0.005651839543133974
v -0.029256578534841537 -0.08404361456632614 0.008121210150420666
v -0.03574267029762268 -0.08437319844961166 0.00394341628998518
v -0.03776609152555466 -0.08437319844961166 0.0019156861817464232
v -0.03603615611791611 -0.08402351289987564 0.002145199105143547
v -0.036036163568496704 -0.08402352035045624 -0.002983995946124196
v -0.037766098976135254 -0.08437319844961166 -0.0021972202230244875
v -0.037766098976135254 -0.08437319844961166 -0.0021972202230244875
v -0.037766098976135254 -0.08437319844961166 -0.0021972202230244875
v -0.035742685198783875 -0.08437319844961166 -0.004286907613277435
v -0.029256606474518776 -0.08404361456632614 -0.009236488491296768
v -0.02916264347732067 -0.08326630294322968 -0.007886302657425404
v -0.018811024725437164 -0.08224465698003769 -0.01183369755744934
v -0.01881120726466179 -0.0835607573390007 -0.01383968349546194
v -0.006429586559534073 -0.0831674113869667 -0.01583876833319664
v -0.006429586559534073 -0.0831674113869667 -0.01583876833319664
v -0.006439575459808111 -0.08137854188680649 -0.013501027598977089
v 0.006385123357176781 -0.08133936673402786 -0.013661451637744904
v 0.006376633886247873 -0.08315061777830124 -0.01603548601269722
v 0.006376633886247873 -0.08315061777830124 -0.01603548601269722
v 0.018424084410071373 -0.08351961523294449 -0.014334632083773613
v 0.01842840015888214 -0.08214681595563889 -0.01223335787653923
v 0.028787503018975258 -0.08316884189844131 -0.008280339650809765
v 0.02885766141116619 -0.08400582522153854 -0.009744066745042801
v 0.03565503656864166 -0.08435587584972382 -0.004616264253854752
v 0.03792402893304825 -0.08435587584972382 -0.0023643667809665203
v 0.03792402893304825 -0.08435587584972382 -0.0023643667809665203
v 0.03792402893304825 -0.08435587584972382 -0.0023643667809665203
v 0.03607127070426941 -0.08397331833839417 -0.0031601281370967627
v -0.006606531795114279 -0.030879762023687363 0.017536427825689316
v -0.006623067893087864 -0.022944876924157143 0.01744263246655464
v -0.018980838358402252 -0.022944841533899307 0.015561370179057121
v -0.018951015546917915 -0.030904235318303108 0.01568089798092842
v -0.04826226085424423 -0.004386818036437035 0.0012953953118994832
v -0.04826369136571884 0.0014831647276878357 0.0013192150508984923
v -0.04867689311504364 0.0014831647276878357 0.001242169295437634
v -0.04867689311504364 0.0014831647276878357 0.001242169295437634
v -0.04867652803659439 -0.004386818036437035 0.0012158898171037436
v -0.04867652803659439 -0.004386818036437035 0.0012158898171037436
v -0.02918495424091816 -0.004386907443404198 0.009794306941330433
v -0.02920890972018242 0.001512443646788597 0.009196312166750431
v -0.03605493903160095 0.0014831461012363434 0.004492576699703932
v -0.036039821803569794 -0.004386827349662781 0.004780318588018417
v -0.02913942001760006 -0.010403093881905079 -0.007734309416264296
v -0.029067184776067734 -0.01688534952700138 -0.00830607395619154
v -0.03589484840631485 -0.01688544452190399 -0.0039763422682881355
v -0.03598381578922272 -0.010403282009065151 -0.003700588596984744
v -0.041316963732242584 -0.004386818036437035 0.0004521544324234128
v -0.04133416712284088 0.001483159139752388 0.00045215472346171737
v -0.04216860234737396 0.001483159139752388 0.0004872323479503393
v -0.04215230792760849 -0.004386823624372482 0.00048570631770417094
v -0.041151054203510284 -0.01688554137945175 -0.00024195946753025055
v -0.04199504852294922 -0.016885537654161453 -0.00016163350665010512
v -0.042091578245162964 -0.01040346547961235 -0.00015212700236588717
v -0.041252896189689636 -0.010403474792838097 -0.0002419592929072678
v -0.04405755549669266 -0.004386818036437035 0.0007471785065717995
v -0.044069670140743256 0.0014831647276878357 0.0007548071444034576
v -0.046610914170742035 0.0014831647276878357 0.0011352663859724998
v -0.046605199575424194 -0.004386818036437035 0.0011182967573404312
v -0.04394064098596573 -0.016885537654161453 0.00003240916703362018
v -0.04655001312494278 -0.01688554137945175 0.00034135859459638596
v -0.04658389091491699 -0.010403470136225224 0.0004461441421881318
v -0.044012412428855896 -0.01040346547961235 0.00007994036423042417
v -0.018952472135424614 -0.030839990824460983 -0.013514388352632523
v -0.018980834633111954 -0.022944780066609383 -0.012943555600941181
v -0.006623063236474991 -0.022944793105125427 -0.01523376815021038
v -0.006607099901884794 -0.030803173780441284 -0.015582127496600151
v -0.04824838787317276 -0.016885550692677498 0.0006069556693546474
v -0.04867298901081085 -0.01688554137945175 0.000784315459895879
v -0.04867298901081085 -0.01688554137945175 0.000784315459895879
v -0.04867515712976456 -0.010403474792838097 0.0009385879966430366
v -0.04867515712976456 -0.010403474792838097 0.0009385879966430366
v -0.04825691133737564 -0.010403474792838097 0.0007506351685151458
v 0.006313216872513294 -0.010404122062027454 0.016735225915908813
v 0.006298785097897053 -0.01688585802912712 0.01700100675225258
v 0.018323427066206932 -0.01688573509454727 0.014721481129527092
v 0.01836732216179371 -0.010403867810964584 0.014334687031805515
v 0.048676714301109314 -0.004185687750577927 0.00004973576869815588
v 0.048676714301109314 -0.004185687750577927 0.00004973576869815588
v 0.04867682605981827 0.001483159139752388 0.0000900294107850641
v 0.04867682605981827 0.001483159139752388 0.0000900294107850641
v 0.04827357828617096 0.001483159139752388 0.00023908338334877044
v 0.04827249050140381 -0.004198260605335236 0.00022080419876147062
v 0.03556232899427414 -0.004386862739920616 0.004782853648066521
v 0.035575442016124725 0.0014831237494945526 0.004589446354657412
v 0.028416797518730164 0.001512395218014717 0.009177767671644688
v 0.02839602530002594 -0.004386980086565018 0.009586209431290627
v 0.035509027540683746 -0.010403304360806942 -0.004538587294518948
v 0.03542322665452957 -0.01688545197248459 -0.004591726697981358
v 0.028285354375839233 -0.01688537187874317 -0.00932367518544197
v 0.028353670611977577 -0.010403143242001534 -0.009197141043841839
v 0.0423031747341156 -0.004374248906970024 0.0004140679957345128
v 0.04231780767440796 0.0014831535518169403 0.00041522399988025427
v 0.04147151857614517 0.001483159139752388 0.0004663660074584186
v 0.041456080973148346 -0.004386823624372482 0.0004663660074584186
v 0.04224412888288498 -0.010340618900954723 -0.00034110742853954434
v 0.04214915633201599 -0.016759831458330154 -0.0004720732104033232
v 0.041293591260910034 -0.016885537654161453 -0.0002561694127507508
v 0.04139377921819687 -0.010403474792838097 -0.0002561698202043772
v 0.04665561020374298 -0.0042485445737838745 0.0003302638069726527
v 0.04666060954332352 0.001483159139752388 0.00034316990058869123
v 0.044179074466228485 0.0014831535518169403 0.00039476354140788317
v 0.04416824132204056 -0.004323966801166534 0.0003889824729412794
v 0.0466354638338089 -0.009712099097669125 -0.0015330312307924032
v 0.046602748334407806 -0.015502783469855785 -0.0028742572758346796
v 0.044054195284843445 -0.016257014125585556 -0.0015197950415313244
v 0.04412455856800079 -0.010089205577969551 -0.000864964968059212
v 0.006291661877185106 -0.030798470601439476 -0.015632979571819305
v 0.006287781521677971 -0.022944798693060875 -0.015427633188664913
v 0.018289387226104736 -0.02294478937983513 -0.01344242412596941
v 0.01828140579164028 -0.030827928334474564 -0.013655725866556168
v 0.04867624491453171 -0.009397827088832855 -0.00098931766115129
v 0.04867503046989441 -0.014874249696731567 -0.001991154160350561
v 0.04826057702302933 -0.01499996054917574 -0.003053483786061406
v 0.04826057702302933 -0.01499996054917574 -0.003053483786061406
v 0.04826808720827103 -0.009460682049393654 -0.0015859947307035327
v -0.0407094731926918 -0.016885532066226006 0.000579404819291085
v -0.03950272500514984 -0.016885537654161453 0.0016460239421576262
v -0.03950272500514984 -0.016885537654161453 0.0016460239421576262
v -0.03960051387548447 -0.010403470136225224 0.001599492272362113
v -0.040810227394104004 -0.01040346547961235 0.000579404179006815
v -0.04087362438440323 -0.004386818036437035 -0.00036920863203704357
v -0.0408906489610672 0.0014831647276878357 -0.00036920933052897453
v -0.03967861831188202 0.001483183354139328 -0.0010705427266657352
v -0.039662063121795654 -0.00438678078353405 -0.0011102118296548724
v 0.04092555493116379 -0.004386818036437035 0.000650459376629442
v 0.040940769016742706 0.0014831647276878357 0.0006504593184217811
v 0.03953559696674347 0.0014831535518169403 0.0016223470447584987
v 0.039520926773548126 -0.004386827349662781 0.0016610288294032216
v 0.04086405783891678 -0.010403470136225224 -0.0004402634804137051
v 0.04076516628265381 -0.01688554137945175 -0.0004402629565447569
v 0.039366111159324646 -0.01688552275300026 -0.0014546466991305351
v 0.03946157544851303 -0.010403438471257687 -0.0014440194936469197
v -0.040120720863342285 -0.08294849842786789 0.0005794066237285733
v -0.039955928921699524 -0.08851282298564911 0.0005577735719271004
v -0.03877785801887512 -0.08839164674282074 0.001625689910724759
v -0.03877785801887512 -0.08839164674282074 0.001625689910724759
v -0.03893245756626129 -0.08283480256795883 0.001643325318582356
v -0.03893245756626129 -0.08283480256795883 0.001643325318582356
v -0.03537914156913757 -0.08247654885053635 0.005262770690023899
v -0.03537914156913757 -0.08247654885053635 0.005262770690023899
v -0.03523227572441101 -0.0882125198841095 0.005229358095675707
v -0.03523227572441101 -0.0882125198841095 0.005229358095675707
v -0.028513239696621895 -0.08794072270393372 0.010682141408324242
v -0.028644252568483353 -0.08193295449018478 0.01072678156197071
v -0.018707072362303734 -0.08147265017032623 0.014994589611887932
v -0.018611984327435493 -0.08771056681871414 0.014976765029132366
v -0.006403245497494936 -0.08758820593357086 0.01692165434360504
v -0.006443106569349766 -0.08122792094945908 0.016884218901395798
v 0.006375906523317099 -0.08119464665651321 0.01707248017191887
v 0.006354714278131723 -0.08757156878709793 0.017140958458185196
v 0.018212193623185158 -0.08766791224479675 0.015539227984845638
v 0.01828768663108349 -0.08138733357191086 0.015479455702006817
v 0.028139406815171242 -0.08183901757001877 0.011268490925431252
v 0.02802804671227932 -0.08789375424385071 0.011301450431346893
v 0.03505268692970276 -0.08818095177412033 0.00564559455960989
v 0.03518097102642059 -0.08241341263055801 0.005640208721160889
v 0.03906501829624176 -0.08280492573976517 0.001832501613534987
v 0.0389280766248703 -0.0883767157793045 0.0018226257525384426
v 0.040299080312252045 -0.0885075107216835 0.000626270892098546
v 0.04044266790151596 -0.08293772488832474 0.0006504621705971658
v 0.04044351726770401 -0.0829232856631279 -0.00044026155956089497
v 0.04029950499534607 -0.08850039541721344 -0.0004167433944530785
v 0.038929685950279236 -0.08834203332662582 -0.0016415383433923125
v 0.03906822204589844 -0.0827355906367302 -0.0016443294007331133
v 0.03519020974636078 -0.08218216150999069 -0.0055401441641151905
v 0.03519020974636078 -0.08218216150999069 -0.0055401441641151905
v 0.035057298839092255 -0.08806532621383667 -0.0055809528566896915
v 0.035057298839092255 -0.08806532621383667 -0.0055809528566896915
v 0.02803601138293743 -0.0876571387052536 -0.01142837293446064
v 0.02815532684326172 -0.08136577904224396 -0.011324413120746613
v 0.018302928656339645 -0.08070952445268631 -0.015718765556812286
v 0.01821981742978096 -0.08732900768518448 -0.015850182622671127
v 0.006357759237289429 -0.0871816948056221 -0.01756550744175911
v 0.006381993182003498 -0.08041489869356155 -0.017449896782636642
v -0.006448857020586729 -0.08046192675828934 -0.017249539494514465
v -0.006406120490282774 -0.08720520883798599 -0.017346207052469254
v -0.018619300797581673 -0.08738930523395538 -0.01528771873563528
v -0.01872170716524124 -0.08083011955022812 -0.015203670598566532
v -0.028659360483288765 -0.08149857074022293 -0.010752473026514053
v -0.028520792722702026 -0.08772353082895279 -0.010809063911437988
v -0.03523654490709305 -0.08810994774103165 -0.005164268892258406
v -0.03523654490709305 -0.08810994774103165 -0.005164268892258406
v -0.03538758307695389 -0.08227140456438065 -0.005147592630237341
v -0.03538758307695389 -0.08227140456438065 -0.005147592630237341
v -0.0389350950717926 -0.08277781307697296 -0.0014521320117637515
v -0.0389350950717926 -0.08277781307697296 -0.0014521320117637515
v -0.03877943754196167 -0.0883631482720375 -0.001442375243641436
v -0.03877943754196167 -0.0883631482720375 -0.001442375243641436
v -0.0399564728140831 -0.08850790560245514 -0.0003461800515651703
v -0.04012130945920944 -0.08293851464986801 -0.00036920775892212987
v -0.006907239090651274 0.009611774235963821 0.015138603746891022
v -0.005878364201635122 0.01916588842868805 0.014201265759766102
v -0.014219500124454498 0.022808995097875595 0.011436485685408115
v -0.021250147372484207 0.01901809126138687 0.010296260938048363
v -0.019398754462599754 0.009465385228395462 0.012460682541131973
v -0.029205551370978355 0.001512756571173668 -0.006767924875020981
v -0.029184961691498756 -0.004386451095342636 -0.007187246344983578
v -0.03603982925415039 -0.004386629909276962 -0.0034379910212010145
v -0.03605494648218155 0.001483280211687088 -0.003239643992856145
v -0.04133416712284088 0.0014831647276878357 -0.0002419603697489947
v -0.041316963732242584 -0.004386818036437035 -0.00024195961304940283
v -0.04215230792760849 -0.004386810585856438 -0.0001447726972401142
v -0.04216860234737396 0.0014831647276878357 -0.0001432478311471641
v -0.044069670140743256 0.0014831647276878357 0.00012434084783308208
v -0.04405755549669266 -0.004386810585856438 0.00011671308311633766
v -0.046605199575424194 -0.004386814311146736 0.000527246214915067
v -0.046610914170742035 0.001483159139752388 0.0005442152614705265
v -0.019314760342240334 0.009466253221035004 -0.010303209535777569
v -0.02106117270886898 0.01901949942111969 -0.009311902336776257
v -0.013860384933650494 0.022810816764831543 -0.010667046532034874
v -0.0057082390412688255 0.019167814403772354 -0.013053609058260918
v -0.0068316166289150715 0.00961286574602127 -0.013176385313272476
v -0.04826369136571884 0.0014831647276878357 0.0008857820648699999
v -0.04826226085424423 -0.004386818036437035 0.0008619626751169562
v -0.04867652803659439 -0.004386818036437035 0.0010582784889265895
v -0.04867652803659439 -0.004386818036437035 0.0010582784889265895
v -0.04867689311504364 0.0014831647276878357 0.00108455796726048
v -0.04867689311504364 0.0014831647276878357 0.00108455796726048
v 0.006364370230585337 0.001658756285905838 0.01601577177643776
v 0.006321886088699102 -0.004387479275465012 0.016442883759737015
v 0.01839442364871502 -0.004387222230434418 0.013926872983574867
v 0.0184532031416893 0.0016295965760946274 0.013431931845843792
v 0.03557544946670532 0.0014832708984613419 -0.004417153540998697
v 0.035562336444854736 -0.004386646673083305 -0.004474814981222153
v 0.028396040201187134 -0.004386477172374725 -0.009047726169228554
v 0.0284151341766119 0.0015127379447221756 -0.008910131640732288
v 0.042317815124988556 0.0014831647276878357 -0.00021525516058318317
v 0.0423031821846962 -0.004374241456389427 -0.00023633480304852128
v 0.04145608842372894 -0.004386818036437035 -0.00025617005303502083
v 0.04147152602672577 0.0014831535518169403 -0.0002561703440733254
v 0.04666060954332352 0.0014831647276878357 -0.0002478806709405035
v 0.04665561020374298 -0.004248538985848427 -0.0004600223037414253
v 0.04416824132204056 -0.004323963075876236 -0.00034110090928152204
v 0.044179074466228485 0.0014831535518169403 -0.00023570185294374824
v 0.018444839864969254 0.0016301479190587997 -0.012631295248866081
v 0.018394436687231064 -0.004386464133858681 -0.012857982888817787
v 0.006321892607957125 -0.004386572167277336 -0.014582404866814613
v 0.006359358783811331 0.0016594268381595612 -0.014279784634709358
v 0.04867682605981827 0.0014831647276878357 -0.00006758181552868336
v 0.04867682605981827 0.0014831647276878357 -0.00006758181552868336
v 0.048676714301109314 -0.004185691475868225 -0.00018756957433652133
v 0.04827249050140381 -0.004198260605335236 -0.0004118636134080589
v 0.04827357828617096 0.0014831647276878357 -0.00019434912246651947
v -0.0408906489610672 0.0014831647276878357 0.0005794040625914931
v -0.04087361693382263 -0.004386818036437035 0.0005794040043838322
v -0.039662063121795654 -0.004386818036437035 0.0015468334313482046
v -0.03967861086130142 0.0014831535518169403 0.0014892847975715995
v 0.0409407764673233 0.0014831647276878357 -0.0004402642953209579
v 0.040925562381744385 -0.004386818036437035 -0.0004402639460749924
v 0.03952093422412872 -0.00438678078353405 -0.0014312653802335262
v 0.03953559696674347 0.001483183354139328 -0.0014197335112839937
v -0.048264674842357635 0.008732117712497711 0.0010881926864385605
v -0.04826462268829346 0.018274959176778793 0.0006749411695636809
v -0.048677124083042145 0.018274959176778793 0.0005572460358962417
v -0.048677124083042145 0.018274959176778793 0.0005572460358962417
v -0.04867713898420334 0.008732117712497711 0.0009966937359422445
v -0.04867713898420334 0.008732117712497711 0.0009966937359422445
v -0.029263632372021675 0.008878747001290321 0.0084310881793499
v -0.0296336580067873 0.018423546105623245 0.007144958712160587
v -0.03606489300727844 0.0182749442756176 0.003597502363845706
v -0.03606538474559784 0.008732108399271965 0.00414469838142395
v -0.04134603589773178 0.008732117712497711 0.0004521548398770392
v -0.04134534299373627 0.018274959176778793 0.00045016640797257423
v -0.042179174721241 0.018274959176778793 0.000444116594735533
v -0.042179837822914124 0.008732128888368607 0.0004717633128166199
v -0.04407802224159241 0.008732117712497711 0.0006774612120352685
v -0.04407753050327301 0.018274959176778793 0.0005392272723838687
v -0.046614617109298706 0.018274959176778793 0.000661483674775809
v -0.04661485552787781 0.008732117712497711 0.0009653083398006856
v 0.04867713153362274 0.008732117712497711 -0.00023519349633716047
v 0.04867713153362274 0.008732117712497711 -0.00023519349633716047
v 0.04867706447839737 0.018274959176778793 -0.0006413619266822934
v 0.04867706447839737 0.018274959176778793 -0.0006413619266822934
v 0.048274315893650055 0.018274959176778793 -0.0004487541154958308
v 0.04827453941106796 0.008732128888368607 -0.00006670219590887427
v 0.03558439016342163 0.008732063695788383 0.004345288034528494
v 0.03558211773633957 0.018274866044521332 0.0038679903373122215
v 0.02881436236202717 0.01842338964343071 0.0074994987808167934
v 0.028465760871767998 0.008878668770194054 0.008623518981039524
v 0.042327821254730225 0.008732117712497711 0.0003947701770812273
v 0.0423254519701004 0.018274959176778793 0.00036920292768627405
v 0.041479550302028656 0.01827496662735939 0.00046348886098712683
v 0.04148206114768982 0.008732128888368607 0.0004663656582124531
v 0.04666417837142944 0.008732117712497711 0.00011838505452033132
v 0.04666333645582199 0.018274959176778793 -0.0001625598524697125
v 0.04418478161096573 0.018274959176778793 0.00016466160013806075
v 0.0441865399479866 0.008732128888368607 0.0002924959408119321
v -0.04090239107608795 0.008732117712497711 -0.00036920991260558367
v -0.04090172052383423 0.018274959176778793 -0.00035926938289776444
v -0.03968939930200577 0.01827504113316536 -0.0010231496999040246
v -0.03969002515077591 0.008732164278626442 -0.0010616235667839646
v 0.04095117747783661 0.008732128888368607 0.0006504589691758156
v 0.040948688983917236 0.018274974077939987 0.0006360764382407069
v 0.03954319655895233 0.018274951726198196 0.0014550435589626431
v 0.03954561799764633 0.008732117712497711 0.0015735151246190071
v -0.04824838787317276 -0.01688554510474205 0.0010403889464214444
v -0.04825691133737564 -0.01040347944945097 0.0011840681545436382
v -0.04867515712976456 -0.01040347944945097 0.0010961992666125298
v -0.04867515712976456 -0.01040347944945097 0.0010961992666125298
v -0.04867298901081085 -0.016885550692677498 0.0009419269044883549
v -0.04867298901081085 -0.016885550692677498 0.0009419269044883549
v -0.029067182913422585 -0.016885578632354736 0.010794419795274734
v -0.029139410704374313 -0.010403554886579514 0.01032565999776125
v -0.03598380833864212 -0.01040347944945097 0.005043612327426672
v -0.03589484840631485 -0.016885537654161453 0.005276268348097801
v -0.03589484840631485 -0.016885537654161453 0.005276268348097801
v -0.04115106165409088 -0.016885532066226006 0.00045215548016130924
v -0.041252896189689636 -0.01040346547961235 0.00045215472346171737
v -0.042091578245162964 -0.010403474792838097 0.0004783520707860589
v -0.04199506342411041 -0.01688554137945175 0.000468846526928246
v -0.04394064098596573 -0.01688554137945175 0.0006628755945712328
v -0.044012412428855896 -0.010403474792838097 0.0007104058167897165
v -0.04658389091491699 -0.010403474792838097 0.0010371949756518006
v -0.04655001312494278 -0.01688554137945175 0.0009324104175902903
v 0.04867503046989441 -0.014874245971441269 -0.0010366016067564487
v 0.048676252365112305 -0.009397831745445728 -0.0004332357784733176
v 0.04826808720827103 -0.00946067739278078 -0.0001563855621498078
v 0.04826057702302933 -0.01499995682388544 -0.0006276985513977706
v 0.035423219203948975 -0.01688556745648384 0.0051596155390143394
v 0.03550901263952255 -0.010403524152934551 0.004974836483597755
v 0.028353651985526085 -0.010403631255030632 0.009974942542612553
v 0.028285350650548935 -0.01688561774790287 0.010347949340939522
v 0.04214916378259659 -0.0167598407715559 0.000357641139999032
v 0.04224412143230438 -0.010340618900954723 0.00038898945786058903
v 0.04139377176761627 -0.010403474792838097 0.0004663660656660795
v 0.041293591260910034 -0.01688554137945175 0.0004663662984967232
v 0.04660274088382721 -0.01550277415663004 -0.00029085384448990226
v 0.0466354563832283 -0.009712090715765953 0.00005419609078671783
v 0.04412455856800079 -0.010089214891195297 0.0002635889104567468
v 0.04405418783426285 -0.016257014125585556 0.00010684684093575925
v -0.040709465742111206 -0.01688554137945175 -0.00036920810816809535
v -0.040810227394104004 -0.010403474792838097 -0.0003692082245834172
v -0.039600521326065063 -0.010403433814644814 -0.0011627308558672667
v -0.039502717554569244 -0.016885515302419662 -0.0012178811011835933
v 0.04076516628265381 -0.01688554137945175 0.0006504599004983902
v 0.04086405038833618 -0.010403474792838097 0.0006504594930447638
v 0.039461567997932434 -0.010403483174741268 0.0016994255129247904
v 0.039366111159324646 -0.01688554137945175 0.0017363819060847163
v -0.006636838894337416 -0.016885844990611076 0.01720801740884781
v -0.006654102820903063 -0.010404100641608238 0.016903936862945557
v -0.01906593143939972 -0.010403796099126339 0.014742248691618443
v -0.019018329679965973 -0.016885701566934586 0.01522479485720396
v -0.029010441154241562 -0.022944780066609383 -0.008868402801454067
v -0.02896970883011818 -0.030906833708286285 -0.009415458887815475
v -0.035773515701293945 -0.030984118580818176 -0.00452311709523201
v -0.03582502901554108 -0.022944798693060875 -0.004252561833709478
v -0.04107116907835007 -0.022944819182157516 -0.0002419594384264201
v -0.04101025313138962 -0.031053561717271805 -0.00024195897276513278
v -0.041861653327941895 -0.031054239720106125 -0.00019966220133937895
v -0.041919343173503876 -0.022944819182157516 -0.00017710259999148548
v -0.04388435184955597 -0.022944819182157516 -0.00004493663436733186
v -0.04384149610996246 -0.031054239720106125 -0.00015773782797623426
v -0.04650323837995529 -0.031054239720106125 -0.00007741191802779213
v -0.04652343690395355 -0.022944824770092964 0.0001709943899186328
v -0.019018331542611122 -0.016885340213775635 -0.01234167069196701
v -0.019065940752625465 -0.010403077118098736 -0.011688887141644955
v -0.006654106080532074 -0.01040321122854948 -0.014360670931637287
v -0.006636839359998703 -0.016885407269001007 -0.014849606901407242
v -0.048241712152957916 -0.022944828495383263 0.0003739017993211746
v -0.048236653208732605 -0.031054247170686722 0.000034284021239727736
v -0.04867001622915268 -0.031054247170686722 0.00017138596740551293
v -0.04867001622915268 -0.031054247170686722 0.00017138596740551293
v -0.04867129027843475 -0.02294483222067356 0.0005347764235921204
v -0.04867129027843475 -0.02294483222067356 0.0005347764235921204
v 0.006287779659032822 -0.022944876924157143 0.01720581203699112
v 0.006291049998253584 -0.030876435339450836 0.01730666682124138
v 0.01827988401055336 -0.03089570626616478 0.015120712108910084
v 0.018289389088749886 -0.022944850847125053 0.014983532950282097
v 0.03535642474889755 -0.022944802418351173 -0.004637002479285002
v 0.0353250727057457 -0.03097519278526306 -0.0047287908382713795
v 0.028212057426571846 -0.030893554911017418 -0.009613637812435627
v 0.028232228010892868 -0.02294478379189968 -0.009424115531146526
v 0.042075105011463165 -0.022819112986326218 -0.0004720729775726795
v 0.042035214602947235 -0.030991386622190475 -0.00035139801912009716
v 0.041173771023750305 -0.03105325624346733 -0.00025616883067414165
v 0.04121554642915726 -0.022944819182157516 -0.0002561691217124462
v 0.046576373279094696 -0.021562060341238976 -0.0028744603041559458
v 0.046561017632484436 -0.030362863093614578 -0.001646899152547121
v 0.04396875202655792 -0.030739977955818176 -0.0009164214134216309
v 0.04399897903203964 -0.02231629006564617 -0.0015197949251160026
v 0.006298787891864777 -0.01688542030751705 -0.015228225849568844
v 0.0063132233917713165 -0.010403228923678398 -0.014917382970452309
v 0.018367337062954903 -0.010403121821582317 -0.013094871304929256
v 0.01832343265414238 -0.016885368153452873 -0.013302428647875786
v 0.04867279529571533 -0.02093352936208248 -0.001993185840547085
v 0.048669904470443726 -0.03004859760403633 -0.0011606094194576144
v 0.04824812710285187 -0.03011145442724228 -0.0017436803318560123
v 0.04824812710285187 -0.03011145442724228 -0.0017436803318560123
v 0.048253513872623444 -0.02105923928320408 -0.0030544998589903116
v 0.048253513872623444 -0.02105923928320408 -0.0030544998589903116
v -0.04063042998313904 -0.022944815456867218 0.000579405459575355
v -0.04057016968727112 -0.031051823869347572 0.0005794059252366424
v -0.03936772793531418 -0.031040456146001816 0.0016873180866241455
v -0.03936772793531418 -0.031040456146001816 0.0016873180866241455
v -0.03942599147558212 -0.022944815456867218 0.0016768157947808504
v -0.03942599147558212 -0.022944815456867218 0.0016768157947808504
v 0.040688127279281616 -0.022944819182157516 -0.0004402625490911305
v 0.04064725339412689 -0.03104930743575096 -0.00044026231626048684
v 0.03925342857837677 -0.03103053942322731 -0.0014820588985458016
v 0.039291754364967346 -0.022944815456867218 -0.0014637014828622341
v 0.014236525632441044 0.05389478802680969 0.0017993560759350657
v 0.021464643999934196 0.05381184071302414 0.0008565957541577518
v 0.02139042504131794 0.05983436852693558 0.00005539374251384288
v 0.013931389898061752 0.05996502935886383 0.0009179744520224631
v 0.014232048764824867 0.06267404556274414 0.0003268119180575013
v 0.021430380642414093 0.06260181963443756 -0.00015353091293945909
v 0.021440409123897552 0.06329368054866791 -0.00032482697861269116
v 0.021440409123897552 0.06329368054866791 -0.00032482697861269116
v 0.01459780428558588 0.06322994828224182 -0.00012344698188826442
v 0.01459780428558588 0.06322994828224182 -0.00012344698188826442
v 0.01459792535752058 0.06322994828224182 -0.00028540202765725553
v 0.01459792535752058 0.06322994828224182 -0.00028540202765725553
v 0.021440468728542328 0.06329368054866791 -0.0004873676225543022
v 0.021440468728542328 0.06329368054866791 -0.0004873676225543022
v 0.021430425345897675 0.06260181963443756 -0.0006004711030982435
v 0.01423222478479147 0.06267404556274414 -0.0006970525719225407
v 0.013930785469710827 0.05996502935886383 -0.0011429261649027467
v 0.02139008603990078 0.05983436852693558 -0.0005539011326618493
v 0.021453281864523888 0.05381196737289429 -0.0010944288223981857
v 0.01421379391103983 0.05389494448900223 -0.0019077605102211237
v -0.014505849219858646 0.05389494448900223 -0.001680105342529714
v -0.02217942103743553 0.05381198227405548 -0.0007783156470395625
v -0.022109901532530785 0.05983436852693558 -0.00019454958965070546
v -0.014190007001161575 0.05996502935886383 -0.0009281348902732134
v -0.014491352252662182 0.06267406046390533 -0.00039918551919981837
v -0.022151807323098183 0.06260181963443756 -0.00011051478213630617
v -0.022162292152643204 0.06329368054866791 0.0000351175622199662
v -0.022162292152643204 0.06329368054866791 0.0000351175622199662
v -0.014872325584292412 0.06322994828224182 0.000039663333154749125
v -0.014872325584292412 0.06322994828224182 0.000039663333154749125
v -0.014872346073389053 0.06322994828224182 0.0002012204349739477
v -0.014872346073389053 0.06322994828224182 0.0002012204349739477
v -0.02216230146586895 0.06329368054866791 0.0001974726765183732
v -0.02216230146586895 0.06329368054866791 0.0001974726765183732
v -0.022151827812194824 0.06260181963443756 0.0003359618131071329
v -0.014491403475403786 0.06267404556274414 0.0006236463668756187
v -0.014190006069839 0.05996502935886383 0.0011317600728943944
v -0.02210989221930504 0.05983436852693558 0.0004142823745496571
v -0.022200366482138634 0.05381186306476593 0.0009826784953474998
v -0.014547739177942276 0.053894802927970886 0.0018667707918211818
v 0.002438856288790703 0.06259381771087646 0.008396446704864502
v 0.00701234582811594 0.06267402321100235 0.004441786091774702
v 0.00701234582811594 0.06267402321100235 0.004441786091774702
v 0.00701234582811594 0.06267402321100235 0.004441786091774702
v 0.00622444786131382 0.06323406845331192 0.004445234313607216
v 0.0023832316510379314 0.0632830485701561 0.007715281099081039
v 0.009872214868664742 0.06297881156206131 0.0008795430767349899
v 0.010527284815907478 0.06318746507167816 0.00003252981696277857
v 0.008758481591939926 0.06318746507167816 0.0002650220994837582
v 0.008255300112068653 0.06319690495729446 0.0014296222943812609
v 0.01052742451429367 0.06318746507167816 -0.0001073984894901514
v 0.009872585535049438 0.0629788264632225 -0.0009514206903986633
v 0.00825589057058096 0.06319691985845566 -0.001445622299797833
v 0.00875865574926138 0.06318746507167816 -0.0002526539610698819
v 0.007012985646724701 0.06267406046390533 -0.004539391957223415
v 0.007012985646724701 0.06267406046390533 -0.004539391957223415
v 0.007012985646724701 0.06267406046390533 -0.004539391957223415
v 0.002439806703478098 0.06259386241436005 -0.008736716583371162
v 0.0023851036094129086 0.06328307092189789 -0.007901284843683243
v 0.0062256623059511185 0.06323408335447311 -0.004524304065853357
v -0.0022958735935389996 0.06259386241436005 -0.008717685006558895
v -0.006892791483551264 0.06267404556274414 -0.004447840619832277
v -0.006892791483551264 0.06267404556274414 -0.004447840619832277
v -0.006892791483551264 0.06267404556274414 -0.004447840619832277
v -0.0060780830681324005 0.06323408335447311 -0.004445039201527834
v -0.0022401369642466307 0.06328307092189789 -0.008001010864973068
v -0.009792226366698742 0.0629788264632225 -0.0008075014920905232
v -0.010461944155395031 0.06318747997283936 0.00005355662142392248
v -0.00860888697206974 0.06318747997283936 -0.0001404464856022969
v -0.008106408640742302 0.06319691985845566 -0.0013400829629972577
v -0.010461964644491673 0.06318746507167816 0.0001929803256643936
v -0.009792361408472061 0.06297881156206131 0.0010221631964668632
v -0.0081067755818367 0.06319690495729446 0.0015340505633503199
v -0.008608975447714329 0.06318746507167816 0.00037677749060094357
v -0.006893266458064318 0.06267404556274414 0.0045320382341742516
v -0.006893266458064318 0.06267404556274414 0.0045320382341742516
v -0.006893266458064318 0.06267404556274414 0.0045320382341742516
v -0.002296777442097664 0.06259387731552124 0.008496076799929142
v -0.0022419197484850883 0.0632830485701561 0.007846441119909286
v -0.006079074461013079 0.06323406845331192 0.004523387178778648
v -0.015697017312049866 0.043655142188072205 0.004187466111034155
v -0.02277195081114769 0.04355904459953308 0.003177942242473364
v -0.023072725161910057 0.030611984431743622 0.006796869449317455
v -0.016663603484630585 0.03174349665641785 0.007821332663297653
v 0.008928193710744381 0.04365484416484833 0.007124798838049173
v 0.002965141786262393 0.0435776561498642 0.010515617206692696
v 0.0038697202689945698 0.03065008670091629 0.0127934031188488
v 0.010497190989553928 0.03174296021461487 0.010117377154529095
v 0.01512452308088541 0.043655797839164734 -0.004701695870608091
v 0.021907882764935493 0.04355959594249725 -0.0038258328568190336
v 0.022078074514865875 0.030613146722316742 -0.008176513947546482
v 0.015835730358958244 0.03174489364027977 -0.008890352211892605
v -0.008849125355482101 0.04365573078393936 -0.0068569667637348175
v -0.0028413645923137665 0.0435786098241806 -0.010301202535629272
v -0.0038137459196150303 0.030652020126581192 -0.012132255360484123
v -0.010466783307492733 0.03174474835395813 -0.009505157358944416
f 265 2710 4772
f 265 4772 2993
f 2710 1319 3121
f 2710 3121 4772
f 2993 4772 3124
f 2993 3124 1460
f 4772 3121 364
f 4772 364 3124
f 2709 296 3006
f 2709 3006 4773
f 4773 3006 1467
f 4773 1467 3122
f 1319 2709 4773
f 1319 4773 3121
f 3121 4773 3122
f 3121 3122 364
f 290 2697 4774
f 290 4774 3007
f 2697 1313 3123
f 2697 3123 4774
f 3007 4774 3122
f 3007 3122 1467
f 4774 3123 364
f 4774 364 3122
f 2698 255 2992
f 2698 2992 4775
f 4775 2992 1460
f 4775 1460 3124
f 1313 2698 4775
f 1313 4775 3123
f 3123 4775 3124
f 3123 3124 364
f 65 1757 4777
f 65 4777 2818
f 1756 866 3125
f 1756 3125 4776
f 2818 4777 3129
f 2818 3129 1371
f 4776 3125 365
f 4776 365 3128
f 1758 9 2812
f 1758 2812 4778
f 4778 2812 1368
f 4778 1368 3126
f 866 1758 4778
f 866 4778 3125
f 3125 4778 3126
f 3125 3126 365
f 328 2831 4779
f 328 4779 2811
f 2831 1378 3127
f 2831 3127 4779
f 2811 4779 3126
f 2811 3126 1368
f 4779 3127 365
f 4779 365 3126
f 2833 331 2817
f 2833 2817 4781
f 4781 2817 1371
f 4781 1371 3129
f 1378 2832 4780
f 1378 4780 3127
f 3127 4780 3128
f 3127 3128 365
f 351 3065 4782
f 351 4782 3068
f 3065 1500 3130
f 3065 3130 4782
f 3068 4782 3133
f 3068 3133 1501
f 4782 3130 366
f 4782 366 3133
f 3066 102 1891
f 3066 1891 4783
f 4783 1891 930
f 4783 930 3131
f 1500 3066 4783
f 1500 4783 3130
f 3130 4783 3131
f 3130 3131 366
f 103 3061 4784
f 103 4784 1890
f 3061 1496 3132
f 3061 3132 4784
f 1890 4784 3131
f 1890 3131 930
f 4784 3132 366
f 4784 366 3131
f 3059 349 3067
f 3059 3067 4785
f 4785 3067 1501
f 4785 1501 3133
f 1496 3059 4785
f 1496 4785 3132
f 3132 4785 3133
f 3132 3133 366
f 64 1539 4787
f 64 4787 2389
f 1538 767 3134
f 1538 3134 4786
f 2389 4787 3138
f 2389 3138 1159
f 4786 3134 367
f 4786 367 3137
f 1537 8 2377
f 1537 2377 4788
f 4788 2377 1153
f 4788 1153 3135
f 767 1537 4788
f 767 4788 3134
f 3134 4788 3135
f 3134 3135 367
f 74 1797 4789
f 74 4789 2376
f 1797 885 3136
f 1797 3136 4789
f 2376 4789 3135
f 2376 3135 1153
f 4789 3136 367
f 4789 367 3135
f 1799 75 2388
f 1799 2388 4791
f 4791 2388 1159
f 4791 1159 3138
f 885 1798 4790
f 885 4790 3136
f 3136 4790 3137
f 3136 3137 367
f 9 1758 4792
f 9 4792 2648
f 1758 866 3139
f 1758 3139 4792
f 2648 4792 3143
f 2648 3143 1288
f 4792 3139 368
f 4792 368 3143
f 1757 65 2658
f 1757 2658 4794
f 4794 2658 1293
f 4794 1293 3141
f 866 1756 4793
f 866 4793 3139
f 3139 4793 3140
f 3139 3140 368
f 66 1762 4796
f 66 4796 2659
f 1761 868 3142
f 1761 3142 4795
f 2659 4796 3141
f 2659 3141 1293
f 4795 3142 368
f 4795 368 3140
f 1763 11 2649
f 1763 2649 4797
f 4797 2649 1288
f 4797 1288 3143
f 868 1763 4797
f 868 4797 3142
f 3142 4797 3143
f 3142 3143 368
f 288 2680 4798
f 288 4798 2997
f 2680 1304 3144
f 2680 3144 4798
f 2997 4798 3147
f 2997 3147 1462
f 4798 3144 369
f 4798 369 3147
f 2681 14 3005
f 2681 3005 4799
f 4799 3005 1466
f 4799 1466 3145
f 1304 2681 4799
f 1304 4799 3144
f 3144 4799 3145
f 3144 3145 369
f 108 2679 4800
f 108 4800 3004
f 2679 1303 3146
f 2679 3146 4800
f 3004 4800 3145
f 3004 3145 1466
f 4800 3146 369
f 4800 369 3145
f 2678 287 2996
f 2678 2996 4801
f 4801 2996 1462
f 4801 1462 3147
f 1303 2678 4801
f 1303 4801 3146
f 3146 4801 3147
f 3146 3147 369
f 201 2268 4803
f 201 4803 2900
f 2267 1106 3148
f 2267 3148 4802
f 2900 4803 3152
f 2900 3152 1411
f 4802 3148 370
f 4802 370 3151
f 2269 189 2897
f 2269 2897 4804
f 4804 2897 1410
f 4804 1410 3149
f 1106 2269 4804
f 1106 4804 3148
f 3148 4804 3149
f 3148 3149 370
f 10 1737 4805
f 10 4805 2898
f 1737 858 3150
f 1737 3150 4805
f 2898 4805 3149
f 2898 3149 1410
f 4805 3150 370
f 4805 370 3149
f 1736 60 2899
f 1736 2899 4807
f 4807 2899 1411
f 4807 1411 3152
f 858 1735 4806
f 858 4806 3150
f 3150 4806 3151
f 3150 3151 370
f 5 2808 4808
f 5 4808 2612
f 2808 1366 3153
f 2808 3153 4808
f 2612 4808 3157
f 2612 3157 1272
f 4808 3153 371
f 4808 371 3157
f 2807 326 2834
f 2807 2834 4809
f 4809 2834 1379
f 4809 1379 3154
f 1366 2807 4809
f 1366 4809 3153
f 3153 4809 3154
f 3153 3154 371
f 336 2827 4811
f 336 4811 2836
f 2827 1376 3156
f 2827 3156 4811
f 2835 4810 3154
f 2835 3154 1379
f 4810 3155 371
f 4810 371 3154
f 2828 191 2611
f 2828 2611 4813
f 4812 2610 1272
f 4812 1272 3157
f 1376 2828 4813
f 1376 4813 3156
f 3155 4812 3157
f 3155 3157 371
f 20 2724 4814
f 20 4814 2239
f 2724 1326 3158
f 2724 3158 4814
f 2239 4814 3161
f 2239 3161 1093
f 4814 3158 372
f 4814 372 3161
f 2723 303 2745
f 2723 2745 4815
f 4815 2745 1337
f 4815 1337 3159
f 1326 2723 4815
f 1326 4815 3158
f 3158 4815 3159
f 3158 3159 372
f 312 2741 4816
f 312 4816 2746
f 2741 1335 3160
f 2741 3160 4816
f 2746 4816 3159
f 2746 3159 1337
f 4816 3160 372
f 4816 372 3159
f 2742 193 2238
f 2742 2238 4817
f 4817 2238 1093
f 4817 1093 3161
f 1335 2742 4817
f 1335 4817 3160
f 3160 4817 3161
f 3160 3161 372
f 280 2655 4818
f 280 4818 2647
f 2655 1291 3162
f 2655 3162 4818
f 2647 4818 3166
f 2647 3166 1287
f 4818 3162 373
f 4818 373 3166
f 2654 5 2612
f 2654 2612 4819
f 4819 2612 1272
f 4819 1272 3163
f 1291 2654 4819
f 1291 4819 3162
f 3162 4819 3163
f 3162 3163 373
f 191 2666 4821
f 191 4821 2611
f 2666 1297 3165
f 2666 3165 4821
f 2610 4820 3163
f 2610 3163 1272
f 4820 3164 373
f 4820 373 3163
f 2667 279 2646
f 2667 2646 4823
f 4822 2645 1287
f 4822 1287 3166
f 1297 2667 4823
f 1297 4823 3165
f 3164 4822 3166
f 3164 3166 373
f 204 2274 4824
f 204 4824 2904
f 2274 1109 3167
f 2274 3167 4824
f 2904 4824 3170
f 2904 3170 1413
f 4824 3167 374
f 4824 374 3170
f 2275 190 2902
f 2275 2902 4825
f 4825 2902 1412
f 4825 1412 3168
f 1109 2275 4825
f 1109 4825 3167
f 3167 4825 3168
f 3167 3168 374
f 17 1781 4826
f 17 4826 2901
f 1781 877 3169
f 1781 3169 4826
f 2901 4826 3168
f 2901 3168 1412
f 4826 3169 374
f 4826 374 3168
f 1780 77 2903
f 1780 2903 4827
f 4827 2903 1413
f 4827 1413 3170
f 877 1780 4827
f 877 4827 3169
f 3169 4827 3170
f 3169 3170 374
f 14 2681 4828
f 14 4828 1569
f 2681 1304 3171
f 2681 3171 4828
f 1569 4828 3175
f 1569 3175 780
f 4828 3171 375
f 4828 375 3175
f 2680 288 2633
f 2680 2633 4829
f 4829 2633 1282
f 4829 1282 3172
f 1304 2680 4829
f 1304 4829 3171
f 3171 4829 3172
f 3171 3172 375
f 289 2682 4830
f 289 4830 2634
f 2682 1305 3173
f 2682 3173 4830
f 2635 4831 3172
f 2635 3172 1282
f 4831 3174 375
f 4831 375 3172
f 2684 194 1570
f 2684 1570 4832
f 4832 1570 780
f 4832 780 3175
f 1306 2684 4832
f 1306 4832 3174
f 3174 4832 3175
f 3174 3175 375
f 15 1554 4833
f 15 4833 1595
f 1554 774 3176
f 1554 3176 4833
f 1595 4833 3180
f 1595 3180 791
f 4833 3176 376
f 4833 376 3180
f 1556 61 1744
f 1556 1744 4835
f 4835 1744 861
f 4835 861 3178
f 774 1555 4834
f 774 4834 3176
f 3176 4834 3177
f 3176 3177 376
f 62 1742 4837
f 62 4837 1745
f 1741 860 3179
f 1741 3179 4836
f 1745 4837 3178
f 1745 3178 861
f 4836 3179 376
f 4836 376 3177
f 1743 30 1594
f 1743 1594 4838
f 4838 1594 791
f 4838 791 3180
f 860 1743 4838
f 860 4838 3179
f 3179 4838 3180
f 3179 3180 376
f 18 2814 4839
f 18 4839 1602
f 2814 1369 3181
f 2814 3181 4839
f 1602 4839 3184
f 1602 3184 794
f 4839 3181 377
f 4839 377 3184
f 2813 329 2837
f 2813 2837 4840
f 4840 2837 1380
f 4840 1380 3182
f 1369 2813 4840
f 1369 4840 3181
f 3181 4840 3182
f 3181 3182 377
f 330 2815 4841
f 330 4841 2838
f 2815 1370 3183
f 2815 3183 4841
f 2838 4841 3182
f 2838 3182 1380
f 4841 3183 377
f 4841 377 3182
f 2816 33 1601
f 2816 1601 4842
f 4842 1601 794
f 4842 794 3184
f 1370 2816 4842
f 1370 4842 3183
f 3183 4842 3184
f 3183 3184 377
f 21 2722 4843
f 21 4843 1608
f 2722 1325 3185
f 2722 3185 4843
f 1608 4843 3188
f 1608 3188 797
f 4843 3185 378
f 4843 378 3188
f 2721 302 2747
f 2721 2747 4844
f 4844 2747 1338
f 4844 1338 3186
f 1325 2721 4844
f 1325 4844 3185
f 3185 4844 3186
f 3185 3186 378
f 304 2725 4845
f 304 4845 2748
f 2725 1327 3187
f 2725 3187 4845
f 2748 4845 3186
f 2748 3186 1338
f 4845 3187 378
f 4845 378 3186
f 2726 31 1607
f 2726 1607 4846
f 4846 1607 797
f 4846 797 3188
f 1327 2726 4846
f 1327 4846 3187
f 3187 4846 3188
f 3187 3188 378
f 36 1613 4847
f 36 4847 2657
f 1613 800 3189
f 1613 3189 4847
f 2657 4847 3192
f 2657 3192 1292
f 4847 3189 379
f 4847 379 3192
f 1614 25 2653
f 1614 2653 4848
f 4848 2653 1290
f 4848 1290 3190
f 800 1614 4848
f 800 4848 3189
f 3189 4848 3190
f 3189 3190 379
f 18 1602 4849
f 18 4849 2652
f 1602 794 3191
f 1602 3191 4849
f 2652 4849 3190
f 2652 3190 1290
f 4849 3191 379
f 4849 379 3190
f 1601 33 2656
f 1601 2656 4850
f 4850 2656 1292
f 4850 1292 3192
f 794 1601 4850
f 794 4850 3191
f 3191 4850 3192
f 3191 3192 379
f 16 1779 4851
f 16 4851 1599
f 1779 876 3193
f 1779 3193 4851
f 1599 4851 3196
f 1599 3196 793
f 4851 3193 380
f 4851 380 3196
f 1778 76 1788
f 1778 1788 4852
f 4852 1788 881
f 4852 881 3194
f 876 1778 4852
f 876 4852 3193
f 3193 4852 3194
f 3193 3194 380
f 79 1784 4853
f 79 4853 1789
f 1784 879 3195
f 1784 3195 4853
f 1789 4853 3194
f 1789 3194 881
f 4853 3195 380
f 4853 380 3194
f 1785 32 1600
f 1785 1600 4854
f 4854 1600 793
f 4854 793 3196
f 879 1785 4854
f 879 4854 3195
f 3195 4854 3196
f 3195 3196 380
f 22 2671 4855
f 22 4855 1611
f 2671 1299 3197
f 2671 3197 4855
f 1611 4855 3200
f 1611 3200 799
f 4855 3197 381
f 4855 381 3200
f 2670 26 1615
f 2670 1615 4856
f 4856 1615 801
f 4856 801 3198
f 1299 2670 4856
f 1299 4856 3197
f 3197 4856 3198
f 3197 3198 381
f 37 2672 4857
f 37 4857 1616
f 2672 1300 3199
f 2672 3199 4857
f 1616 4857 3198
f 1616 3198 801
f 4857 3199 381
f 4857 381 3198
f 2673 35 1612
f 2673 1612 4858
f 4858 1612 799
f 4858 799 3200
f 1300 2673 4858
f 1300 4858 3199
f 3199 4858 3200
f 3199 3200 381
f 15 1787 4859
f 15 4859 1552
f 1787 880 3201
f 1787 3201 4859
f 1552 4859 3204
f 1552 3204 773
f 4859 3201 382
f 4859 382 3204
f 1786 80 1790
f 1786 1790 4860
f 4860 1790 882
f 4860 882 3202
f 880 1786 4860
f 880 4860 3201
f 3201 4860 3202
f 3201 3202 382
f 205 2278 4861
f 205 4861 1791
f 2278 1111 3203
f 2278 3203 4861
f 1791 4861 3202
f 1791 3202 882
f 4861 3203 382
f 4861 382 3202
f 2279 189 1553
f 2279 1553 4862
f 4862 1553 773
f 4862 773 3204
f 1111 2279 4862
f 1111 4862 3203
f 3203 4862 3204
f 3203 3204 382
f 38 1624 4864
f 38 4864 1619
f 1624 807 3206
f 1624 3206 4864
f 1618 4863 3210
f 1618 3210 802
f 4863 3205 383
f 4863 383 3210
f 1625 40 1623
f 1625 1623 4866
f 4866 1623 806
f 4866 806 3208
f 807 1625 4866
f 807 4866 3206
f 3205 4865 3207
f 3205 3207 383
f 24 1621 4867
f 24 4867 1622
f 1621 804 3209
f 1621 3209 4867
f 1622 4867 3207
f 1622 3207 805
f 4867 3209 383
f 4867 383 3207
f 1620 39 1617
f 1620 1617 4868
f 4868 1617 802
f 4868 802 3210
f 804 1620 4868
f 804 4868 3209
f 3209 4868 3210
f 3209 3210 383
f 13 1633 4869
f 13 4869 2247
f 1633 811 3211
f 1633 3211 4869
f 2247 4869 3216
f 2247 3216 1096
f 4869 3211 384
f 4869 384 3216
f 1631 42 2249
f 1631 2249 4870
f 4870 2249 1097
f 4870 1097 3212
f 811 1632 4871
f 811 4871 3211
f 3211 4871 3213
f 3211 3213 384
f 197 2281 4873
f 197 4873 2248
f 2280 1112 3214
f 2280 3214 4872
f 2248 4873 3212
f 2248 3212 1097
f 4874 3215 384
f 4874 384 3213
f 2282 196 2245
f 2282 2245 4875
f 4876 2246 1096
f 4876 1096 3216
f 1112 2282 4875
f 1112 4875 3214
f 3215 4876 3216
f 3215 3216 384
f 40 1639 4877
f 40 4877 1623
f 1639 815 3217
f 1639 3217 4877
f 1623 4877 3222
f 1623 3222 806
f 4877 3217 385
f 4877 385 3222
f 1640 44 1638
f 1640 1638 4878
f 4878 1638 814
f 4878 814 3218
f 815 1640 4878
f 815 4878 3217
f 3217 4878 3218
f 3217 3218 385
f 43 1635 4879
f 43 4879 1637
f 1635 813 3220
f 1635 3220 4879
f 1637 4879 3218
f 1637 3218 814
f 4879 3220 385
f 4879 385 3218
f 1636 24 1622
f 1636 1622 4880
f 4880 1622 805
f 4880 805 3221
f 812 1636 4880
f 812 4880 3219
f 3220 4881 3222
f 3220 3222 385
f 24 1636 4882
f 24 4882 2244
f 1636 812 3223
f 1636 3223 4882
f 2244 4882 3228
f 2244 3228 1095
f 4882 3223 386
f 4882 386 3228
f 1635 43 2251
f 1635 2251 4884
f 4884 2251 1098
f 4884 1098 3225
f 812 1634 4883
f 812 4883 3223
f 3223 4883 3224
f 3223 3224 386
f 198 2284 4887
f 198 4887 2250
f 2283 1113 3227
f 2283 3227 4886
f 2250 4887 3225
f 2250 3225 1098
f 4885 3226 386
f 4885 386 3224
f 2285 195 2243
f 2285 2243 4889
f 4888 2242 1095
f 4888 1095 3228
f 1113 2285 4889
f 1113 4889 3227
f 3226 4888 3228
f 3226 3228 386
f 23 1643 4890
f 23 4890 2999
f 1643 816 3229
f 1643 3229 4890
f 2999 4890 3233
f 2999 3233 1463
f 4890 3229 387
f 4890 387 3233
f 1642 45 2969
f 1642 2969 4892
f 4892 2969 1447
f 4892 1447 3231
f 816 1641 4891
f 816 4891 3229
f 3229 4891 3230
f 3229 3230 387
f 2 1530 4894
f 2 4894 2968
f 1531 764 3232
f 1531 3232 4893
f 2968 4894 3231
f 2968 3231 1447
f 4893 3232 387
f 4893 387 3230
f 1532 148 2998
f 1532 2998 4895
f 4895 2998 1463
f 4895 1463 3233
f 764 1532 4895
f 764 4895 3232
f 3232 4895 3233
f 3232 3233 387
f 42 1709 4897
f 42 4897 2249
f 1708 847 3234
f 1708 3234 4896
f 2249 4897 3239
f 2249 3239 1097
f 4896 3234 388
f 4896 388 3238
f 1707 54 1723
f 1707 1723 4898
f 4898 1723 853
f 4898 853 3235
f 847 1707 4898
f 847 4898 3234
f 3234 4898 3235
f 3234 3235 388
f 199 2286 4900
f 199 4900 1725
f 2286 1114 3237
f 2286 3237 4900
f 1724 4899 3235
f 1724 3235 853
f 4899 3236 388
f 4899 388 3235
f 2288 197 2248
f 2288 2248 4903
f 4903 2248 1097
f 4903 1097 3239
f 1114 2287 4902
f 1114 4902 3237
f 3236 4901 3238
f 3236 3238 388
f 41 1706 4905
f 41 4905 1652
f 1705 846 3240
f 1705 3240 4904
f 1652 4905 3244
f 1652 3244 821
f 4904 3240 389
f 4904 389 3243
f 1704 53 1726
f 1704 1726 4906
f 4906 1726 854
f 4906 854 3241
f 846 1704 4906
f 846 4906 3240
f 3240 4906 3241
f 3240 3241 389
f 55 1710 4907
f 55 4907 1727
f 1710 848 3242
f 1710 3242 4907
f 1727 4907 3241
f 1727 3241 854
f 4907 3242 389
f 4907 389 3241
f 1712 44 1651
f 1712 1651 4909
f 4909 1651 821
f 4909 821 3244
f 848 1711 4908
f 848 4908 3242
f 3242 4908 3243
f 3242 3243 389
f 43 1719 4910
f 43 4910 2251
f 1720 851 3245
f 1720 3245 4911
f 2251 4910 3249
f 2251 3249 1098
f 4911 3245 390
f 4911 390 3250
f 1717 58 1728
f 1717 1728 4912
f 4912 1728 855
f 4912 855 3246
f 851 1717 4912
f 851 4912 3245
f 3245 4912 3246
f 3245 3246 390
f 200 2289 4913
f 200 4913 1729
f 2289 1115 3247
f 2289 3247 4913
f 1730 4914 3246
f 1730 3246 855
f 4914 3248 390
f 4914 390 3246
f 2291 198 2250
f 2291 2250 4916
f 4916 2250 1098
f 4916 1098 3249
f 1115 2290 4915
f 1115 4915 3247
f 3248 4917 3250
f 3248 3250 390
f 45 1714 4918
f 45 4918 2969
f 1715 849 3251
f 1715 3251 4919
f 2969 4918 3254
f 2969 3254 1447
f 4919 3251 391
f 4919 391 3255
f 1713 56 2972
f 1713 2972 4920
f 4920 2972 1449
f 4920 1449 3252
f 849 1713 4920
f 849 4920 3251
f 3251 4920 3252
f 3251 3252 391
f 154 2030 4921
f 154 4921 2973
f 2030 996 3253
f 2030 3253 4921
f 2973 4921 3252
f 2973 3252 1449
f 4921 3253 391
f 4921 391 3252
f 2028 2 2968
f 2028 2968 4922
f 4922 2968 1447
f 4922 1447 3254
f 996 2029 4923
f 996 4923 3253
f 3253 4923 3255
f 3253 3255 391
f 30 1783 4924
f 30 4924 1594
f 1783 878 3256
f 1783 3256 4924
f 1594 4924 3259
f 1594 3259 791
f 4924 3256 392
f 4924 392 3259
f 1782 78 1792
f 1782 1792 4925
f 4925 1792 883
f 4925 883 3257
f 878 1782 4925
f 878 4925 3256
f 3256 4925 3257
f 3256 3257 392
f 80 1786 4926
f 80 4926 1793
f 1786 880 3258
f 1786 3258 4926
f 1793 4926 3257
f 1793 3257 883
f 4926 3258 392
f 4926 392 3257
f 1787 15 1595
f 1787 1595 4927
f 4927 1595 791
f 4927 791 3259
f 880 1787 4927
f 880 4927 3258
f 3258 4927 3259
f 3258 3259 392
f 91 1862 4929
f 91 4929 1867
f 1862 917 3261
f 1862 3261 4929
f 1866 4928 3264
f 1866 3264 918
f 4928 3260 393
f 4928 393 3264
f 1864 63 1747
f 1864 1747 4932
f 4930 1746 862
f 4930 862 3262
f 917 1863 4931
f 917 4931 3261
f 3260 4930 3262
f 3260 3262 393
f 29 1590 4933
f 29 4933 1748
f 1590 789 3263
f 1590 3263 4933
f 1748 4933 3262
f 1748 3262 862
f 4933 3263 393
f 4933 393 3262
f 1591 87 1865
f 1591 1865 4934
f 4934 1865 918
f 4934 918 3264
f 789 1591 4934
f 789 4934 3263
f 3263 4934 3264
f 3263 3264 393
f 33 2816 4935
f 33 4935 1664
f 2816 1370 3265
f 2816 3265 4935
f 1664 4935 3268
f 1664 3268 827
f 4935 3265 394
f 4935 394 3268
f 2815 330 2839
f 2815 2839 4936
f 4936 2839 1381
f 4936 1381 3266
f 1370 2815 4936
f 1370 4936 3265
f 3265 4936 3266
f 3265 3266 394
f 328 2811 4937
f 328 4937 2840
f 2811 1368 3267
f 2811 3267 4937
f 2840 4937 3266
f 2840 3266 1381
f 4937 3267 394
f 4937 394 3266
f 2812 9 1663
f 2812 1663 4938
f 4938 1663 827
f 4938 827 3268
f 1368 2812 4938
f 1368 4938 3267
f 3267 4938 3268
f 3267 3268 394
f 31 2726 4939
f 31 4939 1593
f 2726 1327 3269
f 2726 3269 4939
f 1593 4939 3272
f 1593 3272 790
f 4939 3269 395
f 4939 395 3272
f 2725 304 2749
f 2725 2749 4940
f 4940 2749 1339
f 4940 1339 3270
f 1327 2725 4940
f 1327 4940 3269
f 3269 4940 3270
f 3269 3270 395
f 291 1536 4941
f 291 4941 2750
f 1536 766 3271
f 1536 3271 4941
f 2750 4941 3270
f 2750 3270 1339
f 4941 3271 395
f 4941 395 3270
f 1535 7 1592
f 1535 1592 4942
f 4942 1592 790
f 4942 790 3272
f 766 1535 4942
f 766 4942 3271
f 3271 4942 3272
f 3271 3272 395
f 34 2385 4943
f 34 4943 1665
f 2385 1157 3273
f 2385 3273 4943
f 1665 4943 3276
f 1665 3276 828
f 4943 3273 396
f 4943 396 3276
f 2384 78 1800
f 2384 1800 4944
f 4944 1800 886
f 4944 886 3274
f 1157 2384 4944
f 1157 4944 3273
f 3273 4944 3274
f 3273 3274 396
f 74 2376 4945
f 74 4945 1801
f 2376 1153 3275
f 2376 3275 4945
f 1801 4945 3274
f 1801 3274 886
f 4945 3275 396
f 4945 396 3274
f 2377 8 1666
f 2377 1666 4946
f 4946 1666 828
f 4946 828 3276
f 1153 2377 4946
f 1153 4946 3275
f 3275 4946 3276
f 3275 3276 396
f 11 1669 4947
f 11 4947 2649
f 1669 830 3277
f 1669 3277 4947
f 2649 4947 3280
f 2649 3280 1288
f 4947 3277 397
f 4947 397 3280
f 1670 36 2657
f 1670 2657 4948
f 4948 2657 1292
f 4948 1292 3278
f 830 1670 4948
f 830 4948 3277
f 3277 4948 3278
f 3277 3278 397
f 33 1664 4949
f 33 4949 2656
f 1664 827 3279
f 1664 3279 4949
f 2656 4949 3278
f 2656 3278 1292
f 4949 3279 397
f 4949 397 3278
f 1663 9 2648
f 1663 2648 4950
f 4950 2648 1288
f 4950 1288 3280
f 827 1663 4950
f 827 4950 3279
f 3279 4950 3280
f 3279 3280 397
f 79 1802 4951
f 79 4951 1859
f 1802 887 3281
f 1802 3281 4951
f 1859 4951 3283
f 1859 3283 915
f 4951 3281 398
f 4951 398 3283
f 1803 73 1854
f 1803 1854 4952
f 4952 1854 913
f 4952 913 3282
f 887 1803 4952
f 887 4952 3281
f 3281 4952 3282
f 3281 3282 398
f 90 1858 4953
f 90 4953 1853
f 1858 915 3283
f 1858 3283 4953
f 1853 4953 3282
f 1853 3282 913
f 4953 3283 398
f 4953 398 3282
f 35 2673 4954
f 35 4954 1667
f 2673 1300 3284
f 2673 3284 4954
f 1667 4954 3287
f 1667 3287 829
f 4954 3284 399
f 4954 399 3287
f 2672 37 1671
f 2672 1671 4955
f 4955 1671 831
f 4955 831 3285
f 1300 2672 4955
f 1300 4955 3284
f 3284 4955 3285
f 3284 3285 399
f 12 2651 4956
f 12 4956 1672
f 2651 1289 3286
f 2651 3286 4956
f 1672 4956 3285
f 1672 3285 831
f 4956 3286 399
f 4956 399 3285
f 2650 6 1668
f 2650 1668 4957
f 4957 1668 829
f 4957 829 3287
f 1289 2650 4957
f 1289 4957 3286
f 3286 4957 3287
f 3286 3287 399
f 85 1827 4958
f 85 4958 1830
f 1827 900 3288
f 1827 3288 4958
f 1830 4958 3293
f 1830 3293 902
f 4958 3288 401
f 4958 401 3293
f 1828 38 1619
f 1828 1619 4959
f 4959 1619 803
f 4959 803 3290
f 900 1828 4959
f 900 4959 3288
f 3288 4959 3290
f 3288 3290 401
f 39 1807 4960
f 39 4960 1617
f 1807 889 3291
f 1807 3291 4960
f 1617 4960 3289
f 1617 3289 802
f 4960 3291 400
f 4960 400 3289
f 1806 81 1829
f 1806 1829 4961
f 4961 1829 901
f 4961 901 3292
f 889 1806 4961
f 889 4961 3291
f 3291 4961 3292
f 3291 3292 400
f 25 1614 4962
f 25 4962 1576
f 1614 800 3294
f 1614 3294 4962
f 1576 4962 3297
f 1576 3297 783
f 4962 3294 402
f 4962 402 3297
f 1613 36 1681
f 1613 1681 4963
f 4963 1681 835
f 4963 835 3295
f 800 1613 4963
f 800 4963 3294
f 3294 4963 3295
f 3294 3295 402
f 39 1620 4964
f 39 4964 1682
f 1620 804 3296
f 1620 3296 4964
f 1682 4964 3295
f 1682 3295 835
f 4964 3296 402
f 4964 402 3295
f 1621 24 1577
f 1621 1577 4965
f 4965 1577 783
f 4965 783 3297
f 804 1621 4965
f 804 4965 3296
f 3296 4965 3297
f 3296 3297 402
f 36 1808 4966
f 36 4966 1681
f 1808 890 3298
f 1808 3298 4966
f 1681 4966 3300
f 1681 3300 835
f 4966 3298 403
f 4966 403 3300
f 1809 81 1806
f 1809 1806 4967
f 4967 1806 889
f 4967 889 3299
f 890 1809 4967
f 890 4967 3298
f 3298 4967 3299
f 3298 3299 403
f 39 1682 4968
f 39 4968 1807
f 1682 835 3300
f 1682 3300 4968
f 1807 4968 3299
f 1807 3299 889
f 4968 3300 403
f 4968 403 3299
f 83 1814 4969
f 83 4969 1817
f 1814 893 3302
f 1814 3302 4969
f 1817 4969 3306
f 1817 3306 895
f 4969 3302 405
f 4969 405 3306
f 1815 48 1674
f 1815 1674 4971
f 4970 1673 832
f 4970 832 3303
f 893 1815 4971
f 893 4971 3302
f 3301 4970 3303
f 3301 3303 404
f 50 1811 4972
f 50 4972 1676
f 1811 891 3304
f 1811 3304 4972
f 1676 4972 3303
f 1676 3303 832
f 4972 3304 404
f 4972 404 3303
f 1810 82 1816
f 1810 1816 4973
f 4973 1816 894
f 4973 894 3305
f 891 1810 4973
f 891 4973 3304
f 3304 4973 3305
f 3304 3305 404
f 37 1694 4974
f 37 4974 1837
f 1694 840 3307
f 1694 3307 4974
f 1837 4974 3309
f 1837 3309 905
f 4974 3307 406
f 4974 406 3309
f 1693 52 1691
f 1693 1691 4975
f 4975 1691 839
f 4975 839 3308
f 840 1693 4975
f 840 4975 3307
f 3307 4975 3308
f 3307 3308 406
f 86 1836 4976
f 86 4976 1692
f 1836 905 3309
f 1836 3309 4976
f 1692 4976 3308
f 1692 3308 839
f 4976 3309 406
f 4976 406 3308
f 37 1616 4977
f 37 4977 1694
f 1616 801 3310
f 1616 3310 4977
f 1694 4977 3313
f 1694 3313 840
f 4977 3310 407
f 4977 407 3313
f 1615 26 1579
f 1615 1579 4978
f 4978 1579 784
f 4978 784 3311
f 801 1615 4978
f 801 4978 3310
f 3310 4978 3311
f 3310 3311 407
f 27 1695 4979
f 27 4979 1578
f 1695 841 3312
f 1695 3312 4979
f 1578 4979 3311
f 1578 3311 784
f 4979 3312 407
f 4979 407 3311
f 1696 52 1693
f 1696 1693 4980
f 4980 1693 840
f 4980 840 3313
f 841 1696 4980
f 841 4980 3312
f 3312 4980 3313
f 3312 3313 407
f 44 1640 4981
f 44 4981 1651
f 1640 815 3314
f 1640 3314 4981
f 1651 4981 3319
f 1651 3319 821
f 4981 3314 408
f 4981 408 3319
f 1639 40 1697
f 1639 1697 4982
f 4982 1697 842
f 4982 842 3315
f 815 1639 4982
f 815 4982 3314
f 3314 4982 3315
f 3314 3315 408
f 27 1628 4984
f 27 4984 1698
f 1628 809 3318
f 1628 3318 4984
f 1698 4984 3316
f 1698 3316 843
f 4983 3317 408
f 4983 408 3315
f 1626 41 1652
f 1626 1652 4985
f 4985 1652 821
f 4985 821 3319
f 808 1626 4985
f 808 4985 3317
f 3317 4985 3319
f 3317 3319 408
f 40 1625 4986
f 40 4986 1697
f 1625 807 3320
f 1625 3320 4986
f 1697 4986 3324
f 1697 3324 842
f 4987 3321 409
f 4987 409 3325
f 1624 38 1699
f 1624 1699 4988
f 4989 1700 844
f 4989 844 3322
f 807 1624 4988
f 807 4988 3320
f 3321 4989 3322
f 3321 3322 409
f 52 1696 4990
f 52 4990 1701
f 1696 841 3323
f 1696 3323 4990
f 1701 4990 3322
f 1701 3322 844
f 4990 3323 409
f 4990 409 3322
f 1695 27 1698
f 1695 1698 4991
f 4991 1698 843
f 4991 843 3325
f 841 1695 4991
f 841 4991 3323
f 3323 4991 3325
f 3323 3325 409
f 38 1828 4992
f 38 4992 1699
f 1828 900 3326
f 1828 3326 4992
f 1700 4993 3330
f 1700 3330 844
f 4993 3327 410
f 4993 410 3330
f 1827 85 1833
f 1827 1833 4994
f 4995 1834 904
f 4995 904 3328
f 900 1827 4994
f 900 4994 3326
f 3327 4995 3328
f 3327 3328 410
f 86 1692 4996
f 86 4996 1835
f 1692 839 3329
f 1692 3329 4996
f 1835 4996 3328
f 1835 3328 904
f 4996 3329 410
f 4996 410 3328
f 1691 52 1701
f 1691 1701 4997
f 4997 1701 844
f 4997 844 3330
f 839 1691 4997
f 839 4997 3329
f 3329 4997 3330
f 3329 3330 410
f 44 1712 4999
f 44 4999 1638
f 1711 848 3331
f 1711 3331 4998
f 1638 4999 3335
f 1638 3335 814
f 4998 3331 411
f 4998 411 3334
f 1710 55 1731
f 1710 1731 5000
f 5000 1731 856
f 5000 856 3332
f 848 1710 5000
f 848 5000 3331
f 3331 5000 3332
f 3331 3332 411
f 57 1716 5001
f 57 5001 1732
f 1716 850 3333
f 1716 3333 5001
f 1732 5001 3332
f 1732 3332 856
f 5001 3333 411
f 5001 411 3332
f 1719 43 1637
f 1719 1637 5003
f 5003 1637 814
f 5003 814 3335
f 850 1718 5002
f 850 5002 3333
f 3333 5002 3334
f 3333 3334 411
f 359 3083 5004
f 359 5004 3082
f 3083 1509 3336
f 3083 3336 5004
f 3082 5004 3339
f 3082 3339 1508
f 5004 3336 412
f 5004 412 3339
f 3084 352 1733
f 3084 1733 5005
f 5005 1733 857
f 5005 857 3337
f 1509 3084 5005
f 1509 5005 3336
f 3336 5005 3337
f 3336 3337 412
f 59 3020 5006
f 59 5006 1734
f 3020 1474 3338
f 3020 3338 5006
f 1734 5006 3337
f 1734 3337 857
f 5006 3338 412
f 5006 412 3337
f 3021 358 3081
f 3021 3081 5007
f 5007 3081 1508
f 5007 1508 3339
f 1474 3021 5007
f 1474 5007 3338
f 3338 5007 3339
f 3338 3339 412
f 260 2534 5008
f 260 5008 3003
f 2534 1233 3340
f 2534 3340 5008
f 3003 5008 3343
f 3003 3343 1465
f 5008 3340 413
f 5008 413 3343
f 2535 303 3008
f 2535 3008 5009
f 5009 3008 1468
f 5009 1468 3341
f 1233 2535 5009
f 1233 5009 3340
f 3340 5009 3341
f 3340 3341 413
f 311 2559 5010
f 311 5010 3009
f 2559 1245 3342
f 2559 3342 5010
f 3009 5010 3341
f 3009 3341 1468
f 5010 3342 413
f 5010 413 3341
f 2558 274 3002
f 2558 3002 5011
f 5011 3002 1465
f 5011 1465 3343
f 1245 2558 5011
f 1245 5011 3342
f 3342 5011 3343
f 3342 3343 413
f 4 2995 5012
f 4 5012 2686
f 2995 1461 3344
f 2995 3344 5012
f 2686 5012 3347
f 2686 3347 1307
f 5012 3344 414
f 5012 414 3347
f 2994 5 2654
f 2994 2654 5013
f 5013 2654 1291
f 5013 1291 3345
f 1461 2994 5013
f 1461 5013 3344
f 3344 5013 3345
f 3344 3345 414
f 280 3014 5014
f 280 5014 2655
f 3014 1471 3346
f 3014 3346 5014
f 2655 5014 3345
f 2655 3345 1291
f 5014 3346 414
f 5014 414 3345
f 3015 281 2685
f 3015 2685 5015
f 5015 2685 1307
f 5015 1307 3347
f 1471 3015 5015
f 1471 5015 3346
f 3346 5015 3347
f 3346 3347 414
f 347 3024 5016
f 347 5016 3053
f 3024 1476 3348
f 3024 3348 5016
f 3053 5016 3351
f 3053 3351 1492
f 5016 3348 415
f 5016 415 3351
f 3022 1 1776
f 3022 1776 5017
f 5017 1776 875
f 5017 875 3349
f 1476 3022 5017
f 1476 5017 3348
f 3348 5017 3349
f 3348 3349 415
f 172 3025 5018
f 172 5018 1777
f 3025 1477 3350
f 3025 3350 5018
f 1777 5018 3349
f 1777 3349 875
f 5018 3350 415
f 5018 415 3349
f 3026 345 3052
f 3026 3052 5019
f 5019 3052 1492
f 5019 1492 3351
f 1477 3026 5019
f 1477 5019 3350
f 3350 5019 3351
f 3350 3351 415
f 109 2105 5020
f 109 5020 2967
f 2105 1034 3352
f 2105 3352 5020
f 2967 5020 3356
f 2967 3356 1446
f 5020 3352 416
f 5020 416 3356
f 2103 173 2971
f 2103 2971 5021
f 5021 2971 1448
f 5021 1448 3353
f 1034 2104 5022
f 1034 5022 3352
f 3352 5022 3354
f 3352 3354 416
f 42 1631 5023
f 42 5023 2970
f 1632 811 3355
f 1632 3355 5024
f 2970 5023 3353
f 2970 3353 1448
f 5024 3355 416
f 5024 416 3354
f 1633 13 2966
f 1633 2966 5025
f 5025 2966 1446
f 5025 1446 3356
f 811 1633 5025
f 811 5025 3355
f 3355 5025 3356
f 3355 3356 416
f 173 2107 5027
f 173 5027 2971
f 2108 1035 3357
f 2108 3357 5026
f 2971 5027 3361
f 2971 3361 1448
f 5026 3357 417
f 5026 417 3360
f 2106 174 2974
f 2106 2974 5028
f 5028 2974 1450
f 5028 1450 3358
f 1035 2106 5028
f 1035 5028 3357
f 3357 5028 3358
f 3357 3358 417
f 54 1707 5029
f 54 5029 2975
f 1707 847 3359
f 1707 3359 5029
f 2975 5029 3358
f 2975 3358 1450
f 5029 3359 417
f 5029 417 3358
f 1709 42 2970
f 1709 2970 5031
f 5031 2970 1448
f 5031 1448 3361
f 847 1708 5030
f 847 5030 3359
f 3359 5030 3360
f 3359 3360 417
f 54 1650 5032
f 54 5032 1723
f 1650 820 3362
f 1650 3362 5032
f 1723 5032 3366
f 1723 3366 853
f 5032 3362 418
f 5032 418 3366
f 1649 46 2261
f 1649 2261 5033
f 5033 2261 1103
f 5033 1103 3363
f 820 1649 5033
f 820 5033 3362
f 3362 5033 3363
f 3362 3363 418
f 202 2292 5035
f 202 5035 2260
f 2292 1116 3365
f 2292 3365 5035
f 2259 5034 3363
f 2259 3363 1103
f 5034 3364 418
f 5034 418 3363
f 2293 199 1725
f 2293 1725 5037
f 5036 1724 853
f 5036 853 3366
f 1116 2293 5037
f 1116 5037 3365
f 3364 5036 3366
f 3364 3366 418
f 226 1648 5038
f 226 5038 2408
f 1648 819 3368
f 1648 3368 5038
f 2408 5038 3370
f 2408 3370 1168
f 5038 3368 419
f 5038 419 3370
f 1646 67 1769
f 1646 1769 5039
f 5040 1770 872
f 5040 872 3369
f 818 1646 5039
f 818 5039 3367
f 3368 5040 3369
f 3368 3369 419
f 68 2407 5041
f 68 5041 1768
f 2407 1168 3370
f 2407 3370 5041
f 1768 5041 3369
f 1768 3369 872
f 5041 3370 419
f 5041 419 3369
f 58 1660 5042
f 58 5042 1728
f 1660 825 3371
f 1660 3371 5042
f 1728 5042 3375
f 1728 3375 855
f 5042 3371 420
f 5042 420 3375
f 1658 70 2264
f 1658 2264 5043
f 5043 2264 1104
f 5043 1104 3372
f 825 1658 5043
f 825 5043 3371
f 3371 5043 3372
f 3371 3372 420
f 203 2294 5044
f 203 5044 2262
f 2294 1117 3373
f 2294 3373 5044
f 2263 5045 3372
f 2263 3372 1104
f 5045 3374 420
f 5045 420 3372
f 2295 200 1729
f 2295 1729 5046
f 5047 1730 855
f 5047 855 3375
f 1117 2295 5046
f 1117 5046 3373
f 3374 5047 3375
f 3374 3375 420
f 56 1656 5048
f 56 5048 2972
f 1656 823 3376
f 1656 3376 5048
f 2972 5048 3379
f 2972 3379 1449
f 5048 3376 421
f 5048 421 3379
f 1655 47 2977
f 1655 2977 5049
f 5049 2977 1451
f 5049 1451 3377
f 823 1655 5049
f 823 5049 3376
f 3376 5049 3377
f 3376 3377 421
f 180 2128 5050
f 180 5050 2976
f 2128 1044 3378
f 2128 3378 5050
f 2976 5050 3377
f 2976 3377 1451
f 5050 3378 421
f 5050 421 3377
f 2127 154 2973
f 2127 2973 5051
f 5051 2973 1449
f 5051 1449 3379
f 1044 2127 5051
f 1044 5051 3378
f 3378 5051 3379
f 3378 3379 421
f 55 1654 5052
f 55 5052 1731
f 1654 822 3380
f 1654 3380 5052
f 1731 5052 3383
f 1731 3383 856
f 5052 3380 422
f 5052 422 3383
f 1653 68 1775
f 1653 1775 5053
f 5053 1775 874
f 5053 874 3381
f 822 1653 5053
f 822 5053 3380
f 3380 5053 3381
f 3380 3381 422
f 69 1657 5054
f 69 5054 1774
f 1657 824 3382
f 1657 3382 5054
f 1774 5054 3381
f 1774 3381 874
f 5054 3382 422
f 5054 422 3381
f 1659 57 1732
f 1659 1732 5055
f 5055 1732 856
f 5055 856 3383
f 824 1659 5055
f 824 5055 3382
f 3382 5055 3383
f 3382 3383 422
f 174 1721 5056
f 174 5056 2974
f 1721 852 3384
f 1721 3384 5056
f 2974 5056 3387
f 2974 3387 1450
f 5056 3384 423
f 5056 423 3387
f 1722 71 2979
f 1722 2979 5057
f 5057 2979 1452
f 5057 1452 3385
f 852 1722 5057
f 852 5057 3384
f 3384 5057 3385
f 3384 3385 423
f 46 1649 5058
f 46 5058 2978
f 1649 820 3386
f 1649 3386 5058
f 2978 5058 3385
f 2978 3385 1452
f 5058 3386 423
f 5058 423 3385
f 1650 54 2975
f 1650 2975 5059
f 5059 2975 1450
f 5059 1450 3387
f 820 1650 5059
f 820 5059 3386
f 3386 5059 3387
f 3386 3387 423
f 358 3021 5060
f 358 5060 3080
f 3021 1474 3388
f 3021 3388 5060
f 3080 5060 3391
f 3080 3391 1507
f 5060 3388 424
f 5060 424 3391
f 3020 59 1528
f 3020 1528 5061
f 5061 1528 763
f 5061 763 3389
f 1474 3020 5061
f 1474 5061 3388
f 3388 5061 3389
f 3388 3389 424
f 356 3077 5062
f 356 5062 1529
f 3077 1506 3390
f 3077 3390 5062
f 1529 5062 3389
f 1529 3389 763
f 5062 3390 424
f 5062 424 3389
f 3078 357 3079
f 3078 3079 5063
f 5063 3079 1507
f 5063 1507 3391
f 1506 3078 5063
f 1506 5063 3390
f 3390 5063 3391
f 3390 3391 424
f 190 2296 5064
f 190 5064 2902
f 2296 1118 3392
f 2296 3392 5064
f 2902 5064 3396
f 2902 3396 1412
f 5064 3392 425
f 5064 425 3396
f 2297 201 2900
f 2297 2900 5065
f 5065 2900 1411
f 5065 1411 3393
f 1118 2298 5066
f 1118 5066 3392
f 3392 5066 3394
f 3392 3394 425
f 60 1558 5067
f 60 5067 2899
f 1559 775 3395
f 1559 3395 5068
f 2899 5067 3393
f 2899 3393 1411
f 5068 3395 425
f 5068 425 3394
f 1557 17 2901
f 1557 2901 5069
f 5069 2901 1412
f 5069 1412 3396
f 775 1557 5069
f 775 5069 3395
f 3395 5069 3396
f 3395 3396 425
f 61 1738 5070
f 61 5070 1744
f 1739 859 3397
f 1739 3397 5071
f 1744 5070 3400
f 1744 3400 861
f 5071 3397 426
f 5071 426 3401
f 1740 16 1599
f 1740 1599 5072
f 5072 1599 793
f 5072 793 3398
f 859 1740 5072
f 859 5072 3397
f 3397 5072 3398
f 3397 3398 426
f 32 1596 5073
f 32 5073 1600
f 1596 792 3399
f 1596 3399 5073
f 1600 5073 3398
f 1600 3398 793
f 5073 3399 426
f 5073 426 3398
f 1597 62 1745
f 1597 1745 5074
f 5074 1745 861
f 5074 861 3400
f 792 1598 5075
f 792 5075 3399
f 3399 5075 3401
f 3399 3401 426
f 92 1868 5076
f 92 5076 1872
f 1868 919 3402
f 1868 3402 5076
f 1872 5076 3406
f 1872 3406 920
f 5076 3402 427
f 5076 427 3406
f 1869 28 1585
f 1869 1585 5077
f 5077 1585 787
f 5077 787 3403
f 919 1869 5077
f 919 5077 3402
f 3402 5077 3403
f 3402 3403 427
f 63 1864 5079
f 63 5079 1586
f 1863 917 3404
f 1863 3404 5078
f 1587 5080 3403
f 1587 3403 787
f 5080 3405 427
f 5080 427 3403
f 1862 91 1870
f 1862 1870 5081
f 5082 1871 920
f 5082 920 3406
f 917 1862 5081
f 917 5081 3404
f 3405 5082 3406
f 3405 3406 427
f 90 1853 5083
f 90 5083 1857
f 1853 913 3407
f 1853 3407 5083
f 1857 5083 3411
f 1857 3411 914
f 5083 3407 428
f 5083 428 3411
f 1854 73 1794
f 1854 1794 5084
f 5084 1794 884
f 5084 884 3408
f 913 1854 5084
f 913 5084 3407
f 3407 5084 3408
f 3407 3408 428
f 75 1849 5085
f 75 5085 1795
f 1849 911 3409
f 1849 3409 5085
f 1796 5086 3408
f 1796 3408 884
f 5086 3410 428
f 5086 428 3408
f 1848 89 1855
f 1848 1855 5087
f 5088 1856 914
f 5088 914 3411
f 911 1848 5087
f 911 5087 3409
f 3410 5088 3411
f 3410 3411 428
f 64 1753 5089
f 64 5089 1759
f 1754 865 3412
f 1754 3412 5090
f 1759 5089 3415
f 1759 3415 867
f 5090 3412 429
f 5090 429 3416
f 1755 7 1535
f 1755 1535 5091
f 5091 1535 766
f 5091 766 3413
f 865 1755 5091
f 865 5091 3412
f 3412 5091 3413
f 3412 3413 429
f 291 2751 5092
f 291 5092 1536
f 2751 1340 3414
f 2751 3414 5092
f 1536 5092 3413
f 1536 3413 766
f 5092 3414 429
f 5092 429 3413
f 2752 295 1760
f 2752 1760 5093
f 5093 1760 867
f 5093 867 3415
f 1340 2753 5094
f 1340 5094 3414
f 3414 5094 3416
f 3414 3416 429
f 65 1543 5095
f 65 5095 2658
f 1544 769 3417
f 1544 3417 5096
f 2658 5095 3420
f 2658 3420 1293
f 5096 3417 430
f 5096 430 3421
f 1542 6 2650
f 1542 2650 5097
f 5097 2650 1289
f 5097 1289 3418
f 769 1542 5097
f 769 5097 3417
f 3417 5097 3418
f 3417 3418 430
f 12 1547 5098
f 12 5098 2651
f 1547 771 3419
f 1547 3419 5098
f 2651 5098 3418
f 2651 3418 1289
f 5098 3419 430
f 5098 430 3418
f 1548 66 2659
f 1548 2659 5099
f 5099 2659 1293
f 5099 1293 3420
f 771 1549 5100
f 771 5100 3419
f 3419 5100 3421
f 3419 3421 430
f 84 1818 5101
f 84 5101 1822
f 1818 896 3422
f 1818 3422 5101
f 1822 5101 3426
f 1822 3426 897
f 5101 3422 431
f 5101 431 3426
f 1819 51 1685
f 1819 1685 5102
f 5102 1685 837
f 5102 837 3423
f 896 1819 5102
f 896 5102 3422
f 3422 5102 3423
f 3422 3423 431
f 48 1815 5103
f 48 5103 1686
f 1815 893 3424
f 1815 3424 5103
f 1688 5104 3423
f 1688 3423 837
f 5104 3425 431
f 5104 431 3423
f 1814 83 1820
f 1814 1820 5105
f 5106 1821 897
f 5106 897 3426
f 893 1814 5105
f 893 5105 3424
f 3425 5106 3426
f 3425 3426 431
f 360 2991 5107
f 360 5107 3108
f 2991 1459 3427
f 2991 3427 5107
f 3108 5107 3430
f 3108 3430 1521
f 5107 3427 432
f 5107 432 3430
f 2990 95 2178
f 2990 2178 5108
f 5108 2178 1064
f 5108 1064 3428
f 1459 2990 5108
f 1459 5108 3427
f 3427 5108 3428
f 3427 3428 432
f 102 3066 5109
f 102 5109 2177
f 3066 1500 3429
f 3066 3429 5109
f 2177 5109 3428
f 2177 3428 1064
f 5109 3429 432
f 5109 432 3428
f 3065 351 3107
f 3065 3107 5110
f 5110 3107 1521
f 5110 1521 3430
f 1500 3065 5110
f 1500 5110 3429
f 3429 5110 3430
f 3429 3430 432
f 204 2904 5111
f 204 5111 2300
f 2904 1413 3431
f 2904 3431 5111
f 2300 5111 3434
f 2300 3434 1119
f 5111 3431 433
f 5111 433 3434
f 2903 77 2381
f 2903 2381 5112
f 5112 2381 1155
f 5112 1155 3432
f 1413 2903 5112
f 1413 5112 3431
f 3431 5112 3432
f 3431 3432 433
f 20 2239 5113
f 20 5113 2380
f 2239 1093 3433
f 2239 3433 5113
f 2380 5113 3432
f 2380 3432 1155
f 5113 3433 433
f 5113 433 3432
f 2238 193 2299
f 2238 2299 5114
f 5114 2299 1119
f 5114 1119 3434
f 1093 2238 5114
f 1093 5114 3433
f 3433 5114 3434
f 3433 3434 433
f 76 2386 5115
f 76 5115 1788
f 2386 1158 3435
f 2386 3435 5115
f 1788 5115 3438
f 1788 3438 881
f 5115 3435 434
f 5115 434 3438
f 2387 21 1608
f 2387 1608 5116
f 5116 1608 797
f 5116 797 3436
f 1158 2387 5116
f 1158 5116 3435
f 3435 5116 3436
f 3435 3436 434
f 31 2383 5117
f 31 5117 1607
f 2383 1156 3437
f 2383 3437 5117
f 1607 5117 3436
f 1607 3436 797
f 5117 3437 434
f 5117 434 3436
f 2382 79 1789
f 2382 1789 5118
f 5118 1789 881
f 5118 881 3438
f 1156 2382 5118
f 1156 5118 3437
f 3437 5118 3438
f 3437 3438 434
f 80 2378 5119
f 80 5119 1790
f 2378 1154 3439
f 2378 3439 5119
f 1790 5119 3442
f 1790 3442 882
f 5119 3439 435
f 5119 435 3442
f 2379 19 2237
f 2379 2237 5120
f 5120 2237 1092
f 5120 1092 3440
f 1154 2379 5120
f 1154 5120 3439
f 3439 5120 3440
f 3439 3440 435
f 192 2301 5121
f 192 5121 2236
f 2301 1120 3441
f 2301 3441 5121
f 2236 5121 3440
f 2236 3440 1092
f 5121 3441 435
f 5121 435 3440
f 2302 205 1791
f 2302 1791 5122
f 5122 1791 882
f 5122 882 3442
f 1120 2302 5122
f 1120 5122 3441
f 3441 5122 3442
f 3441 3442 435
f 78 2384 5123
f 78 5123 1792
f 2384 1157 3443
f 2384 3443 5123
f 1792 5123 3446
f 1792 3446 883
f 5123 3443 436
f 5123 436 3446
f 2385 34 1606
f 2385 1606 5124
f 5124 1606 796
f 5124 796 3444
f 1157 2385 5124
f 1157 5124 3443
f 3443 5124 3444
f 3443 3444 436
f 19 2379 5125
f 19 5125 1605
f 2379 1154 3445
f 2379 3445 5125
f 1605 5125 3444
f 1605 3444 796
f 5125 3445 436
f 5125 436 3444
f 2378 80 1793
f 2378 1793 5126
f 5126 1793 883
f 5126 883 3446
f 1154 2378 5126
f 1154 5126 3445
f 3445 5126 3446
f 3445 3446 436
f 79 2382 5127
f 79 5127 1802
f 2382 1156 3447
f 2382 3447 5127
f 1802 5127 3450
f 1802 3450 887
f 5127 3447 437
f 5127 437 3450
f 2383 31 1593
f 2383 1593 5128
f 5128 1593 790
f 5128 790 3448
f 1156 2383 5128
f 1156 5128 3447
f 3447 5128 3448
f 3447 3448 437
f 7 2375 5129
f 7 5129 1592
f 2375 1152 3449
f 2375 3449 5129
f 1592 5129 3448
f 1592 3448 790
f 5129 3449 437
f 5129 437 3448
f 2374 73 1803
f 2374 1803 5130
f 5130 1803 887
f 5130 887 3450
f 1152 2374 5130
f 1152 5130 3449
f 3449 5130 3450
f 3449 3450 437
f 77 3049 5131
f 77 5131 2381
f 3049 1490 3451
f 3049 3451 5131
f 2381 5131 3454
f 2381 3454 1155
f 5131 3451 438
f 5131 438 3454
f 3048 345 3119
f 3048 3119 5132
f 5132 3119 1527
f 5132 1527 3452
f 1490 3048 5132
f 1490 5132 3451
f 3451 5132 3452
f 3451 3452 438
f 363 3001 5133
f 363 5133 3120
f 3001 1464 3453
f 3001 3453 5133
f 3120 5133 3452
f 3120 3452 1527
f 5133 3453 438
f 5133 438 3452
f 3000 20 2380
f 3000 2380 5134
f 5134 2380 1155
f 5134 1155 3454
f 1464 3000 5134
f 1464 5134 3453
f 3453 5134 3454
f 3453 3454 438
f 7 1755 5135
f 7 5135 2375
f 1755 865 3455
f 1755 3455 5135
f 2375 5135 3459
f 2375 3459 1152
f 5135 3455 439
f 5135 439 3459
f 1753 64 2389
f 1753 2389 5136
f 5136 2389 1159
f 5136 1159 3456
f 865 1754 5137
f 865 5137 3455
f 3455 5137 3457
f 3455 3457 439
f 75 1795 5138
f 75 5138 2388
f 1796 884 3458
f 1796 3458 5139
f 2388 5138 3456
f 2388 3456 1159
f 5139 3458 439
f 5139 439 3457
f 1794 73 2374
f 1794 2374 5140
f 5140 2374 1152
f 5140 1152 3459
f 884 1794 5140
f 884 5140 3458
f 3458 5140 3459
f 3458 3459 439
f 74 1845 5141
f 74 5141 1797
f 1845 909 3460
f 1845 3460 5141
f 1797 5141 3464
f 1797 3464 885
f 5141 3460 440
f 5141 440 3464
f 1844 88 1850
f 1844 1850 5142
f 5142 1850 912
f 5142 912 3461
f 909 1844 5142
f 909 5142 3460
f 3460 5142 3461
f 3460 3461 440
f 89 1848 5144
f 89 5144 1852
f 1848 911 3463
f 1848 3463 5144
f 1851 5143 3461
f 1851 3461 912
f 5143 3462 440
f 5143 440 3461
f 1849 75 1799
f 1849 1799 5146
f 5145 1798 885
f 5145 885 3464
f 911 1849 5146
f 911 5146 3463
f 3462 5145 3464
f 3462 3464 440
f 78 1842 5147
f 78 5147 1839
f 1842 908 3465
f 1842 3465 5147
f 1839 5147 3467
f 1839 3467 906
f 5147 3465 441
f 5147 441 3467
f 1843 87 1591
f 1843 1591 5148
f 5148 1591 789
f 5148 789 3466
f 908 1843 5148
f 908 5148 3465
f 3465 5148 3466
f 3465 3466 441
f 29 1838 5149
f 29 5149 1590
f 1838 906 3467
f 1838 3467 5149
f 1590 5149 3466
f 1590 3466 789
f 5149 3467 441
f 5149 441 3466
f 36 1812 5150
f 36 5150 1804
f 1812 892 3468
f 1812 3468 5150
f 1804 5150 3470
f 1804 3470 888
f 5150 3468 442
f 5150 442 3470
f 1813 82 1810
f 1813 1810 5151
f 5151 1810 891
f 5151 891 3469
f 892 1813 5151
f 892 5151 3468
f 3468 5151 3469
f 3468 3469 442
f 50 1805 5152
f 50 5152 1811
f 1805 888 3470
f 1805 3470 5152
f 1811 5152 3469
f 1811 3469 891
f 5152 3470 442
f 5152 442 3469
f 36 1804 5153
f 36 5153 1808
f 1804 888 3471
f 1804 3471 5153
f 1808 5153 3473
f 1808 3473 890
f 5153 3471 443
f 5153 443 3473
f 1805 50 1677
f 1805 1677 5154
f 5154 1677 833
f 5154 833 3472
f 888 1805 5154
f 888 5154 3471
f 3471 5154 3472
f 3471 3472 443
f 81 1809 5155
f 81 5155 1678
f 1809 890 3473
f 1809 3473 5155
f 1678 5155 3472
f 1678 3472 833
f 5155 3473 443
f 5155 443 3472
f 36 1670 5156
f 36 5156 1812
f 1670 830 3474
f 1670 3474 5156
f 1812 5156 3476
f 1812 3476 892
f 5156 3474 444
f 5156 444 3476
f 1669 11 1683
f 1669 1683 5157
f 5157 1683 836
f 5157 836 3475
f 830 1669 5157
f 830 5157 3474
f 3474 5157 3475
f 3474 3475 444
f 82 1813 5158
f 82 5158 1684
f 1813 892 3476
f 1813 3476 5158
f 1684 5158 3475
f 1684 3475 836
f 5158 3476 444
f 5158 444 3475
f 82 1684 5159
f 82 5159 1816
f 1684 836 3477
f 1684 3477 5159
f 1816 5159 3481
f 1816 3481 894
f 5159 3477 445
f 5159 445 3481
f 1683 11 1763
f 1683 1763 5160
f 5160 1763 868
f 5160 868 3478
f 836 1683 5160
f 836 5160 3477
f 3477 5160 3478
f 3477 3478 445
f 66 1764 5162
f 66 5162 1762
f 1764 869 3480
f 1764 3480 5162
f 1761 5161 3478
f 1761 3478 868
f 5162 3480 446
f 5162 446 3479
f 1765 83 1817
f 1765 1817 5163
f 5163 1817 895
f 5163 895 3482
f 869 1765 5163
f 869 5163 3480
f 3480 5163 3482
f 3480 3482 446
f 83 1765 5164
f 83 5164 1820
f 1765 869 3483
f 1765 3483 5164
f 1821 5165 3487
f 1821 3487 897
f 5165 3484 447
f 5165 447 3487
f 1764 66 1548
f 1764 1548 5166
f 5167 1549 771
f 5167 771 3485
f 869 1764 5166
f 869 5166 3483
f 3484 5167 3485
f 3484 3485 447
f 12 1689 5168
f 12 5168 1547
f 1689 838 3486
f 1689 3486 5168
f 1547 5168 3485
f 1547 3485 771
f 5168 3486 447
f 5168 447 3485
f 1690 84 1822
f 1690 1822 5169
f 5169 1822 897
f 5169 897 3487
f 838 1690 5169
f 838 5169 3486
f 3486 5169 3487
f 3486 3487 447
f 84 1690 5170
f 84 5170 1823
f 1690 838 3488
f 1690 3488 5170
f 1823 5170 3490
f 1823 3490 898
f 5170 3488 448
f 5170 448 3490
f 1689 12 1672
f 1689 1672 5171
f 5171 1672 831
f 5171 831 3489
f 838 1689 5171
f 838 5171 3488
f 3488 5171 3489
f 3488 3489 448
f 37 1824 5172
f 37 5172 1671
f 1824 898 3490
f 1824 3490 5172
f 1671 5172 3489
f 1671 3489 831
f 5172 3490 448
f 5172 448 3489
f 51 1819 5173
f 51 5173 1825
f 1819 896 3491
f 1819 3491 5173
f 1825 5173 3493
f 1825 3493 899
f 5173 3491 449
f 5173 449 3493
f 1818 84 1823
f 1818 1823 5174
f 5174 1823 898
f 5174 898 3492
f 896 1818 5174
f 896 5174 3491
f 3491 5174 3492
f 3491 3492 449
f 37 1826 5175
f 37 5175 1824
f 1826 899 3493
f 1826 3493 5175
f 1824 5175 3492
f 1824 3492 898
f 5175 3493 449
f 5175 449 3492
f 81 1678 5176
f 81 5176 1829
f 1678 833 3494
f 1678 3494 5176
f 1829 5176 3498
f 1829 3498 901
f 5176 3494 450
f 5176 450 3498
f 1677 50 1676
f 1677 1676 5177
f 5177 1676 832
f 5177 832 3495
f 833 1677 5177
f 833 5177 3494
f 3494 5177 3495
f 3494 3495 450
f 49 1679 5179
f 49 5179 1675
f 1679 834 3497
f 1679 3497 5179
f 1673 5178 3495
f 1673 3495 832
f 5179 3497 451
f 5179 451 3496
f 1680 85 1830
f 1680 1830 5180
f 5180 1830 902
f 5180 902 3499
f 834 1680 5180
f 834 5180 3497
f 3497 5180 3499
f 3497 3499 451
f 85 1680 5181
f 85 5181 1833
f 1680 834 3500
f 1680 3500 5181
f 1834 5182 3504
f 1834 3504 904
f 5182 3501 452
f 5182 452 3504
f 1679 49 1687
f 1679 1687 5183
f 5184 1688 837
f 5184 837 3502
f 834 1679 5183
f 834 5183 3500
f 3501 5184 3502
f 3501 3502 452
f 51 1832 5185
f 51 5185 1685
f 1832 903 3503
f 1832 3503 5185
f 1685 5185 3502
f 1685 3502 837
f 5185 3503 452
f 5185 452 3502
f 1831 86 1835
f 1831 1835 5186
f 5186 1835 904
f 5186 904 3504
f 903 1831 5186
f 903 5186 3503
f 3503 5186 3504
f 3503 3504 452
f 86 1831 5187
f 86 5187 1836
f 1831 903 3505
f 1831 3505 5187
f 1836 5187 3507
f 1836 3507 905
f 5187 3505 453
f 5187 453 3507
f 1832 51 1825
f 1832 1825 5188
f 5188 1825 899
f 5188 899 3506
f 903 1832 5188
f 903 5188 3505
f 3505 5188 3506
f 3505 3506 453
f 37 1837 5189
f 37 5189 1826
f 1837 905 3507
f 1837 3507 5189
f 1826 5189 3506
f 1826 3506 899
f 5189 3507 453
f 5189 453 3506
f 88 1844 5190
f 88 5190 1847
f 1844 909 3508
f 1844 3508 5190
f 1847 5190 3510
f 1847 3510 910
f 5190 3508 454
f 5190 454 3510
f 1845 74 1801
f 1845 1801 5191
f 5191 1801 886
f 5191 886 3509
f 909 1845 5191
f 909 5191 3508
f 3508 5191 3509
f 3508 3509 454
f 78 1846 5192
f 78 5192 1800
f 1846 910 3510
f 1846 3510 5192
f 1800 5192 3509
f 1800 3509 886
f 5192 3510 454
f 5192 454 3509
f 78 1782 5193
f 78 5193 1842
f 1782 878 3511
f 1782 3511 5193
f 1842 5193 3513
f 1842 3513 908
f 5193 3511 455
f 5193 455 3513
f 1783 30 1841
f 1783 1841 5194
f 5194 1841 907
f 5194 907 3512
f 878 1783 5194
f 878 5194 3511
f 3511 5194 3512
f 3511 3512 455
f 87 1843 5195
f 87 5195 1840
f 1843 908 3513
f 1843 3513 5195
f 1840 5195 3512
f 1840 3512 907
f 5195 3513 455
f 5195 455 3512
f 78 1839 5196
f 78 5196 1846
f 1839 906 3514
f 1839 3514 5196
f 1846 5196 3516
f 1846 3516 910
f 5196 3514 456
f 5196 456 3516
f 1838 29 1588
f 1838 1588 5197
f 5197 1588 788
f 5197 788 3515
f 906 1838 5197
f 906 5197 3514
f 3514 5197 3515
f 3514 3515 456
f 88 1847 5198
f 88 5198 1589
f 1847 910 3516
f 1847 3516 5198
f 1589 5198 3515
f 1589 3515 788
f 5198 3516 456
f 5198 456 3515
f 88 1589 5199
f 88 5199 1850
f 1589 788 3517
f 1589 3517 5199
f 1850 5199 3521
f 1850 3521 912
f 5199 3517 457
f 5199 457 3521
f 1588 29 1748
f 1588 1748 5200
f 5200 1748 862
f 5200 862 3518
f 788 1588 5200
f 788 5200 3517
f 3517 5200 3518
f 3517 3518 457
f 63 1751 5202
f 63 5202 1747
f 1751 864 3520
f 1751 3520 5202
f 1746 5201 3518
f 1746 3518 862
f 5201 3519 457
f 5201 457 3518
f 1752 89 1852
f 1752 1852 5204
f 5203 1851 912
f 5203 912 3521
f 864 1752 5204
f 864 5204 3520
f 3519 5203 3521
f 3519 3521 457
f 89 1752 5205
f 89 5205 1855
f 1752 864 3522
f 1752 3522 5205
f 1856 5206 3526
f 1856 3526 914
f 5206 3523 458
f 5206 458 3526
f 1751 63 1586
f 1751 1586 5207
f 5208 1587 787
f 5208 787 3524
f 864 1751 5207
f 864 5207 3522
f 3523 5208 3524
f 3523 3524 458
f 28 1583 5209
f 28 5209 1585
f 1583 786 3525
f 1583 3525 5209
f 1585 5209 3524
f 1585 3524 787
f 5209 3525 458
f 5209 458 3524
f 1584 90 1857
f 1584 1857 5210
f 5210 1857 914
f 5210 914 3526
f 786 1584 5210
f 786 5210 3525
f 3525 5210 3526
f 3525 3526 458
f 90 1584 5211
f 90 5211 1858
f 1584 786 3527
f 1584 3527 5211
f 1858 5211 3529
f 1858 3529 915
f 5211 3527 459
f 5211 459 3529
f 1583 28 1860
f 1583 1860 5212
f 5212 1860 916
f 5212 916 3528
f 786 1583 5212
f 786 5212 3527
f 3527 5212 3528
f 3527 3528 459
f 79 1859 5213
f 79 5213 1861
f 1859 915 3529
f 1859 3529 5213
f 1861 5213 3528
f 1861 3528 916
f 5213 3529 459
f 5213 459 3528
f 28 1869 5214
f 28 5214 1860
f 1869 919 3530
f 1869 3530 5214
f 1860 5214 3532
f 1860 3532 916
f 5214 3530 460
f 5214 460 3532
f 1868 92 1873
f 1868 1873 5215
f 5215 1873 921
f 5215 921 3531
f 919 1868 5215
f 919 5215 3530
f 3530 5215 3531
f 3530 3531 460
f 79 1861 5216
f 79 5216 1874
f 1861 916 3532
f 1861 3532 5216
f 1874 5216 3531
f 1874 3531 921
f 5216 3532 460
f 5216 460 3531
f 87 1840 5217
f 87 5217 1865
f 1840 907 3533
f 1840 3533 5217
f 1865 5217 3537
f 1865 3537 918
f 5217 3533 461
f 5217 461 3537
f 1841 30 1743
f 1841 1743 5218
f 5218 1743 860
f 5218 860 3534
f 907 1841 5218
f 907 5218 3533
f 3533 5218 3534
f 3533 3534 461
f 62 1749 5220
f 62 5220 1742
f 1749 863 3536
f 1749 3536 5220
f 1741 5219 3534
f 1741 3534 860
f 5219 3535 461
f 5219 461 3534
f 1750 91 1867
f 1750 1867 5222
f 5221 1866 918
f 5221 918 3537
f 863 1750 5222
f 863 5222 3536
f 3535 5221 3537
f 3535 3537 461
f 91 1750 5223
f 91 5223 1870
f 1750 863 3538
f 1750 3538 5223
f 1871 5224 3542
f 1871 3542 920
f 5224 3539 462
f 5224 462 3542
f 1749 62 1597
f 1749 1597 5225
f 5226 1598 792
f 5226 792 3540
f 863 1749 5225
f 863 5225 3538
f 3539 5226 3540
f 3539 3540 462
f 32 1661 5227
f 32 5227 1596
f 1661 826 3541
f 1661 3541 5227
f 1596 5227 3540
f 1596 3540 792
f 5227 3541 462
f 5227 462 3540
f 1662 92 1872
f 1662 1872 5228
f 5228 1872 920
f 5228 920 3542
f 826 1662 5228
f 826 5228 3541
f 3541 5228 3542
f 3541 3542 462
f 92 1662 5229
f 92 5229 1873
f 1662 826 3543
f 1662 3543 5229
f 1873 5229 3545
f 1873 3545 921
f 5229 3543 463
f 5229 463 3545
f 1661 32 1785
f 1661 1785 5230
f 5230 1785 879
f 5230 879 3544
f 826 1661 5230
f 826 5230 3543
f 3543 5230 3544
f 3543 3544 463
f 79 1874 5231
f 79 5231 1784
f 1874 921 3545
f 1874 3545 5231
f 1784 5231 3544
f 1784 3544 879
f 5231 3545 463
f 5231 463 3544
f 93 2905 5232
f 93 5232 2728
f 2905 1414 3546
f 2905 3546 5232
f 2728 5232 3550
f 2728 3550 1328
f 5232 3546 464
f 5232 464 3550
f 2906 361 3109
f 2906 3109 5233
f 5233 3109 1522
f 5233 1522 3547
f 1414 2906 5233
f 1414 5233 3546
f 3546 5233 3547
f 3546 3547 464
f 95 1877 5234
f 95 5234 3110
f 1877 923 3548
f 1877 3548 5234
f 3110 5234 3547
f 3110 3547 1522
f 5234 3548 464
f 5234 464 3547
f 1878 296 2947
f 1878 2947 5235
f 5235 2947 1436
f 5235 1436 3549
f 923 1878 5235
f 923 5235 3548
f 3548 5235 3549
f 3548 3549 464
f 305 2727 5236
f 305 5236 2948
f 2727 1328 3550
f 2727 3550 5236
f 2948 5236 3549
f 2948 3549 1436
f 5236 3550 464
f 5236 464 3549
f 96 1886 5237
f 96 5237 1880
f 1886 928 3551
f 1886 3551 5237
f 1880 5237 3555
f 1880 3555 924
f 5237 3551 465
f 5237 465 3555
f 1887 319 2841
f 1887 2841 5238
f 5238 2841 1382
f 5238 1382 3552
f 928 1887 5238
f 928 5238 3551
f 3551 5238 3552
f 3551 3552 465
f 318 1882 5239
f 318 5239 2842
f 1882 926 3554
f 1882 3554 5239
f 2842 5239 3553
f 2842 3553 1383
f 5239 3554 466
f 5239 466 3553
f 1881 97 1879
f 1881 1879 5240
f 5240 1879 925
f 5240 925 3556
f 926 1881 5240
f 926 5240 3554
f 3554 5240 3556
f 3554 3556 466
f 339 2963 5241
f 339 5241 3032
f 2963 1444 3557
f 2963 3557 5241
f 3032 5241 3560
f 3032 3560 1480
f 5241 3557 467
f 5241 467 3560
f 2961 103 1890
f 2961 1890 5242
f 5242 1890 930
f 5242 930 3558
f 1444 2961 5242
f 1444 5242 3557
f 3557 5242 3558
f 3557 3558 467
f 102 2964 5243
f 102 5243 1891
f 2964 1445 3559
f 2964 3559 5243
f 1891 5243 3558
f 1891 3558 930
f 5243 3559 467
f 5243 467 3558
f 2965 338 3031
f 2965 3031 5244
f 5244 3031 1480
f 5244 1480 3560
f 1445 2965 5244
f 1445 5244 3559
f 3559 5244 3560
f 3559 3560 467
f 99 1937 5245
f 99 5245 1883
f 1937 953 3561
f 1937 3561 5245
f 1884 5246 3565
f 1884 3565 927
f 5246 3562 468
f 5246 468 3565
f 1938 183 2188
f 1938 2188 5247
f 5248 2189 1069
f 5248 1069 3563
f 953 1938 5247
f 953 5247 3561
f 3562 5248 3563
f 3562 3563 468
f 187 2391 5249
f 187 5249 2190
f 2391 1160 3564
f 2391 3564 5249
f 2190 5249 3563
f 2190 3563 1069
f 5249 3564 468
f 5249 468 3563
f 2390 98 1885
f 2390 1885 5250
f 5250 1885 927
f 5250 927 3565
f 1160 2390 5250
f 1160 5250 3564
f 3564 5250 3565
f 3564 3565 468
f 97 2688 5251
f 97 5251 1879
f 2688 1308 3566
f 2688 3566 5251
f 1879 5251 3571
f 1879 3571 925
f 5251 3566 470
f 5251 470 3571
f 2687 105 1892
f 2687 1892 5252
f 5252 1892 932
f 5252 932 3568
f 1308 2687 5252
f 1308 5252 3566
f 3566 5252 3568
f 3566 3568 470
f 104 2674 5253
f 104 5253 1893
f 2674 1301 3569
f 2674 3569 5253
f 1893 5253 3567
f 1893 3567 931
f 5253 3569 469
f 5253 469 3567
f 2675 96 1880
f 2675 1880 5254
f 5254 1880 924
f 5254 924 3570
f 1301 2675 5254
f 1301 5254 3569
f 3569 5254 3570
f 3569 3570 469
f 287 2678 5255
f 287 5255 2934
f 2678 1303 3572
f 2678 3572 5255
f 2934 5255 3575
f 2934 3575 1429
f 5255 3572 471
f 5255 471 3575
f 2679 108 2946
f 2679 2946 5256
f 5256 2946 1435
f 5256 1435 3573
f 1303 2679 5256
f 1303 5256 3572
f 3572 5256 3573
f 3572 3573 471
f 107 2660 5257
f 107 5257 2945
f 2660 1294 3574
f 2660 3574 5257
f 2945 5257 3573
f 2945 3573 1435
f 5257 3574 471
f 5257 471 3573
f 2661 286 2933
f 2661 2933 5258
f 5258 2933 1429
f 5258 1429 3575
f 1294 2661 5258
f 1294 5258 3574
f 3574 5258 3575
f 3574 3575 471
f 100 1904 5259
f 100 5259 1896
f 1904 937 3576
f 1904 3576 5259
f 1896 5259 3580
f 1896 3580 934
f 5259 3576 472
f 5259 472 3580
f 1905 207 2338
f 1905 2338 5260
f 5260 2338 1138
f 5260 1138 3577
f 937 1905 5260
f 937 5260 3576
f 3576 5260 3577
f 3576 3577 472
f 206 2303 5262
f 206 5262 2340
f 2303 1121 3579
f 2303 3579 5262
f 2339 5261 3577
f 2339 3577 1138
f 5261 3578 472
f 5261 472 3577
f 2304 110 1898
f 2304 1898 5264
f 5263 1897 934
f 5263 934 3580
f 1121 2304 5264
f 1121 5264 3579
f 3578 5263 3580
f 3578 3580 472
f 94 2641 5265
f 94 5265 1875
f 2641 1285 3581
f 2641 3581 5265
f 1875 5265 3584
f 1875 3584 922
f 5265 3581 473
f 5265 473 3584
f 2642 209 2341
f 2642 2341 5266
f 5266 2341 1139
f 5266 1139 3582
f 1285 2642 5266
f 1285 5266 3581
f 3581 5266 3582
f 3581 3582 473
f 325 2843 5267
f 325 5267 2342
f 2843 1384 3583
f 2843 3583 5267
f 2342 5267 3582
f 2342 3582 1139
f 5267 3583 473
f 5267 473 3582
f 2844 317 1876
f 2844 1876 5268
f 5268 1876 922
f 5268 922 3584
f 1384 2844 5268
f 1384 5268 3583
f 3583 5268 3584
f 3583 3584 473
f 115 1916 5269
f 115 5269 1910
f 1916 943 3585
f 1916 3585 5269
f 1910 5269 3588
f 1910 3588 940
f 5269 3585 474
f 5269 474 3588
f 1917 211 2343
f 1917 2343 5270
f 5270 2343 1140
f 5270 1140 3586
f 943 1917 5270
f 943 5270 3585
f 3585 5270 3586
f 3585 3586 474
f 301 2754 5271
f 301 5271 2344
f 2754 1341 3587
f 2754 3587 5271
f 2344 5271 3586
f 2344 3586 1140
f 5271 3587 474
f 5271 474 3586
f 2755 297 1911
f 2755 1911 5272
f 5272 1911 940
f 5272 940 3588
f 1341 2755 5272
f 1341 5272 3587
f 3587 5272 3588
f 3587 3588 474
f 282 2639 5273
f 282 5273 2695
f 2639 1284 3589
f 2639 3589 5273
f 2695 5273 3592
f 2695 3592 1312
f 5273 3589 475
f 5273 475 3592
f 2640 283 2693
f 2640 2693 5274
f 5274 2693 1311
f 5274 1311 3590
f 1284 2640 5274
f 1284 5274 3589
f 3589 5274 3590
f 3589 3590 475
f 209 2642 5275
f 209 5275 2694
f 2642 1285 3591
f 2642 3591 5275
f 2694 5275 3590
f 2694 3590 1311
f 5275 3591 475
f 5275 475 3590
f 2641 94 2696
f 2641 2696 5276
f 5276 2696 1312
f 5276 1312 3592
f 1285 2641 5276
f 1285 5276 3591
f 3591 5276 3592
f 3591 3592 475
f 121 2320 5277
f 121 5277 1924
f 2320 1129 3593
f 2320 3593 5277
f 1924 5277 3596
f 1924 3596 947
f 5277 3593 476
f 5277 476 3596
f 2319 214 2347
f 2319 2347 5278
f 5278 2347 1142
f 5278 1142 3594
f 1129 2319 5278
f 1129 5278 3593
f 3593 5278 3594
f 3593 3594 476
f 213 2317 5279
f 213 5279 2348
f 2317 1128 3595
f 2317 3595 5279
f 2348 5279 3594
f 2348 3594 1142
f 5279 3595 476
f 5279 476 3594
f 2318 122 1925
f 2318 1925 5280
f 5280 1925 947
f 5280 947 3596
f 1128 2318 5280
f 1128 5280 3595
f 3595 5280 3596
f 3595 3596 476
f 107 2312 5281
f 107 5281 2660
f 2312 1125 3597
f 2312 3597 5281
f 2660 5281 3600
f 2660 3600 1294
f 5281 3597 477
f 5281 477 3600
f 2311 210 2668
f 2311 2668 5282
f 5282 2668 1298
f 5282 1298 3598
f 1125 2311 5282
f 1125 5282 3597
f 3597 5282 3598
f 3597 3598 477
f 284 2630 5283
f 284 5283 2669
f 2630 1281 3599
f 2630 3599 5283
f 2669 5283 3598
f 2669 3598 1298
f 5283 3599 477
f 5283 477 3598
f 2632 286 2661
f 2632 2661 5284
f 5284 2661 1294
f 5284 1294 3600
f 1281 2632 5284
f 1281 5284 3599
f 3599 5284 3600
f 3599 3600 477
f 112 1946 5285
f 112 5285 1903
f 1946 957 3601
f 1946 3601 5285
f 1903 5285 3605
f 1903 3605 936
f 5285 3601 478
f 5285 478 3605
f 1947 131 1943
f 1947 1943 5286
f 5286 1943 956
f 5286 956 3602
f 957 1947 5286
f 957 5286 3601
f 3601 5286 3602
f 3601 3602 478
f 130 1941 5288
f 130 5288 1945
f 1941 955 3604
f 1941 3604 5288
f 1944 5287 3602
f 1944 3602 956
f 5287 3603 478
f 5287 478 3602
f 1942 111 1902
f 1942 1902 5290
f 5289 1901 936
f 5289 936 3605
f 955 1942 5290
f 955 5290 3604
f 3603 5289 3605
f 3603 3605 478
f 114 1952 5291
f 114 5291 1908
f 1952 960 3606
f 1952 3606 5291
f 1908 5291 3609
f 1908 3609 939
f 5291 3606 479
f 5291 479 3609
f 1953 133 1950
f 1953 1950 5292
f 5292 1950 959
f 5292 959 3607
f 960 1953 5292
f 960 5292 3606
f 3606 5292 3607
f 3606 3607 479
f 321 2845 5293
f 321 5293 1951
f 2845 1385 3608
f 2845 3608 5293
f 1951 5293 3607
f 1951 3607 959
f 5293 3608 479
f 5293 479 3607
f 2846 320 1909
f 2846 1909 5294
f 5294 1909 939
f 5294 939 3609
f 1385 2846 5294
f 1385 5294 3608
f 3608 5294 3609
f 3608 3609 479
f 117 1958 5295
f 117 5295 1914
f 1958 963 3610
f 1958 3610 5295
f 1914 5295 3613
f 1914 3613 942
f 5295 3610 480
f 5295 480 3613
f 1959 128 1956
f 1959 1956 5296
f 5296 1956 962
f 5296 962 3611
f 963 1959 5296
f 963 5296 3610
f 3610 5296 3611
f 3610 3611 480
f 299 2756 5297
f 299 5297 1957
f 2756 1342 3612
f 2756 3612 5297
f 1957 5297 3611
f 1957 3611 962
f 5297 3612 480
f 5297 480 3611
f 2757 298 1915
f 2757 1915 5298
f 5298 1915 942
f 5298 942 3613
f 1342 2757 5298
f 1342 5298 3612
f 3612 5298 3613
f 3612 3613 480
f 135 2689 5299
f 135 5299 1961
f 2689 1309 3614
f 2689 3614 5299
f 1961 5299 3617
f 1961 3617 964
f 5299 3614 481
f 5299 481 3617
f 2690 133 1953
f 2690 1953 5300
f 5300 1953 960
f 5300 960 3615
f 1309 2690 5300
f 1309 5300 3614
f 3614 5300 3615
f 3614 3615 481
f 114 2692 5301
f 114 5301 1952
f 2692 1310 3616
f 2692 3616 5301
f 1952 5301 3615
f 1952 3615 960
f 5301 3616 481
f 5301 481 3615
f 2691 119 1960
f 2691 1960 5302
f 5302 1960 964
f 5302 964 3617
f 1310 2691 5302
f 1310 5302 3616
f 3616 5302 3617
f 3616 3617 481
f 124 1967 5303
f 124 5303 1928
f 1967 967 3618
f 1967 3618 5303
f 1928 5303 3621
f 1928 3621 949
f 5303 3618 482
f 5303 482 3621
f 1966 137 1964
f 1966 1964 5304
f 5304 1964 966
f 5304 966 3619
f 967 1966 5304
f 967 5304 3618
f 3618 5304 3619
f 3618 3619 482
f 136 1962 5305
f 136 5305 1965
f 1962 965 3620
f 1962 3620 5305
f 1965 5305 3619
f 1965 3619 966
f 5305 3620 482
f 5305 482 3619
f 1963 123 1929
f 1963 1929 5306
f 5306 1929 949
f 5306 949 3621
f 965 1963 5306
f 965 5306 3620
f 3620 5306 3621
f 3620 3621 482
f 116 1955 5307
f 116 5307 2662
f 1955 961 3622
f 1955 3622 5307
f 2662 5307 3625
f 2662 3625 1295
f 5307 3622 483
f 5307 483 3625
f 1954 134 2664
f 1954 2664 5308
f 5308 2664 1296
f 5308 1296 3623
f 961 1954 5308
f 961 5308 3622
f 3622 5308 3623
f 3622 3623 483
f 138 1968 5309
f 138 5309 2665
f 1968 968 3624
f 1968 3624 5309
f 2665 5309 3623
f 2665 3623 1296
f 5309 3624 483
f 5309 483 3623
f 1969 126 2663
f 1969 2663 5310
f 5310 2663 1295
f 5310 1295 3625
f 968 1969 5310
f 968 5310 3624
f 3624 5310 3625
f 3624 3625 483
f 112 2306 5311
f 112 5311 1970
f 2306 1122 3626
f 2306 3626 5311
f 1970 5311 3629
f 1970 3629 969
f 5311 3626 484
f 5311 484 3629
f 2305 207 2349
f 2305 2349 5312
f 5312 2349 1143
f 5312 1143 3627
f 1122 2305 5312
f 1122 5312 3626
f 3626 5312 3627
f 3626 3627 484
f 217 2323 5313
f 217 5313 2350
f 2323 1131 3628
f 2323 3628 5313
f 2350 5313 3627
f 2350 3627 1143
f 5313 3628 484
f 5313 484 3627
f 2324 139 1971
f 2324 1971 5314
f 5314 1971 969
f 5314 969 3629
f 1131 2324 5314
f 1131 5314 3628
f 3628 5314 3629
f 3628 3629 484
f 140 1980 5315
f 140 5315 1975
f 1981 976 3630
f 1981 3630 5316
f 1975 5315 3634
f 1975 3634 971
f 5316 3630 486
f 5316 486 3635
f 1982 142 1979
f 1982 1979 5317
f 5317 1979 974
f 5317 974 3631
f 976 1982 5317
f 976 5317 3630
f 3630 5317 3631
f 3630 3631 486
f 120 1977 5318
f 120 5318 1978
f 1977 973 3633
f 1977 3633 5318
f 1978 5318 3631
f 1978 3631 974
f 5318 3633 486
f 5318 486 3631
f 1976 141 1974
f 1976 1974 5319
f 5319 1974 971
f 5319 971 3634
f 972 1976 5319
f 972 5319 3632
f 3632 5319 3634
f 3632 3634 485
f 106 1932 5320
f 106 5320 1983
f 1932 951 3636
f 1932 3636 5320
f 1983 5320 3641
f 1983 3641 977
f 5320 3636 487
f 5320 487 3641
f 1934 216 2352
f 1934 2352 5322
f 5322 2352 1144
f 5322 1144 3638
f 951 1933 5321
f 951 5321 3636
f 3636 5321 3637
f 3636 3637 487
f 218 1987 5323
f 218 5323 2353
f 1987 978 3639
f 1987 3639 5323
f 2354 5325 3638
f 2354 3638 1144
f 5324 3640 487
f 5324 487 3637
f 1986 143 1984
f 1986 1984 5326
f 5327 1985 977
f 5327 977 3641
f 978 1986 5326
f 978 5326 3639
f 3640 5327 3641
f 3640 3641 487
f 141 1976 5328
f 141 5328 1992
f 1976 972 3642
f 1976 3642 5328
f 1992 5328 3647
f 1992 3647 981
f 5328 3642 488
f 5328 488 3647
f 1977 120 1995
f 1977 1995 5330
f 5330 1995 984
f 5330 984 3645
f 973 1977 5330
f 973 5330 3643
f 3642 5329 3644
f 3642 3644 488
f 146 1994 5331
f 146 5331 1996
f 1994 982 3646
f 1994 3646 5331
f 1996 5331 3644
f 1996 3644 983
f 5331 3646 488
f 5331 488 3644
f 1993 145 1991
f 1993 1991 5332
f 5332 1991 981
f 5332 981 3647
f 982 1993 5332
f 982 5332 3646
f 3646 5332 3647
f 3646 3647 488
f 120 1922 5333
f 120 5333 1995
f 1922 946 3648
f 1922 3648 5333
f 1995 5333 3652
f 1995 3652 984
f 5333 3648 489
f 5333 489 3652
f 1923 212 2355
f 1923 2355 5334
f 5334 2355 1145
f 5334 1145 3649
f 946 1923 5334
f 946 5334 3648
f 3648 5334 3649
f 3648 3649 489
f 219 1999 5335
f 219 5335 2356
f 1999 985 3650
f 1999 3650 5335
f 2357 5336 3649
f 2357 3649 1145
f 5336 3651 489
f 5336 489 3649
f 1998 146 1996
f 1998 1996 5337
f 5338 1997 984
f 5338 984 3652
f 985 1998 5337
f 985 5337 3650
f 3651 5338 3652
f 3651 3652 489
f 118 2911 5339
f 118 5339 2000
f 2911 1417 3653
f 2911 3653 5339
f 2000 5339 3657
f 2000 3657 986
f 5339 3653 490
f 5339 490 3657
f 2912 148 1532
f 2912 1532 5340
f 5340 1532 764
f 5340 764 3654
f 1417 2912 5340
f 1417 5340 3653
f 3653 5340 3654
f 3653 3654 490
f 2 2910 5341
f 2 5341 1530
f 2910 1416 3655
f 2910 3655 5341
f 1531 5342 3654
f 1531 3654 764
f 5342 3656 490
f 5342 490 3654
f 2909 147 2001
f 2909 2001 5343
f 5344 2002 986
f 5344 986 3657
f 1416 2909 5343
f 1416 5343 3655
f 3656 5344 3657
f 3656 3657 490
f 143 1986 5345
f 143 5345 2003
f 1986 978 3658
f 1986 3658 5345
f 2004 5346 3663
f 2004 3663 987
f 5346 3659 491
f 5346 491 3663
f 1987 218 2358
f 1987 2358 5347
f 5348 2359 1146
f 5348 1146 3660
f 978 1987 5347
f 978 5347 3658
f 3659 5349 3661
f 3659 3661 491
f 220 2329 5350
f 220 5350 2360
f 2330 1134 3662
f 2330 3662 5351
f 2360 5350 3660
f 2360 3660 1146
f 5351 3662 491
f 5351 491 3661
f 2331 149 2005
f 2331 2005 5352
f 5352 2005 987
f 5352 987 3663
f 1134 2331 5352
f 1134 5352 3662
f 3662 5352 3663
f 3662 3663 491
f 144 2018 5353
f 144 5353 2009
f 2018 992 3664
f 2018 3664 5353
f 2010 5355 3669
f 2010 3669 989
f 5354 3665 492
f 5354 492 3668
f 2019 145 2015
f 2019 2015 5356
f 5357 2016 991
f 5357 991 3666
f 992 2019 5356
f 992 5356 3664
f 3665 5357 3666
f 3665 3666 492
f 151 2012 5358
f 151 5358 2017
f 2012 990 3667
f 2012 3667 5358
f 2017 5358 3666
f 2017 3666 991
f 5358 3667 492
f 5358 492 3666
f 2014 150 2011
f 2014 2011 5360
f 5360 2011 989
f 5360 989 3669
f 990 2013 5359
f 990 5359 3667
f 3667 5359 3668
f 3667 3668 492
f 146 1998 5361
f 146 5361 2020
f 1998 985 3670
f 1998 3670 5361
f 2021 5362 3674
f 2021 3674 993
f 5362 3671 493
f 5362 493 3674
f 1999 219 2361
f 1999 2361 5363
f 5364 2362 1147
f 5364 1147 3672
f 985 1999 5363
f 985 5363 3670
f 3671 5364 3672
f 3671 3672 493
f 221 2332 5365
f 221 5365 2363
f 2332 1135 3673
f 2332 3673 5365
f 2363 5365 3672
f 2363 3672 1147
f 5365 3673 493
f 5365 493 3672
f 2333 152 2022
f 2333 2022 5366
f 5366 2022 993
f 5366 993 3674
f 1135 2333 5366
f 1135 5366 3673
f 3673 5366 3674
f 3673 3674 493
f 147 2909 5367
f 147 5367 2025
f 2909 1416 3675
f 2909 3675 5367
f 2026 5368 3679
f 2026 3679 995
f 5368 3676 494
f 5368 494 3679
f 2910 2 2028
f 2910 2028 5369
f 5370 2029 996
f 5370 996 3677
f 1416 2910 5369
f 1416 5369 3675
f 3676 5370 3677
f 3676 3677 494
f 154 2913 5371
f 154 5371 2030
f 2913 1418 3678
f 2913 3678 5371
f 2030 5371 3677
f 2030 3677 996
f 5371 3678 494
f 5371 494 3677
f 2914 153 2027
f 2914 2027 5372
f 5372 2027 995
f 5372 995 3679
f 1418 2914 5372
f 1418 5372 3678
f 3678 5372 3679
f 3678 3679 494
f 131 1947 5373
f 131 5373 2031
f 1947 957 3680
f 1947 3680 5373
f 2031 5373 3683
f 2031 3683 997
f 5373 3680 495
f 5373 495 3683
f 1946 112 1970
f 1946 1970 5374
f 5374 1970 969
f 5374 969 3681
f 957 1946 5374
f 957 5374 3680
f 3680 5374 3681
f 3680 3681 495
f 139 2033 5375
f 139 5375 1971
f 2033 998 3682
f 2033 3682 5375
f 1971 5375 3681
f 1971 3681 969
f 5375 3682 495
f 5375 495 3681
f 2034 155 2032
f 2034 2032 5376
f 5376 2032 997
f 5376 997 3683
f 998 2034 5376
f 998 5376 3682
f 3682 5376 3683
f 3682 3683 495
f 156 2044 5378
f 156 5378 2037
f 2043 1002 3684
f 2043 3684 5377
f 2037 5378 3688
f 2037 3688 999
f 5377 3684 496
f 5377 496 3687
f 2045 159 2041
f 2045 2041 5379
f 5379 2041 1001
f 5379 1001 3685
f 1002 2045 5379
f 1002 5379 3684
f 3684 5379 3685
f 3684 3685 496
f 158 2038 5380
f 158 5380 2042
f 2038 1000 3686
f 2038 3686 5380
f 2042 5380 3685
f 2042 3685 1001
f 5380 3686 496
f 5380 496 3685
f 2039 157 2035
f 2039 2035 5381
f 5383 2036 999
f 5383 999 3688
f 1000 2040 5382
f 1000 5382 3686
f 3686 5382 3687
f 3686 3687 496
f 133 2048 5384
f 133 5384 1950
f 2048 1004 3689
f 2048 3689 5384
f 1950 5384 3692
f 1950 3692 959
f 5384 3689 497
f 5384 497 3692
f 2049 97 1881
f 2049 1881 5385
f 5385 1881 926
f 5385 926 3690
f 1004 2049 5385
f 1004 5385 3689
f 3689 5385 3690
f 3689 3690 497
f 318 2847 5386
f 318 5386 1882
f 2847 1386 3691
f 2847 3691 5386
f 1882 5386 3690
f 1882 3690 926
f 5386 3691 497
f 5386 497 3690
f 2848 321 1951
f 2848 1951 5387
f 5387 1951 959
f 5387 959 3692
f 1386 2848 5387
f 1386 5387 3691
f 3691 5387 3692
f 3691 3692 497
f 128 1939 5388
f 128 5388 1956
f 1939 954 3693
f 1939 3693 5388
f 1956 5388 3696
f 1956 3696 962
f 5388 3693 498
f 5388 498 3696
f 1940 129 2738
f 1940 2738 5389
f 5389 2738 1333
f 5389 1333 3694
f 954 1940 5389
f 954 5389 3693
f 3693 5389 3694
f 3693 3694 498
f 310 2758 5390
f 310 5390 2737
f 2758 1343 3695
f 2758 3695 5390
f 2737 5390 3694
f 2737 3694 1333
f 5390 3695 498
f 5390 498 3694
f 2759 299 1957
f 2759 1957 5391
f 5391 1957 962
f 5391 962 3696
f 1343 2759 5391
f 1343 5391 3695
f 3695 5391 3696
f 3695 3696 498
f 132 2047 5392
f 132 5392 2174
f 2047 1003 3697
f 2047 3697 5392
f 2174 5392 3700
f 2174 3700 1062
f 5392 3697 499
f 5392 499 3700
f 2046 98 2390
f 2046 2390 5393
f 5393 2390 1160
f 5393 1160 3698
f 1003 2046 5393
f 1003 5393 3697
f 3697 5393 3698
f 3697 3698 499
f 187 2175 5394
f 187 5394 2391
f 2175 1063 3699
f 2175 3699 5394
f 2391 5394 3698
f 2391 3698 1160
f 5394 3699 499
f 5394 499 3698
f 2176 155 2173
f 2176 2173 5395
f 5395 2173 1062
f 5395 1062 3700
f 1063 2176 5395
f 1063 5395 3699
f 3699 5395 3700
f 3699 3700 499
f 105 2687 5396
f 105 5396 2055
f 2687 1308 3701
f 2687 3701 5396
f 2055 5396 3704
f 2055 3704 1007
f 5396 3701 500
f 5396 500 3704
f 2688 97 2049
f 2688 2049 5397
f 5397 2049 1004
f 5397 1004 3702
f 1308 2688 5397
f 1308 5397 3701
f 3701 5397 3702
f 3701 3702 500
f 133 2690 5398
f 133 5398 2048
f 2690 1309 3703
f 2690 3703 5398
f 2048 5398 3702
f 2048 3702 1004
f 5398 3703 500
f 5398 500 3702
f 2689 135 2054
f 2689 2054 5399
f 5399 2054 1007
f 5399 1007 3704
f 1309 2689 5399
f 1309 5399 3703
f 3703 5399 3704
f 3703 3704 500
f 136 2060 5400
f 136 5400 2057
f 2060 1010 3705
f 2060 3705 5400
f 2057 5400 3707
f 2057 3707 1008
f 5400 3705 501
f 5400 501 3707
f 2061 162 2059
f 2061 2059 5401
f 5401 2059 1009
f 5401 1009 3706
f 1010 2061 5401
f 1010 5401 3705
f 3705 5401 3706
f 3705 3706 501
f 161 2056 5402
f 161 5402 2058
f 2056 1008 3707
f 2056 3707 5402
f 2058 5402 3706
f 2058 3706 1009
f 5402 3707 501
f 5402 501 3706
f 134 2051 5403
f 134 5403 2664
f 2051 1005 3708
f 2051 3708 5403
f 2664 5403 3711
f 2664 3711 1296
f 5403 3708 502
f 5403 502 3711
f 2050 160 2677
f 2050 2677 5404
f 5404 2677 1302
f 5404 1302 3709
f 1005 2050 5404
f 1005 5404 3708
f 3708 5404 3709
f 3708 3709 502
f 163 2062 5405
f 163 5405 2676
f 2062 1011 3710
f 2062 3710 5405
f 2676 5405 3709
f 2676 3709 1302
f 5405 3710 502
f 5405 502 3709
f 2063 138 2665
f 2063 2665 5406
f 5406 2665 1296
f 5406 1296 3711
f 1011 2063 5406
f 1011 5406 3710
f 3710 5406 3711
f 3710 3711 502
f 164 2068 5407
f 164 5407 2065
f 2068 1014 3712
f 2068 3712 5407
f 2065 5407 3717
f 2065 3717 1012
f 5407 3712 503
f 5407 503 3717
f 2069 165 2067
f 2069 2067 5408
f 5408 2067 1013
f 5408 1013 3714
f 1015 2069 5408
f 1015 5408 3713
f 3713 5408 3714
f 3713 3714 504
f 142 1982 5409
f 142 5409 2066
f 1982 976 3716
f 1982 3716 5409
f 2066 5409 3714
f 2066 3714 1013
f 5409 3716 504
f 5409 504 3714
f 1980 140 2064
f 1980 2064 5410
f 5410 2064 1012
f 5410 1012 3717
f 975 1980 5410
f 975 5410 3715
f 3715 5410 3717
f 3715 3717 503
f 119 1921 5411
f 119 5411 1960
f 1921 945 3718
f 1921 3718 5411
f 1960 5411 3721
f 1960 3721 964
f 5411 3718 505
f 5411 505 3721
f 1920 120 1978
f 1920 1978 5412
f 5412 1978 974
f 5412 974 3719
f 945 1920 5412
f 945 5412 3718
f 3718 5412 3719
f 3718 3719 505
f 142 2070 5413
f 142 5413 1979
f 2070 1016 3720
f 2070 3720 5413
f 1979 5413 3719
f 1979 3719 974
f 5413 3720 505
f 5413 505 3719
f 2071 135 1961
f 2071 1961 5414
f 5414 1961 964
f 5414 964 3721
f 1016 2071 5414
f 1016 5414 3720
f 3720 5414 3721
f 3720 3721 505
f 135 2071 5415
f 135 5415 2073
f 2071 1016 3722
f 2071 3722 5415
f 2073 5415 3724
f 2073 3724 1017
f 5415 3722 506
f 5415 506 3724
f 2070 142 2066
f 2070 2066 5416
f 5416 2066 1013
f 5416 1013 3723
f 1016 2070 5416
f 1016 5416 3722
f 3722 5416 3723
f 3722 3723 506
f 165 2072 5417
f 165 5417 2067
f 2072 1017 3724
f 2072 3724 5417
f 2067 5417 3723
f 2067 3723 1013
f 5417 3724 506
f 5417 506 3723
f 166 2080 5418
f 166 5418 2075
f 2080 1022 3725
f 2080 3725 5418
f 2075 5418 3730
f 2075 3730 1018
f 5418 3725 507
f 5418 507 3730
f 2081 169 2079
f 2081 2079 5419
f 5419 2079 1021
f 5419 1021 3727
f 1023 2081 5419
f 1023 5419 3726
f 3726 5419 3727
f 3726 3727 508
f 168 2076 5420
f 168 5420 2078
f 2076 1020 3729
f 2076 3729 5420
f 2078 5420 3727
f 2078 3727 1021
f 5420 3729 508
f 5420 508 3727
f 2077 167 2074
f 2077 2074 5421
f 5421 2074 1018
f 5421 1018 3730
f 1019 2077 5421
f 1019 5421 3728
f 3728 5421 3730
f 3728 3730 507
f 138 2086 5422
f 138 5422 2082
f 2086 1026 3731
f 2086 3731 5422
f 2082 5422 3733
f 2082 3733 1024
f 5422 3731 509
f 5422 509 3733
f 2087 171 2084
f 2087 2084 5423
f 5423 2084 1025
f 5423 1025 3732
f 1026 2087 5423
f 1026 5423 3731
f 3731 5423 3732
f 3731 3732 509
f 170 2083 5424
f 170 5424 2085
f 2083 1024 3733
f 2083 3733 5424
f 2085 5424 3732
f 2085 3732 1025
f 5424 3733 509
f 5424 509 3732
f 138 2082 5425
f 138 5425 1968
f 2082 1024 3734
f 2082 3734 5425
f 1968 5425 3737
f 1968 3737 968
f 5425 3734 510
f 5425 510 3737
f 2083 170 2088
f 2083 2088 5426
f 5426 2088 1027
f 5426 1027 3735
f 1024 2083 5426
f 1024 5426 3734
f 3734 5426 3735
f 3734 3735 510
f 125 1936 5427
f 125 5427 2089
f 1936 952 3736
f 1936 3736 5427
f 2089 5427 3735
f 2089 3735 1027
f 5427 3736 510
f 5427 510 3735
f 1935 126 1969
f 1935 1969 5428
f 5428 1969 968
f 5428 968 3737
f 952 1935 5428
f 952 5428 3736
f 3736 5428 3737
f 3736 3737 510
f 145 2019 5429
f 145 5429 1991
f 2019 992 3738
f 2019 3738 5429
f 1991 5429 3743
f 1991 3743 981
f 5429 3738 511
f 5429 511 3743
f 2018 144 1989
f 2018 1989 5430
f 5430 1989 979
f 5430 979 3739
f 992 2018 5430
f 992 5430 3738
f 3738 5430 3739
f 3738 3739 511
f 125 2090 5432
f 125 5432 1988
f 2090 1029 3742
f 2090 3742 5432
f 1988 5432 3740
f 1988 3740 980
f 5431 3741 511
f 5431 511 3739
f 2091 141 1992
f 2091 1992 5433
f 5433 1992 981
f 5433 981 3743
f 1028 2091 5433
f 1028 5433 3741
f 3741 5433 3743
f 3741 3743 511
f 141 2091 5434
f 141 5434 1974
f 2091 1028 3744
f 2091 3744 5434
f 1974 5434 3748
f 1974 3748 971
f 5435 3745 512
f 5435 512 3749
f 2090 125 2089
f 2090 2089 5436
f 5436 2089 1027
f 5436 1027 3746
f 1029 2090 5436
f 1029 5436 3745
f 3745 5436 3746
f 3745 3746 512
f 170 2092 5437
f 170 5437 2088
f 2092 1030 3747
f 2092 3747 5437
f 2088 5437 3746
f 2088 3746 1027
f 5437 3747 512
f 5437 512 3746
f 2093 140 1975
f 2093 1975 5438
f 5438 1975 971
f 5438 971 3748
f 1030 2094 5439
f 1030 5439 3747
f 3747 5439 3749
f 3747 3749 512
f 140 2093 5440
f 140 5440 2064
f 2094 1030 3750
f 2094 3750 5441
f 2064 5440 3753
f 2064 3753 1012
f 5441 3750 513
f 5441 513 3754
f 2092 170 2085
f 2092 2085 5442
f 5442 2085 1025
f 5442 1025 3751
f 1030 2092 5442
f 1030 5442 3750
f 3750 5442 3751
f 3750 3751 513
f 171 2095 5443
f 171 5443 2084
f 2095 1031 3752
f 2095 3752 5443
f 2084 5443 3751
f 2084 3751 1025
f 5443 3752 513
f 5443 513 3751
f 2096 164 2065
f 2096 2065 5444
f 5444 2065 1012
f 5444 1012 3753
f 1031 2097 5445
f 1031 5445 3752
f 3752 5445 3754
f 3752 3754 513
f 145 1993 5446
f 145 5446 2015
f 1993 982 3755
f 1993 3755 5446
f 2016 5447 3760
f 2016 3760 991
f 5447 3756 514
f 5447 514 3760
f 1994 146 2020
f 1994 2020 5448
f 5449 2021 993
f 5449 993 3757
f 982 1994 5448
f 982 5448 3755
f 3756 5450 3758
f 3756 3758 514
f 152 2098 5451
f 152 5451 2022
f 2099 1032 3759
f 2099 3759 5452
f 2022 5451 3757
f 2022 3757 993
f 5452 3759 514
f 5452 514 3758
f 2100 151 2017
f 2100 2017 5453
f 5453 2017 991
f 5453 991 3760
f 1032 2100 5453
f 1032 5453 3759
f 3759 5453 3760
f 3759 3760 514
f 354 3033 5454
f 354 5454 3072
f 3033 1481 3761
f 3033 3761 5454
f 3072 5454 3764
f 3072 3764 1503
f 5454 3761 515
f 5454 515 3764
f 3034 59 1734
f 3034 1734 5455
f 5455 1734 857
f 5455 857 3762
f 1481 3034 5455
f 1481 5455 3761
f 3761 5455 3762
f 3761 3762 515
f 352 3069 5456
f 352 5456 1733
f 3069 1502 3763
f 3069 3763 5456
f 1733 5456 3762
f 1733 3762 857
f 5456 3763 515
f 5456 515 3762
f 3070 353 3071
f 3070 3071 5457
f 5457 3071 1503
f 5457 1503 3764
f 1502 3070 5457
f 1502 5457 3763
f 3763 5457 3764
f 3763 3764 515
f 127 2941 5458
f 127 5458 2740
f 2941 1433 3765
f 2941 3765 5458
f 2740 5458 3769
f 2740 3769 1334
f 5458 3765 516
f 5458 516 3769
f 2942 362 3113
f 2942 3113 5459
f 5459 3113 1524
f 5459 1524 3766
f 1433 2942 5459
f 1433 5459 3765
f 3765 5459 3766
f 3765 3766 516
f 115 1910 5460
f 115 5460 3114
f 1910 940 3767
f 1910 3767 5460
f 3114 5460 3766
f 3114 3766 1524
f 5460 3767 516
f 5460 516 3766
f 1911 297 2949
f 1911 2949 5461
f 5461 2949 1437
f 5461 1437 3768
f 940 1911 5461
f 940 5461 3767
f 3767 5461 3768
f 3767 3768 516
f 311 2739 5462
f 311 5462 2950
f 2739 1334 3769
f 2739 3769 5462
f 2950 5462 3768
f 2950 3768 1437
f 5462 3769 516
f 5462 516 3768
f 4 2686 5463
f 4 5463 2937
f 2686 1307 3770
f 2686 3770 5463
f 2937 5463 3773
f 2937 3773 1431
f 5463 3770 517
f 5463 517 3773
f 2685 281 2935
f 2685 2935 5464
f 5464 2935 1430
f 5464 1430 3771
f 1307 2685 5464
f 1307 5464 3770
f 3770 5464 3771
f 3770 3771 517
f 282 2695 5465
f 282 5465 2936
f 2695 1312 3772
f 2695 3772 5465
f 2936 5465 3771
f 2936 3771 1430
f 5465 3772 517
f 5465 517 3771
f 2696 94 2938
f 2696 2938 5466
f 5466 2938 1431
f 5466 1431 3773
f 1312 2696 5466
f 1312 5466 3772
f 3772 5466 3773
f 3772 3773 517
f 344 3044 5467
f 344 5467 3047
f 3044 1488 3774
f 3044 3774 5467
f 3047 5467 3777
f 3047 3777 1489
f 5467 3774 518
f 5467 518 3777
f 3045 172 1777
f 3045 1777 5468
f 5468 1777 875
f 5468 875 3775
f 1488 3045 5468
f 1488 5468 3774
f 3774 5468 3775
f 3774 3775 518
f 1 3040 5469
f 1 5469 1776
f 3040 1484 3776
f 3040 3776 5469
f 1776 5469 3775
f 1776 3775 875
f 5469 3776 518
f 5469 518 3775
f 3038 342 3046
f 3038 3046 5470
f 5470 3046 1489
f 5470 1489 3777
f 1484 3038 5470
f 1484 5470 3776
f 3776 5470 3777
f 3776 3777 518
f 109 2907 5471
f 109 5471 2105
f 2907 1415 3778
f 2907 3778 5471
f 2105 5471 3782
f 2105 3782 1034
f 5471 3778 519
f 5471 519 3782
f 2908 106 1983
f 2908 1983 5472
f 5472 1983 977
f 5472 977 3779
f 1415 2908 5472
f 1415 5472 3778
f 3778 5472 3779
f 3778 3779 519
f 143 2916 5473
f 143 5473 1984
f 2916 1419 3780
f 2916 3780 5473
f 1985 5474 3779
f 1985 3779 977
f 5474 3781 519
f 5474 519 3779
f 2915 173 2103
f 2915 2103 5475
f 5476 2104 1034
f 5476 1034 3782
f 1419 2915 5475
f 1419 5475 3780
f 3781 5476 3782
f 3781 3782 519
f 173 2915 5477
f 173 5477 2107
f 2915 1419 3783
f 2915 3783 5477
f 2108 5478 3787
f 2108 3787 1035
f 5478 3784 520
f 5478 520 3787
f 2916 143 2003
f 2916 2003 5479
f 5480 2004 987
f 5480 987 3785
f 1419 2916 5479
f 1419 5479 3783
f 3784 5480 3785
f 3784 3785 520
f 149 2917 5481
f 149 5481 2005
f 2917 1420 3786
f 2917 3786 5481
f 2005 5481 3785
f 2005 3785 987
f 5481 3786 520
f 5481 520 3785
f 2918 174 2106
f 2918 2106 5482
f 5482 2106 1035
f 5482 1035 3787
f 1420 2918 5482
f 1420 5482 3786
f 3786 5482 3787
f 3786 3787 520
f 149 2331 5483
f 149 5483 2109
f 2331 1134 3788
f 2331 3788 5483
f 2109 5483 3792
f 2109 3792 1036
f 5483 3788 521
f 5483 521 3792
f 2329 220 2364
f 2329 2364 5484
f 5484 2364 1148
f 5484 1148 3789
f 1134 2330 5485
f 1134 5485 3788
f 3788 5485 3790
f 3788 3790 521
f 222 2112 5486
f 222 5486 2365
f 2113 1037 3791
f 2113 3791 5487
f 2365 5486 3789
f 2365 3789 1148
f 5487 3791 521
f 5487 521 3790
f 2111 175 2110
f 2111 2110 5488
f 5488 2110 1036
f 5488 1036 3792
f 1037 2111 5488
f 1037 5488 3791
f 3791 5488 3792
f 3791 3792 521
f 150 2014 5490
f 150 5490 2114
f 2013 990 3793
f 2013 3793 5489
f 2114 5490 3797
f 2114 3797 1038
f 5489 3793 522
f 5489 522 3796
f 2012 151 2119
f 2012 2119 5491
f 5491 2119 1040
f 5491 1040 3794
f 990 2012 5491
f 990 5491 3793
f 3793 5491 3794
f 3793 3794 522
f 177 2118 5492
f 177 5492 2120
f 2118 1039 3795
f 2118 3795 5492
f 2120 5492 3794
f 2120 3794 1040
f 5492 3795 522
f 5492 522 3794
f 2117 176 2115
f 2117 2115 5494
f 5494 2115 1038
f 5494 1038 3797
f 1039 2116 5493
f 1039 5493 3795
f 3795 5493 3796
f 3795 3796 522
f 152 2333 5495
f 152 5495 2121
f 2333 1135 3798
f 2333 3798 5495
f 2121 5495 3801
f 2121 3801 1041
f 5495 3798 523
f 5495 523 3801
f 2332 221 2367
f 2332 2367 5496
f 5496 2367 1149
f 5496 1149 3799
f 1135 2332 5496
f 1135 5496 3798
f 3798 5496 3799
f 3798 3799 523
f 224 2124 5497
f 224 5497 2368
f 2124 1042 3800
f 2124 3800 5497
f 2368 5497 3799
f 2368 3799 1149
f 5497 3800 523
f 5497 523 3799
f 2123 178 2122
f 2123 2122 5498
f 5498 2122 1041
f 5498 1041 3801
f 1042 2123 5498
f 1042 5498 3800
f 3800 5498 3801
f 3800 3801 523
f 153 2914 5499
f 153 5499 2125
f 2914 1418 3802
f 2914 3802 5499
f 2125 5499 3805
f 2125 3805 1043
f 5499 3802 524
f 5499 524 3805
f 2913 154 2127
f 2913 2127 5500
f 5500 2127 1044
f 5500 1044 3803
f 1418 2913 5500
f 1418 5500 3802
f 3802 5500 3803
f 3802 3803 524
f 180 2920 5501
f 180 5501 2128
f 2920 1421 3804
f 2920 3804 5501
f 2128 5501 3803
f 2128 3803 1044
f 5501 3804 524
f 5501 524 3803
f 2919 179 2126
f 2919 2126 5502
f 5502 2126 1043
f 5502 1043 3805
f 1421 2919 5502
f 1421 5502 3804
f 3804 5502 3805
f 3804 3805 524
f 151 2100 5503
f 151 5503 2119
f 2100 1032 3806
f 2100 3806 5503
f 2119 5503 3810
f 2119 3810 1040
f 5503 3806 525
f 5503 525 3810
f 2098 152 2121
f 2098 2121 5504
f 5504 2121 1041
f 5504 1041 3807
f 1032 2099 5505
f 1032 5505 3806
f 3806 5505 3808
f 3806 3808 525
f 178 2130 5506
f 178 5506 2122
f 2131 1045 3809
f 2131 3809 5507
f 2122 5506 3807
f 2122 3807 1041
f 5507 3809 525
f 5507 525 3808
f 2129 177 2120
f 2129 2120 5508
f 5508 2120 1040
f 5508 1040 3810
f 1045 2129 5508
f 1045 5508 3809
f 3809 5508 3810
f 3809 3810 525
f 174 2918 5509
f 174 5509 1721
f 2918 1420 3811
f 2918 3811 5509
f 1721 5509 3814
f 1721 3814 852
f 5509 3811 526
f 5509 526 3814
f 2917 149 2109
f 2917 2109 5510
f 5510 2109 1036
f 5510 1036 3812
f 1420 2917 5510
f 1420 5510 3811
f 3811 5510 3812
f 3811 3812 526
f 175 2922 5511
f 175 5511 2110
f 2922 1422 3813
f 2922 3813 5511
f 2110 5511 3812
f 2110 3812 1036
f 5511 3813 526
f 5511 526 3812
f 2921 71 1722
f 2921 1722 5512
f 5512 1722 852
f 5512 852 3814
f 1422 2921 5512
f 1422 5512 3813
f 3813 5512 3814
f 3813 3814 526
f 355 3075 5513
f 355 5513 3074
f 3075 1505 3815
f 3075 3815 5513
f 3074 5513 3818
f 3074 3818 1504
f 5513 3815 527
f 5513 527 3818
f 3076 356 1529
f 3076 1529 5514
f 5514 1529 763
f 5514 763 3816
f 1505 3076 5514
f 1505 5514 3815
f 3815 5514 3816
f 3815 3816 527
f 59 3034 5515
f 59 5515 1528
f 3034 1481 3817
f 3034 3817 5515
f 1528 5515 3816
f 1528 3816 763
f 5515 3817 527
f 5515 527 3816
f 3033 354 3073
f 3033 3073 5516
f 5516 3073 1504
f 5516 1504 3818
f 1481 3033 5516
f 1481 5516 3817
f 3817 5516 3818
f 3817 3818 527
f 110 2304 5518
f 110 5518 2133
f 2304 1121 3820
f 2304 3820 5518
f 2132 5517 3823
f 2132 3823 1046
f 5517 3819 528
f 5517 528 3823
f 2303 206 2370
f 2303 2370 5520
f 5519 2369 1150
f 5519 1150 3821
f 1121 2303 5520
f 1121 5520 3820
f 3819 5519 3821
f 3819 3821 528
f 214 2319 5521
f 214 5521 2371
f 2319 1129 3822
f 2319 3822 5521
f 2371 5521 3821
f 2371 3821 1150
f 5521 3822 528
f 5521 528 3821
f 2320 121 2134
f 2320 2134 5522
f 5522 2134 1046
f 5522 1046 3823
f 1129 2320 5522
f 1129 5522 3822
f 3822 5522 3823
f 3822 3823 528
f 111 1942 5524
f 111 5524 2137
f 1942 955 3825
f 1942 3825 5524
f 2136 5523 3828
f 2136 3828 1047
f 5523 3824 529
f 5523 529 3828
f 1941 130 2139
f 1941 2139 5526
f 5525 2138 1048
f 5525 1048 3826
f 955 1941 5526
f 955 5526 3825
f 3824 5525 3826
f 3824 3826 529
f 137 1966 5527
f 137 5527 2140
f 1966 967 3827
f 1966 3827 5527
f 2140 5527 3826
f 2140 3826 1048
f 5527 3827 529
f 5527 529 3826
f 1967 124 2135
f 1967 2135 5528
f 5528 2135 1047
f 5528 1047 3828
f 967 1967 5528
f 967 5528 3827
f 3827 5528 3828
f 3827 3828 529
f 181 2146 5529
f 181 5529 2142
f 2146 1051 3829
f 2146 3829 5529
f 2142 5529 3833
f 2142 3833 1049
f 5529 3829 530
f 5529 530 3833
f 2148 156 2037
f 2148 2037 5531
f 5531 2037 999
f 5531 999 3831
f 1051 2147 5530
f 1051 5530 3829
f 3829 5530 3830
f 3829 3830 530
f 157 2144 5533
f 157 5533 2035
f 2143 1050 3832
f 2143 3832 5532
f 2036 5534 3831
f 2036 3831 999
f 5532 3832 530
f 5532 530 3830
f 2145 182 2141
f 2145 2141 5535
f 5535 2141 1049
f 5535 1049 3833
f 1050 2145 5535
f 1050 5535 3832
f 3832 5535 3833
f 3832 3833 530
f 162 2154 5536
f 162 5536 2059
f 2154 1054 3834
f 2154 3834 5536
f 2059 5536 3838
f 2059 3838 1009
f 5536 3834 531
f 5536 531 3838
f 2156 184 2153
f 2156 2153 5538
f 5538 2153 1053
f 5538 1053 3836
f 1054 2155 5537
f 1054 5537 3834
f 3834 5537 3835
f 3834 3835 531
f 183 2150 5540
f 183 5540 2152
f 2149 1052 3837
f 2149 3837 5539
f 2152 5540 3836
f 2152 3836 1053
f 5539 3837 531
f 5539 531 3835
f 2151 161 2058
f 2151 2058 5541
f 5541 2058 1009
f 5541 1009 3838
f 1052 2151 5541
f 1052 5541 3837
f 3837 5541 3838
f 3837 3838 531
f 99 2732 5543
f 99 5543 2159
f 2732 1330 3840
f 2732 3840 5543
f 2158 5542 3843
f 2158 3843 1055
f 5542 3839 532
f 5542 532 3843
f 2731 307 2761
f 2731 2761 5545
f 5544 2760 1344
f 5544 1344 3841
f 1330 2731 5545
f 1330 5545 3840
f 3839 5544 3841
f 3839 3841 532
f 310 2737 5546
f 310 5546 2762
f 2737 1333 3842
f 2737 3842 5546
f 2762 5546 3841
f 2762 3841 1344
f 5546 3842 532
f 5546 532 3841
f 2738 129 2157
f 2738 2157 5547
f 5547 2157 1055
f 5547 1055 3843
f 1333 2738 5547
f 1333 5547 3842
f 3842 5547 3843
f 3842 3843 532
f 96 2675 5549
f 96 5549 2160
f 2675 1301 3845
f 2675 3845 5549
f 2160 5549 3849
f 2160 3849 1057
f 5548 3844 533
f 5548 533 3848
f 2674 104 2163
f 2674 2163 5551
f 5550 2162 1058
f 5550 1058 3846
f 1301 2674 5551
f 1301 5551 3845
f 3844 5550 3846
f 3844 3846 533
f 163 2676 5552
f 163 5552 2164
f 2676 1302 3847
f 2676 3847 5552
f 2164 5552 3846
f 2164 3846 1058
f 5552 3847 533
f 5552 533 3846
f 2677 160 2161
f 2677 2161 5553
f 5553 2161 1056
f 5553 1056 3848
f 1302 2677 5553
f 1302 5553 3847
f 3847 5553 3848
f 3847 3848 533
f 185 2170 5554
f 185 5554 2166
f 2170 1061 3850
f 2170 3850 5554
f 2166 5554 3854
f 2166 3854 1059
f 5554 3850 534
f 5554 534 3854
f 2172 166 2075
f 2172 2075 5556
f 5556 2075 1018
f 5556 1018 3852
f 1061 2171 5555
f 1061 5555 3850
f 3850 5555 3851
f 3850 3851 534
f 167 2168 5558
f 167 5558 2074
f 2167 1060 3853
f 2167 3853 5557
f 2074 5558 3852
f 2074 3852 1018
f 5557 3853 534
f 5557 534 3851
f 2169 186 2165
f 2169 2165 5559
f 5559 2165 1059
f 5559 1059 3854
f 1060 2169 5559
f 1060 5559 3853
f 3853 5559 3854
f 3853 3854 534
f 101 3028 5560
f 101 5560 2393
f 3028 1478 3855
f 3028 3855 5560
f 2393 5560 3858
f 2393 3858 1161
f 5560 3855 535
f 5560 535 3858
f 3027 338 3111
f 3027 3111 5561
f 5561 3111 1523
f 5561 1523 3856
f 1478 3027 5561
f 1478 5561 3855
f 3855 5561 3856
f 3855 3856 535
f 361 2906 5562
f 361 5562 3112
f 2906 1414 3857
f 2906 3857 5562
f 3112 5562 3856
f 3112 3856 1523
f 5562 3857 535
f 5562 535 3856
f 2905 93 2392
f 2905 2392 5563
f 5563 2392 1161
f 5563 1161 3858
f 1414 2905 5563
f 1414 5563 3857
f 3857 5563 3858
f 3857 3858 535
f 122 2318 5564
f 122 5564 2179
f 2318 1128 3859
f 2318 3859 5564
f 2179 5564 3862
f 2179 3862 1065
f 5564 3859 536
f 5564 536 3862
f 2317 213 2372
f 2317 2372 5565
f 5565 2372 1151
f 5565 1151 3860
f 1128 2317 5565
f 1128 5565 3859
f 3859 5565 3860
f 3859 3860 536
f 211 1917 5566
f 211 5566 2373
f 1917 943 3861
f 1917 3861 5566
f 2373 5566 3860
f 2373 3860 1151
f 5566 3861 536
f 5566 536 3860
f 1916 115 2180
f 1916 2180 5567
f 5567 2180 1065
f 5567 1065 3862
f 943 1916 5567
f 943 5567 3861
f 3861 5567 3862
f 3861 3862 536
f 123 1963 5568
f 123 5568 2401
f 1963 965 3863
f 1963 3863 5568
f 2401 5568 3866
f 2401 3866 1165
f 5568 3863 537
f 5568 537 3866
f 1962 136 2397
f 1962 2397 5569
f 5569 2397 1163
f 5569 1163 3864
f 965 1962 5569
f 965 5569 3863
f 3863 5569 3864
f 3863 3864 537
f 128 1959 5570
f 128 5570 2396
f 1959 963 3865
f 1959 3865 5570
f 2396 5570 3864
f 2396 3864 1163
f 5570 3865 537
f 5570 537 3864
f 1958 117 2400
f 1958 2400 5571
f 5571 2400 1165
f 5571 1165 3866
f 963 1958 5571
f 963 5571 3865
f 3865 5571 3866
f 3865 3866 537
f 139 2324 5572
f 139 5572 2395
f 2324 1131 3867
f 2324 3867 5572
f 2395 5572 3870
f 2395 3870 1162
f 5572 3867 538
f 5572 538 3870
f 2323 217 2403
f 2323 2403 5573
f 5573 2403 1166
f 5573 1166 3868
f 1131 2323 5573
f 1131 5573 3867
f 3867 5573 3868
f 3867 3868 538
f 208 1907 5574
f 208 5574 2402
f 1907 938 3869
f 1907 3869 5574
f 2402 5574 3868
f 2402 3868 1166
f 5574 3869 538
f 5574 538 3868
f 1906 113 2394
f 1906 2394 5575
f 5575 2394 1162
f 5575 1162 3870
f 938 1906 5575
f 938 5575 3869
f 3869 5575 3870
f 3869 3870 538
f 155 2034 5576
f 155 5576 2173
f 2034 998 3871
f 2034 3871 5576
f 2173 5576 3874
f 2173 3874 1062
f 5576 3871 539
f 5576 539 3874
f 2033 139 2395
f 2033 2395 5577
f 5577 2395 1162
f 5577 1162 3872
f 998 2033 5577
f 998 5577 3871
f 3871 5577 3872
f 3871 3872 539
f 113 1949 5578
f 113 5578 2394
f 1949 958 3873
f 1949 3873 5578
f 2394 5578 3872
f 2394 3872 1162
f 5578 3873 539
f 5578 539 3872
f 1948 132 2174
f 1948 2174 5579
f 5579 2174 1062
f 5579 1062 3874
f 958 1948 5579
f 958 5579 3873
f 3873 5579 3874
f 3873 3874 539
f 136 2057 5580
f 136 5580 2397
f 2057 1008 3875
f 2057 3875 5580
f 2397 5580 3878
f 2397 3878 1163
f 5580 3875 540
f 5580 540 3878
f 2056 161 2399
f 2056 2399 5581
f 5581 2399 1164
f 5581 1164 3876
f 1008 2056 5581
f 1008 5581 3875
f 3875 5581 3876
f 3875 3876 540
f 129 1940 5582
f 129 5582 2398
f 1940 954 3877
f 1940 3877 5582
f 2398 5582 3876
f 2398 3876 1164
f 5582 3877 540
f 5582 540 3876
f 1939 128 2396
f 1939 2396 5583
f 5583 2396 1163
f 5583 1163 3878
f 954 1939 5583
f 954 5583 3877
f 3877 5583 3878
f 3877 3878 540
f 362 2942 5584
f 362 5584 3116
f 2942 1433 3879
f 2942 3879 5584
f 3116 5584 3882
f 3116 3882 1525
f 5584 3879 541
f 5584 541 3882
f 2941 127 2181
f 2941 2181 5585
f 5585 2181 1066
f 5585 1066 3880
f 1433 2941 5585
f 1433 5585 3879
f 3879 5585 3880
f 3879 3880 541
f 172 3045 5586
f 172 5586 2182
f 3045 1488 3881
f 3045 3881 5586
f 2182 5586 3880
f 2182 3880 1066
f 5586 3881 541
f 5586 541 3880
f 3044 344 3115
f 3044 3115 5587
f 5587 3115 1525
f 5587 1525 3882
f 1488 3044 5587
f 1488 5587 3881
f 3881 5587 3882
f 3881 3882 541
f 161 2151 5588
f 161 5588 2399
f 2151 1052 3883
f 2151 3883 5588
f 2399 5588 3887
f 2399 3887 1164
f 5588 3883 542
f 5588 542 3887
f 2150 183 1938
f 2150 1938 5590
f 5590 1938 953
f 5590 953 3885
f 1052 2149 5589
f 1052 5589 3883
f 3883 5589 3884
f 3883 3884 542
f 99 2159 5592
f 99 5592 1937
f 2158 1055 3886
f 2158 3886 5591
f 1937 5592 3885
f 1937 3885 953
f 5591 3886 542
f 5591 542 3884
f 2157 129 2398
f 2157 2398 5593
f 5593 2398 1164
f 5593 1164 3887
f 1055 2157 5593
f 1055 5593 3886
f 3886 5593 3887
f 3886 3887 542
f 187 2190 5594
f 187 5594 2183
f 2190 1069 3888
f 2190 3888 5594
f 2183 5594 3892
f 2183 3892 1067
f 5594 3888 543
f 5594 543 3892
f 2188 183 2152
f 2188 2152 5595
f 5595 2152 1053
f 5595 1053 3889
f 1069 2189 5596
f 1069 5596 3888
f 3888 5596 3890
f 3888 3890 543
f 184 2185 5597
f 184 5597 2153
f 2186 1068 3891
f 2186 3891 5598
f 2153 5597 3889
f 2153 3889 1053
f 5598 3891 543
f 5598 543 3890
f 2187 188 2184
f 2187 2184 5599
f 5599 2184 1067
f 5599 1067 3892
f 1068 2187 5599
f 1068 5599 3891
f 3891 5599 3892
f 3891 3892 543
f 155 2193 5600
f 155 5600 2192
f 2193 1071 3893
f 2193 3893 5600
f 2192 5600 3895
f 2192 3895 1070
f 5600 3893 544
f 5600 544 3895
f 2194 158 2042
f 2194 2042 5601
f 5601 2042 1001
f 5601 1001 3894
f 1071 2194 5601
f 1071 5601 3893
f 3893 5601 3894
f 3893 3894 544
f 159 2191 5602
f 159 5602 2041
f 2191 1070 3895
f 2191 3895 5602
f 2041 5602 3894
f 2041 3894 1001
f 5602 3895 544
f 5602 544 3894
f 135 2198 5603
f 135 5603 2196
f 2198 1073 3896
f 2198 3896 5603
f 2196 5603 3898
f 2196 3898 1072
f 5603 3896 545
f 5603 545 3898
f 2197 168 2078
f 2197 2078 5604
f 5604 2078 1021
f 5604 1021 3897
f 1073 2197 5604
f 1073 5604 3896
f 3896 5604 3897
f 3896 3897 545
f 169 2195 5605
f 169 5605 2079
f 2195 1072 3898
f 2195 3898 5605
f 2079 5605 3897
f 2079 3897 1021
f 5605 3898 545
f 5605 545 3897
f 135 2073 5606
f 135 5606 2198
f 2073 1017 3899
f 2073 3899 5606
f 2198 5606 3901
f 2198 3901 1073
f 5606 3899 546
f 5606 546 3901
f 2072 165 2199
f 2072 2199 5607
f 5607 2199 1074
f 5607 1074 3900
f 1017 2072 5607
f 1017 5607 3899
f 3899 5607 3900
f 3899 3900 546
f 168 2197 5608
f 168 5608 2200
f 2197 1073 3901
f 2197 3901 5608
f 2200 5608 3900
f 2200 3900 1074
f 5608 3901 546
f 5608 546 3900
f 135 2196 5609
f 135 5609 2054
f 2196 1072 3902
f 2196 3902 5609
f 2054 5609 3904
f 2054 3904 1007
f 5609 3902 547
f 5609 547 3904
f 2195 169 2201
f 2195 2201 5610
f 5610 2201 1075
f 5610 1075 3903
f 1072 2195 5610
f 1072 5610 3902
f 3902 5610 3903
f 3902 3903 547
f 105 2055 5611
f 105 5611 2202
f 2055 1007 3904
f 2055 3904 5611
f 2202 5611 3903
f 2202 3903 1075
f 5611 3904 547
f 5611 547 3903
f 169 2081 5612
f 169 5612 2201
f 2081 1023 3906
f 2081 3906 5612
f 2201 5612 3910
f 2201 3910 1075
f 5612 3906 549
f 5612 549 3910
f 2080 166 2203
f 2080 2203 5613
f 5613 2203 1076
f 5613 1076 3907
f 1022 2080 5613
f 1022 5613 3905
f 3905 5613 3907
f 3905 3907 548
f 104 1893 5614
f 104 5614 2204
f 1893 931 3908
f 1893 3908 5614
f 2204 5614 3907
f 2204 3907 1076
f 5614 3908 548
f 5614 548 3907
f 1892 105 2202
f 1892 2202 5615
f 5615 2202 1075
f 5615 1075 3910
f 932 1892 5615
f 932 5615 3909
f 3909 5615 3910
f 3909 3910 549
f 166 2172 5617
f 166 5617 2203
f 2171 1061 3911
f 2171 3911 5616
f 2203 5617 3915
f 2203 3915 1076
f 5616 3911 550
f 5616 550 3914
f 2170 185 2205
f 2170 2205 5618
f 5618 2205 1077
f 5618 1077 3912
f 1061 2170 5618
f 1061 5618 3911
f 3911 5618 3912
f 3911 3912 550
f 163 2164 5619
f 163 5619 2206
f 2164 1058 3913
f 2164 3913 5619
f 2206 5619 3912
f 2206 3912 1077
f 5619 3913 550
f 5619 550 3912
f 2163 104 2204
f 2163 2204 5621
f 5621 2204 1076
f 5621 1076 3915
f 1058 2162 5620
f 1058 5620 3913
f 3913 5620 3914
f 3913 3914 550
f 185 2208 5622
f 185 5622 2205
f 2208 1078 3916
f 2208 3916 5622
f 2205 5622 3918
f 2205 3918 1077
f 5622 3916 551
f 5622 551 3918
f 2207 138 2063
f 2207 2063 5623
f 5623 2063 1011
f 5623 1011 3917
f 1078 2207 5623
f 1078 5623 3916
f 3916 5623 3917
f 3916 3917 551
f 163 2206 5624
f 163 5624 2062
f 2206 1077 3918
f 2206 3918 5624
f 2062 5624 3917
f 2062 3917 1011
f 5624 3918 551
f 5624 551 3917
f 186 2210 5625
f 186 5625 2165
f 2210 1079 3919
f 2210 3919 5625
f 2165 5625 3921
f 2165 3921 1059
f 5625 3919 552
f 5625 552 3921
f 2209 138 2207
f 2209 2207 5626
f 5626 2207 1078
f 5626 1078 3920
f 1079 2209 5626
f 1079 5626 3919
f 3919 5626 3920
f 3919 3920 552
f 185 2166 5627
f 185 5627 2208
f 2166 1059 3921
f 2166 3921 5627
f 2208 5627 3920
f 2208 3920 1078
f 5627 3921 552
f 5627 552 3920
f 165 2069 5628
f 165 5628 2199
f 2069 1015 3923
f 2069 3923 5628
f 2199 5628 3928
f 2199 3928 1074
f 5628 3923 554
f 5628 554 3928
f 2068 164 2211
f 2068 2211 5629
f 5629 2211 1080
f 5629 1080 3924
f 1014 2068 5629
f 1014 5629 3922
f 3922 5629 3924
f 3922 3924 553
f 167 2077 5631
f 167 5631 2213
f 2077 1019 3926
f 2077 3926 5631
f 2212 5630 3924
f 2212 3924 1080
f 5630 3925 553
f 5630 553 3924
f 2076 168 2200
f 2076 2200 5632
f 5632 2200 1074
f 5632 1074 3928
f 1020 2076 5632
f 1020 5632 3927
f 3927 5632 3928
f 3927 3928 554
f 164 2096 5633
f 164 5633 2211
f 2097 1031 3929
f 2097 3929 5634
f 2211 5633 3932
f 2211 3932 1080
f 5634 3929 555
f 5634 555 3933
f 2095 171 2215
f 2095 2215 5635
f 5635 2215 1081
f 5635 1081 3930
f 1031 2095 5635
f 1031 5635 3929
f 3929 5635 3930
f 3929 3930 555
f 186 2169 5636
f 186 5636 2214
f 2169 1060 3931
f 2169 3931 5636
f 2214 5636 3930
f 2214 3930 1081
f 5636 3931 555
f 5636 555 3930
f 2168 167 2213
f 2168 2213 5639
f 5637 2212 1080
f 5637 1080 3932
f 1060 2167 5638
f 1060 5638 3931
f 3931 5638 3933
f 3931 3933 555
f 171 2087 5640
f 171 5640 2215
f 2087 1026 3934
f 2087 3934 5640
f 2215 5640 3936
f 2215 3936 1081
f 5640 3934 556
f 5640 556 3936
f 2086 138 2209
f 2086 2209 5641
f 5641 2209 1079
f 5641 1079 3935
f 1026 2086 5641
f 1026 5641 3934
f 3934 5641 3935
f 3934 3935 556
f 186 2214 5642
f 186 5642 2210
f 2214 1081 3936
f 2214 3936 5642
f 2210 5642 3935
f 2210 3935 1079
f 5642 3936 556
f 5642 556 3935
f 188 2216 5643
f 188 5643 2184
f 2216 1082 3937
f 2216 3937 5643
f 2184 5643 3939
f 2184 3939 1067
f 5643 3937 557
f 5643 557 3939
f 2217 155 2176
f 2217 2176 5644
f 5644 2176 1063
f 5644 1063 3938
f 1082 2217 5644
f 1082 5644 3937
f 3937 5644 3938
f 3937 3938 557
f 187 2183 5645
f 187 5645 2175
f 2183 1067 3939
f 2183 3939 5645
f 2175 5645 3938
f 2175 3938 1063
f 5645 3939 557
f 5645 557 3938
f 155 2192 5646
f 155 5646 2032
f 2192 1070 3940
f 2192 3940 5646
f 2032 5646 3942
f 2032 3942 997
f 5646 3940 558
f 5646 558 3942
f 2191 159 2219
f 2191 2219 5647
f 5647 2219 1083
f 5647 1083 3941
f 1070 2191 5647
f 1070 5647 3940
f 3940 5647 3941
f 3940 3941 558
f 131 2031 5648
f 131 5648 2218
f 2031 997 3942
f 2031 3942 5648
f 2218 5648 3941
f 2218 3941 1083
f 5648 3942 558
f 5648 558 3941
f 155 2217 5649
f 155 5649 2193
f 2217 1082 3943
f 2217 3943 5649
f 2193 5649 3945
f 2193 3945 1071
f 5649 3943 559
f 5649 559 3945
f 2216 188 2220
f 2216 2220 5650
f 5650 2220 1084
f 5650 1084 3944
f 1082 2216 5650
f 1082 5650 3943
f 3943 5650 3944
f 3943 3944 559
f 158 2194 5651
f 158 5651 2221
f 2194 1071 3945
f 2194 3945 5651
f 2221 5651 3944
f 2221 3944 1084
f 5651 3945 559
f 5651 559 3944
f 188 2187 5652
f 188 5652 2220
f 2187 1068 3946
f 2187 3946 5652
f 2220 5652 3950
f 2220 3950 1084
f 5652 3946 560
f 5652 560 3950
f 2185 184 2222
f 2185 2222 5653
f 5653 2222 1085
f 5653 1085 3947
f 1068 2186 5654
f 1068 5654 3946
f 3946 5654 3948
f 3946 3948 560
f 157 2039 5655
f 157 5655 2223
f 2040 1000 3949
f 2040 3949 5656
f 2223 5655 3947
f 2223 3947 1085
f 5656 3949 560
f 5656 560 3948
f 2038 158 2221
f 2038 2221 5657
f 5657 2221 1084
f 5657 1084 3950
f 1000 2038 5657
f 1000 5657 3949
f 3949 5657 3950
f 3949 3950 560
f 184 2156 5659
f 184 5659 2222
f 2155 1054 3951
f 2155 3951 5658
f 2222 5659 3955
f 2222 3955 1085
f 5658 3951 561
f 5658 561 3954
f 2154 162 2224
f 2154 2224 5660
f 5660 2224 1086
f 5660 1086 3952
f 1054 2154 5660
f 1054 5660 3951
f 3951 5660 3952
f 3951 3952 561
f 182 2145 5661
f 182 5661 2225
f 2145 1050 3953
f 2145 3953 5661
f 2225 5661 3952
f 2225 3952 1086
f 5661 3953 561
f 5661 561 3952
f 2144 157 2223
f 2144 2223 5663
f 5663 2223 1085
f 5663 1085 3955
f 1050 2143 5662
f 1050 5662 3953
f 3953 5662 3954
f 3953 3954 561
f 162 2061 5664
f 162 5664 2224
f 2061 1010 3956
f 2061 3956 5664
f 2224 5664 3958
f 2224 3958 1086
f 5664 3956 562
f 5664 562 3958
f 2060 136 2226
f 2060 2226 5665
f 5665 2226 1087
f 5665 1087 3957
f 1010 2060 5665
f 1010 5665 3956
f 3956 5665 3957
f 3956 3957 562
f 182 2225 5666
f 182 5666 2227
f 2225 1086 3958
f 2225 3958 5666
f 2227 5666 3957
f 2227 3957 1087
f 5666 3958 562
f 5666 562 3957
f 182 2227 5667
f 182 5667 2141
f 2227 1087 3959
f 2227 3959 5667
f 2141 5667 3961
f 2141 3961 1049
f 5667 3959 563
f 5667 563 3961
f 2226 136 2228
f 2226 2228 5668
f 5668 2228 1088
f 5668 1088 3960
f 1087 2226 5668
f 1087 5668 3959
f 3959 5668 3960
f 3959 3960 563
f 181 2142 5669
f 181 5669 2229
f 2142 1049 3961
f 2142 3961 5669
f 2229 5669 3960
f 2229 3960 1088
f 5669 3961 563
f 5669 563 3960
f 159 2045 5670
f 159 5670 2219
f 2045 1002 3962
f 2045 3962 5670
f 2219 5670 3966
f 2219 3966 1083
f 5670 3962 564
f 5670 564 3966
f 2044 156 2230
f 2044 2230 5672
f 5672 2230 1089
f 5672 1089 3964
f 1002 2043 5671
f 1002 5671 3962
f 3962 5671 3963
f 3962 3963 564
f 130 1945 5674
f 130 5674 2231
f 1944 956 3965
f 1944 3965 5673
f 2231 5674 3964
f 2231 3964 1089
f 5673 3965 564
f 5673 564 3963
f 1943 131 2218
f 1943 2218 5675
f 5675 2218 1083
f 5675 1083 3966
f 956 1943 5675
f 956 5675 3965
f 3965 5675 3966
f 3965 3966 564
f 156 2148 5677
f 156 5677 2230
f 2147 1051 3967
f 2147 3967 5676
f 2230 5677 3971
f 2230 3971 1089
f 5676 3967 565
f 5676 565 3970
f 2146 181 2232
f 2146 2232 5678
f 5678 2232 1090
f 5678 1090 3968
f 1051 2146 5678
f 1051 5678 3967
f 3967 5678 3968
f 3967 3968 565
f 137 2140 5679
f 137 5679 2233
f 2140 1048 3969
f 2140 3969 5679
f 2233 5679 3968
f 2233 3968 1090
f 5679 3969 565
f 5679 565 3968
f 2139 130 2231
f 2139 2231 5681
f 5681 2231 1089
f 5681 1089 3971
f 1048 2138 5680
f 1048 5680 3969
f 3969 5680 3970
f 3969 3970 565
f 181 2229 5682
f 181 5682 2232
f 2229 1088 3972
f 2229 3972 5682
f 2232 5682 3974
f 2232 3974 1090
f 5682 3972 566
f 5682 566 3974
f 2228 136 1965
f 2228 1965 5683
f 5683 1965 966
f 5683 966 3973
f 1088 2228 5683
f 1088 5683 3972
f 3972 5683 3973
f 3972 3973 566
f 137 2233 5684
f 137 5684 1964
f 2233 1090 3974
f 2233 3974 5684
f 1964 5684 3973
f 1964 3973 966
f 5684 3974 566
f 5684 566 3973
f 201 2257 5686
f 201 5686 2268
f 2257 1102 3976
f 2257 3976 5686
f 2267 5685 3979
f 2267 3979 1106
f 5685 3975 567
f 5685 567 3979
f 2258 61 1556
f 2258 1556 5688
f 5687 1555 774
f 5687 774 3977
f 1102 2258 5688
f 1102 5688 3976
f 3975 5687 3977
f 3975 3977 567
f 15 1552 5689
f 15 5689 1554
f 1552 773 3978
f 1552 3978 5689
f 1554 5689 3977
f 1554 3977 774
f 5689 3978 567
f 5689 567 3977
f 1553 189 2269
f 1553 2269 5690
f 5690 2269 1106
f 5690 1106 3979
f 773 1553 5690
f 773 5690 3978
f 3978 5690 3979
f 3978 3979 567
f 192 2236 5691
f 192 5691 2270
f 2236 1092 3980
f 2236 3980 5691
f 2270 5691 3983
f 2270 3983 1107
f 5691 3980 568
f 5691 568 3983
f 2237 19 1563
f 2237 1563 5692
f 5692 1563 777
f 5692 777 3981
f 1092 2237 5692
f 1092 5692 3980
f 3980 5692 3981
f 3980 3981 568
f 293 2763 5693
f 293 5693 1564
f 2763 1345 3982
f 2763 3982 5693
f 1564 5693 3981
f 1564 3981 777
f 5693 3982 568
f 5693 568 3981
f 2764 300 2271
f 2764 2271 5694
f 5694 2271 1107
f 5694 1107 3983
f 1345 2764 5694
f 1345 5694 3982
f 3982 5694 3983
f 3982 3983 568
f 194 2240 5695
f 194 5695 2272
f 2240 1094 3984
f 2240 3984 5695
f 2272 5695 3987
f 2272 3987 1108
f 5695 3984 569
f 5695 569 3987
f 2241 22 1567
f 2241 1567 5696
f 5696 1567 779
f 5696 779 3985
f 1094 2241 5696
f 1094 5696 3984
f 3984 5696 3985
f 3984 3985 569
f 314 2849 5697
f 314 5697 1568
f 2849 1387 3986
f 2849 3986 5697
f 1568 5697 3985
f 1568 3985 779
f 5697 3986 569
f 5697 569 3985
f 2850 324 2273
f 2850 2273 5698
f 5698 2273 1108
f 5698 1108 3987
f 1387 2850 5698
f 1387 5698 3986
f 3986 5698 3987
f 3986 3987 569
f 191 1562 5700
f 191 5700 2666
f 1561 776 3988
f 1561 3988 5699
f 2666 5700 3992
f 2666 3992 1297
f 5699 3988 570
f 5699 570 3991
f 1560 18 2652
f 1560 2652 5701
f 5701 2652 1290
f 5701 1290 3989
f 776 1560 5701
f 776 5701 3988
f 3988 5701 3989
f 3988 3989 570
f 25 2615 5702
f 25 5702 2653
f 2615 1274 3990
f 2615 3990 5702
f 2653 5702 3989
f 2653 3989 1290
f 5702 3990 570
f 5702 570 3989
f 2617 279 2667
f 2617 2667 5704
f 5704 2667 1297
f 5704 1297 3992
f 1274 2616 5703
f 1274 5703 3990
f 3990 5703 3991
f 3990 3991 570
f 204 2265 5705
f 204 5705 2274
f 2265 1105 3993
f 2265 3993 5705
f 2274 5705 3996
f 2274 3996 1109
f 5705 3993 571
f 5705 571 3996
f 2266 76 1778
f 2266 1778 5706
f 5706 1778 876
f 5706 876 3994
f 1105 2266 5706
f 1105 5706 3993
f 3993 5706 3994
f 3993 3994 571
f 16 2235 5707
f 16 5707 1779
f 2235 1091 3995
f 2235 3995 5707
f 1779 5707 3994
f 1779 3994 876
f 5707 3995 571
f 5707 571 3994
f 2234 190 2275
f 2234 2275 5708
f 5708 2275 1109
f 5708 1109 3996
f 1091 2234 5708
f 1091 5708 3995
f 3995 5708 3996
f 3995 3996 571
f 26 2670 5709
f 26 5709 2638
f 2670 1299 3997
f 2670 3997 5709
f 2638 5709 4000
f 2638 4000 1283
f 5709 3997 572
f 5709 572 4000
f 2671 22 2241
f 2671 2241 5710
f 5710 2241 1094
f 5710 1094 3998
f 1299 2671 5710
f 1299 5710 3997
f 3997 5710 3998
f 3997 3998 572
f 194 2684 5711
f 194 5711 2240
f 2684 1306 3999
f 2684 3999 5711
f 2240 5711 3998
f 2240 3998 1094
f 5711 3999 572
f 5711 572 3998
f 2682 289 2636
f 2682 2636 5712
f 5713 2637 1283
f 5713 1283 4000
f 1306 2683 5713
f 1306 5713 3999
f 3999 5713 4000
f 3999 4000 572
f 205 2895 5714
f 205 5714 2278
f 2895 1409 4001
f 2895 4001 5714
f 2278 5714 4004
f 2278 4004 1111
f 5714 4001 573
f 5714 573 4004
f 2896 72 1546
f 2896 1546 5715
f 5715 1546 770
f 5715 770 4002
f 1409 2896 5715
f 1409 5715 4001
f 4001 5715 4002
f 4001 4002 573
f 10 2898 5716
f 10 5716 1545
f 2898 1410 4003
f 2898 4003 5716
f 1545 5716 4002
f 1545 4002 770
f 5716 4003 573
f 5716 573 4002
f 2897 189 2279
f 2897 2279 5717
f 5717 2279 1111
f 5717 1111 4004
f 1410 2897 5717
f 1410 5717 4003
f 4003 5717 4004
f 4003 4004 573
f 197 2415 5719
f 197 5719 2281
f 2415 1171 4006
f 2415 4006 5719
f 2280 5718 4012
f 2280 4012 1112
f 5718 4005 574
f 5718 574 4012
f 2414 228 1630
f 2414 1630 5720
f 5720 1630 810
f 5720 810 4007
f 1171 2414 5720
f 1171 5720 4006
f 4006 5720 4007
f 4006 4007 575
f 41 1626 5721
f 41 5721 1629
f 1627 809 4009
f 1627 4009 5722
f 1629 5721 4007
f 1629 4007 810
f 5722 4009 576
f 5722 576 4008
f 1628 27 1580
f 1628 1580 5723
f 5723 1580 785
f 5723 785 4011
f 809 1628 5723
f 809 5723 4009
f 4009 5723 4011
f 4009 4011 576
f 196 2282 5724
f 196 5724 1581
f 2282 1112 4012
f 2282 4012 5724
f 1582 5725 4011
f 1582 4011 785
f 5724 4012 574
f 5724 574 4010
f 198 1645 5728
f 198 5728 2284
f 1645 817 4014
f 1645 4014 5728
f 2283 5727 4018
f 2283 4018 1113
f 5726 4013 577
f 5726 577 4017
f 1644 45 1642
f 1644 1642 5730
f 5729 1641 816
f 5729 816 4015
f 817 1644 5730
f 817 5730 4014
f 4013 5729 4015
f 4013 4015 577
f 23 1573 5731
f 23 5731 1643
f 1573 782 4016
f 1573 4016 5731
f 1643 5731 4015
f 1643 4015 816
f 5731 4016 577
f 5731 577 4015
f 1575 195 2285
f 1575 2285 5733
f 5733 2285 1113
f 5733 1113 4018
f 782 1574 5732
f 782 5732 4016
f 4016 5732 4017
f 4016 4017 577
f 199 2252 5734
f 199 5734 2286
f 2252 1100 4020
f 2252 4020 5734
f 2286 5734 4025
f 2286 4025 1114
f 5734 4020 579
f 5734 579 4025
f 2253 227 2416
f 2253 2416 5735
f 5735 2416 1172
f 5735 1172 4021
f 1099 2253 5735
f 1099 5735 4019
f 4019 5735 4021
f 4019 4021 578
f 228 2414 5737
f 228 5737 2418
f 2414 1171 4024
f 2414 4024 5737
f 2417 5736 4021
f 2417 4021 1172
f 5736 4022 578
f 5736 578 4021
f 2415 197 2288
f 2415 2288 5739
f 5738 2287 1114
f 5738 1114 4025
f 1171 2415 5739
f 1171 5739 4024
f 4023 5738 4025
f 4023 4025 579
f 200 2254 5740
f 200 5740 2289
f 2255 1101 4026
f 2255 4026 5741
f 2289 5740 4030
f 2289 4030 1115
f 5741 4026 580
f 5741 580 4031
f 2256 56 1713
f 2256 1713 5742
f 5742 1713 849
f 5742 849 4027
f 1101 2256 5742
f 1101 5742 4026
f 4026 5742 4027
f 4026 4027 580
f 45 1644 5743
f 45 5743 1714
f 1644 817 4028
f 1644 4028 5743
f 1715 5744 4027
f 1715 4027 849
f 5744 4029 580
f 5744 580 4027
f 1645 198 2291
f 1645 2291 5746
f 5745 2290 1115
f 5745 1115 4030
f 817 1645 5746
f 817 5746 4028
f 4029 5747 4031
f 4029 4031 580
f 202 1767 5748
f 202 5748 2292
f 1767 871 4033
f 1767 4033 5748
f 2292 5748 4038
f 2292 4038 1116
f 5748 4033 582
f 5748 582 4038
f 1766 67 1646
f 1766 1646 5749
f 5749 1646 818
f 5749 818 4034
f 870 1766 5749
f 870 5749 4032
f 4032 5749 4034
f 4032 4034 581
f 225 2412 5750
f 225 5750 1647
f 2412 1170 4035
f 2412 4035 5750
f 1647 5750 4034
f 1647 4034 818
f 5750 4035 581
f 5750 581 4034
f 2413 227 2253
f 2413 2253 5751
f 5751 2253 1099
f 5751 1099 4036
f 1170 2413 5751
f 1170 5751 4035
f 4035 5751 4036
f 4035 4036 581
f 199 2293 5752
f 199 5752 2252
f 2293 1116 4038
f 2293 4038 5752
f 2252 5752 4037
f 2252 4037 1100
f 5752 4038 582
f 5752 582 4037
f 203 1772 5753
f 203 5753 2294
f 1773 873 4039
f 1773 4039 5754
f 2294 5753 4042
f 2294 4042 1117
f 5754 4039 583
f 5754 583 4043
f 1771 47 1655
f 1771 1655 5755
f 5755 1655 823
f 5755 823 4040
f 873 1771 5755
f 873 5755 4039
f 4039 5755 4040
f 4039 4040 583
f 56 2256 5756
f 56 5756 1656
f 2256 1101 4041
f 2256 4041 5756
f 1656 5756 4040
f 1656 4040 823
f 5756 4041 583
f 5756 583 4040
f 2254 200 2295
f 2254 2295 5757
f 5757 2295 1117
f 5757 1117 4042
f 1101 2255 5758
f 1101 5758 4041
f 4041 5758 4043
f 4041 4043 583
f 190 2234 5759
f 190 5759 2296
f 2234 1091 4044
f 2234 4044 5759
f 2296 5759 4048
f 2296 4048 1118
f 5759 4044 584
f 5759 584 4048
f 2235 16 1740
f 2235 1740 5760
f 5760 1740 859
f 5760 859 4045
f 1091 2235 5760
f 1091 5760 4044
f 4044 5760 4045
f 4044 4045 584
f 61 2258 5761
f 61 5761 1738
f 2258 1102 4046
f 2258 4046 5761
f 1739 5762 4045
f 1739 4045 859
f 5762 4047 584
f 5762 584 4045
f 2257 201 2297
f 2257 2297 5763
f 5764 2298 1118
f 5764 1118 4048
f 1102 2257 5763
f 1102 5763 4046
f 4047 5764 4048
f 4047 4048 584
f 193 1566 5765
f 193 5765 2299
f 1566 778 4049
f 1566 4049 5765
f 2299 5765 4052
f 2299 4052 1119
f 5765 4049 585
f 5765 585 4052
f 1565 21 2387
f 1565 2387 5766
f 5766 2387 1158
f 5766 1158 4050
f 778 1565 5766
f 778 5766 4049
f 4049 5766 4050
f 4049 4050 585
f 76 2266 5767
f 76 5767 2386
f 2266 1105 4051
f 2266 4051 5767
f 2386 5767 4050
f 2386 4050 1158
f 5767 4051 585
f 5767 585 4050
f 2265 204 2300
f 2265 2300 5768
f 5768 2300 1119
f 5768 1119 4052
f 1105 2265 5768
f 1105 5768 4051
f 4051 5768 4052
f 4051 4052 585
f 192 2607 5769
f 192 5769 2301
f 2607 1270 4053
f 2607 4053 5769
f 2301 5769 4056
f 2301 4056 1120
f 5769 4053 586
f 5769 586 4056
f 2606 3 2605
f 2606 2605 5770
f 5770 2605 1269
f 5770 1269 4054
f 1270 2606 5770
f 1270 5770 4053
f 4053 5770 4054
f 4053 4054 586
f 72 2896 5771
f 72 5771 2604
f 2896 1409 4055
f 2896 4055 5771
f 2604 5771 4054
f 2604 4054 1269
f 5771 4055 586
f 5771 586 4054
f 2895 205 2302
f 2895 2302 5772
f 5772 2302 1120
f 5772 1120 4056
f 1409 2895 5772
f 1409 5772 4055
f 4055 5772 4056
f 4055 4056 586
f 207 2305 5773
f 207 5773 2338
f 2305 1122 4057
f 2305 4057 5773
f 2338 5773 4061
f 2338 4061 1138
f 5773 4057 587
f 5773 587 4061
f 2306 112 1903
f 2306 1903 5774
f 5774 1903 936
f 5774 936 4058
f 1122 2306 5774
f 1122 5774 4057
f 4057 5774 4058
f 4057 4058 587
f 111 1899 5776
f 111 5776 1902
f 1899 935 4060
f 1899 4060 5776
f 1901 5775 4058
f 1901 4058 936
f 5775 4059 587
f 5775 587 4058
f 1900 206 2340
f 1900 2340 5778
f 5777 2339 1138
f 5777 1138 4061
f 935 1900 5778
f 935 5778 4060
f 4059 5777 4061
f 4059 4061 587
f 209 2309 5779
f 209 5779 2341
f 2309 1124 4062
f 2309 4062 5779
f 2341 5779 4065
f 2341 4065 1139
f 5779 4062 588
f 5779 588 4065
f 2310 114 1908
f 2310 1908 5780
f 5780 1908 939
f 5780 939 4063
f 1124 2310 5780
f 1124 5780 4062
f 4062 5780 4063
f 4062 4063 588
f 320 2851 5781
f 320 5781 1909
f 2851 1388 4064
f 2851 4064 5781
f 1909 5781 4063
f 1909 4063 939
f 5781 4064 588
f 5781 588 4063
f 2852 325 2342
f 2852 2342 5782
f 5782 2342 1139
f 5782 1139 4065
f 1388 2852 5782
f 1388 5782 4064
f 4064 5782 4065
f 4064 4065 588
f 211 2313 5783
f 211 5783 2343
f 2313 1126 4066
f 2313 4066 5783
f 2343 5783 4069
f 2343 4069 1140
f 5783 4066 589
f 5783 589 4069
f 2314 117 1914
f 2314 1914 5784
f 5784 1914 942
f 5784 942 4067
f 1126 2314 5784
f 1126 5784 4066
f 4066 5784 4067
f 4066 4067 589
f 298 2765 5785
f 298 5785 1915
f 2765 1346 4068
f 2765 4068 5785
f 1915 5785 4067
f 1915 4067 942
f 5785 4068 589
f 5785 589 4067
f 2766 301 2344
f 2766 2344 5786
f 5786 2344 1140
f 5786 1140 4069
f 1346 2766 5786
f 1346 5786 4068
f 4068 5786 4069
f 4068 4069 589
f 119 2691 5787
f 119 5787 2621
f 2691 1310 4070
f 2691 4070 5787
f 2621 5787 4073
f 2621 4073 1276
f 5787 4070 590
f 5787 590 4073
f 2692 114 2310
f 2692 2310 5788
f 5788 2310 1124
f 5788 1124 4071
f 1310 2692 5788
f 1310 5788 4070
f 4070 5788 4071
f 4070 4071 590
f 209 2694 5789
f 209 5789 2309
f 2694 1311 4072
f 2694 4072 5789
f 2309 5789 4071
f 2309 4071 1124
f 5789 4072 590
f 5789 590 4071
f 2693 283 2620
f 2693 2620 5790
f 5790 2620 1276
f 5790 1276 4073
f 1311 2693 5790
f 1311 5790 4072
f 4072 5790 4073
f 4072 4073 590
f 214 1931 5791
f 214 5791 2347
f 1931 950 4074
f 1931 4074 5791
f 2347 5791 4077
f 2347 4077 1142
f 5791 4074 591
f 5791 591 4077
f 1930 124 1928
f 1930 1928 5792
f 5792 1928 949
f 5792 949 4075
f 950 1930 5792
f 950 5792 4074
f 4074 5792 4075
f 4074 4075 591
f 123 1926 5793
f 123 5793 1929
f 1926 948 4076
f 1926 4076 5793
f 1929 5793 4075
f 1929 4075 949
f 5793 4076 591
f 5793 591 4075
f 1927 213 2348
f 1927 2348 5794
f 5794 2348 1142
f 5794 1142 4077
f 948 1927 5794
f 948 5794 4076
f 4076 5794 4077
f 4076 4077 591
f 210 1913 5795
f 210 5795 2668
f 1913 941 4078
f 1913 4078 5795
f 2668 5795 4081
f 2668 4081 1298
f 5795 4078 592
f 5795 592 4081
f 1912 116 2662
f 1912 2662 5796
f 5796 2662 1295
f 5796 1295 4079
f 941 1912 5796
f 941 5796 4078
f 4078 5796 4079
f 4078 4079 592
f 126 2626 5797
f 126 5797 2663
f 2626 1279 4080
f 2626 4080 5797
f 2663 5797 4079
f 2663 4079 1295
f 5797 4080 592
f 5797 592 4079
f 2627 284 2669
f 2627 2669 5798
f 5798 2669 1298
f 5798 1298 4081
f 1279 2627 5798
f 1279 5798 4080
f 4080 5798 4081
f 4080 4081 592
f 207 1905 5799
f 207 5799 2349
f 1905 937 4082
f 1905 4082 5799
f 2349 5799 4085
f 2349 4085 1143
f 5799 4082 593
f 5799 593 4085
f 1904 100 1889
f 1904 1889 5800
f 5800 1889 929
f 5800 929 4083
f 937 1904 5800
f 937 5800 4082
f 4082 5800 4083
f 4082 4083 593
f 101 1972 5801
f 101 5801 1888
f 1972 970 4084
f 1972 4084 5801
f 1888 5801 4083
f 1888 4083 929
f 5801 4084 593
f 5801 593 4083
f 1973 217 2350
f 1973 2350 5802
f 5802 2350 1143
f 5802 1143 4085
f 970 1973 5802
f 970 5802 4084
f 4084 5802 4085
f 4084 4085 593
f 215 2321 5803
f 215 5803 2351
f 2321 1130 4086
f 2321 4086 5803
f 2352 5804 4091
f 2352 4091 1144
f 5803 4086 594
f 5803 594 4090
f 2322 125 1988
f 2322 1988 5805
f 5805 1988 980
f 5805 980 4087
f 1130 2322 5805
f 1130 5805 4086
f 4086 5805 4087
f 4086 4087 594
f 144 2326 5806
f 144 5806 1989
f 2326 1132 4088
f 2326 4088 5806
f 1990 5807 4087
f 1990 4087 980
f 5807 4089 594
f 5807 594 4087
f 2325 218 2353
f 2325 2353 5808
f 5810 2354 1144
f 5810 1144 4091
f 1132 2325 5808
f 1132 5808 4088
f 4089 5809 4090
f 4089 4090 594
f 212 2315 5811
f 212 5811 2355
f 2315 1127 4092
f 2315 4092 5811
f 2355 5811 4096
f 2355 4096 1145
f 5811 4092 595
f 5811 595 4096
f 2316 118 2000
f 2316 2000 5812
f 5812 2000 986
f 5812 986 4093
f 1127 2316 5812
f 1127 5812 4092
f 4092 5812 4093
f 4092 4093 595
f 147 2328 5813
f 147 5813 2001
f 2328 1133 4094
f 2328 4094 5813
f 2002 5814 4093
f 2002 4093 986
f 5814 4095 595
f 5814 595 4093
f 2327 219 2356
f 2327 2356 5815
f 5816 2357 1145
f 5816 1145 4096
f 1133 2327 5815
f 1133 5815 4094
f 4095 5816 4096
f 4095 4096 595
f 218 2325 5817
f 218 5817 2358
f 2325 1132 4097
f 2325 4097 5817
f 2359 5818 4101
f 2359 4101 1146
f 5819 4098 596
f 5819 596 4102
f 2326 144 2009
f 2326 2009 5820
f 5821 2010 989
f 5821 989 4099
f 1132 2326 5820
f 1132 5820 4097
f 4098 5821 4099
f 4098 4099 596
f 150 2006 5822
f 150 5822 2011
f 2006 988 4100
f 2006 4100 5822
f 2011 5822 4099
f 2011 4099 989
f 5822 4100 596
f 5822 596 4099
f 2007 220 2360
f 2007 2360 5823
f 5823 2360 1146
f 5823 1146 4101
f 988 2008 5824
f 988 5824 4100
f 4100 5824 4102
f 4100 4102 596
f 219 2327 5825
f 219 5825 2361
f 2327 1133 4103
f 2327 4103 5825
f 2362 5826 4107
f 2362 4107 1147
f 5826 4104 597
f 5826 597 4107
f 2328 147 2025
f 2328 2025 5827
f 5828 2026 995
f 5828 995 4105
f 1133 2328 5827
f 1133 5827 4103
f 4104 5828 4105
f 4104 4105 597
f 153 2023 5829
f 153 5829 2027
f 2023 994 4106
f 2023 4106 5829
f 2027 5829 4105
f 2027 4105 995
f 5829 4106 597
f 5829 597 4105
f 2024 221 2363
f 2024 2363 5830
f 5830 2363 1147
f 5830 1147 4107
f 994 2024 5830
f 994 5830 4106
f 4106 5830 4107
f 4106 4107 597
f 220 2007 5831
f 220 5831 2364
f 2008 988 4108
f 2008 4108 5832
f 2364 5831 4111
f 2364 4111 1148
f 5832 4108 598
f 5832 598 4112
f 2006 150 2114
f 2006 2114 5833
f 5833 2114 1038
f 5833 1038 4109
f 988 2006 5833
f 988 5833 4108
f 4108 5833 4109
f 4108 4109 598
f 176 2335 5834
f 176 5834 2115
f 2335 1136 4110
f 2335 4110 5834
f 2115 5834 4109
f 2115 4109 1038
f 5834 4110 598
f 5834 598 4109
f 2334 223 2366
f 2334 2366 5836
f 5835 2365 1148
f 5835 1148 4111
f 1136 2334 5836
f 1136 5836 4110
f 4110 5836 4112
f 4110 4112 598
f 221 2024 5837
f 221 5837 2367
f 2024 994 4113
f 2024 4113 5837
f 2367 5837 4116
f 2367 4116 1149
f 5837 4113 599
f 5837 599 4116
f 2023 153 2125
f 2023 2125 5838
f 5838 2125 1043
f 5838 1043 4114
f 994 2023 5838
f 994 5838 4113
f 4113 5838 4114
f 4113 4114 599
f 179 2337 5839
f 179 5839 2126
f 2337 1137 4115
f 2337 4115 5839
f 2126 5839 4114
f 2126 4114 1043
f 5839 4115 599
f 5839 599 4114
f 2336 224 2368
f 2336 2368 5840
f 5840 2368 1149
f 5840 1149 4116
f 1137 2336 5840
f 1137 5840 4115
f 4115 5840 4116
f 4115 4116 599
f 206 1900 5842
f 206 5842 2370
f 1900 935 4118
f 1900 4118 5842
f 2369 5841 4121
f 2369 4121 1150
f 5841 4117 600
f 5841 600 4121
f 1899 111 2137
f 1899 2137 5844
f 5843 2136 1047
f 5843 1047 4119
f 935 1899 5844
f 935 5844 4118
f 4117 5843 4119
f 4117 4119 600
f 124 1930 5845
f 124 5845 2135
f 1930 950 4120
f 1930 4120 5845
f 2135 5845 4119
f 2135 4119 1047
f 5845 4120 600
f 5845 600 4119
f 1931 214 2371
f 1931 2371 5846
f 5846 2371 1150
f 5846 1150 4121
f 950 1931 5846
f 950 5846 4120
f 4120 5846 4121
f 4120 4121 600
f 213 1927 5847
f 213 5847 2372
f 1927 948 4122
f 1927 4122 5847
f 2372 5847 4125
f 2372 4125 1151
f 5847 4122 601
f 5847 601 4125
f 1926 123 2401
f 1926 2401 5848
f 5848 2401 1165
f 5848 1165 4123
f 948 1926 5848
f 948 5848 4122
f 4122 5848 4123
f 4122 4123 601
f 117 2314 5849
f 117 5849 2400
f 2314 1126 4124
f 2314 4124 5849
f 2400 5849 4123
f 2400 4123 1165
f 5849 4124 601
f 5849 601 4123
f 2313 211 2373
f 2313 2373 5850
f 5850 2373 1151
f 5850 1151 4125
f 1126 2313 5850
f 1126 5850 4124
f 4124 5850 4125
f 4124 4125 601
f 217 1973 5851
f 217 5851 2403
f 1973 970 4126
f 1973 4126 5851
f 2403 5851 4129
f 2403 4129 1166
f 5851 4126 602
f 5851 602 4129
f 1972 101 2393
f 1972 2393 5852
f 5852 2393 1161
f 5852 1161 4127
f 970 1972 5852
f 970 5852 4126
f 4126 5852 4127
f 4126 4127 602
f 93 2308 5853
f 93 5853 2392
f 2308 1123 4128
f 2308 4128 5853
f 2392 5853 4127
f 2392 4127 1161
f 5853 4128 602
f 5853 602 4127
f 2307 208 2402
f 2307 2402 5854
f 5854 2402 1166
f 5854 1166 4129
f 1123 2307 5854
f 1123 5854 4128
f 4128 5854 4129
f 4128 4129 602
f 254 2526 5855
f 254 5855 2932
f 2526 1229 4130
f 2526 4130 5855
f 2932 5855 4133
f 2932 4133 1428
f 5855 4130 603
f 5855 603 4133
f 2527 248 2927
f 2527 2927 5856
f 5856 2927 1426
f 5856 1426 4131
f 1229 2527 5856
f 1229 5856 4130
f 4130 5856 4131
f 4130 4131 603
f 247 2503 5857
f 247 5857 2928
f 2503 1218 4132
f 2503 4132 5857
f 2928 5857 4131
f 2928 4131 1426
f 5857 4132 603
f 5857 603 4131
f 2504 253 2931
f 2504 2931 5858
f 5858 2931 1428
f 5858 1428 4133
f 1218 2504 5858
f 1218 5858 4132
f 4132 5858 4133
f 4132 4133 603
f 68 1653 5859
f 68 5859 2407
f 1653 822 4134
f 1653 4134 5859
f 2407 5859 4137
f 2407 4137 1168
f 5859 4134 604
f 5859 604 4137
f 1654 55 1727
f 1654 1727 5860
f 5860 1727 854
f 5860 854 4135
f 822 1654 5860
f 822 5860 4134
f 4134 5860 4135
f 4134 4135 604
f 53 2406 5861
f 53 5861 1726
f 2406 1167 4136
f 2406 4136 5861
f 1726 5861 4135
f 1726 4135 854
f 5861 4136 604
f 5861 604 4135
f 2405 226 2408
f 2405 2408 5862
f 5862 2408 1168
f 5862 1168 4137
f 1167 2405 5862
f 1167 5862 4136
f 4136 5862 4137
f 4136 4137 604
f 225 2404 5863
f 225 5863 2412
f 2405 1167 4139
f 2405 4139 5864
f 2412 5863 4141
f 2412 4141 1170
f 5863 4138 605
f 5863 605 4141
f 2406 53 2411
f 2406 2411 5866
f 5865 2410 1169
f 5865 1169 4140
f 1167 2406 5866
f 1167 5866 4139
f 4138 5865 4140
f 4138 4140 605
f 227 2413 5867
f 227 5867 2409
f 2413 1170 4141
f 2413 4141 5867
f 2409 5867 4140
f 2409 4140 1169
f 5867 4141 605
f 5867 605 4140
f 227 2409 5868
f 227 5868 2416
f 2409 1169 4142
f 2409 4142 5868
f 2416 5868 4147
f 2416 4147 1172
f 5868 4142 606
f 5868 606 4147
f 2411 53 1704
f 2411 1704 5870
f 5870 1704 846
f 5870 846 4144
f 1169 2410 5869
f 1169 5869 4142
f 4142 5869 4143
f 4142 4143 606
f 41 1629 5873
f 41 5873 1706
f 1629 810 4146
f 1629 4146 5873
f 1705 5872 4144
f 1705 4144 846
f 5871 4145 606
f 5871 606 4143
f 1630 228 2418
f 1630 2418 5875
f 5874 2417 1172
f 5874 1172 4147
f 810 1630 5875
f 810 5875 4146
f 4145 5874 4147
f 4145 4147 606
f 67 1766 5876
f 67 5876 2449
f 1766 870 4148
f 1766 4148 5876
f 2449 5876 4154
f 2449 4154 1188
f 5876 4148 607
f 5876 607 4154
f 1767 202 2451
f 1767 2451 5877
f 5877 2451 1189
f 5877 1189 4150
f 871 1767 5877
f 871 5877 4149
f 4149 5877 4150
f 4149 4150 608
f 230 2421 5879
f 230 5879 2453
f 2421 1175 4153
f 2421 4153 5879
f 2452 5878 4150
f 2452 4150 1189
f 5878 4152 608
f 5878 608 4150
f 2419 229 2450
f 2419 2450 5880
f 5880 2450 1188
f 5880 1188 4154
f 1173 2419 5880
f 1173 5880 4151
f 4151 5880 4154
f 4151 4154 607
f 202 2260 5882
f 202 5882 2451
f 2259 1103 4155
f 2259 4155 5881
f 2451 5882 4160
f 2451 4160 1189
f 5881 4155 609
f 5881 609 4159
f 2261 46 2454
f 2261 2454 5883
f 5883 2454 1190
f 5883 1190 4156
f 1103 2261 5883
f 1103 5883 4155
f 4155 5883 4156
f 4155 4156 609
f 231 2423 5885
f 231 5885 2456
f 2423 1176 4158
f 2423 4158 5885
f 2455 5884 4156
f 2455 4156 1190
f 5884 4157 609
f 5884 609 4156
f 2422 230 2453
f 2422 2453 5888
f 5887 2452 1189
f 5887 1189 4160
f 1176 2422 5888
f 1176 5888 4158
f 4157 5886 4159
f 4157 4159 609
f 46 2978 5889
f 46 5889 2454
f 2978 1452 4161
f 2978 4161 5889
f 2454 5889 4165
f 2454 4165 1190
f 5889 4161 610
f 5889 610 4165
f 2979 71 2457
f 2979 2457 5890
f 5890 2457 1191
f 5890 1191 4162
f 1452 2979 5890
f 1452 5890 4161
f 4161 5890 4162
f 4161 4162 610
f 232 2981 5891
f 232 5891 2458
f 2981 1453 4163
f 2981 4163 5891
f 2458 5891 4162
f 2458 4162 1191
f 5891 4163 610
f 5891 610 4162
f 2980 231 2456
f 2980 2456 5893
f 5892 2455 1190
f 5892 1190 4165
f 1454 2980 5893
f 1454 5893 4164
f 4163 5892 4165
f 4163 4165 610
f 71 2921 5894
f 71 5894 2457
f 2921 1422 4166
f 2921 4166 5894
f 2457 5894 4170
f 2457 4170 1191
f 5894 4166 611
f 5894 611 4170
f 2922 175 2459
f 2922 2459 5895
f 5895 2459 1192
f 5895 1192 4167
f 1422 2922 5895
f 1422 5895 4166
f 4166 5895 4167
f 4166 4167 611
f 233 2924 5896
f 233 5896 2460
f 2924 1423 4168
f 2924 4168 5896
f 2461 5897 4167
f 2461 4167 1192
f 5897 4169 611
f 5897 611 4167
f 2923 232 2458
f 2923 2458 5898
f 5898 2458 1191
f 5898 1191 4170
f 1424 2923 5898
f 1424 5898 4169
f 4169 5898 4170
f 4169 4170 611
f 175 2111 5899
f 175 5899 2459
f 2111 1037 4171
f 2111 4171 5899
f 2459 5899 4176
f 2459 4176 1192
f 5899 4171 612
f 5899 612 4176
f 2112 222 2462
f 2112 2462 5900
f 5900 2462 1193
f 5900 1193 4172
f 1037 2113 5901
f 1037 5901 4171
f 4171 5901 4173
f 4171 4173 612
f 234 2425 5902
f 234 5902 2464
f 2425 1177 4174
f 2425 4174 5902
f 2465 5903 4172
f 2465 4172 1193
f 5904 4175 612
f 5904 612 4173
f 2424 233 2460
f 2424 2460 5905
f 5906 2461 1192
f 5906 1192 4176
f 1177 2424 5905
f 1177 5905 4174
f 4175 5906 4176
f 4175 4176 612
f 223 2334 5907
f 223 5907 2463
f 2334 1136 4177
f 2334 4177 5907
f 2463 5907 4181
f 2463 4181 1194
f 5907 4177 613
f 5907 613 4181
f 2335 176 2466
f 2335 2466 5908
f 5908 2466 1195
f 5908 1195 4178
f 1136 2335 5908
f 1136 5908 4177
f 4177 5908 4178
f 4177 4178 613
f 235 2428 5909
f 235 5909 2467
f 2429 1179 4179
f 2429 4179 5910
f 2468 5910 4178
f 2468 4178 1195
f 5910 4179 613
f 5910 613 4178
f 2426 234 2464
f 2426 2464 5911
f 5912 2465 1193
f 5912 1193 4180
f 1179 2427 5913
f 1179 5913 4179
f 4179 5913 4181
f 4179 4181 613
f 176 2117 5915
f 176 5915 2466
f 2116 1039 4182
f 2116 4182 5914
f 2466 5915 4188
f 2466 4188 1195
f 5914 4182 615
f 5914 615 4187
f 2118 177 2469
f 2118 2469 5916
f 5916 2469 1197
f 5916 1197 4184
f 1039 2118 5916
f 1039 5916 4182
f 4182 5916 4184
f 4182 4184 615
f 237 2433 5917
f 237 5917 2470
f 2433 1180 4185
f 2433 4185 5917
f 2470 5917 4183
f 2470 4183 1196
f 5917 4185 614
f 5917 614 4183
f 2432 236 2468
f 2432 2468 5919
f 2468 1195 4188
f 2468 4188 5919
f 1180 2430 5918
f 1180 5918 4185
f 4185 5918 4186
f 4185 4186 614
f 177 2129 5920
f 177 5920 2469
f 2129 1045 4189
f 2129 4189 5920
f 2469 5920 4195
f 2469 4195 1197
f 5920 4189 617
f 5920 617 4195
f 2130 178 2471
f 2130 2471 5921
f 5921 2471 1199
f 5921 1199 4191
f 1045 2131 5922
f 1045 5922 4189
f 4189 5922 4192
f 4189 4192 617
f 238 2435 5923
f 238 5923 2472
f 2435 1181 4193
f 2435 4193 5923
f 2472 5923 4190
f 2472 4190 1198
f 5923 4193 616
f 5923 616 4190
f 2434 237 2470
f 2434 2470 5924
f 5924 2470 1196
f 5924 1196 4194
f 1181 2434 5924
f 1181 5924 4193
f 4193 5924 4194
f 4193 4194 616
f 178 2123 5925
f 178 5925 2471
f 2123 1042 4196
f 2123 4196 5925
f 2471 5925 4200
f 2471 4200 1199
f 5925 4196 618
f 5925 618 4200
f 2124 224 2474
f 2124 2474 5926
f 5926 2474 1200
f 5926 1200 4197
f 1042 2124 5926
f 1042 5926 4196
f 4196 5926 4197
f 4196 4197 618
f 239 2437 5927
f 239 5927 2475
f 2437 1182 4198
f 2437 4198 5927
f 2476 5928 4197
f 2476 4197 1200
f 5928 4199 618
f 5928 618 4197
f 2436 238 2472
f 2436 2472 5929
f 5930 2473 1199
f 5930 1199 4200
f 1182 2436 5929
f 1182 5929 4198
f 4199 5930 4200
f 4199 4200 618
f 224 2336 5931
f 224 5931 2474
f 2336 1137 4201
f 2336 4201 5931
f 2474 5931 4206
f 2474 4206 1200
f 5931 4201 620
f 5931 620 4206
f 2337 179 2477
f 2337 2477 5932
f 5932 2477 1202
f 5932 1202 4203
f 1137 2337 5932
f 1137 5932 4201
f 4201 5932 4203
f 4201 4203 620
f 240 2439 5933
f 240 5933 2478
f 2439 1183 4204
f 2439 4204 5933
f 2478 5933 4202
f 2478 4202 1201
f 5933 4204 619
f 5933 619 4202
f 2438 239 2475
f 2438 2475 5934
f 5935 2476 1200
f 5935 1200 4206
f 1183 2438 5934
f 1183 5934 4204
f 4204 5934 4205
f 4204 4205 619
f 179 2919 5936
f 179 5936 2477
f 2919 1421 4207
f 2919 4207 5936
f 2477 5936 4212
f 2477 4212 1202
f 5936 4207 622
f 5936 622 4212
f 2920 180 2479
f 2920 2479 5937
f 5937 2479 1204
f 5937 1204 4209
f 1421 2920 5937
f 1421 5937 4207
f 4207 5937 4209
f 4207 4209 622
f 241 2926 5938
f 241 5938 2480
f 2926 1425 4210
f 2926 4210 5938
f 2480 5938 4208
f 2480 4208 1203
f 5938 4210 621
f 5938 621 4208
f 2925 240 2478
f 2925 2478 5939
f 5939 2478 1201
f 5939 1201 4211
f 1425 2925 5939
f 1425 5939 4210
f 4210 5939 4211
f 4210 4211 621
f 180 2976 5940
f 180 5940 2479
f 2976 1451 4213
f 2976 4213 5940
f 2479 5940 4218
f 2479 4218 1204
f 5940 4213 624
f 5940 624 4218
f 2977 47 2481
f 2977 2481 5941
f 5941 2481 1206
f 5941 1206 4215
f 1451 2977 5941
f 1451 5941 4213
f 4213 5941 4215
f 4213 4215 624
f 242 2983 5942
f 242 5942 2482
f 2983 1455 4216
f 2983 4216 5942
f 2482 5942 4214
f 2482 4214 1205
f 5942 4216 623
f 5942 623 4214
f 2982 241 2480
f 2982 2480 5943
f 5943 2480 1203
f 5943 1203 4217
f 1455 2982 5943
f 1455 5943 4216
f 4216 5943 4217
f 4216 4217 623
f 47 1771 5944
f 47 5944 2481
f 1771 873 4219
f 1771 4219 5944
f 2481 5944 4225
f 2481 4225 1206
f 5944 4219 626
f 5944 626 4225
f 1772 203 2483
f 1772 2483 5945
f 5945 2483 1207
f 5945 1207 4220
f 873 1773 5946
f 873 5946 4219
f 4219 5946 4222
f 4219 4222 626
f 243 2441 5948
f 243 5948 2485
f 2441 1184 4223
f 2441 4223 5948
f 2484 5947 4220
f 2484 4220 1207
f 5948 4223 625
f 5948 625 4221
f 2440 242 2482
f 2440 2482 5949
f 5949 2482 1205
f 5949 1205 4224
f 1184 2440 5949
f 1184 5949 4223
f 4223 5949 4224
f 4223 4224 625
f 203 2262 5950
f 203 5950 2483
f 2263 1104 4226
f 2263 4226 5951
f 2483 5950 4230
f 2483 4230 1207
f 5951 4226 628
f 5951 628 4232
f 2264 70 2487
f 2264 2487 5952
f 5952 2487 1210
f 5952 1210 4227
f 1104 2264 5952
f 1104 5952 4226
f 4226 5952 4227
f 4226 4227 628
f 244 2443 5953
f 244 5953 2488
f 2443 1185 4228
f 2443 4228 5953
f 2489 5954 4227
f 2489 4227 1210
f 5954 4229 628
f 5954 628 4227
f 2442 243 2485
f 2442 2485 5956
f 5955 2484 1207
f 5955 1207 4230
f 1185 2442 5956
f 1185 5956 4228
f 4228 5956 4231
f 4228 4231 627
f 69 1774 5957
f 69 5957 2486
f 1774 874 4233
f 1774 4233 5957
f 2486 5957 4237
f 2486 4237 1208
f 5957 4233 629
f 5957 629 4237
f 1775 68 2490
f 1775 2490 5958
f 5958 2490 1211
f 5958 1211 4234
f 874 1775 5958
f 874 5958 4233
f 4233 5958 4234
f 4233 4234 629
f 245 2445 5959
f 245 5959 2492
f 2445 1186 4236
f 2445 4236 5959
f 2492 5959 4235
f 2492 4235 1212
f 5959 4236 630
f 5959 630 4235
f 2444 244 2488
f 2444 2488 5960
f 5960 2488 1209
f 5960 1209 4238
f 1186 2444 5960
f 1186 5960 4236
f 4236 5960 4238
f 4236 4238 630
f 68 1768 5961
f 68 5961 2490
f 1768 872 4239
f 1768 4239 5961
f 2491 5962 4245
f 2491 4245 1212
f 5962 4240 632
f 5962 632 4245
f 1769 67 2449
f 1769 2449 5963
f 5963 2449 1188
f 5963 1188 4241
f 872 1770 5964
f 872 5964 4239
f 4239 5964 4242
f 4239 4242 631
f 229 2447 5965
f 229 5965 2450
f 2448 1187 4244
f 2448 4244 5966
f 2450 5965 4241
f 2450 4241 1188
f 5966 4244 632
f 5966 632 4243
f 2446 245 2492
f 2446 2492 5967
f 5967 2492 1212
f 5967 1212 4245
f 1187 2446 5967
f 1187 5967 4244
f 4244 5967 4245
f 4244 4245 632
f 250 2513 5968
f 250 5968 2930
f 2513 1223 4246
f 2513 4246 5968
f 2930 5968 4249
f 2930 4249 1427
f 5968 4246 633
f 5968 633 4249
f 2514 247 2928
f 2514 2928 5969
f 5969 2928 1426
f 5969 1426 4247
f 1223 2514 5969
f 1223 5969 4246
f 4246 5969 4247
f 4246 4247 633
f 248 2507 5970
f 248 5970 2927
f 2507 1220 4248
f 2507 4248 5970
f 2927 5970 4247
f 2927 4247 1426
f 5970 4248 633
f 5970 633 4247
f 2508 249 2929
f 2508 2929 5971
f 5971 2929 1427
f 5971 1427 4249
f 1220 2508 5971
f 1220 5971 4248
f 4248 5971 4249
f 4248 4249 633
f 245 2496 5972
f 245 5972 2518
f 2496 1214 4250
f 2496 4250 5972
f 2518 5972 4252
f 2518 4252 1225
f 5972 4250 634
f 5972 634 4252
f 2495 246 2516
f 2495 2516 5973
f 5973 2516 1224
f 5973 1224 4251
f 1214 2495 5973
f 1214 5973 4250
f 4250 5973 4251
f 4250 4251 634
f 251 2517 5974
f 251 5974 2515
f 2517 1225 4252
f 2517 4252 5974
f 2515 5974 4251
f 2515 4251 1224
f 5974 4252 634
f 5974 634 4251
f 246 2495 5975
f 246 5975 2499
f 2495 1214 4253
f 2495 4253 5975
f 2499 5975 4255
f 2499 4255 1216
f 5975 4253 635
f 5975 635 4255
f 2496 245 2521
f 2496 2521 5976
f 5976 2521 1227
f 5976 1227 4254
f 1214 2496 5976
f 1214 5976 4253
f 4253 5976 4254
f 4253 4254 635
f 252 2500 5977
f 252 5977 2522
f 2500 1216 4255
f 2500 4255 5977
f 2522 5977 4254
f 2522 4254 1227
f 5977 4255 635
f 5977 635 4254
f 251 2515 5978
f 251 5978 2987
f 2515 1224 4256
f 2515 4256 5978
f 2987 5978 4259
f 2987 4259 1457
f 5978 4256 636
f 5978 636 4259
f 2516 246 2985
f 2516 2985 5979
f 5979 2985 1456
f 5979 1456 4257
f 1224 2516 5979
f 1224 5979 4256
f 4256 5979 4257
f 4256 4257 636
f 247 2514 5980
f 247 5980 2984
f 2514 1223 4258
f 2514 4258 5980
f 2984 5980 4257
f 2984 4257 1456
f 5980 4258 636
f 5980 636 4257
f 2513 250 2986
f 2513 2986 5981
f 5981 2986 1457
f 5981 1457 4259
f 1223 2513 5981
f 1223 5981 4258
f 4258 5981 4259
f 4258 4259 636
f 247 2984 5982
f 247 5982 2503
f 2984 1456 4260
f 2984 4260 5982
f 2503 5982 4263
f 2503 4263 1218
f 5982 4260 637
f 5982 637 4263
f 2985 246 2499
f 2985 2499 5983
f 5983 2499 1216
f 5983 1216 4261
f 1456 2985 5983
f 1456 5983 4260
f 4260 5983 4261
f 4260 4261 637
f 252 2988 5984
f 252 5984 2500
f 2988 1458 4262
f 2988 4262 5984
f 2500 5984 4261
f 2500 4261 1216
f 5984 4262 637
f 5984 637 4261
f 2989 253 2504
f 2989 2504 5985
f 5985 2504 1218
f 5985 1218 4263
f 1458 2989 5985
f 1458 5985 4262
f 4262 5985 4263
f 4262 4263 637
f 237 2493 5986
f 237 5986 2529
f 2493 1213 4264
f 2493 4264 5986
f 2529 5986 4266
f 2529 4266 1230
f 5986 4264 638
f 5986 638 4266
f 2494 248 2527
f 2494 2527 5987
f 5987 2527 1229
f 5987 1229 4265
f 1213 2494 5987
f 1213 5987 4264
f 4264 5987 4265
f 4264 4265 638
f 254 2528 5988
f 254 5988 2526
f 2528 1230 4266
f 2528 4266 5988
f 2526 5988 4265
f 2526 4265 1229
f 5988 4266 638
f 5988 638 4265
f 248 2494 5989
f 248 5989 2507
f 2494 1213 4267
f 2494 4267 5989
f 2507 5989 4269
f 2507 4269 1220
f 5989 4267 639
f 5989 639 4269
f 2493 237 2511
f 2493 2511 5990
f 5990 2511 1222
f 5990 1222 4268
f 1213 2493 5990
f 1213 5990 4267
f 4267 5990 4268
f 4267 4268 639
f 249 2508 5991
f 249 5991 2512
f 2508 1220 4269
f 2508 4269 5991
f 2512 5991 4268
f 2512 4268 1222
f 5991 4269 639
f 5991 639 4268
f 237 2434 5992
f 237 5992 2511
f 2434 1181 4270
f 2434 4270 5992
f 2511 5992 4274
f 2511 4274 1222
f 5992 4270 640
f 5992 640 4274
f 2435 238 2436
f 2435 2436 5993
f 5993 2436 1182
f 5993 1182 4271
f 1181 2435 5993
f 1181 5993 4270
f 4270 5993 4271
f 4270 4271 640
f 239 2438 5994
f 239 5994 2437
f 2438 1183 4272
f 2438 4272 5994
f 2437 5994 4271
f 2437 4271 1182
f 5994 4272 640
f 5994 640 4271
f 2439 240 2510
f 2439 2510 5995
f 5995 2510 1221
f 5995 1221 4273
f 1183 2439 5995
f 1183 5995 4272
f 4272 5995 4273
f 4272 4273 640
f 249 2512 5996
f 249 5996 2509
f 2512 1222 4274
f 2512 4274 5996
f 2509 5996 4273
f 2509 4273 1221
f 5996 4274 640
f 5996 640 4273
f 249 2509 5997
f 249 5997 2929
f 2509 1221 4275
f 2509 4275 5997
f 2929 5997 4278
f 2929 4278 1427
f 5997 4275 641
f 5997 641 4278
f 2510 240 2925
f 2510 2925 5998
f 5998 2925 1425
f 5998 1425 4276
f 1221 2510 5998
f 1221 5998 4275
f 4275 5998 4276
f 4275 4276 641
f 241 2501 5999
f 241 5999 2926
f 2501 1217 4277
f 2501 4277 5999
f 2926 5999 4276
f 2926 4276 1425
f 5999 4277 641
f 5999 641 4276
f 2502 250 2930
f 2502 2930 6000
f 6000 2930 1427
f 6000 1427 4278
f 1217 2502 6000
f 1217 6000 4277
f 4277 6000 4278
f 4277 4278 641
f 250 2502 6001
f 250 6001 2986
f 2502 1217 4279
f 2502 4279 6001
f 2986 6001 4282
f 2986 4282 1457
f 6001 4279 642
f 6001 642 4282
f 2501 241 2982
f 2501 2982 6002
f 6002 2982 1455
f 6002 1455 4280
f 1217 2501 6002
f 1217 6002 4279
f 4279 6002 4280
f 4279 4280 642
f 242 2497 6003
f 242 6003 2983
f 2497 1215 4281
f 2497 4281 6003
f 2983 6003 4280
f 2983 4280 1455
f 6003 4281 642
f 6003 642 4280
f 2498 251 2987
f 2498 2987 6004
f 6004 2987 1457
f 6004 1457 4282
f 1215 2498 6004
f 1215 6004 4281
f 4281 6004 4282
f 4281 4282 642
f 251 2498 6005
f 251 6005 2517
f 2498 1215 4283
f 2498 4283 6005
f 2517 6005 4287
f 2517 4287 1225
f 6005 4283 643
f 6005 643 4287
f 2497 242 2440
f 2497 2440 6006
f 6006 2440 1184
f 6006 1184 4284
f 1215 2497 6006
f 1215 6006 4283
f 4283 6006 4284
f 4283 4284 643
f 243 2442 6007
f 243 6007 2441
f 2442 1185 4285
f 2442 4285 6007
f 2441 6007 4284
f 2441 4284 1184
f 6007 4285 643
f 6007 643 4284
f 2443 244 2444
f 2443 2444 6008
f 6008 2444 1186
f 6008 1186 4286
f 1185 2443 6008
f 1185 6008 4285
f 4285 6008 4286
f 4285 4286 643
f 245 2518 6009
f 245 6009 2445
f 2518 1225 4287
f 2518 4287 6009
f 2445 6009 4286
f 2445 4286 1186
f 6009 4287 643
f 6009 643 4286
f 245 2446 6010
f 245 6010 2521
f 2446 1187 4288
f 2446 4288 6010
f 2521 6010 4293
f 2521 4293 1227
f 6010 4288 644
f 6010 644 4293
f 2447 229 2419
f 2447 2419 6011
f 6012 2420 1174
f 6012 1174 4289
f 1187 2448 6013
f 1187 6013 4288
f 4288 6013 4290
f 4288 4290 644
f 230 2422 6014
f 230 6014 2421
f 2422 1176 4291
f 2422 4291 6014
f 2421 6014 4290
f 2421 4290 1175
f 6014 4291 644
f 6014 644 4290
f 2423 231 2520
f 2423 2520 6015
f 6015 2520 1226
f 6015 1226 4292
f 1176 2423 6015
f 1176 6015 4291
f 4291 6015 4292
f 4291 4292 644
f 252 2522 6016
f 252 6016 2519
f 2522 1227 4293
f 2522 4293 6016
f 2519 6016 4292
f 2519 4292 1226
f 6016 4293 644
f 6016 644 4292
f 252 2519 6017
f 252 6017 2988
f 2519 1226 4294
f 2519 4294 6017
f 2988 6017 4298
f 2988 4298 1458
f 6017 4294 645
f 6017 645 4298
f 2520 231 2980
f 2520 2980 6018
f 6018 2980 1454
f 6018 1454 4296
f 1226 2520 6018
f 1226 6018 4294
f 4294 6018 4296
f 4294 4296 645
f 232 2525 6019
f 232 6019 2981
f 2524 1228 4297
f 2524 4297 6020
f 2981 6019 4295
f 2981 4295 1453
f 6020 4297 645
f 6020 645 4296
f 2523 253 2989
f 2523 2989 6021
f 6021 2989 1458
f 6021 1458 4298
f 1228 2523 6021
f 1228 6021 4297
f 4297 6021 4298
f 4297 4298 645
f 253 2523 6022
f 253 6022 2931
f 2523 1228 4299
f 2523 4299 6022
f 2931 6022 4303
f 2931 4303 1428
f 6022 4299 646
f 6022 646 4303
f 2525 232 2923
f 2525 2923 6024
f 6024 2923 1424
f 6024 1424 4301
f 1228 2524 6023
f 1228 6023 4299
f 4299 6023 4300
f 4299 4300 646
f 233 2505 6025
f 233 6025 2924
f 2505 1219 4302
f 2505 4302 6025
f 2924 6025 4300
f 2924 4300 1423
f 6025 4302 646
f 6025 646 4300
f 2506 254 2932
f 2506 2932 6026
f 6026 2932 1428
f 6026 1428 4303
f 1219 2506 6026
f 1219 6026 4302
f 4302 6026 4303
f 4302 4303 646
f 254 2506 6027
f 254 6027 2528
f 2506 1219 4304
f 2506 4304 6027
f 2528 6027 4309
f 2528 4309 1230
f 6027 4304 647
f 6027 647 4309
f 2505 233 2424
f 2505 2424 6028
f 6028 2424 1177
f 6028 1177 4305
f 1219 2505 6028
f 1219 6028 4304
f 4304 6028 4305
f 4304 4305 647
f 234 2426 6029
f 234 6029 2425
f 2426 1178 4306
f 2426 4306 6029
f 2425 6029 4305
f 2425 4305 1177
f 6029 4306 647
f 6029 647 4305
f 2428 235 2431
f 2428 2431 6031
f 6030 2430 1180
f 6030 1180 4308
f 1179 2429 6032
f 1179 6032 4307
f 4306 6030 4308
f 4306 4308 647
f 237 2529 6033
f 237 6033 2433
f 2529 1230 4309
f 2529 4309 6033
f 2433 6033 4308
f 2433 4308 1180
f 6033 4309 647
f 6033 647 4308
f 4 2820 6034
f 4 6034 2995
f 2820 1372 4310
f 2820 4310 6034
f 2995 6034 4313
f 2995 4313 1461
f 6034 4310 648
f 6034 648 4313
f 2819 332 3010
f 2819 3010 6035
f 6035 3010 1469
f 6035 1469 4311
f 1372 2819 6035
f 1372 6035 4310
f 4310 6035 4311
f 4310 4311 648
f 326 2807 6036
f 326 6036 3011
f 2807 1366 4312
f 2807 4312 6036
f 3011 6036 4311
f 3011 4311 1469
f 6036 4312 648
f 6036 648 4311
f 2808 5 2994
f 2808 2994 6037
f 6037 2994 1461
f 6037 1461 4313
f 1366 2808 6037
f 1366 6037 4312
f 4312 6037 4313
f 4312 4313 648
f 257 2702 6038
f 257 6038 2566
f 2702 1315 4314
f 2702 4314 6038
f 2566 6038 4318
f 2566 4318 1249
f 6038 4314 649
f 6038 649 4318
f 2701 292 2767
f 2701 2767 6039
f 6039 2767 1347
f 6039 1347 4315
f 1315 2701 6039
f 1315 6039 4314
f 4314 6039 4315
f 4314 4315 649
f 295 2707 6041
f 295 6041 2769
f 2707 1318 4317
f 2707 4317 6041
f 2768 6040 4315
f 2768 4315 1347
f 6040 4316 649
f 6040 649 4315
f 2708 263 2568
f 2708 2568 6043
f 6042 2567 1249
f 6042 1249 4318
f 1318 2708 6043
f 1318 6043 4317
f 4316 6042 4318
f 4316 4318 649
f 255 2698 6044
f 255 6044 2608
f 2698 1313 4319
f 2698 4319 6044
f 2608 6044 4322
f 2608 4322 1271
f 6044 4319 650
f 6044 650 4322
f 2697 290 2770
f 2697 2770 6045
f 6045 2770 1348
f 6045 1348 4320
f 1313 2697 6045
f 1313 6045 4319
f 4319 6045 4320
f 4319 4320 650
f 300 2717 6046
f 300 6046 2771
f 2717 1323 4321
f 2717 4321 6046
f 2771 6046 4320
f 2771 4320 1348
f 6046 4321 650
f 6046 650 4320
f 2718 275 2609
f 2718 2609 6047
f 6047 2609 1271
f 6047 1271 4322
f 1323 2718 6047
f 1323 6047 4321
f 4321 6047 4322
f 4321 4322 650
f 260 2790 6048
f 260 6048 2569
f 2790 1357 4323
f 2790 4323 6048
f 2569 6048 4326
f 2569 4326 1250
f 6048 4323 651
f 6048 651 4326
f 2789 315 2853
f 2789 2853 6049
f 6049 2853 1389
f 6049 1389 4324
f 1357 2789 6049
f 1357 6049 4323
f 4323 6049 4324
f 4323 4324 651
f 324 2893 6050
f 324 6050 2854
f 2893 1408 4325
f 2893 4325 6050
f 2854 6050 4324
f 2854 4324 1389
f 6050 4325 651
f 6050 651 4324
f 2894 276 2570
f 2894 2570 6051
f 6051 2570 1250
f 6051 1250 4326
f 1408 2894 6051
f 1408 6051 4325
f 4325 6051 4326
f 4325 4326 651
f 258 2704 6052
f 258 6052 2571
f 2704 1316 4327
f 2704 4327 6052
f 2571 6052 4330
f 2571 4330 1251
f 6052 4327 652
f 6052 652 4330
f 2703 293 2772
f 2703 2772 6053
f 6053 2772 1349
f 6053 1349 4328
f 1316 2703 6053
f 1316 6053 4327
f 4327 6053 4328
f 4327 4328 652
f 294 2705 6054
f 294 6054 2773
f 2705 1317 4329
f 2705 4329 6054
f 2773 6054 4328
f 2773 4328 1349
f 6054 4329 652
f 6054 652 4328
f 2706 261 2572
f 2706 2572 6055
f 6055 2572 1251
f 6055 1251 4330
f 1317 2706 6055
f 1317 6055 4329
f 4329 6055 4330
f 4329 4330 652
f 314 2855 6056
f 314 6056 2891
f 2855 1390 4331
f 2855 4331 6056
f 2891 6056 4334
f 2891 4334 1407
f 6056 4331 653
f 6056 653 4334
f 2856 316 2889
f 2856 2889 6057
f 6057 2889 1406
f 6057 1406 4332
f 1390 2856 6057
f 1390 6057 4331
f 4331 6057 4332
f 4331 4332 653
f 262 2574 6058
f 262 6058 2890
f 2574 1252 4333
f 2574 4333 6058
f 2890 6058 4332
f 2890 4332 1406
f 6058 4333 653
f 6058 653 4332
f 2573 259 2892
f 2573 2892 6059
f 6059 2892 1407
f 6059 1407 4334
f 1252 2573 6059
f 1252 6059 4333
f 4333 6059 4334
f 4333 4334 653
f 261 2706 6060
f 261 6060 2575
f 2706 1317 4335
f 2706 4335 6060
f 2575 6060 4338
f 2575 4338 1253
f 6060 4335 654
f 6060 654 4338
f 2705 294 2774
f 2705 2774 6061
f 6061 2774 1350
f 6061 1350 4336
f 1317 2705 6061
f 1317 6061 4335
f 4335 6061 4336
f 4335 4336 654
f 292 2701 6062
f 292 6062 2775
f 2701 1315 4337
f 2701 4337 6062
f 2775 6062 4336
f 2775 4336 1350
f 6062 4337 654
f 6062 654 4336
f 2702 257 2576
f 2702 2576 6063
f 6063 2576 1253
f 6063 1253 4338
f 1315 2702 6063
f 1315 6063 4337
f 4337 6063 4338
f 4337 4338 654
f 316 2857 6064
f 316 6064 2889
f 2857 1391 4339
f 2857 4339 6064
f 2889 6064 4342
f 2889 4342 1406
f 6064 4339 655
f 6064 655 4342
f 2858 327 2888
f 2858 2888 6065
f 6065 2888 1405
f 6065 1405 4340
f 1391 2858 6065
f 1391 6065 4339
f 4339 6065 4340
f 4339 4340 655
f 256 2578 6066
f 256 6066 2887
f 2578 1254 4341
f 2578 4341 6066
f 2887 6066 4340
f 2887 4340 1405
f 6066 4341 655
f 6066 655 4340
f 2577 262 2890
f 2577 2890 6067
f 6067 2890 1406
f 6067 1406 4342
f 1254 2577 6067
f 1254 6067 4341
f 4341 6067 4342
f 4341 4342 655
f 14 1571 6068
f 14 6068 3005
f 1571 781 4343
f 1571 4343 6068
f 3005 6068 4346
f 3005 4346 1466
f 6068 4343 656
f 6068 656 4346
f 1572 315 3012
f 1572 3012 6069
f 6069 3012 1470
f 6069 1470 4344
f 781 1572 6069
f 781 6069 4343
f 4343 6069 4344
f 4343 4344 656
f 323 2102 6070
f 323 6070 3013
f 2102 1033 4345
f 2102 4345 6070
f 3013 6070 4344
f 3013 4344 1470
f 6070 4345 656
f 6070 656 4344
f 2101 108 3004
f 2101 3004 6071
f 6071 3004 1466
f 6071 1466 4346
f 1033 2101 6071
f 1033 6071 4345
f 4345 6071 4346
f 4345 4346 656
f 327 2859 6072
f 327 6072 2888
f 2859 1392 4347
f 2859 4347 6072
f 2888 6072 4351
f 2888 4351 1405
f 6072 4347 657
f 6072 657 4351
f 2860 331 2886
f 2860 2886 6073
f 6073 2886 1404
f 6073 1404 4348
f 1392 2861 6074
f 1392 6074 4347
f 4347 6074 4349
f 4347 4349 657
f 263 2580 6075
f 263 6075 2885
f 2581 1255 4350
f 2581 4350 6076
f 2885 6075 4348
f 2885 4348 1404
f 6076 4350 657
f 6076 657 4349
f 2579 256 2887
f 2579 2887 6077
f 6077 2887 1405
f 6077 1405 4351
f 1255 2579 6077
f 1255 6077 4350
f 4350 6077 4351
f 4350 4351 657
f 265 2540 6078
f 265 6078 2939
f 2540 1236 4352
f 2540 4352 6078
f 2939 6078 4355
f 2939 4355 1432
f 6078 4352 658
f 6078 658 4355
f 2541 332 2951
f 2541 2951 6079
f 6079 2951 1438
f 6079 1438 4353
f 1236 2541 6079
f 1236 6079 4352
f 4352 6079 4353
f 4352 4353 658
f 317 2791 6080
f 317 6080 2952
f 2791 1358 4354
f 2791 4354 6080
f 2952 6080 4353
f 2952 4353 1438
f 6080 4354 658
f 6080 658 4353
f 2792 264 2940
f 2792 2940 6081
f 6081 2940 1432
f 6081 1432 4355
f 1358 2792 6081
f 1358 6081 4354
f 4354 6081 4355
f 4354 4355 658
f 267 2544 6082
f 267 6082 2582
f 2544 1238 4356
f 2544 4356 6082
f 2582 6082 4360
f 2582 4360 1256
f 6083 4357 659
f 6083 659 4361
f 2545 307 2776
f 2545 2776 6084
f 6085 2777 1351
f 6085 1351 4358
f 1238 2545 6084
f 1238 6084 4356
f 4357 6085 4358
f 4357 4358 659
f 306 2543 6086
f 306 6086 2778
f 2543 1237 4359
f 2543 4359 6086
f 2778 6086 4358
f 2778 4358 1351
f 6086 4359 659
f 6086 659 4358
f 2542 266 2583
f 2542 2583 6087
f 6087 2583 1257
f 6087 1257 4361
f 1237 2542 6087
f 1237 6087 4359
f 4359 6087 4361
f 4359 4361 659
f 277 2562 6088
f 277 6088 2643
f 2562 1247 4362
f 2562 4362 6088
f 2643 6088 4365
f 2643 4365 1286
f 6088 4362 660
f 6088 660 4365
f 2563 313 2779
f 2563 2779 6089
f 6089 2779 1352
f 6089 1352 4363
f 1247 2563 6089
f 1247 6089 4362
f 4362 6089 4363
f 4362 4363 660
f 305 2539 6090
f 305 6090 2780
f 2539 1235 4364
f 2539 4364 6090
f 2780 6090 4363
f 2780 4363 1352
f 6090 4364 660
f 6090 660 4363
f 2538 264 2644
f 2538 2644 6091
f 6091 2644 1286
f 6091 1286 4365
f 1235 2538 6091
f 1235 6091 4364
f 4364 6091 4365
f 4364 4365 660
f 278 2564 6092
f 278 6092 2584
f 2564 1248 4366
f 2564 4366 6092
f 2584 6092 4369
f 2584 4369 1258
f 6092 4366 661
f 6092 661 4369
f 2565 337 2862
f 2565 2862 6093
f 6093 2862 1393
f 6093 1393 4367
f 1248 2565 6093
f 1248 6093 4366
f 4366 6093 4367
f 4366 4367 661
f 333 2549 6094
f 333 6094 2863
f 2549 1240 4368
f 2549 4368 6094
f 2863 6094 4367
f 2863 4367 1393
f 6094 4368 661
f 6094 661 4367
f 2548 269 2585
f 2548 2585 6095
f 6095 2585 1258
f 6095 1258 4369
f 1240 2548 6095
f 1240 6095 4368
f 4368 6095 4369
f 4368 4369 661
f 271 2552 6096
f 271 6096 2586
f 2552 1242 4370
f 2552 4370 6096
f 2586 6096 4373
f 2586 4373 1259
f 6096 4370 662
f 6096 662 4373
f 2553 309 2781
f 2553 2781 6097
f 6097 2781 1353
f 6097 1353 4371
f 1242 2553 6097
f 1242 6097 4370
f 4370 6097 4371
f 4370 4371 662
f 308 2547 6098
f 308 6098 2782
f 2547 1239 4372
f 2547 4372 6098
f 2782 6098 4371
f 2782 4371 1353
f 6098 4372 662
f 6098 662 4371
f 2546 268 2587
f 2546 2587 6099
f 6099 2587 1259
f 6099 1259 4373
f 1239 2546 6099
f 1239 6099 4372
f 4372 6099 4373
f 4372 4373 662
f 272 2554 6100
f 272 6100 2588
f 2554 1243 4374
f 2554 4374 6100
f 2588 6100 4377
f 2588 4377 1260
f 6100 4374 663
f 6100 663 4377
f 2555 335 2864
f 2555 2864 6101
f 6101 2864 1394
f 6101 1394 4375
f 1243 2555 6101
f 1243 6101 4374
f 4374 6101 4375
f 4374 4375 663
f 334 2551 6102
f 334 6102 2865
f 2551 1241 4376
f 2551 4376 6102
f 2865 6102 4375
f 2865 4375 1394
f 6102 4376 663
f 6102 663 4375
f 2550 270 2589
f 2550 2589 6103
f 6103 2589 1260
f 6103 1260 4377
f 1241 2550 6103
f 1241 6103 4376
f 4376 6103 4377
f 4376 4377 663
f 266 2542 6104
f 266 6104 2590
f 2542 1237 4378
f 2542 4378 6104
f 2590 6104 4381
f 2590 4381 1261
f 6104 4378 664
f 6104 664 4381
f 2543 306 2783
f 2543 2783 6105
f 6105 2783 1354
f 6105 1354 4379
f 1237 2543 6105
f 1237 6105 4378
f 4378 6105 4379
f 4378 4379 664
f 309 2553 6106
f 309 6106 2784
f 2553 1242 4380
f 2553 4380 6106
f 2784 6106 4379
f 2784 4379 1354
f 6106 4380 664
f 6106 664 4379
f 2552 271 2591
f 2552 2591 6107
f 6107 2591 1261
f 6107 1261 4381
f 1242 2552 6107
f 1242 6107 4380
f 4380 6107 4381
f 4380 4381 664
f 273 2802 6108
f 273 6108 2592
f 2802 1363 4382
f 2802 4382 6108
f 2592 6108 4385
f 2592 4385 1262
f 6108 4382 665
f 6108 665 4385
f 2801 322 2866
f 2801 2866 6109
f 6109 2866 1395
f 6109 1395 4383
f 1363 2801 6109
f 1363 6109 4382
f 4382 6109 4383
f 4382 4383 665
f 335 2555 6110
f 335 6110 2867
f 2555 1243 4384
f 2555 4384 6110
f 2867 6110 4383
f 2867 4383 1395
f 6110 4384 665
f 6110 665 4383
f 2554 272 2593
f 2554 2593 6111
f 6111 2593 1262
f 6111 1262 4385
f 1243 2554 6111
f 1243 6111 4384
f 4384 6111 4385
f 4384 4385 665
f 108 2101 6112
f 108 6112 2946
f 2101 1033 4386
f 2101 4386 6112
f 2946 6112 4389
f 2946 4389 1435
f 6112 4386 666
f 6112 666 4389
f 2102 323 2953
f 2102 2953 6113
f 6113 2953 1439
f 6113 1439 4387
f 1033 2102 6113
f 1033 6113 4386
f 4386 6113 4387
f 4386 4387 666
f 333 2821 6114
f 333 6114 2954
f 2821 1373 4388
f 2821 4388 6114
f 2954 6114 4387
f 2954 4387 1439
f 6114 4388 666
f 6114 666 4387
f 2822 107 2945
f 2822 2945 6115
f 6115 2945 1435
f 6115 1435 4389
f 1373 2822 6115
f 1373 6115 4388
f 4388 6115 4389
f 4388 4389 666
f 267 2796 6116
f 267 6116 2594
f 2796 1360 4390
f 2796 4390 6116
f 2594 6116 4395
f 2594 4395 1264
f 6116 4390 668
f 6116 668 4395
f 2795 319 2868
f 2795 2868 6117
f 6117 2868 1396
f 6117 1396 4391
f 1360 2795 6117
f 1360 6117 4390
f 4390 6117 4391
f 4390 4391 668
f 322 2801 6118
f 322 6118 2869
f 2801 1363 4392
f 2801 4392 6118
f 2870 6119 4391
f 2870 4391 1396
f 6119 4393 668
f 6119 668 4391
f 2802 273 2595
f 2802 2595 6120
f 6120 2595 1263
f 6120 1263 4394
f 1363 2802 6120
f 1363 6120 4392
f 4392 6120 4394
f 4392 4394 667
f 329 2871 6121
f 329 6121 2880
f 2871 1397 4396
f 2871 4396 6121
f 2880 6121 4399
f 2880 4399 1401
f 6121 4396 669
f 6121 669 4399
f 2873 336 2878
f 2873 2878 6123
f 6122 2877 1399
f 6122 1399 4397
f 1397 2872 6122
f 1397 6122 4396
f 4396 6122 4397
f 4396 4397 669
f 275 2597 6124
f 275 6124 2876
f 2597 1265 4398
f 2597 4398 6124
f 2876 6124 4397
f 2876 4397 1399
f 6124 4398 669
f 6124 669 4397
f 2596 258 2879
f 2596 2879 6125
f 6125 2879 1401
f 6125 1401 4399
f 1265 2596 6125
f 1265 6125 4398
f 4398 6125 4399
f 4398 4399 669
f 259 2532 6126
f 259 6126 2598
f 2532 1232 4400
f 2532 4400 6126
f 2598 6126 4403
f 2598 4403 1266
f 6126 4400 670
f 6126 670 4403
f 2533 302 2785
f 2533 2785 6127
f 6127 2785 1355
f 6127 1355 4401
f 1232 2533 6127
f 1232 6127 4400
f 4400 6127 4401
f 4400 4401 670
f 312 2561 6128
f 312 6128 2786
f 2561 1246 4402
f 2561 4402 6128
f 2786 6128 4401
f 2786 4401 1355
f 6128 4402 670
f 6128 670 4401
f 2560 276 2599
f 2560 2599 6129
f 6129 2599 1266
f 6129 1266 4403
f 1246 2560 6129
f 1246 6129 4402
f 4402 6129 4403
f 4402 4403 670
f 268 2546 6130
f 268 6130 2600
f 2546 1239 4404
f 2546 4404 6130
f 2600 6130 4407
f 2600 4407 1267
f 6130 4404 671
f 6130 671 4407
f 2547 308 2787
f 2547 2787 6131
f 6131 2787 1356
f 6131 1356 4405
f 1239 2547 6131
f 1239 6131 4404
f 4404 6131 4405
f 4404 4405 671
f 313 2563 6132
f 313 6132 2788
f 2563 1247 4406
f 2563 4406 6132
f 2788 6132 4405
f 2788 4405 1356
f 6132 4406 671
f 6132 671 4405
f 2562 277 2601
f 2562 2601 6133
f 6133 2601 1267
f 6133 1267 4407
f 1247 2562 6133
f 1247 6133 4406
f 4406 6133 4407
f 4406 4407 671
f 270 2550 6134
f 270 6134 2602
f 2550 1241 4408
f 2550 4408 6134
f 2602 6134 4411
f 2602 4411 1268
f 6134 4408 672
f 6134 672 4411
f 2551 334 2874
f 2551 2874 6135
f 6135 2874 1398
f 6135 1398 4409
f 1241 2551 6135
f 1241 6135 4408
f 4408 6135 4409
f 4408 4409 672
f 337 2565 6136
f 337 6136 2875
f 2565 1248 4410
f 2565 4410 6136
f 2875 6136 4409
f 2875 4409 1398
f 6136 4410 672
f 6136 672 4409
f 2564 278 2603
f 2564 2603 6137
f 6137 2603 1268
f 6137 1268 4411
f 1248 2564 6137
f 1248 6137 4410
f 4410 6137 4411
f 4410 4411 672
f 25 1576 6138
f 25 6138 2615
f 1576 783 4412
f 1576 4412 6138
f 2615 6138 4416
f 2615 4416 1274
f 6138 4412 673
f 6138 673 4416
f 1577 24 2244
f 1577 2244 6139
f 6139 2244 1095
f 6139 1095 4413
f 783 1577 6139
f 783 6139 4412
f 4412 6139 4413
f 4412 4413 673
f 195 2614 6141
f 195 6141 2243
f 2614 1273 4415
f 2614 4415 6141
f 2242 6140 4413
f 2242 4413 1095
f 6140 4414 673
f 6140 673 4413
f 2613 279 2617
f 2613 2617 6143
f 6142 2616 1274
f 6142 1274 4416
f 1273 2613 6143
f 1273 6143 4415
f 4414 6142 4416
f 4414 4416 673
f 279 2613 6145
f 279 6145 2646
f 2613 1273 4418
f 2613 4418 6145
f 2645 6144 4421
f 2645 4421 1287
f 6144 4417 674
f 6144 674 4421
f 2614 195 1575
f 2614 1575 6147
f 6146 1574 782
f 6146 782 4419
f 1273 2614 6147
f 1273 6147 4418
f 4417 6146 4419
f 4417 4419 674
f 23 2619 6148
f 23 6148 1573
f 2619 1275 4420
f 2619 4420 6148
f 1573 6148 4419
f 1573 4419 782
f 6148 4420 674
f 6148 674 4419
f 2618 280 2647
f 2618 2647 6149
f 6149 2647 1287
f 6149 1287 4421
f 1275 2618 6149
f 1275 6149 4420
f 4420 6149 4421
f 4420 4421 674
f 280 2618 6150
f 280 6150 3014
f 2618 1275 4422
f 2618 4422 6150
f 3014 6150 4425
f 3014 4425 1471
f 6150 4422 675
f 6150 675 4425
f 2619 23 2999
f 2619 2999 6151
f 6151 2999 1463
f 6151 1463 4423
f 1275 2619 6151
f 1275 6151 4422
f 4422 6151 4423
f 4422 4423 675
f 148 1702 6152
f 148 6152 2998
f 1702 845 4424
f 1702 4424 6152
f 2998 6152 4423
f 2998 4423 1463
f 6152 4424 675
f 6152 675 4423
f 1703 281 3015
f 1703 3015 6153
f 6153 3015 1471
f 6153 1471 4425
f 845 1703 6153
f 845 6153 4424
f 4424 6153 4425
f 4424 4425 675
f 281 1703 6154
f 281 6154 2935
f 1703 845 4426
f 1703 4426 6154
f 2935 6154 4429
f 2935 4429 1430
f 6154 4426 676
f 6154 676 4429
f 1702 148 2912
f 1702 2912 6155
f 6155 2912 1417
f 6155 1417 4427
f 845 1702 6155
f 845 6155 4426
f 4426 6155 4427
f 4426 4427 676
f 118 1918 6156
f 118 6156 2911
f 1918 944 4428
f 1918 4428 6156
f 2911 6156 4427
f 2911 4427 1417
f 6156 4428 676
f 6156 676 4427
f 1919 282 2936
f 1919 2936 6157
f 6157 2936 1430
f 6157 1430 4429
f 944 1919 6157
f 944 6157 4428
f 4428 6157 4429
f 4428 4429 676
f 282 1919 6158
f 282 6158 2639
f 1919 944 4430
f 1919 4430 6158
f 2639 6158 4433
f 2639 4433 1284
f 6158 4430 677
f 6158 677 4433
f 1918 118 2316
f 1918 2316 6159
f 6159 2316 1127
f 6159 1127 4431
f 944 1918 6159
f 944 6159 4430
f 4430 6159 4431
f 4430 4431 677
f 212 2345 6160
f 212 6160 2315
f 2345 1141 4432
f 2345 4432 6160
f 2315 6160 4431
f 2315 4431 1127
f 6160 4432 677
f 6160 677 4431
f 2346 283 2640
f 2346 2640 6161
f 6161 2640 1284
f 6161 1284 4433
f 1141 2346 6161
f 1141 6161 4432
f 4432 6161 4433
f 4432 4433 677
f 283 2346 6162
f 283 6162 2620
f 2346 1141 4434
f 2346 4434 6162
f 2620 6162 4437
f 2620 4437 1276
f 6162 4434 678
f 6162 678 4437
f 2345 212 1923
f 2345 1923 6163
f 6163 1923 946
f 6163 946 4435
f 1141 2345 6163
f 1141 6163 4434
f 4434 6163 4435
f 4434 4435 678
f 120 1920 6164
f 120 6164 1922
f 1920 945 4436
f 1920 4436 6164
f 1922 6164 4435
f 1922 4435 946
f 6164 4436 678
f 6164 678 4435
f 1921 119 2621
f 1921 2621 6165
f 6165 2621 1276
f 6165 1276 4437
f 945 1921 6165
f 945 6165 4436
f 4436 6165 4437
f 4436 4437 678
f 126 1935 6166
f 126 6166 2626
f 1935 952 4438
f 1935 4438 6166
f 2626 6166 4441
f 2626 4441 1279
f 6166 4438 679
f 6166 679 4441
f 1936 125 2322
f 1936 2322 6167
f 6167 2322 1130
f 6167 1130 4439
f 952 1936 6167
f 952 6167 4438
f 4438 6167 4439
f 4438 4439 679
f 215 2624 6168
f 215 6168 2321
f 2624 1277 4440
f 2624 4440 6168
f 2321 6168 4439
f 2321 4439 1130
f 6168 4440 679
f 6168 679 4439
f 2622 284 2627
f 2622 2627 6169
f 6169 2627 1279
f 6169 1279 4441
f 1277 2622 6169
f 1277 6169 4440
f 4440 6169 4441
f 4440 4441 679
f 285 2623 6171
f 285 6171 2631
f 2623 1278 4443
f 2623 4443 6171
f 2630 6170 4446
f 2630 4446 1281
f 6170 4442 680
f 6170 680 4446
f 2625 216 1934
f 2625 1934 6173
f 6172 1933 951
f 6172 951 4444
f 1278 2625 6173
f 1278 6173 4443
f 4442 6172 4444
f 4442 4444 680
f 106 2629 6174
f 106 6174 1932
f 2629 1280 4445
f 2629 4445 6174
f 1932 6174 4444
f 1932 4444 951
f 6174 4445 680
f 6174 680 4444
f 2628 286 2632
f 2628 2632 6175
f 6175 2632 1281
f 6175 1281 4446
f 1280 2628 6175
f 1280 6175 4445
f 4445 6175 4446
f 4445 4446 680
f 286 2628 6176
f 286 6176 2933
f 2628 1280 4447
f 2628 4447 6176
f 2933 6176 4450
f 2933 4450 1429
f 6176 4447 681
f 6176 681 4450
f 2629 106 2908
f 2629 2908 6177
f 6177 2908 1415
f 6177 1415 4448
f 1280 2629 6177
f 1280 6177 4447
f 4447 6177 4448
f 4447 4448 681
f 109 1894 6178
f 109 6178 2907
f 1894 933 4449
f 1894 4449 6178
f 2907 6178 4448
f 2907 4448 1415
f 6178 4449 681
f 6178 681 4448
f 1895 287 2934
f 1895 2934 6179
f 6179 2934 1429
f 6179 1429 4450
f 933 1895 6179
f 933 6179 4449
f 4449 6179 4450
f 4449 4450 681
f 287 1895 6180
f 287 6180 2996
f 1895 933 4451
f 1895 4451 6180
f 2996 6180 4454
f 2996 4454 1462
f 6180 4451 682
f 6180 682 4454
f 1894 109 2967
f 1894 2967 6181
f 6181 2967 1446
f 6181 1446 4452
f 933 1894 6181
f 933 6181 4451
f 4451 6181 4452
f 4451 4452 682
f 13 1550 6182
f 13 6182 2966
f 1550 772 4453
f 1550 4453 6182
f 2966 6182 4452
f 2966 4452 1446
f 6182 4453 682
f 6182 682 4452
f 1551 288 2997
f 1551 2997 6183
f 6183 2997 1462
f 6183 1462 4454
f 772 1551 6183
f 772 6183 4453
f 4453 6183 4454
f 4453 4454 682
f 288 1551 6184
f 288 6184 2633
f 1551 772 4455
f 1551 4455 6184
f 2633 6184 4459
f 2633 4459 1282
f 6184 4455 683
f 6184 683 4459
f 1550 13 2247
f 1550 2247 6185
f 6185 2247 1096
f 6185 1096 4456
f 772 1550 6185
f 772 6185 4455
f 4455 6185 4456
f 4455 4456 683
f 196 2276 6186
f 196 6186 2245
f 2276 1110 4457
f 2276 4457 6186
f 2246 6187 4456
f 2246 4456 1096
f 6187 4458 683
f 6187 683 4456
f 2277 289 2634
f 2277 2634 6188
f 6189 2635 1282
f 6189 1282 4459
f 1110 2277 6188
f 1110 6188 4457
f 4458 6189 4459
f 4458 4459 683
f 289 2277 6190
f 289 6190 2636
f 2277 1110 4460
f 2277 4460 6190
f 2637 6191 4464
f 2637 4464 1283
f 6191 4461 684
f 6191 684 4464
f 2276 196 1581
f 2276 1581 6192
f 6193 1582 785
f 6193 785 4462
f 1110 2276 6192
f 1110 6192 4460
f 4461 6193 4462
f 4461 4462 684
f 27 1578 6194
f 27 6194 1580
f 1578 784 4463
f 1578 4463 6194
f 1580 6194 4462
f 1580 4462 785
f 6194 4463 684
f 6194 684 4462
f 1579 26 2638
f 1579 2638 6195
f 6195 2638 1283
f 6195 1283 4464
f 784 1579 6195
f 784 6195 4463
f 4463 6195 4464
f 4463 4464 684
f 296 1878 6196
f 296 6196 3006
f 1878 923 4465
f 1878 4465 6196
f 3006 6196 4469
f 3006 4469 1467
f 6196 4465 685
f 6196 685 4469
f 1877 95 2990
f 1877 2990 6197
f 6197 2990 1459
f 6197 1459 4466
f 923 1877 6197
f 923 6197 4465
f 4465 6197 4466
f 4465 4466 685
f 360 3105 6198
f 360 6198 2991
f 3105 1520 4467
f 3105 4467 6198
f 2991 6198 4466
f 2991 4466 1459
f 6198 4467 685
f 6198 685 4466
f 3106 3 1533
f 3106 1533 6199
f 6199 1533 765
f 6199 765 4468
f 1520 3106 6199
f 1520 6199 4467
f 4467 6199 4468
f 4467 4468 685
f 290 3007 6200
f 290 6200 1534
f 3007 1467 4469
f 3007 4469 6200
f 1534 6200 4468
f 1534 4468 765
f 6200 4469 685
f 6200 685 4468
f 303 2535 6201
f 303 6201 2745
f 2535 1233 4470
f 2535 4470 6201
f 2745 6201 4473
f 2745 4473 1337
f 6201 4470 686
f 6201 686 4473
f 2534 260 2569
f 2534 2569 6202
f 6202 2569 1250
f 6202 1250 4471
f 1233 2534 6202
f 1233 6202 4470
f 4470 6202 4471
f 4470 4471 686
f 276 2560 6203
f 276 6203 2570
f 2560 1246 4472
f 2560 4472 6203
f 2570 6203 4471
f 2570 4471 1250
f 6203 4472 686
f 6203 686 4471
f 2561 312 2746
f 2561 2746 6204
f 6204 2746 1337
f 6204 1337 4473
f 1246 2561 6204
f 1246 6204 4472
f 4472 6204 4473
f 4472 4473 686
f 302 2533 6205
f 302 6205 2747
f 2533 1232 4474
f 2533 4474 6205
f 2747 6205 4477
f 2747 4477 1338
f 6205 4474 687
f 6205 687 4477
f 2532 259 2573
f 2532 2573 6206
f 6206 2573 1252
f 6206 1252 4475
f 1232 2532 6206
f 1232 6206 4474
f 4474 6206 4475
f 4474 4475 687
f 262 2536 6207
f 262 6207 2574
f 2536 1234 4476
f 2536 4476 6207
f 2574 6207 4475
f 2574 4475 1252
f 6207 4476 687
f 6207 687 4475
f 2537 304 2748
f 2537 2748 6208
f 6208 2748 1338
f 6208 1338 4477
f 1234 2537 6208
f 1234 6208 4476
f 4476 6208 4477
f 4476 4477 687
f 304 2537 6209
f 304 6209 2749
f 2537 1234 4478
f 2537 4478 6209
f 2749 6209 4481
f 2749 4481 1339
f 6209 4478 688
f 6209 688 4481
f 2536 262 2577
f 2536 2577 6210
f 6210 2577 1254
f 6210 1254 4479
f 1234 2536 6210
f 1234 6210 4478
f 4478 6210 4479
f 4478 4479 688
f 256 2700 6211
f 256 6211 2578
f 2700 1314 4480
f 2700 4480 6211
f 2578 6211 4479
f 2578 4479 1254
f 6211 4480 688
f 6211 688 4479
f 2699 291 2750
f 2699 2750 6212
f 6212 2750 1339
f 6212 1339 4481
f 1314 2699 6212
f 1314 6212 4480
f 4480 6212 4481
f 4480 4481 688
f 303 2723 6213
f 303 6213 3008
f 2723 1326 4482
f 2723 4482 6213
f 3008 6213 4486
f 3008 4486 1468
f 6213 4482 689
f 6213 689 4486
f 2724 20 3000
f 2724 3000 6214
f 6214 3000 1464
f 6214 1464 4483
f 1326 2724 6214
f 1326 6214 4482
f 4482 6214 4483
f 4482 4483 689
f 363 3117 6215
f 363 6215 3001
f 3117 1526 4484
f 3117 4484 6215
f 3001 6215 4483
f 3001 4483 1464
f 6215 4484 689
f 6215 689 4483
f 3118 127 2740
f 3118 2740 6216
f 6216 2740 1334
f 6216 1334 4485
f 1526 3118 6216
f 1526 6216 4484
f 4484 6216 4485
f 4484 4485 689
f 311 3009 6217
f 311 6217 2739
f 3009 1468 4486
f 3009 4486 6217
f 2739 6217 4485
f 2739 4485 1334
f 6217 4486 689
f 6217 689 4485
f 291 2699 6218
f 291 6218 2751
f 2699 1314 4487
f 2699 4487 6218
f 2751 6218 4491
f 2751 4491 1340
f 6218 4487 690
f 6218 690 4491
f 2700 256 2579
f 2700 2579 6219
f 6219 2579 1255
f 6219 1255 4488
f 1314 2700 6219
f 1314 6219 4487
f 4487 6219 4488
f 4487 4488 690
f 263 2708 6220
f 263 6220 2580
f 2708 1318 4489
f 2708 4489 6220
f 2581 6221 4488
f 2581 4488 1255
f 6221 4490 690
f 6221 690 4488
f 2707 295 2752
f 2707 2752 6222
f 6223 2753 1340
f 6223 1340 4491
f 1318 2707 6222
f 1318 6222 4489
f 4490 6223 4491
f 4490 4491 690
f 296 2709 6224
f 296 6224 2947
f 2709 1319 4492
f 2709 4492 6224
f 2947 6224 4495
f 2947 4495 1436
f 6224 4492 691
f 6224 691 4495
f 2710 265 2939
f 2710 2939 6225
f 6225 2939 1432
f 6225 1432 4493
f 1319 2710 6225
f 1319 6225 4492
f 4492 6225 4493
f 4492 4493 691
f 264 2538 6226
f 264 6226 2940
f 2538 1235 4494
f 2538 4494 6226
f 2940 6226 4493
f 2940 4493 1432
f 6226 4494 691
f 6226 691 4493
f 2539 305 2948
f 2539 2948 6227
f 6227 2948 1436
f 6227 1436 4495
f 1235 2539 6227
f 1235 6227 4494
f 4494 6227 4495
f 4494 4495 691
f 301 2719 6228
f 301 6228 2754
f 2719 1324 4496
f 2719 4496 6228
f 2754 6228 4499
f 2754 4499 1341
f 6228 4496 692
f 6228 692 4499
f 2720 278 2584
f 2720 2584 6229
f 6229 2584 1258
f 6229 1258 4497
f 1324 2720 6229
f 1324 6229 4496
f 4496 6229 4497
f 4496 4497 692
f 269 2712 6230
f 269 6230 2585
f 2712 1320 4498
f 2712 4498 6230
f 2585 6230 4497
f 2585 4497 1258
f 6230 4498 692
f 6230 692 4497
f 2711 297 2755
f 2711 2755 6231
f 6231 2755 1341
f 6231 1341 4499
f 1320 2711 6231
f 1320 6231 4498
f 4498 6231 4499
f 4498 4499 692
f 299 2715 6232
f 299 6232 2756
f 2715 1322 4500
f 2715 4500 6232
f 2756 6232 4503
f 2756 4503 1342
f 6232 4500 693
f 6232 693 4503
f 2716 272 2588
f 2716 2588 6233
f 6233 2588 1260
f 6233 1260 4501
f 1322 2716 6233
f 1322 6233 4500
f 4500 6233 4501
f 4500 4501 693
f 270 2714 6234
f 270 6234 2589
f 2714 1321 4502
f 2714 4502 6234
f 2589 6234 4501
f 2589 4501 1260
f 6234 4502 693
f 6234 693 4501
f 2713 298 2757
f 2713 2757 6235
f 6235 2757 1342
f 6235 1342 4503
f 1321 2713 6235
f 1321 6235 4502
f 4502 6235 4503
f 4502 4503 693
f 310 2557 6236
f 310 6236 2758
f 2557 1244 4504
f 2557 4504 6236
f 2758 6236 4507
f 2758 4507 1343
f 6236 4504 694
f 6236 694 4507
f 2556 273 2592
f 2556 2592 6237
f 6237 2592 1262
f 6237 1262 4505
f 1244 2556 6237
f 1244 6237 4504
f 4504 6237 4505
f 4504 4505 694
f 272 2716 6238
f 272 6238 2593
f 2716 1322 4506
f 2716 4506 6238
f 2593 6238 4505
f 2593 4505 1262
f 6238 4506 694
f 6238 694 4505
f 2715 299 2759
f 2715 2759 6239
f 6239 2759 1343
f 6239 1343 4507
f 1322 2715 6239
f 1322 6239 4506
f 4506 6239 4507
f 4506 4507 694
f 297 2711 6240
f 297 6240 2949
f 2711 1320 4508
f 2711 4508 6240
f 2949 6240 4511
f 2949 4511 1437
f 6240 4508 695
f 6240 695 4511
f 2712 269 2943
f 2712 2943 6241
f 6241 2943 1434
f 6241 1434 4509
f 1320 2712 6241
f 1320 6241 4508
f 4508 6241 4509
f 4508 4509 695
f 274 2558 6242
f 274 6242 2944
f 2558 1245 4510
f 2558 4510 6242
f 2944 6242 4509
f 2944 4509 1434
f 6242 4510 695
f 6242 695 4509
f 2559 311 2950
f 2559 2950 6243
f 6243 2950 1437
f 6243 1437 4511
f 1245 2559 6243
f 1245 6243 4510
f 4510 6243 4511
f 4510 4511 695
f 307 2545 6245
f 307 6245 2761
f 2545 1238 4513
f 2545 4513 6245
f 2760 6244 4517
f 2760 4517 1344
f 6244 4512 696
f 6244 696 4517
f 2544 267 2594
f 2544 2594 6246
f 6246 2594 1264
f 6246 1264 4515
f 1238 2544 6246
f 1238 6246 4513
f 4513 6246 4515
f 4513 4515 697
f 273 2556 6247
f 273 6247 2595
f 2556 1244 4516
f 2556 4516 6247
f 2595 6247 4514
f 2595 4514 1263
f 6247 4516 696
f 6247 696 4514
f 2557 310 2762
f 2557 2762 6248
f 6248 2762 1344
f 6248 1344 4517
f 1244 2557 6248
f 1244 6248 4516
f 4516 6248 4517
f 4516 4517 696
f 293 2703 6249
f 293 6249 2763
f 2703 1316 4518
f 2703 4518 6249
f 2763 6249 4521
f 2763 4521 1345
f 6249 4518 698
f 6249 698 4521
f 2704 258 2596
f 2704 2596 6250
f 6250 2596 1265
f 6250 1265 4519
f 1316 2704 6250
f 1316 6250 4518
f 4518 6250 4519
f 4518 4519 698
f 275 2718 6251
f 275 6251 2597
f 2718 1323 4520
f 2718 4520 6251
f 2597 6251 4519
f 2597 4519 1265
f 6251 4520 698
f 6251 698 4519
f 2717 300 2764
f 2717 2764 6252
f 6252 2764 1345
f 6252 1345 4521
f 1323 2717 6252
f 1323 6252 4520
f 4520 6252 4521
f 4520 4521 698
f 298 2713 6253
f 298 6253 2765
f 2713 1321 4522
f 2713 4522 6253
f 2765 6253 4525
f 2765 4525 1346
f 6253 4522 699
f 6253 699 4525
f 2714 270 2602
f 2714 2602 6254
f 6254 2602 1268
f 6254 1268 4523
f 1321 2714 6254
f 1321 6254 4522
f 4522 6254 4523
f 4522 4523 699
f 278 2720 6255
f 278 6255 2603
f 2720 1324 4524
f 2720 4524 6255
f 2603 6255 4523
f 2603 4523 1268
f 6255 4524 699
f 6255 699 4523
f 2719 301 2766
f 2719 2766 6256
f 6256 2766 1346
f 6256 1346 4525
f 1324 2719 6256
f 1324 6256 4524
f 4524 6256 4525
f 4524 4525 699
f 292 1541 6257
f 292 6257 2767
f 1541 768 4526
f 1541 4526 6257
f 2767 6257 4530
f 2767 4530 1347
f 6257 4526 700
f 6257 700 4530
f 1540 8 1537
f 1540 1537 6258
f 6258 1537 767
f 6258 767 4527
f 768 1540 6258
f 768 6258 4526
f 4526 6258 4527
f 4526 4527 700
f 64 1759 6260
f 64 6260 1539
f 1759 867 4529
f 1759 4529 6260
f 1538 6259 4527
f 1538 4527 767
f 6259 4528 700
f 6259 700 4527
f 1760 295 2769
f 1760 2769 6262
f 6261 2768 1347
f 6261 1347 4530
f 867 1760 6262
f 867 6262 4529
f 4528 6261 4530
f 4528 4530 700
f 290 1534 6263
f 290 6263 2770
f 1534 765 4531
f 1534 4531 6263
f 2770 6263 4534
f 2770 4534 1348
f 6263 4531 701
f 6263 701 4534
f 1533 3 2606
f 1533 2606 6264
f 6264 2606 1270
f 6264 1270 4532
f 765 1533 6264
f 765 6264 4531
f 4531 6264 4532
f 4531 4532 701
f 192 2270 6265
f 192 6265 2607
f 2270 1107 4533
f 2270 4533 6265
f 2607 6265 4532
f 2607 4532 1270
f 6265 4533 701
f 6265 701 4532
f 2271 300 2771
f 2271 2771 6266
f 6266 2771 1348
f 6266 1348 4534
f 1107 2271 6266
f 1107 6266 4533
f 4533 6266 4534
f 4533 4534 701
f 293 1564 6267
f 293 6267 2772
f 1564 777 4535
f 1564 4535 6267
f 2772 6267 4538
f 2772 4538 1349
f 6267 4535 702
f 6267 702 4538
f 1563 19 1605
f 1563 1605 6268
f 6268 1605 796
f 6268 796 4536
f 777 1563 6268
f 777 6268 4535
f 4535 6268 4536
f 4535 4536 702
f 34 1603 6269
f 34 6269 1606
f 1603 795 4537
f 1603 4537 6269
f 1606 6269 4536
f 1606 4536 796
f 6269 4537 702
f 6269 702 4536
f 1604 294 2773
f 1604 2773 6270
f 6270 2773 1349
f 6270 1349 4538
f 795 1604 6270
f 795 6270 4537
f 4537 6270 4538
f 4537 4538 702
f 294 1604 6271
f 294 6271 2774
f 1604 795 4539
f 1604 4539 6271
f 2774 6271 4542
f 2774 4542 1350
f 6271 4539 703
f 6271 703 4542
f 1603 34 1665
f 1603 1665 6272
f 6272 1665 828
f 6272 828 4540
f 795 1603 6272
f 795 6272 4539
f 4539 6272 4540
f 4539 4540 703
f 8 1540 6273
f 8 6273 1666
f 1540 768 4541
f 1540 4541 6273
f 1666 6273 4540
f 1666 4540 828
f 6273 4541 703
f 6273 703 4540
f 1541 292 2775
f 1541 2775 6274
f 6274 2775 1350
f 6274 1350 4542
f 768 1541 6274
f 768 6274 4541
f 4541 6274 4542
f 4541 4542 703
f 307 2731 6275
f 307 6275 2776
f 2731 1330 4543
f 2731 4543 6275
f 2777 6276 4547
f 2777 4547 1351
f 6276 4544 704
f 6276 704 4547
f 2732 99 1883
f 2732 1883 6277
f 6278 1884 927
f 6278 927 4545
f 1330 2732 6277
f 1330 6277 4543
f 4544 6278 4545
f 4544 4545 704
f 98 2730 6279
f 98 6279 1885
f 2730 1329 4546
f 2730 4546 6279
f 1885 6279 4545
f 1885 4545 927
f 6279 4546 704
f 6279 704 4545
f 2729 306 2778
f 2729 2778 6280
f 6280 2778 1351
f 6280 1351 4547
f 1329 2729 6280
f 1329 6280 4546
f 4546 6280 4547
f 4546 4547 704
f 313 2743 6281
f 313 6281 2779
f 2743 1336 4548
f 2743 4548 6281
f 2779 6281 4551
f 2779 4551 1352
f 6281 4548 705
f 6281 705 4551
f 2744 208 2307
f 2744 2307 6282
f 6282 2307 1123
f 6282 1123 4549
f 1336 2744 6282
f 1336 6282 4548
f 4548 6282 4549
f 4548 4549 705
f 93 2728 6283
f 93 6283 2308
f 2728 1328 4550
f 2728 4550 6283
f 2308 6283 4549
f 2308 4549 1123
f 6283 4550 705
f 6283 705 4549
f 2727 305 2780
f 2727 2780 6284
f 6284 2780 1352
f 6284 1352 4551
f 1328 2727 6284
f 1328 6284 4550
f 4550 6284 4551
f 4550 4551 705
f 309 2735 6285
f 309 6285 2781
f 2735 1332 4552
f 2735 4552 6285
f 2781 6285 4555
f 2781 4555 1353
f 6285 4552 706
f 6285 706 4555
f 2736 132 1948
f 2736 1948 6286
f 6286 1948 958
f 6286 958 4553
f 1332 2736 6286
f 1332 6286 4552
f 4552 6286 4553
f 4552 4553 706
f 113 2734 6287
f 113 6287 1949
f 2734 1331 4554
f 2734 4554 6287
f 1949 6287 4553
f 1949 4553 958
f 6287 4554 706
f 6287 706 4553
f 2733 308 2782
f 2733 2782 6288
f 6288 2782 1353
f 6288 1353 4555
f 1331 2733 6288
f 1331 6288 4554
f 4554 6288 4555
f 4554 4555 706
f 306 2729 6289
f 306 6289 2783
f 2729 1329 4556
f 2729 4556 6289
f 2783 6289 4559
f 2783 4559 1354
f 6289 4556 707
f 6289 707 4559
f 2730 98 2046
f 2730 2046 6290
f 6290 2046 1003
f 6290 1003 4557
f 1329 2730 6290
f 1329 6290 4556
f 4556 6290 4557
f 4556 4557 707
f 132 2736 6291
f 132 6291 2047
f 2736 1332 4558
f 2736 4558 6291
f 2047 6291 4557
f 2047 4557 1003
f 6291 4558 707
f 6291 707 4557
f 2735 309 2784
f 2735 2784 6292
f 6292 2784 1354
f 6292 1354 4559
f 1332 2735 6292
f 1332 6292 4558
f 4558 6292 4559
f 4558 4559 707
f 302 2721 6293
f 302 6293 2785
f 2721 1325 4560
f 2721 4560 6293
f 2785 6293 4563
f 2785 4563 1355
f 6293 4560 708
f 6293 708 4563
f 2722 21 1565
f 2722 1565 6294
f 6294 1565 778
f 6294 778 4561
f 1325 2722 6294
f 1325 6294 4560
f 4560 6294 4561
f 4560 4561 708
f 193 2742 6295
f 193 6295 1566
f 2742 1335 4562
f 2742 4562 6295
f 1566 6295 4561
f 1566 4561 778
f 6295 4562 708
f 6295 708 4561
f 2741 312 2786
f 2741 2786 6296
f 6296 2786 1355
f 6296 1355 4563
f 1335 2741 6296
f 1335 6296 4562
f 4562 6296 4563
f 4562 4563 708
f 308 2733 6297
f 308 6297 2787
f 2733 1331 4564
f 2733 4564 6297
f 2787 6297 4567
f 2787 4567 1356
f 6297 4564 709
f 6297 709 4567
f 2734 113 1906
f 2734 1906 6298
f 6298 1906 938
f 6298 938 4565
f 1331 2734 6298
f 1331 6298 4564
f 4564 6298 4565
f 4564 4565 709
f 208 2744 6299
f 208 6299 1907
f 2744 1336 4566
f 2744 4566 6299
f 1907 6299 4565
f 1907 4565 938
f 6299 4566 709
f 6299 709 4565
f 2743 313 2788
f 2743 2788 6300
f 6300 2788 1356
f 6300 1356 4567
f 1336 2743 6300
f 1336 6300 4566
f 4566 6300 4567
f 4566 4567 709
f 328 2884 6301
f 328 6301 2831
f 2884 1403 4568
f 2884 4568 6301
f 2831 6301 4572
f 2831 4572 1378
f 6301 4568 710
f 6301 710 4572
f 2883 257 2566
f 2883 2566 6302
f 6302 2566 1249
f 6302 1249 4569
f 1403 2883 6302
f 1403 6302 4568
f 4568 6302 4569
f 4568 4569 710
f 263 2885 6304
f 263 6304 2568
f 2885 1404 4571
f 2885 4571 6304
f 2567 6303 4569
f 2567 4569 1249
f 6303 4570 710
f 6303 710 4569
f 2886 331 2833
f 2886 2833 6306
f 6305 2832 1378
f 6305 1378 4572
f 1404 2886 6306
f 1404 6306 4571
f 4570 6305 4572
f 4570 4572 710
f 326 2531 6307
f 326 6307 2834
f 2531 1231 4573
f 2531 4573 6307
f 2834 6307 4577
f 2834 4577 1379
f 6307 4573 711
f 6307 711 4577
f 2530 255 2608
f 2530 2608 6308
f 6308 2608 1271
f 6308 1271 4574
f 1231 2530 6308
f 1231 6308 4573
f 4573 6308 4574
f 4573 4574 711
f 275 2876 6309
f 275 6309 2609
f 2876 1399 4575
f 2876 4575 6309
f 2609 6309 4574
f 2609 4574 1271
f 6309 4575 711
f 6309 711 4574
f 2878 336 2836
f 2878 2836 6311
f 6310 2835 1379
f 6310 1379 4577
f 1400 2878 6311
f 1400 6311 4576
f 4575 6310 4577
f 4575 4577 711
f 329 2880 6312
f 329 6312 2837
f 2880 1401 4578
f 2880 4578 6312
f 2837 6312 4581
f 2837 4581 1380
f 6312 4578 712
f 6312 712 4581
f 2879 258 2571
f 2879 2571 6313
f 6313 2571 1251
f 6313 1251 4579
f 1401 2879 6313
f 1401 6313 4578
f 4578 6313 4579
f 4578 4579 712
f 261 2881 6314
f 261 6314 2572
f 2881 1402 4580
f 2881 4580 6314
f 2572 6314 4579
f 2572 4579 1251
f 6314 4580 712
f 6314 712 4579
f 2882 330 2838
f 2882 2838 6315
f 6315 2838 1380
f 6315 1380 4581
f 1402 2882 6315
f 1402 6315 4580
f 4580 6315 4581
f 4580 4581 712
f 330 2882 6316
f 330 6316 2839
f 2882 1402 4582
f 2882 4582 6316
f 2839 6316 4585
f 2839 4585 1381
f 6316 4582 713
f 6316 713 4585
f 2881 261 2575
f 2881 2575 6317
f 6317 2575 1253
f 6317 1253 4583
f 1402 2881 6317
f 1402 6317 4582
f 4582 6317 4583
f 4582 4583 713
f 257 2883 6318
f 257 6318 2576
f 2883 1403 4584
f 2883 4584 6318
f 2576 6318 4583
f 2576 4583 1253
f 6318 4584 713
f 6318 713 4583
f 2884 328 2840
f 2884 2840 6319
f 6319 2840 1381
f 6319 1381 4585
f 1403 2884 6319
f 1403 6319 4584
f 4584 6319 4585
f 4584 4585 713
f 319 2795 6320
f 319 6320 2841
f 2795 1360 4586
f 2795 4586 6320
f 2841 6320 4590
f 2841 4590 1382
f 6320 4586 714
f 6320 714 4590
f 2796 267 2582
f 2796 2582 6321
f 6321 2582 1256
f 6321 1256 4587
f 1360 2796 6321
f 1360 6321 4586
f 4586 6321 4587
f 4586 4587 714
f 266 2794 6322
f 266 6322 2583
f 2794 1359 4589
f 2794 4589 6322
f 2583 6322 4588
f 2583 4588 1257
f 6322 4589 715
f 6322 715 4588
f 2793 318 2842
f 2793 2842 6323
f 6323 2842 1383
f 6323 1383 4591
f 1359 2793 6323
f 1359 6323 4589
f 4589 6323 4591
f 4589 4591 715
f 325 2805 6324
f 325 6324 2843
f 2805 1365 4592
f 2805 4592 6324
f 2843 6324 4595
f 2843 4595 1384
f 6324 4592 716
f 6324 716 4595
f 2806 277 2643
f 2806 2643 6325
f 6325 2643 1286
f 6325 1286 4593
f 1365 2806 6325
f 1365 6325 4592
f 4592 6325 4593
f 4592 4593 716
f 264 2792 6326
f 264 6326 2644
f 2792 1358 4594
f 2792 4594 6326
f 2644 6326 4593
f 2644 4593 1286
f 6326 4594 716
f 6326 716 4593
f 2791 317 2844
f 2791 2844 6327
f 6327 2844 1384
f 6327 1384 4595
f 1358 2791 6327
f 1358 6327 4594
f 4594 6327 4595
f 4594 4595 716
f 321 2799 6328
f 321 6328 2845
f 2799 1362 4596
f 2799 4596 6328
f 2845 6328 4599
f 2845 4599 1385
f 6328 4596 717
f 6328 717 4599
f 2800 271 2586
f 2800 2586 6329
f 6329 2586 1259
f 6329 1259 4597
f 1362 2800 6329
f 1362 6329 4596
f 4596 6329 4597
f 4596 4597 717
f 268 2798 6330
f 268 6330 2587
f 2798 1361 4598
f 2798 4598 6330
f 2587 6330 4597
f 2587 4597 1259
f 6330 4598 717
f 6330 717 4597
f 2797 320 2846
f 2797 2846 6331
f 6331 2846 1385
f 6331 1385 4599
f 1361 2797 6331
f 1361 6331 4598
f 4598 6331 4599
f 4598 4599 717
f 318 2793 6332
f 318 6332 2847
f 2793 1359 4600
f 2793 4600 6332
f 2847 6332 4603
f 2847 4603 1386
f 6332 4600 718
f 6332 718 4603
f 2794 266 2590
f 2794 2590 6333
f 6333 2590 1261
f 6333 1261 4601
f 1359 2794 6333
f 1359 6333 4600
f 4600 6333 4601
f 4600 4601 718
f 271 2800 6334
f 271 6334 2591
f 2800 1362 4602
f 2800 4602 6334
f 2591 6334 4601
f 2591 4601 1261
f 6334 4602 718
f 6334 718 4601
f 2799 321 2848
f 2799 2848 6335
f 6335 2848 1386
f 6335 1386 4603
f 1362 2799 6335
f 1362 6335 4602
f 4602 6335 4603
f 4602 4603 718
f 314 2891 6336
f 314 6336 2849
f 2891 1407 4604
f 2891 4604 6336
f 2849 6336 4607
f 2849 4607 1387
f 6336 4604 719
f 6336 719 4607
f 2892 259 2598
f 2892 2598 6337
f 6337 2598 1266
f 6337 1266 4605
f 1407 2892 6337
f 1407 6337 4604
f 4604 6337 4605
f 4604 4605 719
f 276 2894 6338
f 276 6338 2599
f 2894 1408 4606
f 2894 4606 6338
f 2599 6338 4605
f 2599 4605 1266
f 6338 4606 719
f 6338 719 4605
f 2893 324 2850
f 2893 2850 6339
f 6339 2850 1387
f 6339 1387 4607
f 1408 2893 6339
f 1408 6339 4606
f 4606 6339 4607
f 4606 4607 719
f 320 2797 6340
f 320 6340 2851
f 2797 1361 4608
f 2797 4608 6340
f 2851 6340 4611
f 2851 4611 1388
f 6340 4608 720
f 6340 720 4611
f 2798 268 2600
f 2798 2600 6341
f 6341 2600 1267
f 6341 1267 4609
f 1361 2798 6341
f 1361 6341 4608
f 4608 6341 4609
f 4608 4609 720
f 277 2806 6342
f 277 6342 2601
f 2806 1365 4610
f 2806 4610 6342
f 2601 6342 4609
f 2601 4609 1267
f 6342 4610 720
f 6342 720 4609
f 2805 325 2852
f 2805 2852 6343
f 6343 2852 1388
f 6343 1388 4611
f 1365 2805 6343
f 1365 6343 4610
f 4610 6343 4611
f 4610 4611 720
f 332 2541 6344
f 332 6344 3010
f 2541 1236 4612
f 2541 4612 6344
f 3010 6344 4615
f 3010 4615 1469
f 6344 4612 721
f 6344 721 4615
f 2540 265 2993
f 2540 2993 6345
f 6345 2993 1460
f 6345 1460 4613
f 1236 2540 6345
f 1236 6345 4612
f 4612 6345 4613
f 4612 4613 721
f 255 2530 6346
f 255 6346 2992
f 2530 1231 4614
f 2530 4614 6346
f 2992 6346 4613
f 2992 4613 1460
f 6346 4614 721
f 6346 721 4613
f 2531 326 3011
f 2531 3011 6347
f 6347 3011 1469
f 6347 1469 4615
f 1231 2531 6347
f 1231 6347 4614
f 4614 6347 4615
f 4614 4615 721
f 315 1572 6348
f 315 6348 2853
f 1572 781 4616
f 1572 4616 6348
f 2853 6348 4619
f 2853 4619 1389
f 6348 4616 722
f 6348 722 4619
f 1571 14 1569
f 1571 1569 6349
f 6349 1569 780
f 6349 780 4617
f 781 1571 6349
f 781 6349 4616
f 4616 6349 4617
f 4616 4617 722
f 194 2272 6350
f 194 6350 1570
f 2272 1108 4618
f 2272 4618 6350
f 1570 6350 4617
f 1570 4617 780
f 6350 4618 722
f 6350 722 4617
f 2273 324 2854
f 2273 2854 6351
f 6351 2854 1389
f 6351 1389 4619
f 1108 2273 6351
f 1108 6351 4618
f 4618 6351 4619
f 4618 4619 722
f 314 1568 6352
f 314 6352 2855
f 1568 779 4620
f 1568 4620 6352
f 2855 6352 4623
f 2855 4623 1390
f 6352 4620 723
f 6352 723 4623
f 1567 22 1611
f 1567 1611 6353
f 6353 1611 799
f 6353 799 4621
f 779 1567 6353
f 779 6353 4620
f 4620 6353 4621
f 4620 4621 723
f 35 1609 6354
f 35 6354 1612
f 1609 798 4622
f 1609 4622 6354
f 1612 6354 4621
f 1612 4621 799
f 6354 4622 723
f 6354 723 4621
f 1610 316 2856
f 1610 2856 6355
f 6355 2856 1390
f 6355 1390 4623
f 798 1610 6355
f 798 6355 4622
f 4622 6355 4623
f 4622 4623 723
f 316 1610 6356
f 316 6356 2857
f 1610 798 4624
f 1610 4624 6356
f 2857 6356 4627
f 2857 4627 1391
f 6356 4624 724
f 6356 724 4627
f 1609 35 1667
f 1609 1667 6357
f 6357 1667 829
f 6357 829 4625
f 798 1609 6357
f 798 6357 4624
f 4624 6357 4625
f 4624 4625 724
f 6 2810 6358
f 6 6358 1668
f 2810 1367 4626
f 2810 4626 6358
f 1668 6358 4625
f 1668 4625 829
f 6358 4626 724
f 6358 724 4625
f 2809 327 2858
f 2809 2858 6359
f 6359 2858 1391
f 6359 1391 4627
f 1367 2809 6359
f 1367 6359 4626
f 4626 6359 4627
f 4626 4627 724
f 315 2789 6360
f 315 6360 3012
f 2789 1357 4628
f 2789 4628 6360
f 3012 6360 4631
f 3012 4631 1470
f 6360 4628 725
f 6360 725 4631
f 2790 260 3003
f 2790 3003 6361
f 6361 3003 1465
f 6361 1465 4629
f 1357 2790 6361
f 1357 6361 4628
f 4628 6361 4629
f 4628 4629 725
f 274 2804 6362
f 274 6362 3002
f 2804 1364 4630
f 2804 4630 6362
f 3002 6362 4629
f 3002 4629 1465
f 6362 4630 725
f 6362 725 4629
f 2803 323 3013
f 2803 3013 6363
f 6363 3013 1470
f 6363 1470 4631
f 1364 2803 6363
f 1364 6363 4630
f 4630 6363 4631
f 4630 4631 725
f 327 2809 6364
f 327 6364 2859
f 2809 1367 4632
f 2809 4632 6364
f 2859 6364 4636
f 2859 4636 1392
f 6364 4632 726
f 6364 726 4636
f 2810 6 1542
f 2810 1542 6365
f 6365 1542 769
f 6365 769 4633
f 1367 2810 6365
f 1367 6365 4632
f 4632 6365 4633
f 4632 4633 726
f 65 2818 6366
f 65 6366 1543
f 2818 1371 4634
f 2818 4634 6366
f 1544 6367 4633
f 1544 4633 769
f 6367 4635 726
f 6367 726 4633
f 2817 331 2860
f 2817 2860 6368
f 6369 2861 1392
f 6369 1392 4636
f 1371 2817 6368
f 1371 6368 4634
f 4635 6369 4636
f 4635 4636 726
f 332 2819 6370
f 332 6370 2951
f 2819 1372 4637
f 2819 4637 6370
f 2951 6370 4640
f 2951 4640 1438
f 6370 4637 727
f 6370 727 4640
f 2820 4 2937
f 2820 2937 6371
f 6371 2937 1431
f 6371 1431 4638
f 1372 2820 6371
f 1372 6371 4637
f 4637 6371 4638
f 4637 4638 727
f 94 1875 6372
f 94 6372 2938
f 1875 922 4639
f 1875 4639 6372
f 2938 6372 4638
f 2938 4638 1431
f 6372 4639 727
f 6372 727 4638
f 1876 317 2952
f 1876 2952 6373
f 6373 2952 1438
f 6373 1438 4640
f 922 1876 6373
f 922 6373 4639
f 4639 6373 4640
f 4639 4640 727
f 337 2829 6374
f 337 6374 2862
f 2829 1377 4641
f 2829 4641 6374
f 2862 6374 4644
f 2862 4644 1393
f 6374 4641 728
f 6374 728 4644
f 2830 210 2311
f 2830 2311 6375
f 6375 2311 1125
f 6375 1125 4642
f 1377 2830 6375
f 1377 6375 4641
f 4641 6375 4642
f 4641 4642 728
f 107 2822 6376
f 107 6376 2312
f 2822 1373 4643
f 2822 4643 6376
f 2312 6376 4642
f 2312 4642 1125
f 6376 4643 728
f 6376 728 4642
f 2821 333 2863
f 2821 2863 6377
f 6377 2863 1393
f 6377 1393 4644
f 1373 2821 6377
f 1373 6377 4643
f 4643 6377 4644
f 4643 4644 728
f 335 2825 6378
f 335 6378 2864
f 2825 1375 4645
f 2825 4645 6378
f 2864 6378 4648
f 2864 4648 1394
f 6378 4645 729
f 6378 729 4648
f 2826 134 1954
f 2826 1954 6379
f 6379 1954 961
f 6379 961 4646
f 1375 2826 6379
f 1375 6379 4645
f 4645 6379 4646
f 4645 4646 729
f 116 2824 6380
f 116 6380 1955
f 2824 1374 4647
f 2824 4647 6380
f 1955 6380 4646
f 1955 4646 961
f 6380 4647 729
f 6380 729 4646
f 2823 334 2865
f 2823 2865 6381
f 6381 2865 1394
f 6381 1394 4648
f 1374 2823 6381
f 1374 6381 4647
f 4647 6381 4648
f 4647 4648 729
f 322 2053 6382
f 322 6382 2866
f 2053 1006 4649
f 2053 4649 6382
f 2866 6382 4652
f 2866 4652 1395
f 6382 4649 730
f 6382 730 4652
f 2052 160 2050
f 2052 2050 6383
f 6383 2050 1005
f 6383 1005 4650
f 1006 2052 6383
f 1006 6383 4649
f 4649 6383 4650
f 4649 4650 730
f 134 2826 6384
f 134 6384 2051
f 2826 1375 4651
f 2826 4651 6384
f 2051 6384 4650
f 2051 4650 1005
f 6384 4651 730
f 6384 730 4650
f 2825 335 2867
f 2825 2867 6385
f 6385 2867 1395
f 6385 1395 4652
f 1375 2825 6385
f 1375 6385 4651
f 4651 6385 4652
f 4651 4652 730
f 323 2803 6386
f 323 6386 2953
f 2803 1364 4653
f 2803 4653 6386
f 2953 6386 4656
f 2953 4656 1439
f 6386 4653 731
f 6386 731 4656
f 2804 274 2944
f 2804 2944 6387
f 6387 2944 1434
f 6387 1434 4654
f 1364 2804 6387
f 1364 6387 4653
f 4653 6387 4654
f 4653 4654 731
f 269 2548 6388
f 269 6388 2943
f 2548 1240 4655
f 2548 4655 6388
f 2943 6388 4654
f 2943 4654 1434
f 6388 4655 731
f 6388 731 4654
f 2549 333 2954
f 2549 2954 6389
f 6389 2954 1439
f 6389 1439 4656
f 1240 2549 6389
f 1240 6389 4655
f 4655 6389 4656
f 4655 4656 731
f 319 1887 6390
f 319 6390 2868
f 1887 928 4657
f 1887 4657 6390
f 2868 6390 4662
f 2868 4662 1396
f 6390 4657 732
f 6390 732 4662
f 1886 96 2160
f 1886 2160 6391
f 6391 2160 1057
f 6391 1057 4659
f 928 1886 6391
f 928 6391 4657
f 4657 6391 4659
f 4657 4659 732
f 160 2052 6392
f 160 6392 2161
f 2052 1006 4660
f 2052 4660 6392
f 2161 6392 4658
f 2161 4658 1056
f 6393 4661 732
f 6393 732 4659
f 2053 322 2869
f 2053 2869 6394
f 6395 2870 1396
f 6395 1396 4662
f 1006 2053 6394
f 1006 6394 4660
f 4661 6395 4662
f 4661 4662 732
f 329 2813 6396
f 329 6396 2871
f 2813 1369 4663
f 2813 4663 6396
f 2871 6396 4667
f 2871 4667 1397
f 6396 4663 733
f 6396 733 4667
f 2814 18 1560
f 2814 1560 6397
f 6397 1560 776
f 6397 776 4664
f 1369 2814 6397
f 1369 6397 4663
f 4663 6397 4664
f 4663 4664 733
f 191 2828 6399
f 191 6399 1562
f 2828 1376 4666
f 2828 4666 6399
f 1561 6398 4664
f 1561 4664 776
f 6398 4665 733
f 6398 733 4664
f 2827 336 2873
f 2827 2873 6401
f 6400 2872 1397
f 6400 1397 4667
f 1376 2827 6401
f 1376 6401 4666
f 4665 6400 4667
f 4665 4667 733
f 334 2823 6402
f 334 6402 2874
f 2823 1374 4668
f 2823 4668 6402
f 2874 6402 4671
f 2874 4671 1398
f 6402 4668 734
f 6402 734 4671
f 2824 116 1912
f 2824 1912 6403
f 6403 1912 941
f 6403 941 4669
f 1374 2824 6403
f 1374 6403 4668
f 4668 6403 4669
f 4668 4669 734
f 210 2830 6404
f 210 6404 1913
f 2830 1377 4670
f 2830 4670 6404
f 1913 6404 4669
f 1913 4669 941
f 6404 4670 734
f 6404 734 4669
f 2829 337 2875
f 2829 2875 6405
f 6405 2875 1398
f 6405 1398 4671
f 1377 2829 6405
f 1377 6405 4670
f 4670 6405 4671
f 4670 4671 734
f 338 3027 6406
f 338 6406 3031
f 3027 1478 4672
f 3027 4672 6406
f 3031 6406 4675
f 3031 4675 1480
f 6406 4672 735
f 6406 735 4675
f 3028 101 1888
f 3028 1888 6407
f 6407 1888 929
f 6407 929 4673
f 1478 3028 6407
f 1478 6407 4672
f 4672 6407 4673
f 4672 4673 735
f 100 3030 6408
f 100 6408 1889
f 3030 1479 4674
f 3030 4674 6408
f 1889 6408 4673
f 1889 4673 929
f 6408 4674 735
f 6408 735 4673
f 3029 339 3032
f 3029 3032 6409
f 6409 3032 1480
f 6409 1480 4675
f 1479 3029 6409
f 1479 6409 4674
f 4674 6409 4675
f 4674 4675 735
f 339 3029 6410
f 339 6410 3035
f 3029 1479 4676
f 3029 4676 6410
f 3035 6410 4680
f 3035 4680 1482
f 6410 4676 736
f 6410 736 4680
f 3030 100 1896
f 3030 1896 6411
f 6411 1896 934
f 6411 934 4677
f 1479 3030 6411
f 1479 6411 4676
f 4676 6411 4677
f 4676 4677 736
f 110 2959 6413
f 110 6413 1898
f 2959 1442 4679
f 2959 4679 6413
f 1897 6412 4677
f 1897 4677 934
f 6412 4678 736
f 6412 736 4677
f 2960 341 3037
f 2960 3037 6415
f 6415 3037 1483
f 6415 1483 4681
f 1442 2960 6415
f 1442 6415 4679
f 4678 6414 4680
f 4678 4680 736
f 341 2960 6417
f 341 6417 3041
f 2960 1442 4683
f 2960 4683 6417
f 3041 6417 4687
f 3041 4687 1487
f 6416 4682 737
f 6416 737 4686
f 2959 110 2133
f 2959 2133 6419
f 6418 2132 1046
f 6418 1046 4684
f 1442 2959 6419
f 1442 6419 4683
f 4682 6418 4684
f 4682 4684 737
f 121 2957 6420
f 121 6420 2134
f 2957 1441 4685
f 2957 4685 6420
f 2134 6420 4684
f 2134 4684 1046
f 6420 4685 737
f 6420 737 4684
f 2958 342 3042
f 2958 3042 6421
f 6421 3042 1486
f 6421 1486 4686
f 1441 2958 6421
f 1441 6421 4685
f 4685 6421 4686
f 4685 4686 737
f 342 2958 6422
f 342 6422 3046
f 2958 1441 4688
f 2958 4688 6422
f 3046 6422 4691
f 3046 4691 1489
f 6422 4688 738
f 6422 738 4691
f 2957 121 1924
f 2957 1924 6423
f 6423 1924 947
f 6423 947 4689
f 1441 2957 6423
f 1441 6423 4688
f 4688 6423 4689
f 4688 4689 738
f 122 2955 6424
f 122 6424 1925
f 2955 1440 4690
f 2955 4690 6424
f 1925 6424 4689
f 1925 4689 947
f 6424 4690 738
f 6424 738 4689
f 2956 344 3047
f 2956 3047 6425
f 6425 3047 1489
f 6425 1489 4691
f 1440 2956 6425
f 1440 6425 4690
f 4690 6425 4691
f 4690 4691 738
f 345 3048 6426
f 345 6426 3052
f 3048 1490 4692
f 3048 4692 6426
f 3052 6426 4695
f 3052 4695 1492
f 6426 4692 739
f 6426 739 4695
f 3049 77 1780
f 3049 1780 6427
f 6427 1780 877
f 6427 877 4693
f 1490 3049 6427
f 1490 6427 4692
f 4692 6427 4693
f 4692 4693 739
f 17 3051 6428
f 17 6428 1781
f 3051 1491 4694
f 3051 4694 6428
f 1781 6428 4693
f 1781 4693 877
f 6428 4694 739
f 6428 739 4693
f 3050 347 3053
f 3050 3053 6429
f 6429 3053 1492
f 6429 1492 4695
f 1491 3050 6429
f 1491 6429 4694
f 4694 6429 4695
f 4694 4695 739
f 347 3050 6430
f 347 6430 3057
f 3050 1491 4696
f 3050 4696 6430
f 3057 6430 4701
f 3057 4701 1495
f 6430 4696 740
f 6430 740 4701
f 3051 17 1557
f 3051 1557 6431
f 6431 1557 775
f 6431 775 4697
f 1491 3051 6431
f 1491 6431 4696
f 4696 6431 4697
f 4696 4697 740
f 60 3055 6432
f 60 6432 1558
f 3055 1493 4698
f 3055 4698 6432
f 1559 6433 4697
f 1559 4697 775
f 6433 4699 740
f 6433 740 4697
f 3054 348 3058
f 3054 3058 6434
f 6434 3058 1494
f 6434 1494 4700
f 1493 3054 6434
f 1493 6434 4698
f 4699 6435 4701
f 4699 4701 740
f 348 3054 6437
f 348 6437 3062
f 3054 1493 4703
f 3054 4703 6437
f 3062 6437 4707
f 3062 4707 1499
f 6436 4702 741
f 6436 741 4706
f 3055 60 1736
f 3055 1736 6439
f 6438 1735 858
f 6438 858 4704
f 1493 3055 6439
f 1493 6439 4703
f 4702 6438 4704
f 4702 4704 741
f 10 3018 6440
f 10 6440 1737
f 3018 1473 4705
f 3018 4705 6440
f 1737 6440 4704
f 1737 4704 858
f 6440 4705 741
f 6440 741 4704
f 3019 349 3063
f 3019 3063 6441
f 6441 3063 1498
f 6441 1498 4706
f 1473 3019 6441
f 1473 6441 4705
f 4705 6441 4706
f 4705 4706 741
f 349 3019 6442
f 349 6442 3067
f 3019 1473 4708
f 3019 4708 6442
f 3067 6442 4711
f 3067 4711 1501
f 6442 4708 742
f 6442 742 4711
f 3018 10 1545
f 3018 1545 6443
f 6443 1545 770
f 6443 770 4709
f 1473 3018 6443
f 1473 6443 4708
f 4708 6443 4709
f 4708 4709 742
f 72 3016 6444
f 72 6444 1546
f 3016 1472 4710
f 3016 4710 6444
f 1546 6444 4709
f 1546 4709 770
f 6444 4710 742
f 6444 742 4709
f 3017 351 3068
f 3017 3068 6445
f 6445 3068 1501
f 6445 1501 4711
f 1472 3017 6445
f 1472 6445 4710
f 4710 6445 4711
f 4710 4711 742
f 103 2961 6446
f 103 6446 3085
f 2961 1444 4713
f 2961 4713 6446
f 3085 6446 4717
f 3085 4717 1510
f 6446 4713 744
f 6446 744 4717
f 2963 339 3087
f 2963 3087 6448
f 6449 3088 1512
f 6449 1512 4715
f 1443 2962 6447
f 1443 6447 4712
f 4712 6447 4714
f 4712 4714 743
f 353 3070 6450
f 353 6450 3089
f 3070 1502 4716
f 3070 4716 6450
f 3089 6450 4715
f 3089 4715 1512
f 6450 4716 745
f 6450 745 4715
f 3069 352 3086
f 3069 3086 6451
f 6451 3086 1511
f 6451 1511 4718
f 1502 3069 6451
f 1502 6451 4716
f 4716 6451 4718
f 4716 4718 745
f 340 3036 6452
f 340 6452 3088
f 3036 1483 4719
f 3036 4719 6452
f 3088 6452 4722
f 3088 4722 1512
f 6452 4719 746
f 6452 746 4722
f 3037 341 3090
f 3037 3090 6453
f 6453 3090 1513
f 6453 1513 4720
f 1483 3037 6453
f 1483 6453 4719
f 4719 6453 4720
f 4719 4720 746
f 354 3072 6454
f 354 6454 3091
f 3072 1503 4721
f 3072 4721 6454
f 3091 6454 4720
f 3091 4720 1513
f 6454 4721 746
f 6454 746 4720
f 3071 353 3089
f 3071 3089 6455
f 6455 3089 1512
f 6455 1512 4722
f 1503 3071 6455
f 1503 6455 4721
f 4721 6455 4722
f 4721 4722 746
f 341 3041 6456
f 341 6456 3090
f 3041 1487 4723
f 3041 4723 6456
f 3090 6456 4726
f 3090 4726 1513
f 6456 4723 747
f 6456 747 4726
f 3043 343 3093
f 3043 3093 6457
f 6457 3093 1514
f 6457 1514 4724
f 1487 3043 6457
f 1487 6457 4723
f 4723 6457 4724
f 4723 4724 747
f 355 3074 6458
f 355 6458 3094
f 3074 1504 4725
f 3074 4725 6458
f 3094 6458 4724
f 3094 4724 1514
f 6458 4725 747
f 6458 747 4724
f 3073 354 3091
f 3073 3091 6459
f 6459 3091 1513
f 6459 1513 4726
f 1504 3073 6459
f 1504 6459 4725
f 4725 6459 4726
f 4725 4726 747
f 342 3038 6460
f 342 6460 3092
f 3039 1485 4728
f 3039 4728 6461
f 3093 6462 4733
f 3093 4733 1514
f 6461 4728 750
f 6461 750 4732
f 3040 1 3095
f 3040 3095 6463
f 6463 3095 1515
f 6463 1515 4729
f 1484 3040 6463
f 1484 6463 4727
f 4727 6463 4729
f 4727 4729 748
f 356 3076 6464
f 356 6464 3096
f 3076 1505 4731
f 3076 4731 6464
f 3096 6464 4730
f 3096 4730 1516
f 6464 4731 749
f 6464 749 4730
f 3075 355 3094
f 3075 3094 6465
f 6465 3094 1514
f 6465 1514 4733
f 1505 3075 6465
f 1505 6465 4731
f 4731 6465 4733
f 4731 4733 749
f 1 3022 6466
f 1 6466 3095
f 3022 1476 4735
f 3022 4735 6466
f 3095 6466 4740
f 3095 4740 1515
f 6466 4735 753
f 6466 753 4740
f 3024 347 3098
f 3024 3098 6469
f 6467 3097 1517
f 6467 1517 4736
f 1475 3023 6468
f 1475 6468 4734
f 4734 6468 4737
f 4734 4737 751
f 357 3078 6470
f 357 6470 3099
f 3078 1506 4738
f 3078 4738 6470
f 3099 6470 4736
f 3099 4736 1517
f 6470 4738 752
f 6470 752 4736
f 3077 356 3096
f 3077 3096 6471
f 6471 3096 1516
f 6471 1516 4739
f 1506 3077 6471
f 1506 6471 4738
f 4738 6471 4739
f 4738 4739 752
f 346 3056 6472
f 346 6472 3097
f 3056 1494 4741
f 3056 4741 6472
f 3097 6472 4744
f 3097 4744 1517
f 6472 4741 754
f 6472 754 4744
f 3058 348 3100
f 3058 3100 6473
f 6473 3100 1518
f 6473 1518 4742
f 1494 3058 6473
f 1494 6473 4741
f 4741 6473 4742
f 4741 4742 754
f 358 3080 6474
f 358 6474 3101
f 3080 1507 4743
f 3080 4743 6474
f 3101 6474 4742
f 3101 4742 1518
f 6474 4743 754
f 6474 754 4742
f 3079 357 3099
f 3079 3099 6475
f 6475 3099 1517
f 6475 1517 4744
f 1507 3079 6475
f 1507 6475 4743
f 4743 6475 4744
f 4743 4744 754
f 348 3062 6476
f 348 6476 3100
f 3062 1499 4745
f 3062 4745 6476
f 3100 6476 4748
f 3100 4748 1518
f 6476 4745 755
f 6476 755 4748
f 3064 350 3103
f 3064 3103 6477
f 6477 3103 1519
f 6477 1519 4746
f 1499 3064 6477
f 1499 6477 4745
f 4745 6477 4746
f 4745 4746 755
f 359 3082 6478
f 359 6478 3104
f 3082 1508 4747
f 3082 4747 6478
f 3104 6478 4746
f 3104 4746 1519
f 6478 4747 755
f 6478 755 4746
f 3081 358 3101
f 3081 3101 6479
f 6479 3101 1518
f 6479 1518 4748
f 1508 3081 6479
f 1508 6479 4747
f 4747 6479 4748
f 4747 4748 755
f 349 3059 6480
f 349 6480 3102
f 3060 1497 4750
f 3060 4750 6482
f 3103 6481 4754
f 3103 4754 1519
f 6482 4750 758
f 6482 758 4755
f 3061 103 3085
f 3061 3085 6483
f 6483 3085 1510
f 6483 1510 4751
f 1496 3061 6483
f 1496 6483 4749
f 4749 6483 4751
f 4749 4751 756
f 352 3084 6484
f 352 6484 3086
f 3084 1509 4753
f 3084 4753 6484
f 3086 6484 4752
f 3086 4752 1511
f 6484 4753 757
f 6484 757 4752
f 3083 359 3104
f 3083 3104 6485
f 6485 3104 1519
f 6485 1519 4754
f 1509 3083 6485
f 1509 6485 4753
f 4753 6485 4754
f 4753 4754 757
f 351 3017 6486
f 351 6486 3107
f 3017 1472 4756
f 3017 4756 6486
f 3107 6486 4759
f 3107 4759 1521
f 6486 4756 759
f 6486 759 4759
f 3016 72 2604
f 3016 2604 6487
f 6487 2604 1269
f 6487 1269 4757
f 1472 3016 6487
f 1472 6487 4756
f 4756 6487 4757
f 4756 4757 759
f 3 3106 6488
f 3 6488 2605
f 3106 1520 4758
f 3106 4758 6488
f 2605 6488 4757
f 2605 4757 1269
f 6488 4758 759
f 6488 759 4757
f 3105 360 3108
f 3105 3108 6489
f 6489 3108 1521
f 6489 1521 4759
f 1520 3105 6489
f 1520 6489 4758
f 4758 6489 4759
f 4758 4759 759
f 338 2965 6490
f 338 6490 3111
f 2965 1445 4760
f 2965 4760 6490
f 3111 6490 4763
f 3111 4763 1523
f 6490 4760 760
f 6490 760 4763
f 2964 102 2177
f 2964 2177 6491
f 6491 2177 1064
f 6491 1064 4761
f 1445 2964 6491
f 1445 6491 4760
f 4760 6491 4761
f 4760 4761 760
f 95 3110 6492
f 95 6492 2178
f 3110 1522 4762
f 3110 4762 6492
f 2178 6492 4761
f 2178 4761 1064
f 6492 4762 760
f 6492 760 4761
f 3109 361 3112
f 3109 3112 6493
f 6493 3112 1523
f 6493 1523 4763
f 1522 3109 6493
f 1522 6493 4762
f 4762 6493 4763
f 4762 4763 760
f 344 2956 6494
f 344 6494 3115
f 2956 1440 4764
f 2956 4764 6494
f 3115 6494 4767
f 3115 4767 1525
f 6494 4764 761
f 6494 761 4767
f 2955 122 2179
f 2955 2179 6495
f 6495 2179 1065
f 6495 1065 4765
f 1440 2955 6495
f 1440 6495 4764
f 4764 6495 4765
f 4764 4765 761
f 115 3114 6496
f 115 6496 2180
f 3114 1524 4766
f 3114 4766 6496
f 2180 6496 4765
f 2180 4765 1065
f 6496 4766 761
f 6496 761 4765
f 3113 362 3116
f 3113 3116 6497
f 6497 3116 1525
f 6497 1525 4767
f 1524 3113 6497
f 1524 6497 4766
f 4766 6497 4767
f 4766 4767 761
f 345 3026 6498
f 345 6498 3119
f 3026 1477 4768
f 3026 4768 6498
f 3119 6498 4771
f 3119 4771 1527
f 6498 4768 762
f 6498 762 4771
f 3025 172 2182
f 3025 2182 6499
f 6499 2182 1066
f 6499 1066 4769
f 1477 3025 6499
f 1477 6499 4768
f 4768 6499 4769
f 4768 4769 762
f 127 3118 6500
f 127 6500 2181
f 3118 1526 4770
f 3118 4770 6500
f 2181 6500 4769
f 2181 4769 1066
f 6500 4770 762
f 6500 762 4769
f 3117 363 3120
f 3117 3120 6501
f 6501 3120 1527
f 6501 1527 4771
f 1526 3117 6501
f 1526 6501 4770
f 4770 6501 4771
f 4770 4771 762
