v -0.5000 -0.7500 0.0000
v -0.4500 -0.7500 0.0000
v -0.4000 -0.7500 0.0000
v -0.3500 -0.7500 0.0000
v -0.3000 -0.7500 0.0000
v -0.2500 -0.7500 0.0000
v -0.2000 -0.7500 0.0000
v -0.1500 -0.7500 0.0000
v -0.1000 -0.7500 0.0000
v -0.0500 -0.7500 0.0000
v 0.0000 -0.7500 0.0000
v 0.0500 -0.7500 0.0000
v 0.1000 -0.7500 0.0000
v 0.1500 -0.7500 0.0000
v 0.2000 -0.7500 0.0000
v 0.2500 -0.7500 0.0000
v 0.3000 -0.7500 0.0000
v 0.3500 -0.7500 0.0000
v 0.4000 -0.7500 0.0000
v 0.4500 -0.7500 0.0000
v 0.5000 -0.7500 0.0000
v -0.5000 -0.7000 0.0000
v -0.4500 -0.7000 0.0042
v -0.4000 -0.7000 0.0079
v -0.3500 -0.7000 0.0121
v -0.3000 -0.7000 0.0157
v -0.2500 -0.7000 0.0185
v -0.2000 -0.7000 0.0211
v -0.1500 -0.7000 0.0233
v -0.1000 -0.7000 0.0243
v -0.0500 -0.7000 0.0253
v 0.0000 -0.7000 0.0268
v 0.0500 -0.7000 0.0251
v 0.1000 -0.7000 0.0244
v 0.1500 -0.7000 0.0239
v 0.2000 -0.7000 0.0206
v 0.2500 -0.7000 0.0185
v 0.3000 -0.7000 0.0149
v 0.3500 -0.7000 0.0119
v 0.4000 -0.7000 0.0082
v 0.4500 -0.7000 0.0041
v 0.5000 -0.7000 0.0000
v -0.5000 -0.6500 0.0000
v -0.4500 -0.6500 0.0081
v -0.4000 -0.6500 0.0161
v -0.3500 -0.6500 0.0239
v -0.3000 -0.6500 0.0305
v -0.2500 -0.6500 0.0371
v -0.2000 -0.6500 0.0415
v -0.1500 -0.6500 0.0451
v -0.1000 -0.6500 0.0507
v -0.0500 -0.6500 0.0506
v 0.0000 -0.6500 0.0509
v 0.0500 -0.6500 0.0509
v 0.1000 -0.6500 0.0498
v 0.1500 -0.6500 0.0458
v 0.2000 -0.6500 0.0432
v 0.2500 -0.6500 0.0378
v 0.3000 -0.6500 0.0312
v 0.3500 -0.6500 0.0236
v 0.4000 -0.6500 0.0165
v 0.4500 -0.6500 0.0079
v 0.5000 -0.6500 0.0000
v -0.5000 -0.6000 0.0000
v -0.4500 -0.6000 0.0120
v -0.4000 -0.6000 0.0239
v -0.3500 -0.6000 0.0342
v -0.3000 -0.6000 0.0452
v -0.2500 -0.6000 0.0545
v -0.2000 -0.6000 0.0635
v -0.1500 -0.6000 0.0705
v -0.1000 -0.6000 0.0740
v -0.0500 -0.6000 0.0759
v 0.0000 -0.6000 0.0781
v 0.0500 -0.6000 0.0754
v 0.1000 -0.6000 0.0738
v 0.1500 -0.6000 0.0704
v 0.2000 -0.6000 0.0636
v 0.2500 -0.6000 0.0538
v 0.3000 -0.6000 0.0451
v 0.3500 -0.6000 0.0350
v 0.4000 -0.6000 0.0236
v 0.4500 -0.6000 0.0120
v 0.5000 -0.6000 0.0000
v -0.5000 -0.5500 0.0000
v -0.4500 -0.5500 0.0163
v -0.4000 -0.5500 0.0315
v -0.3500 -0.5500 0.0465
v -0.3000 -0.5500 0.0596
v -0.2500 -0.5500 0.0740
v -0.2000 -0.5500 0.0818
v -0.1500 -0.5500 0.0879
v -0.1000 -0.5500 0.0983
v -0.0500 -0.5500 0.1018
v 0.0000 -0.5500 0.1017
v 0.0500 -0.5500 0.1018
v 0.1000 -0.5500 0.0989
v 0.1500 -0.5500 0.0899
v 0.2000 -0.5500 0.0826
v 0.2500 -0.5500 0.0710
v 0.3000 -0.5500 0.0607
v 0.3500 -0.5500 0.0451
v 0.4000 -0.5500 0.0317
v 0.4500 -0.5500 0.0157
v 0.5000 -0.5500 0.0000
v -0.5000 -0.5000 0.0000
v -0.4500 -0.5000 0.0198
v -0.4000 -0.5000 0.0397
v -0.3500 -0.5000 0.0580
v -0.3000 -0.5000 0.0743
v -0.2500 -0.5000 0.0878
v -0.2000 -0.5000 0.0995
v -0.1500 -0.5000 0.1134
v -0.1000 -0.5000 0.1222
v -0.0500 -0.5000 0.1271
v 0.0000 -0.5000 0.1236
v 0.0500 -0.5000 0.1206
v 0.1000 -0.5000 0.1184
v 0.1500 -0.5000 0.1138
v 0.2000 -0.5000 0.1006
v 0.2500 -0.5000 0.0896
v 0.3000 -0.5000 0.0756
v 0.3500 -0.5000 0.0555
v 0.4000 -0.5000 0.0379
v 0.4500 -0.5000 0.0192
v 0.5000 -0.5000 0.0000
v -0.5000 -0.4500 0.0000
v -0.4500 -0.4500 0.0224
v -0.4000 -0.4500 0.0456
v -0.3500 -0.4500 0.0675
v -0.3000 -0.4500 0.0881
v -0.2500 -0.4500 0.1054
v -0.2000 -0.4500 0.1186
v -0.1500 -0.4500 0.1318
v -0.1000 -0.4500 0.1357
v -0.0500 -0.4500 0.1442
v 0.0000 -0.4500 0.1489
v 0.0500 -0.4500 0.1480
v 0.1000 -0.4500 0.1365
v 0.1500 -0.4500 0.1331
v 0.2000 -0.4500 0.1161
v 0.2500 -0.4500 0.1022
v 0.3000 -0.4500 0.0838
v 0.3500 -0.4500 0.0659
v 0.4000 -0.4500 0.0467
v 0.4500 -0.4500 0.0232
v 0.5000 -0.4500 0.0000
v -0.5000 -0.4000 0.0000
v -0.4500 -0.4000 0.0268
v -0.4000 -0.4000 0.0503
v -0.3500 -0.4000 0.0778
v -0.3000 -0.4000 0.0967
v -0.2500 -0.4000 0.1208
v -0.2000 -0.4000 0.1390
v -0.1500 -0.4000 0.1458
v -0.1000 -0.4000 0.1598
v -0.0500 -0.4000 0.1659
v 0.0000 -0.4000 0.1674
v 0.0500 -0.4000 0.1635
v 0.1000 -0.4000 0.1573
v 0.1500 -0.4000 0.1485
v 0.2000 -0.4000 0.1338
v 0.2500 -0.4000 0.1199
v 0.3000 -0.4000 0.1000
v 0.3500 -0.4000 0.0756
v 0.4000 -0.4000 0.0532
v 0.4500 -0.4000 0.0263
v 0.5000 -0.4000 0.0000
v -0.5000 -0.3500 0.0000
v -0.4500 -0.3500 0.0289
v -0.4000 -0.3500 0.0591
v -0.3500 -0.3500 0.0864
v -0.3000 -0.3500 0.1068
v -0.2500 -0.3500 0.1280
v -0.2000 -0.3500 0.1492
v -0.1500 -0.3500 0.1697
v -0.1000 -0.3500 0.1726
v -0.0500 -0.3500 0.1806
v 0.0000 -0.3500 0.1889
v 0.0500 -0.3500 0.1789
v 0.1000 -0.3500 0.1719
v 0.1500 -0.3500 0.1692
v 0.2000 -0.3500 0.1461
v 0.2500 -0.3500 0.1351
v 0.3000 -0.3500 0.1082
v 0.3500 -0.3500 0.0819
v 0.4000 -0.3500 0.0578
v 0.4500 -0.3500 0.0288
v 0.5000 -0.3500 0.0000
v -0.5000 -0.3000 0.0000
v -0.4500 -0.3000 0.0317
v -0.4000 -0.3000 0.0613
v -0.3500 -0.3000 0.0944
v -0.3000 -0.3000 0.1223
v -0.2500 -0.3000 0.1391
v -0.2000 -0.3000 0.1649
v -0.1500 -0.3000 0.1750
v -0.1000 -0.3000 0.1889
v -0.0500 -0.3000 0.1988
v 0.0000 -0.3000 0.2006
v 0.0500 -0.3000 0.1985
v 0.1000 -0.3000 0.1884
v 0.1500 -0.3000 0.1783
v 0.2000 -0.3000 0.1607
v 0.2500 -0.3000 0.1450
v 0.3000 -0.3000 0.1157
v 0.3500 -0.3000 0.0933
v 0.4000 -0.3000 0.0644
v 0.4500 -0.3000 0.0307
v 0.5000 -0.3000 0.0000
v -0.5000 -0.2500 0.0000
v -0.4500 -0.2500 0.0343
v -0.4000 -0.2500 0.0654
v -0.3500 -0.2500 0.0994
v -0.3000 -0.2500 0.1281
v -0.2500 -0.2500 0.1557
v -0.2000 -0.2500 0.1733
v -0.1500 -0.2500 0.1922
v -0.1000 -0.2500 0.2112
v -0.0500 -0.2500 0.2153
v 0.0000 -0.2500 0.2202
v 0.0500 -0.2500 0.2085
v 0.1000 -0.2500 0.2025
v 0.1500 -0.2500 0.1937
v 0.2000 -0.2500 0.1727
v 0.2500 -0.2500 0.1503
v 0.3000 -0.2500 0.1294
v 0.3500 -0.2500 0.1011
v 0.4000 -0.2500 0.0666
v 0.4500 -0.2500 0.0333
v 0.5000 -0.2500 0.0000
v -0.5000 -0.2000 0.0000
v -0.4500 -0.2000 0.0360
v -0.4000 -0.2000 0.0713
v -0.3500 -0.2000 0.1053
v -0.3000 -0.2000 0.1343
v -0.2500 -0.2000 0.1574
v -0.2000 -0.2000 0.1853
v -0.1500 -0.2000 0.2036
v -0.1000 -0.2000 0.2134
v -0.0500 -0.2000 0.2257
v 0.0000 -0.2000 0.2304
v 0.0500 -0.2000 0.2264
v 0.1000 -0.2000 0.2174
v 0.1500 -0.2000 0.2006
v 0.2000 -0.2000 0.1796
v 0.2500 -0.2000 0.1577
v 0.3000 -0.2000 0.1351
v 0.3500 -0.2000 0.1027
v 0.4000 -0.2000 0.0686
v 0.4500 -0.2000 0.0355
v 0.5000 -0.2000 0.0000
v -0.5000 -0.1500 0.0000
v -0.4500 -0.1500 0.0367
v -0.4000 -0.1500 0.0736
v -0.3500 -0.1500 0.1094
v -0.3000 -0.1500 0.1356
v -0.2500 -0.1500 0.1720
v -0.2000 -0.1500 0.1949
v -0.1500 -0.1500 0.2120
v -0.1000 -0.1500 0.2224
v -0.0500 -0.1500 0.2407
v 0.0000 -0.1500 0.2348
v 0.0500 -0.1500 0.2293
v 0.1000 -0.1500 0.2216
v 0.1500 -0.1500 0.2084
v 0.2000 -0.1500 0.1965
v 0.2500 -0.1500 0.1647
v 0.3000 -0.1500 0.1432
v 0.3500 -0.1500 0.1056
v 0.4000 -0.1500 0.0742
v 0.4500 -0.1500 0.0370
v 0.5000 -0.1500 0.0000
v -0.5000 -0.1000 0.0000
v -0.4500 -0.1000 0.0385
v -0.4000 -0.1000 0.0738
v -0.3500 -0.1000 0.1077
v -0.3000 -0.1000 0.1423
v -0.2500 -0.1000 0.1696
v -0.2000 -0.1000 0.1963
v -0.1500 -0.1000 0.2222
v -0.1000 -0.1000 0.2272
v -0.0500 -0.1000 0.2394
v 0.0000 -0.1000 0.2409
v 0.0500 -0.1000 0.2376
v 0.1000 -0.1000 0.2305
v 0.1500 -0.1000 0.2203
v 0.2000 -0.1000 0.1985
v 0.2500 -0.1000 0.1693
v 0.3000 -0.1000 0.1431
v 0.3500 -0.1000 0.1143
v 0.4000 -0.1000 0.0735
v 0.4500 -0.1000 0.0384
v 0.5000 -0.1000 0.0000
v -0.5000 -0.0500 0.0000
v -0.4500 -0.0500 0.0394
v -0.4000 -0.0500 0.0789
v -0.3500 -0.0500 0.1154
v -0.3000 -0.0500 0.1502
v -0.2500 -0.0500 0.1772
v -0.2000 -0.0500 0.2051
v -0.1500 -0.0500 0.2276
v -0.1000 -0.0500 0.2371
v -0.0500 -0.0500 0.2470
v 0.0000 -0.0500 0.2536
v 0.0500 -0.0500 0.2489
v 0.1000 -0.0500 0.2323
v 0.1500 -0.0500 0.2156
v 0.2000 -0.0500 0.1976
v 0.2500 -0.0500 0.1783
v 0.3000 -0.0500 0.1444
v 0.3500 -0.0500 0.1145
v 0.4000 -0.0500 0.0747
v 0.4500 -0.0500 0.0377
v 0.5000 -0.0500 0.0000
v -0.5000 0.0000 0.0000
v -0.4500 0.0000 0.0383
v -0.4000 0.0000 0.0782
v -0.3500 0.0000 0.1161
v -0.3000 0.0000 0.1438
v -0.2500 0.0000 0.1719
v -0.2000 0.0000 0.2074
v -0.1500 0.0000 0.2186
v -0.1000 0.0000 0.2438
v -0.0500 0.0000 0.2524
v 0.0000 0.0000 0.2499
v 0.0500 0.0000 0.2495
v 0.1000 0.0000 0.2426
v 0.1500 0.0000 0.2176
v 0.2000 0.0000 0.2032
v 0.2500 0.0000 0.1786
v 0.3000 0.0000 0.1428
v 0.3500 0.0000 0.1162
v 0.4000 0.0000 0.0793
v 0.4500 0.0000 0.0395
v 0.5000 0.0000 0.0000
v -0.5000 0.0500 0.0000
v -0.4500 0.0500 0.0392
v -0.4000 0.0500 0.0757
v -0.3500 0.0500 0.1156
v -0.3000 0.0500 0.1424
v -0.2500 0.0500 0.1759
v -0.2000 0.0500 0.2022
v -0.1500 0.0500 0.2231
v -0.1000 0.0500 0.2360
v -0.0500 0.0500 0.2402
v 0.0000 0.0500 0.2412
v 0.0500 0.0500 0.2499
v 0.1000 0.0500 0.2317
v 0.1500 0.0500 0.2188
v 0.2000 0.0500 0.1989
v 0.2500 0.0500 0.1756
v 0.3000 0.0500 0.1462
v 0.3500 0.0500 0.1143
v 0.4000 0.0500 0.0788
v 0.4500 0.0500 0.0391
v 0.5000 0.0500 0.0000
v -0.5000 0.1000 0.0000
v -0.4500 0.1000 0.0378
v -0.4000 0.1000 0.0734
v -0.3500 0.1000 0.1132
v -0.3000 0.1000 0.1431
v -0.2500 0.1000 0.1745
v -0.2000 0.1000 0.1976
v -0.1500 0.1000 0.2124
v -0.1000 0.1000 0.2385
v -0.0500 0.1000 0.2402
v 0.0000 0.1000 0.2424
v 0.0500 0.1000 0.2385
v 0.1000 0.1000 0.2279
v 0.1500 0.1000 0.2174
v 0.2000 0.1000 0.1984
v 0.2500 0.1000 0.1736
v 0.3000 0.1000 0.1407
v 0.3500 0.1000 0.1093
v 0.4000 0.1000 0.0763
v 0.4500 0.1000 0.0372
v 0.5000 0.1000 0.0000
v -0.5000 0.1500 0.0000
v -0.4500 0.1500 0.0365
v -0.4000 0.1500 0.0746
v -0.3500 0.1500 0.1060
v -0.3000 0.1500 0.1369
v -0.2500 0.1500 0.1690
v -0.2000 0.1500 0.1928
v -0.1500 0.1500 0.2069
v -0.1000 0.1500 0.2275
v -0.0500 0.1500 0.2332
v 0.0000 0.1500 0.2404
v 0.0500 0.1500 0.2391
v 0.1000 0.1500 0.2221
v 0.1500 0.1500 0.2116
v 0.2000 0.1500 0.1926
v 0.2500 0.1500 0.1653
v 0.3000 0.1500 0.1382
v 0.3500 0.1500 0.1065
v 0.4000 0.1500 0.0739
v 0.4500 0.1500 0.0367
v 0.5000 0.1500 0.0000
v -0.5000 0.2000 0.0000
v -0.4500 0.2000 0.0363
v -0.4000 0.2000 0.0726
v -0.3500 0.2000 0.1067
v -0.3000 0.2000 0.1374
v -0.2500 0.2000 0.1613
v -0.2000 0.2000 0.1800
v -0.1500 0.2000 0.2033
v -0.1000 0.2000 0.2123
v -0.0500 0.2000 0.2202
v 0.0000 0.2000 0.2220
v 0.0500 0.2000 0.2295
v 0.1000 0.2000 0.2210
v 0.1500 0.2000 0.1998
v 0.2000 0.2000 0.1833
v 0.2500 0.2000 0.1626
v 0.3000 0.2000 0.1372
v 0.3500 0.2000 0.1029
v 0.4000 0.2000 0.0719
v 0.4500 0.2000 0.0355
v 0.5000 0.2000 0.0000
v -0.5000 0.2500 0.0000
v -0.4500 0.2500 0.0337
v -0.4000 0.2500 0.0675
v -0.3500 0.2500 0.0997
v -0.3000 0.2500 0.1253
v -0.2500 0.2500 0.1533
v -0.2000 0.2500 0.1716
v -0.1500 0.2500 0.1947
v -0.1000 0.2500 0.2107
v -0.0500 0.2500 0.2143
v 0.0000 0.2500 0.2134
v 0.0500 0.2500 0.2118
v 0.1000 0.2500 0.2028
v 0.1500 0.2500 0.1925
v 0.2000 0.2500 0.1797
v 0.2500 0.2500 0.1542
v 0.3000 0.2500 0.1251
v 0.3500 0.2500 0.0993
v 0.4000 0.2500 0.0661
v 0.4500 0.2500 0.0347
v 0.5000 0.2500 0.0000
v -0.5000 0.3000 0.0000
v -0.4500 0.3000 0.0309
v -0.4000 0.3000 0.0628
v -0.3500 0.3000 0.0892
v -0.3000 0.3000 0.1167
v -0.2500 0.3000 0.1465
v -0.2000 0.3000 0.1601
v -0.1500 0.3000 0.1780
v -0.1000 0.3000 0.1954
v -0.0500 0.3000 0.2007
v 0.0000 0.3000 0.2063
v 0.0500 0.3000 0.2024
v 0.1000 0.3000 0.1899
v 0.1500 0.3000 0.1821
v 0.2000 0.3000 0.1667
v 0.2500 0.3000 0.1388
v 0.3000 0.3000 0.1190
v 0.3500 0.3000 0.0926
v 0.4000 0.3000 0.0610
v 0.4500 0.3000 0.0323
v 0.5000 0.3000 0.0000
v -0.5000 0.3500 0.0000
v -0.4500 0.3500 0.0286
v -0.4000 0.3500 0.0584
v -0.3500 0.3500 0.0836
v -0.3000 0.3500 0.1081
v -0.2500 0.3500 0.1307
v -0.2000 0.3500 0.1543
v -0.1500 0.3500 0.1669
v -0.1000 0.3500 0.1776
v -0.0500 0.3500 0.1793
v 0.0000 0.3500 0.1814
v 0.0500 0.3500 0.1802
v 0.1000 0.3500 0.1794
v 0.1500 0.3500 0.1633
v 0.2000 0.3500 0.1509
v 0.2500 0.3500 0.1294
v 0.3000 0.3500 0.1119
v 0.3500 0.3500 0.0819
v 0.4000 0.3500 0.0558
v 0.4500 0.3500 0.0289
v 0.5000 0.3500 0.0000
v -0.5000 0.4000 0.0000
v -0.4500 0.4000 0.0256
v -0.4000 0.4000 0.0511
v -0.3500 0.4000 0.0769
v -0.3000 0.4000 0.0980
v -0.2500 0.4000 0.1216
v -0.2000 0.4000 0.1391
v -0.1500 0.4000 0.1509
v -0.1000 0.4000 0.1570
v -0.0500 0.4000 0.1670
v 0.0000 0.4000 0.1667
v 0.0500 0.4000 0.1604
v 0.1000 0.4000 0.1554
v 0.1500 0.4000 0.1511
v 0.2000 0.4000 0.1314
v 0.2500 0.4000 0.1183
v 0.3000 0.4000 0.1006
v 0.3500 0.4000 0.0771
v 0.4000 0.4000 0.0511
v 0.4500 0.4000 0.0254
v 0.5000 0.4000 0.0000
v -0.5000 0.4500 0.0000
v -0.4500 0.4500 0.0234
v -0.4000 0.4500 0.0461
v -0.3500 0.4500 0.0654
v -0.3000 0.4500 0.0880
v -0.2500 0.4500 0.1068
v -0.2000 0.4500 0.1172
v -0.1500 0.4500 0.1293
v -0.1000 0.4500 0.1373
v -0.0500 0.4500 0.1465
v 0.0000 0.4500 0.1452
v 0.0500 0.4500 0.1466
v 0.1000 0.4500 0.1356
v 0.1500 0.4500 0.1276
v 0.2000 0.4500 0.1206
v 0.2500 0.4500 0.1056
v 0.3000 0.4500 0.0882
v 0.3500 0.4500 0.0678
v 0.4000 0.4500 0.0460
v 0.4500 0.4500 0.0236
v 0.5000 0.4500 0.0000
v -0.5000 0.5000 0.0000
v -0.4500 0.5000 0.0195
v -0.4000 0.5000 0.0389
v -0.3500 0.5000 0.0578
v -0.3000 0.5000 0.0734
v -0.2500 0.5000 0.0886
v -0.2000 0.5000 0.1031
v -0.1500 0.5000 0.1121
v -0.1000 0.5000 0.1178
v -0.0500 0.5000 0.1223
v 0.0000 0.5000 0.1261
v 0.0500 0.5000 0.1217
v 0.1000 0.5000 0.1160
v 0.1500 0.5000 0.1127
v 0.2000 0.5000 0.0999
v 0.2500 0.5000 0.0873
v 0.3000 0.5000 0.0720
v 0.3500 0.5000 0.0576
v 0.4000 0.5000 0.0384
v 0.4500 0.5000 0.0201
v 0.5000 0.5000 0.0000
v -0.5000 0.5500 0.0000
v -0.4500 0.5500 0.0155
v -0.4000 0.5500 0.0318
v -0.3500 0.5500 0.0457
v -0.3000 0.5500 0.0601
v -0.2500 0.5500 0.0701
v -0.2000 0.5500 0.0802
v -0.1500 0.5500 0.0914
v -0.1000 0.5500 0.0940
v -0.0500 0.5500 0.1028
v 0.0000 0.5500 0.1047
v 0.0500 0.5500 0.1021
v 0.1000 0.5500 0.0948
v 0.1500 0.5500 0.0931
v 0.2000 0.5500 0.0818
v 0.2500 0.5500 0.0734
v 0.3000 0.5500 0.0593
v 0.3500 0.5500 0.0456
v 0.4000 0.5500 0.0308
v 0.4500 0.5500 0.0160
v 0.5000 0.5500 0.0000
v -0.5000 0.6000 0.0000
v -0.4500 0.6000 0.0117
v -0.4000 0.6000 0.0239
v -0.3500 0.6000 0.0345
v -0.3000 0.6000 0.0449
v -0.2500 0.6000 0.0540
v -0.2000 0.6000 0.0629
v -0.1500 0.6000 0.0679
v -0.1000 0.6000 0.0723
v -0.0500 0.6000 0.0782
v 0.0000 0.6000 0.0752
v 0.0500 0.6000 0.0785
v 0.1000 0.6000 0.0718
v 0.1500 0.6000 0.0687
v 0.2000 0.6000 0.0633
v 0.2500 0.6000 0.0531
v 0.3000 0.6000 0.0466
v 0.3500 0.6000 0.0345
v 0.4000 0.6000 0.0238
v 0.4500 0.6000 0.0118
v 0.5000 0.6000 0.0000
v -0.5000 0.6500 0.0000
v -0.4500 0.6500 0.0080
v -0.4000 0.6500 0.0159
v -0.3500 0.6500 0.0240
v -0.3000 0.6500 0.0299
v -0.2500 0.6500 0.0363
v -0.2000 0.6500 0.0432
v -0.1500 0.6500 0.0471
v -0.1000 0.6500 0.0509
v -0.0500 0.6500 0.0507
v 0.0000 0.6500 0.0515
v 0.0500 0.6500 0.0523
v 0.1000 0.6500 0.0495
v 0.1500 0.6500 0.0474
v 0.2000 0.6500 0.0431
v 0.2500 0.6500 0.0371
v 0.3000 0.6500 0.0307
v 0.3500 0.6500 0.0242
v 0.4000 0.6500 0.0164
v 0.4500 0.6500 0.0084
v 0.5000 0.6500 0.0000
v -0.5000 0.7000 0.0000
v -0.4500 0.7000 0.0041
v -0.4000 0.7000 0.0081
v -0.3500 0.7000 0.0115
v -0.3000 0.7000 0.0151
v -0.2500 0.7000 0.0181
v -0.2000 0.7000 0.0213
v -0.1500 0.7000 0.0229
v -0.1000 0.7000 0.0254
v -0.0500 0.7000 0.0251
v 0.0000 0.7000 0.0263
v 0.0500 0.7000 0.0264
v 0.1000 0.7000 0.0244
v 0.1500 0.7000 0.0235
v 0.2000 0.7000 0.0211
v 0.2500 0.7000 0.0185
v 0.3000 0.7000 0.0156
v 0.3500 0.7000 0.0116
v 0.4000 0.7000 0.0082
v 0.4500 0.7000 0.0041
v 0.5000 0.7000 0.0000
v -0.5000 0.7500 0.0000
v -0.4500 0.7500 0.0000
v -0.4000 0.7500 0.0000
v -0.3500 0.7500 0.0000
v -0.3000 0.7500 0.0000
v -0.2500 0.7500 0.0000
v -0.2000 0.7500 0.0000
v -0.1500 0.7500 0.0000
v -0.1000 0.7500 0.0000
v -0.0500 0.7500 0.0000
v 0.0000 0.7500 0.0000
v 0.0500 0.7500 0.0000
v 0.1000 0.7500 0.0000
v 0.1500 0.7500 0.0000
v 0.2000 0.7500 0.0000
v 0.2500 0.7500 0.0000
v 0.3000 0.7500 0.0000
v 0.3500 0.7500 0.0000
v 0.4000 0.7500 0.0000
v 0.4500 0.7500 0.0000
v 0.5000 0.7500 0.0000
v -0.5000 -0.7500 -0.0000
v -0.4500 -0.7500 -0.0000
v -0.4000 -0.7500 -0.0000
v -0.3500 -0.7500 -0.0000
v -0.3000 -0.7500 -0.0000
v -0.2500 -0.7500 -0.0000
v -0.2000 -0.7500 -0.0000
v -0.1500 -0.7500 -0.0000
v -0.1000 -0.7500 -0.0000
v -0.0500 -0.7500 -0.0000
v 0.0000 -0.7500 -0.0000
v 0.0500 -0.7500 -0.0000
v 0.1000 -0.7500 -0.0000
v 0.1500 -0.7500 -0.0000
v 0.2000 -0.7500 -0.0000
v 0.2500 -0.7500 -0.0000
v 0.3000 -0.7500 -0.0000
v 0.3500 -0.7500 -0.0000
v 0.4000 -0.7500 -0.0000
v 0.4500 -0.7500 -0.0000
v 0.5000 -0.7500 -0.0000
v -0.5000 -0.7000 -0.0000
v -0.4500 -0.7000 -0.0042
v -0.4000 -0.7000 -0.0081
v -0.3500 -0.7000 -0.0122
v -0.3000 -0.7000 -0.0149
v -0.2500 -0.7000 -0.0182
v -0.2000 -0.7000 -0.0207
v -0.1500 -0.7000 -0.0236
v -0.1000 -0.7000 -0.0242
v -0.0500 -0.7000 -0.0258
v 0.0000 -0.7000 -0.0265
v 0.0500 -0.7000 -0.0264
v 0.1000 -0.7000 -0.0244
v 0.1500 -0.7000 -0.0230
v 0.2000 -0.7000 -0.0216
v 0.2500 -0.7000 -0.0190
v 0.3000 -0.7000 -0.0154
v 0.3500 -0.7000 -0.0122
v 0.4000 -0.7000 -0.0080
v 0.4500 -0.7000 -0.0041
v 0.5000 -0.7000 -0.0000
v -0.5000 -0.6500 -0.0000
v -0.4500 -0.6500 -0.0081
v -0.4000 -0.6500 -0.0159
v -0.3500 -0.6500 -0.0235
v -0.3000 -0.6500 -0.0303
v -0.2500 -0.6500 -0.0369
v -0.2000 -0.6500 -0.0417
v -0.1500 -0.6500 -0.0452
v -0.1000 -0.6500 -0.0482
v -0.0500 -0.6500 -0.0505
v 0.0000 -0.6500 -0.0524
v 0.0500 -0.6500 -0.0504
v 0.1000 -0.6500 -0.0502
v 0.1500 -0.6500 -0.0451
v 0.2000 -0.6500 -0.0408
v 0.2500 -0.6500 -0.0370
v 0.3000 -0.6500 -0.0313
v 0.3500 -0.6500 -0.0232
v 0.4000 -0.6500 -0.0164
v 0.4500 -0.6500 -0.0080
v 0.5000 -0.6500 -0.0000
v -0.5000 -0.6000 -0.0000
v -0.4500 -0.6000 -0.0120
v -0.4000 -0.6000 -0.0234
v -0.3500 -0.6000 -0.0343
v -0.3000 -0.6000 -0.0457
v -0.2500 -0.6000 -0.0548
v -0.2000 -0.6000 -0.0630
v -0.1500 -0.6000 -0.0674
v -0.1000 -0.6000 -0.0751
v -0.0500 -0.6000 -0.0745
v 0.0000 -0.6000 -0.0755
v 0.0500 -0.6000 -0.0758
v 0.1000 -0.6000 -0.0743
v 0.1500 -0.6000 -0.0692
v 0.2000 -0.6000 -0.0636
v 0.2500 -0.6000 -0.0558
v 0.3000 -0.6000 -0.0444
v 0.3500 -0.6000 -0.0345
v 0.4000 -0.6000 -0.0240
v 0.4500 -0.6000 -0.0119
v 0.5000 -0.6000 -0.0000
v -0.5000 -0.5500 -0.0000
v -0.4500 -0.5500 -0.0160
v -0.4000 -0.5500 -0.0320
v -0.3500 -0.5500 -0.0470
v -0.3000 -0.5500 -0.0609
v -0.2500 -0.5500 -0.0730
v -0.2000 -0.5500 -0.0833
v -0.1500 -0.5500 -0.0907
v -0.1000 -0.5500 -0.0959
v -0.0500 -0.5500 -0.1028
v 0.0000 -0.5500 -0.0988
v 0.0500 -0.5500 -0.1032
v 0.1000 -0.5500 -0.0949
v 0.1500 -0.5500 -0.0919
v 0.2000 -0.5500 -0.0818
v 0.2500 -0.5500 -0.0699
v 0.3000 -0.5500 -0.0584
v 0.3500 -0.5500 -0.0463
v 0.4000 -0.5500 -0.0318
v 0.4500 -0.5500 -0.0156
v 0.5000 -0.5500 -0.0000
v -0.5000 -0.5000 -0.0000
v -0.4500 -0.5000 -0.0191
v -0.4000 -0.5000 -0.0387
v -0.3500 -0.5000 -0.0584
v -0.3000 -0.5000 -0.0718
v -0.2500 -0.5000 -0.0878
v -0.2000 -0.5000 -0.0993
v -0.1500 -0.5000 -0.1127
v -0.1000 -0.5000 -0.1185
v -0.0500 -0.5000 -0.1216
v 0.0000 -0.5000 -0.1231
v 0.0500 -0.5000 -0.1212
v 0.1000 -0.5000 -0.1162
v 0.1500 -0.5000 -0.1121
v 0.2000 -0.5000 -0.1042
v 0.2500 -0.5000 -0.0906
v 0.3000 -0.5000 -0.0724
v 0.3500 -0.5000 -0.0552
v 0.4000 -0.5000 -0.0377
v 0.4500 -0.5000 -0.0198
v 0.5000 -0.5000 -0.0000
v -0.5000 -0.4500 -0.0000
v -0.4500 -0.4500 -0.0230
v -0.4000 -0.4500 -0.0466
v -0.3500 -0.4500 -0.0668
v -0.3000 -0.4500 -0.0866
v -0.2500 -0.4500 -0.1033
v -0.2000 -0.4500 -0.1164
v -0.1500 -0.4500 -0.1342
v -0.1000 -0.4500 -0.1425
v -0.0500 -0.4500 -0.1474
v 0.0000 -0.4500 -0.1441
v 0.0500 -0.4500 -0.1447
v 0.1000 -0.4500 -0.1358
v 0.1500 -0.4500 -0.1290
v 0.2000 -0.4500 -0.1181
v 0.2500 -0.4500 -0.1025
v 0.3000 -0.4500 -0.0857
v 0.3500 -0.4500 -0.0687
v 0.4000 -0.4500 -0.0463
v 0.4500 -0.4500 -0.0230
v 0.5000 -0.4500 -0.0000
v -0.5000 -0.4000 -0.0000
v -0.4500 -0.4000 -0.0256
v -0.4000 -0.4000 -0.0524
v -0.3500 -0.4000 -0.0777
v -0.3000 -0.4000 -0.0987
v -0.2500 -0.4000 -0.1161
v -0.2000 -0.4000 -0.1332
v -0.1500 -0.4000 -0.1485
v -0.1000 -0.4000 -0.1620
v -0.0500 -0.4000 -0.1701
v 0.0000 -0.4000 -0.1710
v 0.0500 -0.4000 -0.1694
v 0.1000 -0.4000 -0.1616
v 0.1500 -0.4000 -0.1480
v 0.2000 -0.4000 -0.1391
v 0.2500 -0.4000 -0.1213
v 0.3000 -0.4000 -0.0976
v 0.3500 -0.4000 -0.0779
v 0.4000 -0.4000 -0.0532
v 0.4500 -0.4000 -0.0259
v 0.5000 -0.4000 -0.0000
v -0.5000 -0.3500 -0.0000
v -0.4500 -0.3500 -0.0284
v -0.4000 -0.3500 -0.0586
v -0.3500 -0.3500 -0.0829
v -0.3000 -0.3500 -0.1122
v -0.2500 -0.3500 -0.1288
v -0.2000 -0.3500 -0.1468
v -0.1500 -0.3500 -0.1632
v -0.1000 -0.3500 -0.1785
v -0.0500 -0.3500 -0.1878
v 0.0000 -0.3500 -0.1830
v 0.0500 -0.3500 -0.1849
v 0.1000 -0.3500 -0.1756
v 0.1500 -0.3500 -0.1690
v 0.2000 -0.3500 -0.1512
v 0.2500 -0.3500 -0.1325
v 0.3000 -0.3500 -0.1094
v 0.3500 -0.3500 -0.0859
v 0.4000 -0.3500 -0.0580
v 0.4500 -0.3500 -0.0290
v 0.5000 -0.3500 -0.0000
v -0.5000 -0.3000 -0.0000
v -0.4500 -0.3000 -0.0319
v -0.4000 -0.3000 -0.0626
v -0.3500 -0.3000 -0.0919
v -0.3000 -0.3000 -0.1194
v -0.2500 -0.3000 -0.1450
v -0.2000 -0.3000 -0.1655
v -0.1500 -0.3000 -0.1817
v -0.1000 -0.3000 -0.1961
v -0.0500 -0.3000 -0.1955
v 0.0000 -0.3000 -0.1993
v 0.0500 -0.3000 -0.2041
v 0.1000 -0.3000 -0.1943
v 0.1500 -0.3000 -0.1825
v 0.2000 -0.3000 -0.1678
v 0.2500 -0.3000 -0.1451
v 0.3000 -0.3000 -0.1204
v 0.3500 -0.3000 -0.0916
v 0.4000 -0.3000 -0.0615
v 0.4500 -0.3000 -0.0322
v 0.5000 -0.3000 -0.0000
v -0.5000 -0.2500 -0.0000
v -0.4500 -0.2500 -0.0342
v -0.4000 -0.2500 -0.0657
v -0.3500 -0.2500 -0.1002
v -0.3000 -0.2500 -0.1305
v -0.2500 -0.2500 -0.1497
v -0.2000 -0.2500 -0.1754
v -0.1500 -0.2500 -0.1919
v -0.1000 -0.2500 -0.2034
v -0.0500 -0.2500 -0.2115
v 0.0000 -0.2500 -0.2133
v 0.0500 -0.2500 -0.2178
v 0.1000 -0.2500 -0.2074
v 0.1500 -0.2500 -0.1874
v 0.2000 -0.2500 -0.1785
v 0.2500 -0.2500 -0.1525
v 0.3000 -0.2500 -0.1251
v 0.3500 -0.2500 -0.0968
v 0.4000 -0.2500 -0.0655
v 0.4500 -0.2500 -0.0345
v 0.5000 -0.2500 -0.0000
v -0.5000 -0.2000 -0.0000
v -0.4500 -0.2000 -0.0358
v -0.4000 -0.2000 -0.0711
v -0.3500 -0.2000 -0.1050
v -0.3000 -0.2000 -0.1371
v -0.2500 -0.2000 -0.1630
v -0.2000 -0.2000 -0.1799
v -0.1500 -0.2000 -0.2092
v -0.1000 -0.2000 -0.2192
v -0.0500 -0.2000 -0.2227
v 0.0000 -0.2000 -0.2345
v 0.0500 -0.2000 -0.2268
v 0.1000 -0.2000 -0.2204
v 0.1500 -0.2000 -0.2069
v 0.2000 -0.2000 -0.1795
v 0.2500 -0.2000 -0.1655
v 0.3000 -0.2000 -0.1326
v 0.3500 -0.2000 -0.1065
v 0.4000 -0.2000 -0.0705
v 0.4500 -0.2000 -0.0362
v 0.5000 -0.2000 -0.0000
v -0.5000 -0.1500 -0.0000
v -0.4500 -0.1500 -0.0370
v -0.4000 -0.1500 -0.0720
v -0.3500 -0.1500 -0.1104
v -0.3000 -0.1500 -0.1430
v -0.2500 -0.1500 -0.1654
v -0.2000 -0.1500 -0.1919
v -0.1500 -0.1500 -0.2079
v -0.1000 -0.1500 -0.2287
v -0.0500 -0.1500 -0.2375
v 0.0000 -0.1500 -0.2443
v 0.0500 -0.1500 -0.2340
v 0.1000 -0.1500 -0.2209
v 0.1500 -0.1500 -0.2092
v 0.2000 -0.1500 -0.1925
v 0.2500 -0.1500 -0.1668
v 0.3000 -0.1500 -0.1438
v 0.3500 -0.1500 -0.1063
v 0.4000 -0.1500 -0.0731
v 0.4500 -0.1500 -0.0362
v 0.5000 -0.1500 -0.0000
v -0.5000 -0.1000 -0.0000
v -0.4500 -0.1000 -0.0379
v -0.4000 -0.1000 -0.0741
v -0.3500 -0.1000 -0.1141
v -0.3000 -0.1000 -0.1424
v -0.2500 -0.1000 -0.1753
v -0.2000 -0.1000 -0.2007
v -0.1500 -0.1000 -0.2215
v -0.1000 -0.1000 -0.2279
v -0.0500 -0.1000 -0.2433
v 0.0000 -0.1000 -0.2388
v 0.0500 -0.1000 -0.2343
v 0.1000 -0.1000 -0.2319
v 0.1500 -0.1000 -0.2204
v 0.2000 -0.1000 -0.1944
v 0.2500 -0.1000 -0.1708
v 0.3000 -0.1000 -0.1438
v 0.3500 -0.1000 -0.1118
v 0.4000 -0.1000 -0.0737
v 0.4500 -0.1000 -0.0382
v 0.5000 -0.1000 -0.0000
v -0.5000 -0.0500 -0.0000
v -0.4500 -0.0500 -0.0394
v -0.4000 -0.0500 -0.0788
v -0.3500 -0.0500 -0.1130
v -0.3000 -0.0500 -0.1497
v -0.2500 -0.0500 -0.1708
v -0.2000 -0.0500 -0.1972
v -0.1500 -0.0500 -0.2184
v -0.1000 -0.0500 -0.2313
v -0.0500 -0.0500 -0.2500
v 0.0000 -0.0500 -0.2557
v 0.0500 -0.0500 -0.2510
v 0.1000 -0.0500 -0.2345
v 0.1500 -0.0500 -0.2200
v 0.2000 -0.0500 -0.1982
v 0.2500 -0.0500 -0.1793
v 0.3000 -0.0500 -0.1439
v 0.3500 -0.0500 -0.1105
v 0.4000 -0.0500 -0.0748
v 0.4500 -0.0500 -0.0398
v 0.5000 -0.0500 -0.0000
v -0.5000 0.0000 -0.0000
v -0.4500 0.0000 -0.0383
v -0.4000 0.0000 -0.0755
v -0.3500 0.0000 -0.1155
v -0.3000 0.0000 -0.1508
v -0.2500 0.0000 -0.1775
v -0.2000 0.0000 -0.1974
v -0.1500 0.0000 -0.2175
v -0.1000 0.0000 -0.2445
v -0.0500 0.0000 -0.2506
v 0.0000 0.0000 -0.2440
v 0.0500 0.0000 -0.2491
v 0.1000 0.0000 -0.2311
v 0.1500 0.0000 -0.2211
v 0.2000 0.0000 -0.2061
v 0.2500 0.0000 -0.1805
v 0.3000 0.0000 -0.1444
v 0.3500 0.0000 -0.1145
v 0.4000 0.0000 -0.0777
v 0.4500 0.0000 -0.0399
v 0.5000 0.0000 -0.0000
v -0.5000 0.0500 -0.0000
v -0.4500 0.0500 -0.0392
v -0.4000 0.0500 -0.0774
v -0.3500 0.0500 -0.1113
v -0.3000 0.0500 -0.1451
v -0.2500 0.0500 -0.1805
v -0.2000 0.0500 -0.2009
v -0.1500 0.0500 -0.2207
v -0.1000 0.0500 -0.2333
v -0.0500 0.0500 -0.2455
v 0.0000 0.0500 -0.2508
v 0.0500 0.0500 -0.2501
v 0.1000 0.0500 -0.2404
v 0.1500 0.0500 -0.2235
v 0.2000 0.0500 -0.1989
v 0.2500 0.0500 -0.1705
v 0.3000 0.0500 -0.1426
v 0.3500 0.0500 -0.1129
v 0.4000 0.0500 -0.0784
v 0.4500 0.0500 -0.0382
v 0.5000 0.0500 -0.0000
v -0.5000 0.1000 -0.0000
v -0.4500 0.1000 -0.0375
v -0.4000 0.1000 -0.0735
v -0.3500 0.1000 -0.1121
v -0.3000 0.1000 -0.1418
v -0.2500 0.1000 -0.1759
v -0.2000 0.1000 -0.1972
v -0.1500 0.1000 -0.2218
v -0.1000 0.1000 -0.2271
v -0.0500 0.1000 -0.2466
v 0.0000 0.1000 -0.2502
v 0.0500 0.1000 -0.2372
v 0.1000 0.1000 -0.2315
v 0.1500 0.1000 -0.2150
v 0.2000 0.1000 -0.1928
v 0.2500 0.1000 -0.1765
v 0.3000 0.1000 -0.1454
v 0.3500 0.1000 -0.1130
v 0.4000 0.1000 -0.0774
v 0.4500 0.1000 -0.0381
v 0.5000 0.1000 -0.0000
v -0.5000 0.1500 -0.0000
v -0.4500 0.1500 -0.0370
v -0.4000 0.1500 -0.0740
v -0.3500 0.1500 -0.1108
v -0.3000 0.1500 -0.1369
v -0.2500 0.1500 -0.1689
v -0.2000 0.1500 -0.1868
v -0.1500 0.1500 -0.2113
v -0.1000 0.1500 -0.2230
v -0.0500 0.1500 -0.2350
v 0.0000 0.1500 -0.2431
v 0.0500 0.1500 -0.2345
v 0.1000 0.1500 -0.2264
v 0.1500 0.1500 -0.2084
v 0.2000 0.1500 -0.1870
v 0.2500 0.1500 -0.1660
v 0.3000 0.1500 -0.1387
v 0.3500 0.1500 -0.1072
v 0.4000 0.1500 -0.0730
v 0.4500 0.1500 -0.0375
v 0.5000 0.1500 -0.0000
v -0.5000 0.2000 -0.0000
v -0.4500 0.2000 -0.0355
v -0.4000 0.2000 -0.0708
v -0.3500 0.2000 -0.1061
v -0.3000 0.2000 -0.1376
v -0.2500 0.2000 -0.1617
v -0.2000 0.2000 -0.1833
v -0.1500 0.2000 -0.2025
v -0.1000 0.2000 -0.2132
v -0.0500 0.2000 -0.2194
v 0.0000 0.2000 -0.2248
v 0.0500 0.2000 -0.2245
v 0.1000 0.2000 -0.2144
v 0.1500 0.2000 -0.2091
v 0.2000 0.2000 -0.1884
v 0.2500 0.2000 -0.1569
v 0.3000 0.2000 -0.1333
v 0.3500 0.2000 -0.1066
v 0.4000 0.2000 -0.0703
v 0.4500 0.2000 -0.0351
v 0.5000 0.2000 -0.0000
v -0.5000 0.2500 -0.0000
v -0.4500 0.2500 -0.0332
v -0.4000 0.2500 -0.0666
v -0.3500 0.2500 -0.0997
v -0.3000 0.2500 -0.1242
v -0.2500 0.2500 -0.1562
v -0.2000 0.2500 -0.1729
v -0.1500 0.2500 -0.1901
v -0.1000 0.2500 -0.2040
v -0.0500 0.2500 -0.2146
v 0.0000 0.2500 -0.2153
v 0.0500 0.2500 -0.2201
v 0.1000 0.2500 -0.2012
v 0.1500 0.2500 -0.1973
v 0.2000 0.2500 -0.1730
v 0.2500 0.2500 -0.1527
v 0.3000 0.2500 -0.1271
v 0.3500 0.2500 -0.0995
v 0.4000 0.2500 -0.0672
v 0.4500 0.2500 -0.0343
v 0.5000 0.2500 -0.0000
v -0.5000 0.3000 -0.0000
v -0.4500 0.3000 -0.0321
v -0.4000 0.3000 -0.0614
v -0.3500 0.3000 -0.0923
v -0.3000 0.3000 -0.1204
v -0.2500 0.3000 -0.1420
v -0.2000 0.3000 -0.1597
v -0.1500 0.3000 -0.1761
v -0.1000 0.3000 -0.1938
v -0.0500 0.3000 -0.1986
v 0.0000 0.3000 -0.2057
v 0.0500 0.3000 -0.1963
v 0.1000 0.3000 -0.1894
v 0.1500 0.3000 -0.1839
v 0.2000 0.3000 -0.1670
v 0.2500 0.3000 -0.1465
v 0.3000 0.3000 -0.1197
v 0.3500 0.3000 -0.0929
v 0.4000 0.3000 -0.0639
v 0.4500 0.3000 -0.0324
v 0.5000 0.3000 -0.0000
v -0.5000 0.3500 -0.0000
v -0.4500 0.3500 -0.0294
v -0.4000 0.3500 -0.0561
v -0.3500 0.3500 -0.0852
v -0.3000 0.3500 -0.1092
v -0.2500 0.3500 -0.1325
v -0.2000 0.3500 -0.1519
v -0.1500 0.3500 -0.1608
v -0.1000 0.3500 -0.1723
v -0.0500 0.3500 -0.1877
v 0.0000 0.3500 -0.1802
v 0.0500 0.3500 -0.1802
v 0.1000 0.3500 -0.1751
v 0.1500 0.3500 -0.1632
v 0.2000 0.3500 -0.1529
v 0.2500 0.3500 -0.1325
v 0.3000 0.3500 -0.1122
v 0.3500 0.3500 -0.0837
v 0.4000 0.3500 -0.0562
v 0.4500 0.3500 -0.0290
v 0.5000 0.3500 -0.0000
v -0.5000 0.4000 -0.0000
v -0.4500 0.4000 -0.0261
v -0.4000 0.4000 -0.0531
v -0.3500 0.4000 -0.0738
v -0.3000 0.4000 -0.0978
v -0.2500 0.4000 -0.1179
v -0.2000 0.4000 -0.1346
v -0.1500 0.4000 -0.1457
v -0.1000 0.4000 -0.1549
v -0.0500 0.4000 -0.1671
v 0.0000 0.4000 -0.1662
v 0.0500 0.4000 -0.1691
v 0.1000 0.4000 -0.1588
v 0.1500 0.4000 -0.1475
v 0.2000 0.4000 -0.1372
v 0.2500 0.4000 -0.1195
v 0.3000 0.4000 -0.0979
v 0.3500 0.4000 -0.0740
v 0.4000 0.4000 -0.0529
v 0.4500 0.4000 -0.0255
v 0.5000 0.4000 -0.0000
v -0.5000 0.4500 -0.0000
v -0.4500 0.4500 -0.0229
v -0.4000 0.4500 -0.0443
v -0.3500 0.4500 -0.0647
v -0.3000 0.4500 -0.0873
v -0.2500 0.4500 -0.1015
v -0.2000 0.4500 -0.1178
v -0.1500 0.4500 -0.1271
v -0.1000 0.4500 -0.1426
v -0.0500 0.4500 -0.1421
v 0.0000 0.4500 -0.1430
v 0.0500 0.4500 -0.1480
v 0.1000 0.4500 -0.1376
v 0.1500 0.4500 -0.1290
v 0.2000 0.4500 -0.1215
v 0.2500 0.4500 -0.1040
v 0.3000 0.4500 -0.0885
v 0.3500 0.4500 -0.0684
v 0.4000 0.4500 -0.0447
v 0.4500 0.4500 -0.0228
v 0.5000 0.4500 -0.0000
v -0.5000 0.5000 -0.0000
v -0.4500 0.5000 -0.0191
v -0.4000 0.5000 -0.0390
v -0.3500 0.5000 -0.0584
v -0.3000 0.5000 -0.0717
v -0.2500 0.5000 -0.0893
v -0.2000 0.5000 -0.1010
v -0.1500 0.5000 -0.1106
v -0.1000 0.5000 -0.1219
v -0.0500 0.5000 -0.1223
v 0.0000 0.5000 -0.1226
v 0.0500 0.5000 -0.1271
v 0.1000 0.5000 -0.1201
v 0.1500 0.5000 -0.1124
v 0.2000 0.5000 -0.0999
v 0.2500 0.5000 -0.0880
v 0.3000 0.5000 -0.0732
v 0.3500 0.5000 -0.0576
v 0.4000 0.5000 -0.0396
v 0.4500 0.5000 -0.0198
v 0.5000 0.5000 -0.0000
v -0.5000 0.5500 -0.0000
v -0.4500 0.5500 -0.0157
v -0.4000 0.5500 -0.0323
v -0.3500 0.5500 -0.0464
v -0.3000 0.5500 -0.0581
v -0.2500 0.5500 -0.0732
v -0.2000 0.5500 -0.0841
v -0.1500 0.5500 -0.0897
v -0.1000 0.5500 -0.0958
v -0.0500 0.5500 -0.0987
v 0.0000 0.5500 -0.0989
v 0.0500 0.5500 -0.0991
v 0.1000 0.5500 -0.0977
v 0.1500 0.5500 -0.0889
v 0.2000 0.5500 -0.0826
v 0.2500 0.5500 -0.0710
v 0.3000 0.5500 -0.0603
v 0.3500 0.5500 -0.0460
v 0.4000 0.5500 -0.0307
v 0.4500 0.5500 -0.0159
v 0.5000 0.5500 -0.0000
v -0.5000 0.6000 -0.0000
v -0.4500 0.6000 -0.0118
v -0.4000 0.6000 -0.0243
v -0.3500 0.6000 -0.0353
v -0.3000 0.6000 -0.0465
v -0.2500 0.6000 -0.0557
v -0.2000 0.6000 -0.0626
v -0.1500 0.6000 -0.0708
v -0.1000 0.6000 -0.0744
v -0.0500 0.6000 -0.0765
v 0.0000 0.6000 -0.0774
v 0.0500 0.6000 -0.0750
v 0.1000 0.6000 -0.0750
v 0.1500 0.6000 -0.0701
v 0.2000 0.6000 -0.0628
v 0.2500 0.6000 -0.0530
v 0.3000 0.6000 -0.0462
v 0.3500 0.6000 -0.0353
v 0.4000 0.6000 -0.0244
v 0.4500 0.6000 -0.0121
v 0.5000 0.6000 -0.0000
v -0.5000 0.6500 -0.0000
v -0.4500 0.6500 -0.0082
v -0.4000 0.6500 -0.0164
v -0.3500 0.6500 -0.0239
v -0.3000 0.6500 -0.0306
v -0.2500 0.6500 -0.0376
v -0.2000 0.6500 -0.0431
v -0.1500 0.6500 -0.0477
v -0.1000 0.6500 -0.0505
v -0.0500 0.6500 -0.0523
v 0.0000 0.6500 -0.0516
v 0.0500 0.6500 -0.0508
v 0.1000 0.6500 -0.0484
v 0.1500 0.6500 -0.0455
v 0.2000 0.6500 -0.0410
v 0.2500 0.6500 -0.0360
v 0.3000 0.6500 -0.0313
v 0.3500 0.6500 -0.0235
v 0.4000 0.6500 -0.0156
v 0.4500 0.6500 -0.0079
v 0.5000 0.6500 -0.0000
v -0.5000 0.7000 -0.0000
v -0.4500 0.7000 -0.0040
v -0.4000 0.7000 -0.0080
v -0.3500 0.7000 -0.0119
v -0.3000 0.7000 -0.0156
v -0.2500 0.7000 -0.0182
v -0.2000 0.7000 -0.0207
v -0.1500 0.7000 -0.0227
v -0.1000 0.7000 -0.0244
v -0.0500 0.7000 -0.0265
v 0.0000 0.7000 -0.0257
v 0.0500 0.7000 -0.0254
v 0.1000 0.7000 -0.0242
v 0.1500 0.7000 -0.0231
v 0.2000 0.7000 -0.0211
v 0.2500 0.7000 -0.0183
v 0.3000 0.7000 -0.0154
v 0.3500 0.7000 -0.0118
v 0.4000 0.7000 -0.0080
v 0.4500 0.7000 -0.0041
v 0.5000 0.7000 -0.0000
v -0.5000 0.7500 -0.0000
v -0.4500 0.7500 -0.0000
v -0.4000 0.7500 -0.0000
v -0.3500 0.7500 -0.0000
v -0.3000 0.7500 -0.0000
v -0.2500 0.7500 -0.0000
v -0.2000 0.7500 -0.0000
v -0.1500 0.7500 -0.0000
v -0.1000 0.7500 -0.0000
v -0.0500 0.7500 -0.0000
v 0.0000 0.7500 -0.0000
v 0.0500 0.7500 -0.0000
v 0.1000 0.7500 -0.0000
v 0.1500 0.7500 -0.0000
v 0.2000 0.7500 -0.0000
v 0.2500 0.7500 -0.0000
v 0.3000 0.7500 -0.0000
v 0.3500 0.7500 -0.0000
v 0.4000 0.7500 -0.0000
v 0.4500 0.7500 -0.0000
v 0.5000 0.7500 -0.0000
vt 0.0000 0.0000
vt 0.0500 0.0000
vt 0.1000 0.0000
vt 0.1500 0.0000
vt 0.2000 0.0000
vt 0.2500 0.0000
vt 0.3000 0.0000
vt 0.3500 0.0000
vt 0.4000 0.0000
vt 0.4500 0.0000
vt 0.5000 0.0000
vt 0.5500 0.0000
vt 0.6000 0.0000
vt 0.6500 0.0000
vt 0.7000 0.0000
vt 0.7500 0.0000
vt 0.8000 0.0000
vt 0.8500 0.0000
vt 0.9000 0.0000
vt 0.9500 0.0000
vt 1.0000 0.0000
vt 0.0000 0.0333
vt 0.0500 0.0333
vt 0.1000 0.0333
vt 0.1500 0.0333
vt 0.2000 0.0333
vt 0.2500 0.0333
vt 0.3000 0.0333
vt 0.3500 0.0333
vt 0.4000 0.0333
vt 0.4500 0.0333
vt 0.5000 0.0333
vt 0.5500 0.0333
vt 0.6000 0.0333
vt 0.6500 0.0333
vt 0.7000 0.0333
vt 0.7500 0.0333
vt 0.8000 0.0333
vt 0.8500 0.0333
vt 0.9000 0.0333
vt 0.9500 0.0333
vt 1.0000 0.0333
vt 0.0000 0.0667
vt 0.0500 0.0667
vt 0.1000 0.0667
vt 0.1500 0.0667
vt 0.2000 0.0667
vt 0.2500 0.0667
vt 0.3000 0.0667
vt 0.3500 0.0667
vt 0.4000 0.0667
vt 0.4500 0.0667
vt 0.5000 0.0667
vt 0.5500 0.0667
vt 0.6000 0.0667
vt 0.6500 0.0667
vt 0.7000 0.0667
vt 0.7500 0.0667
vt 0.8000 0.0667
vt 0.8500 0.0667
vt 0.9000 0.0667
vt 0.9500 0.0667
vt 1.0000 0.0667
vt 0.0000 0.1000
vt 0.0500 0.1000
vt 0.1000 0.1000
vt 0.1500 0.1000
vt 0.2000 0.1000
vt 0.2500 0.1000
vt 0.3000 0.1000
vt 0.3500 0.1000
vt 0.4000 0.1000
vt 0.4500 0.1000
vt 0.5000 0.1000
vt 0.5500 0.1000
vt 0.6000 0.1000
vt 0.6500 0.1000
vt 0.7000 0.1000
vt 0.7500 0.1000
vt 0.8000 0.1000
vt 0.8500 0.1000
vt 0.9000 0.1000
vt 0.9500 0.1000
vt 1.0000 0.1000
vt 0.0000 0.1333
vt 0.0500 0.1333
vt 0.1000 0.1333
vt 0.1500 0.1333
vt 0.2000 0.1333
vt 0.2500 0.1333
vt 0.3000 0.1333
vt 0.3500 0.1333
vt 0.4000 0.1333
vt 0.4500 0.1333
vt 0.5000 0.1333
vt 0.5500 0.1333
vt 0.6000 0.1333
vt 0.6500 0.1333
vt 0.7000 0.1333
vt 0.7500 0.1333
vt 0.8000 0.1333
vt 0.8500 0.1333
vt 0.9000 0.1333
vt 0.9500 0.1333
vt 1.0000 0.1333
vt 0.0000 0.1667
vt 0.0500 0.1667
vt 0.1000 0.1667
vt 0.1500 0.1667
vt 0.2000 0.1667
vt 0.2500 0.1667
vt 0.3000 0.1667
vt 0.3500 0.1667
vt 0.4000 0.1667
vt 0.4500 0.1667
vt 0.5000 0.1667
vt 0.5500 0.1667
vt 0.6000 0.1667
vt 0.6500 0.1667
vt 0.7000 0.1667
vt 0.7500 0.1667
vt 0.8000 0.1667
vt 0.8500 0.1667
vt 0.9000 0.1667
vt 0.9500 0.1667
vt 1.0000 0.1667
vt 0.0000 0.2000
vt 0.0500 0.2000
vt 0.1000 0.2000
vt 0.1500 0.2000
vt 0.2000 0.2000
vt 0.2500 0.2000
vt 0.3000 0.2000
vt 0.3500 0.2000
vt 0.4000 0.2000
vt 0.4500 0.2000
vt 0.5000 0.2000
vt 0.5500 0.2000
vt 0.6000 0.2000
vt 0.6500 0.2000
vt 0.7000 0.2000
vt 0.7500 0.2000
vt 0.8000 0.2000
vt 0.8500 0.2000
vt 0.9000 0.2000
vt 0.9500 0.2000
vt 1.0000 0.2000
vt 0.0000 0.2333
vt 0.0500 0.2333
vt 0.1000 0.2333
vt 0.1500 0.2333
vt 0.2000 0.2333
vt 0.2500 0.2333
vt 0.3000 0.2333
vt 0.3500 0.2333
vt 0.4000 0.2333
vt 0.4500 0.2333
vt 0.5000 0.2333
vt 0.5500 0.2333
vt 0.6000 0.2333
vt 0.6500 0.2333
vt 0.7000 0.2333
vt 0.7500 0.2333
vt 0.8000 0.2333
vt 0.8500 0.2333
vt 0.9000 0.2333
vt 0.9500 0.2333
vt 1.0000 0.2333
vt 0.0000 0.2667
vt 0.0500 0.2667
vt 0.1000 0.2667
vt 0.1500 0.2667
vt 0.2000 0.2667
vt 0.2500 0.2667
vt 0.3000 0.2667
vt 0.3500 0.2667
vt 0.4000 0.2667
vt 0.4500 0.2667
vt 0.5000 0.2667
vt 0.5500 0.2667
vt 0.6000 0.2667
vt 0.6500 0.2667
vt 0.7000 0.2667
vt 0.7500 0.2667
vt 0.8000 0.2667
vt 0.8500 0.2667
vt 0.9000 0.2667
vt 0.9500 0.2667
vt 1.0000 0.2667
vt 0.0000 0.3000
vt 0.0500 0.3000
vt 0.1000 0.3000
vt 0.1500 0.3000
vt 0.2000 0.3000
vt 0.2500 0.3000
vt 0.3000 0.3000
vt 0.3500 0.3000
vt 0.4000 0.3000
vt 0.4500 0.3000
vt 0.5000 0.3000
vt 0.5500 0.3000
vt 0.6000 0.3000
vt 0.6500 0.3000
vt 0.7000 0.3000
vt 0.7500 0.3000
vt 0.8000 0.3000
vt 0.8500 0.3000
vt 0.9000 0.3000
vt 0.9500 0.3000
vt 1.0000 0.3000
vt 0.0000 0.3333
vt 0.0500 0.3333
vt 0.1000 0.3333
vt 0.1500 0.3333
vt 0.2000 0.3333
vt 0.2500 0.3333
vt 0.3000 0.3333
vt 0.3500 0.3333
vt 0.4000 0.3333
vt 0.4500 0.3333
vt 0.5000 0.3333
vt 0.5500 0.3333
vt 0.6000 0.3333
vt 0.6500 0.3333
vt 0.7000 0.3333
vt 0.7500 0.3333
vt 0.8000 0.3333
vt 0.8500 0.3333
vt 0.9000 0.3333
vt 0.9500 0.3333
vt 1.0000 0.3333
vt 0.0000 0.3667
vt 0.0500 0.3667
vt 0.1000 0.3667
vt 0.1500 0.3667
vt 0.2000 0.3667
vt 0.2500 0.3667
vt 0.3000 0.3667
vt 0.3500 0.3667
vt 0.4000 0.3667
vt 0.4500 0.3667
vt 0.5000 0.3667
vt 0.5500 0.3667
vt 0.6000 0.3667
vt 0.6500 0.3667
vt 0.7000 0.3667
vt 0.7500 0.3667
vt 0.8000 0.3667
vt 0.8500 0.3667
vt 0.9000 0.3667
vt 0.9500 0.3667
vt 1.0000 0.3667
vt 0.0000 0.4000
vt 0.0500 0.4000
vt 0.1000 0.4000
vt 0.1500 0.4000
vt 0.2000 0.4000
vt 0.2500 0.4000
vt 0.3000 0.4000
vt 0.3500 0.4000
vt 0.4000 0.4000
vt 0.4500 0.4000
vt 0.5000 0.4000
vt 0.5500 0.4000
vt 0.6000 0.4000
vt 0.6500 0.4000
vt 0.7000 0.4000
vt 0.7500 0.4000
vt 0.8000 0.4000
vt 0.8500 0.4000
vt 0.9000 0.4000
vt 0.9500 0.4000
vt 1.0000 0.4000
vt 0.0000 0.4333
vt 0.0500 0.4333
vt 0.1000 0.4333
vt 0.1500 0.4333
vt 0.2000 0.4333
vt 0.2500 0.4333
vt 0.3000 0.4333
vt 0.3500 0.4333
vt 0.4000 0.4333
vt 0.4500 0.4333
vt 0.5000 0.4333
vt 0.5500 0.4333
vt 0.6000 0.4333
vt 0.6500 0.4333
vt 0.7000 0.4333
vt 0.7500 0.4333
vt 0.8000 0.4333
vt 0.8500 0.4333
vt 0.9000 0.4333
vt 0.9500 0.4333
vt 1.0000 0.4333
vt 0.0000 0.4667
vt 0.0500 0.4667
vt 0.1000 0.4667
vt 0.1500 0.4667
vt 0.2000 0.4667
vt 0.2500 0.4667
vt 0.3000 0.4667
vt 0.3500 0.4667
vt 0.4000 0.4667
vt 0.4500 0.4667
vt 0.5000 0.4667
vt 0.5500 0.4667
vt 0.6000 0.4667
vt 0.6500 0.4667
vt 0.7000 0.4667
vt 0.7500 0.4667
vt 0.8000 0.4667
vt 0.8500 0.4667
vt 0.9000 0.4667
vt 0.9500 0.4667
vt 1.0000 0.4667
vt 0.0000 0.5000
vt 0.0500 0.5000
vt 0.1000 0.5000
vt 0.1500 0.5000
vt 0.2000 0.5000
vt 0.2500 0.5000
vt 0.3000 0.5000
vt 0.3500 0.5000
vt 0.4000 0.5000
vt 0.4500 0.5000
vt 0.5000 0.5000
vt 0.5500 0.5000
vt 0.6000 0.5000
vt 0.6500 0.5000
vt 0.7000 0.5000
vt 0.7500 0.5000
vt 0.8000 0.5000
vt 0.8500 0.5000
vt 0.9000 0.5000
vt 0.9500 0.5000
vt 1.0000 0.5000
vt 0.0000 0.5333
vt 0.0500 0.5333
vt 0.1000 0.5333
vt 0.1500 0.5333
vt 0.2000 0.5333
vt 0.2500 0.5333
vt 0.3000 0.5333
vt 0.3500 0.5333
vt 0.4000 0.5333
vt 0.4500 0.5333
vt 0.5000 0.5333
vt 0.5500 0.5333
vt 0.6000 0.5333
vt 0.6500 0.5333
vt 0.7000 0.5333
vt 0.7500 0.5333
vt 0.8000 0.5333
vt 0.8500 0.5333
vt 0.9000 0.5333
vt 0.9500 0.5333
vt 1.0000 0.5333
vt 0.0000 0.5667
vt 0.0500 0.5667
vt 0.1000 0.5667
vt 0.1500 0.5667
vt 0.2000 0.5667
vt 0.2500 0.5667
vt 0.3000 0.5667
vt 0.3500 0.5667
vt 0.4000 0.5667
vt 0.4500 0.5667
vt 0.5000 0.5667
vt 0.5500 0.5667
vt 0.6000 0.5667
vt 0.6500 0.5667
vt 0.7000 0.5667
vt 0.7500 0.5667
vt 0.8000 0.5667
vt 0.8500 0.5667
vt 0.9000 0.5667
vt 0.9500 0.5667
vt 1.0000 0.5667
vt 0.0000 0.6000
vt 0.0500 0.6000
vt 0.1000 0.6000
vt 0.1500 0.6000
vt 0.2000 0.6000
vt 0.2500 0.6000
vt 0.3000 0.6000
vt 0.3500 0.6000
vt 0.4000 0.6000
vt 0.4500 0.6000
vt 0.5000 0.6000
vt 0.5500 0.6000
vt 0.6000 0.6000
vt 0.6500 0.6000
vt 0.7000 0.6000
vt 0.7500 0.6000
vt 0.8000 0.6000
vt 0.8500 0.6000
vt 0.9000 0.6000
vt 0.9500 0.6000
vt 1.0000 0.6000
vt 0.0000 0.6333
vt 0.0500 0.6333
vt 0.1000 0.6333
vt 0.1500 0.6333
vt 0.2000 0.6333
vt 0.2500 0.6333
vt 0.3000 0.6333
vt 0.3500 0.6333
vt 0.4000 0.6333
vt 0.4500 0.6333
vt 0.5000 0.6333
vt 0.5500 0.6333
vt 0.6000 0.6333
vt 0.6500 0.6333
vt 0.7000 0.6333
vt 0.7500 0.6333
vt 0.8000 0.6333
vt 0.8500 0.6333
vt 0.9000 0.6333
vt 0.9500 0.6333
vt 1.0000 0.6333
vt 0.0000 0.6667
vt 0.0500 0.6667
vt 0.1000 0.6667
vt 0.1500 0.6667
vt 0.2000 0.6667
vt 0.2500 0.6667
vt 0.3000 0.6667
vt 0.3500 0.6667
vt 0.4000 0.6667
vt 0.4500 0.6667
vt 0.5000 0.6667
vt 0.5500 0.6667
vt 0.6000 0.6667
vt 0.6500 0.6667
vt 0.7000 0.6667
vt 0.7500 0.6667
vt 0.8000 0.6667
vt 0.8500 0.6667
vt 0.9000 0.6667
vt 0.9500 0.6667
vt 1.0000 0.6667
vt 0.0000 0.7000
vt 0.0500 0.7000
vt 0.1000 0.7000
vt 0.1500 0.7000
vt 0.2000 0.7000
vt 0.2500 0.7000
vt 0.3000 0.7000
vt 0.3500 0.7000
vt 0.4000 0.7000
vt 0.4500 0.7000
vt 0.5000 0.7000
vt 0.5500 0.7000
vt 0.6000 0.7000
vt 0.6500 0.7000
vt 0.7000 0.7000
vt 0.7500 0.7000
vt 0.8000 0.7000
vt 0.8500 0.7000
vt 0.9000 0.7000
vt 0.9500 0.7000
vt 1.0000 0.7000
vt 0.0000 0.7333
vt 0.0500 0.7333
vt 0.1000 0.7333
vt 0.1500 0.7333
vt 0.2000 0.7333
vt 0.2500 0.7333
vt 0.3000 0.7333
vt 0.3500 0.7333
vt 0.4000 0.7333
vt 0.4500 0.7333
vt 0.5000 0.7333
vt 0.5500 0.7333
vt 0.6000 0.7333
vt 0.6500 0.7333
vt 0.7000 0.7333
vt 0.7500 0.7333
vt 0.8000 0.7333
vt 0.8500 0.7333
vt 0.9000 0.7333
vt 0.9500 0.7333
vt 1.0000 0.7333
vt 0.0000 0.7667
vt 0.0500 0.7667
vt 0.1000 0.7667
vt 0.1500 0.7667
vt 0.2000 0.7667
vt 0.2500 0.7667
vt 0.3000 0.7667
vt 0.3500 0.7667
vt 0.4000 0.7667
vt 0.4500 0.7667
vt 0.5000 0.7667
vt 0.5500 0.7667
vt 0.6000 0.7667
vt 0.6500 0.7667
vt 0.7000 0.7667
vt 0.7500 0.7667
vt 0.8000 0.7667
vt 0.8500 0.7667
vt 0.9000 0.7667
vt 0.9500 0.7667
vt 1.0000 0.7667
vt 0.0000 0.8000
vt 0.0500 0.8000
vt 0.1000 0.8000
vt 0.1500 0.8000
vt 0.2000 0.8000
vt 0.2500 0.8000
vt 0.3000 0.8000
vt 0.3500 0.8000
vt 0.4000 0.8000
vt 0.4500 0.8000
vt 0.5000 0.8000
vt 0.5500 0.8000
vt 0.6000 0.8000
vt 0.6500 0.8000
vt 0.7000 0.8000
vt 0.7500 0.8000
vt 0.8000 0.8000
vt 0.8500 0.8000
vt 0.9000 0.8000
vt 0.9500 0.8000
vt 1.0000 0.8000
vt 0.0000 0.8333
vt 0.0500 0.8333
vt 0.1000 0.8333
vt 0.1500 0.8333
vt 0.2000 0.8333
vt 0.2500 0.8333
vt 0.3000 0.8333
vt 0.3500 0.8333
vt 0.4000 0.8333
vt 0.4500 0.8333
vt 0.5000 0.8333
vt 0.5500 0.8333
vt 0.6000 0.8333
vt 0.6500 0.8333
vt 0.7000 0.8333
vt 0.7500 0.8333
vt 0.8000 0.8333
vt 0.8500 0.8333
vt 0.9000 0.8333
vt 0.9500 0.8333
vt 1.0000 0.8333
vt 0.0000 0.8667
vt 0.0500 0.8667
vt 0.1000 0.8667
vt 0.1500 0.8667
vt 0.2000 0.8667
vt 0.2500 0.8667
vt 0.3000 0.8667
vt 0.3500 0.8667
vt 0.4000 0.8667
vt 0.4500 0.8667
vt 0.5000 0.8667
vt 0.5500 0.8667
vt 0.6000 0.8667
vt 0.6500 0.8667
vt 0.7000 0.8667
vt 0.7500 0.8667
vt 0.8000 0.8667
vt 0.8500 0.8667
vt 0.9000 0.8667
vt 0.9500 0.8667
vt 1.0000 0.8667
vt 0.0000 0.9000
vt 0.0500 0.9000
vt 0.1000 0.9000
vt 0.1500 0.9000
vt 0.2000 0.9000
vt 0.2500 0.9000
vt 0.3000 0.9000
vt 0.3500 0.9000
vt 0.4000 0.9000
vt 0.4500 0.9000
vt 0.5000 0.9000
vt 0.5500 0.9000
vt 0.6000 0.9000
vt 0.6500 0.9000
vt 0.7000 0.9000
vt 0.7500 0.9000
vt 0.8000 0.9000
vt 0.8500 0.9000
vt 0.9000 0.9000
vt 0.9500 0.9000
vt 1.0000 0.9000
vt 0.0000 0.9333
vt 0.0500 0.9333
vt 0.1000 0.9333
vt 0.1500 0.9333
vt 0.2000 0.9333
vt 0.2500 0.9333
vt 0.3000 0.9333
vt 0.3500 0.9333
vt 0.4000 0.9333
vt 0.4500 0.9333
vt 0.5000 0.9333
vt 0.5500 0.9333
vt 0.6000 0.9333
vt 0.6500 0.9333
vt 0.7000 0.9333
vt 0.7500 0.9333
vt 0.8000 0.9333
vt 0.8500 0.9333
vt 0.9000 0.9333
vt 0.9500 0.9333
vt 1.0000 0.9333
vt 0.0000 0.9667
vt 0.0500 0.9667
vt 0.1000 0.9667
vt 0.1500 0.9667
vt 0.2000 0.9667
vt 0.2500 0.9667
vt 0.3000 0.9667
vt 0.3500 0.9667
vt 0.4000 0.9667
vt 0.4500 0.9667
vt 0.5000 0.9667
vt 0.5500 0.9667
vt 0.6000 0.9667
vt 0.6500 0.9667
vt 0.7000 0.9667
vt 0.7500 0.9667
vt 0.8000 0.9667
vt 0.8500 0.9667
vt 0.9000 0.9667
vt 0.9500 0.9667
vt 1.0000 0.9667
vt 0.0000 1.0000
vt 0.0500 1.0000
vt 0.1000 1.0000
vt 0.1500 1.0000
vt 0.2000 1.0000
vt 0.2500 1.0000
vt 0.3000 1.0000
vt 0.3500 1.0000
vt 0.4000 1.0000
vt 0.4500 1.0000
vt 0.5000 1.0000
vt 0.5500 1.0000
vt 0.6000 1.0000
vt 0.6500 1.0000
vt 0.7000 1.0000
vt 0.7500 1.0000
vt 0.8000 1.0000
vt 0.8500 1.0000
vt 0.9000 1.0000
vt 0.9500 1.0000
vt 1.0000 1.0000
vt 1.0000 0.0000
vt 0.9500 0.0000
vt 0.9000 0.0000
vt 0.8500 0.0000
vt 0.8000 0.0000
vt 0.7500 0.0000
vt 0.7000 0.0000
vt 0.6500 0.0000
vt 0.6000 0.0000
vt 0.5500 0.0000
vt 0.5000 0.0000
vt 0.4500 0.0000
vt 0.4000 0.0000
vt 0.3500 0.0000
vt 0.3000 0.0000
vt 0.2500 0.0000
vt 0.2000 0.0000
vt 0.1500 0.0000
vt 0.1000 0.0000
vt 0.0500 0.0000
vt 0.0000 0.0000
vt 1.0000 0.0333
vt 0.9500 0.0333
vt 0.9000 0.0333
vt 0.8500 0.0333
vt 0.8000 0.0333
vt 0.7500 0.0333
vt 0.7000 0.0333
vt 0.6500 0.0333
vt 0.6000 0.0333
vt 0.5500 0.0333
vt 0.5000 0.0333
vt 0.4500 0.0333
vt 0.4000 0.0333
vt 0.3500 0.0333
vt 0.3000 0.0333
vt 0.2500 0.0333
vt 0.2000 0.0333
vt 0.1500 0.0333
vt 0.1000 0.0333
vt 0.0500 0.0333
vt 0.0000 0.0333
vt 1.0000 0.0667
vt 0.9500 0.0667
vt 0.9000 0.0667
vt 0.8500 0.0667
vt 0.8000 0.0667
vt 0.7500 0.0667
vt 0.7000 0.0667
vt 0.6500 0.0667
vt 0.6000 0.0667
vt 0.5500 0.0667
vt 0.5000 0.0667
vt 0.4500 0.0667
vt 0.4000 0.0667
vt 0.3500 0.0667
vt 0.3000 0.0667
vt 0.2500 0.0667
vt 0.2000 0.0667
vt 0.1500 0.0667
vt 0.1000 0.0667
vt 0.0500 0.0667
vt 0.0000 0.0667
vt 1.0000 0.1000
vt 0.9500 0.1000
vt 0.9000 0.1000
vt 0.8500 0.1000
vt 0.8000 0.1000
vt 0.7500 0.1000
vt 0.7000 0.1000
vt 0.6500 0.1000
vt 0.6000 0.1000
vt 0.5500 0.1000
vt 0.5000 0.1000
vt 0.4500 0.1000
vt 0.4000 0.1000
vt 0.3500 0.1000
vt 0.3000 0.1000
vt 0.2500 0.1000
vt 0.2000 0.1000
vt 0.1500 0.1000
vt 0.1000 0.1000
vt 0.0500 0.1000
vt 0.0000 0.1000
vt 1.0000 0.1333
vt 0.9500 0.1333
vt 0.9000 0.1333
vt 0.8500 0.1333
vt 0.8000 0.1333
vt 0.7500 0.1333
vt 0.7000 0.1333
vt 0.6500 0.1333
vt 0.6000 0.1333
vt 0.5500 0.1333
vt 0.5000 0.1333
vt 0.4500 0.1333
vt 0.4000 0.1333
vt 0.3500 0.1333
vt 0.3000 0.1333
vt 0.2500 0.1333
vt 0.2000 0.1333
vt 0.1500 0.1333
vt 0.1000 0.1333
vt 0.0500 0.1333
vt 0.0000 0.1333
vt 1.0000 0.1667
vt 0.9500 0.1667
vt 0.9000 0.1667
vt 0.8500 0.1667
vt 0.8000 0.1667
vt 0.7500 0.1667
vt 0.7000 0.1667
vt 0.6500 0.1667
vt 0.6000 0.1667
vt 0.5500 0.1667
vt 0.5000 0.1667
vt 0.4500 0.1667
vt 0.4000 0.1667
vt 0.3500 0.1667
vt 0.3000 0.1667
vt 0.2500 0.1667
vt 0.2000 0.1667
vt 0.1500 0.1667
vt 0.1000 0.1667
vt 0.0500 0.1667
vt 0.0000 0.1667
vt 1.0000 0.2000
vt 0.9500 0.2000
vt 0.9000 0.2000
vt 0.8500 0.2000
vt 0.8000 0.2000
vt 0.7500 0.2000
vt 0.7000 0.2000
vt 0.6500 0.2000
vt 0.6000 0.2000
vt 0.5500 0.2000
vt 0.5000 0.2000
vt 0.4500 0.2000
vt 0.4000 0.2000
vt 0.3500 0.2000
vt 0.3000 0.2000
vt 0.2500 0.2000
vt 0.2000 0.2000
vt 0.1500 0.2000
vt 0.1000 0.2000
vt 0.0500 0.2000
vt 0.0000 0.2000
vt 1.0000 0.2333
vt 0.9500 0.2333
vt 0.9000 0.2333
vt 0.8500 0.2333
vt 0.8000 0.2333
vt 0.7500 0.2333
vt 0.7000 0.2333
vt 0.6500 0.2333
vt 0.6000 0.2333
vt 0.5500 0.2333
vt 0.5000 0.2333
vt 0.4500 0.2333
vt 0.4000 0.2333
vt 0.3500 0.2333
vt 0.3000 0.2333
vt 0.2500 0.2333
vt 0.2000 0.2333
vt 0.1500 0.2333
vt 0.1000 0.2333
vt 0.0500 0.2333
vt 0.0000 0.2333
vt 1.0000 0.2667
vt 0.9500 0.2667
vt 0.9000 0.2667
vt 0.8500 0.2667
vt 0.8000 0.2667
vt 0.7500 0.2667
vt 0.7000 0.2667
vt 0.6500 0.2667
vt 0.6000 0.2667
vt 0.5500 0.2667
vt 0.5000 0.2667
vt 0.4500 0.2667
vt 0.4000 0.2667
vt 0.3500 0.2667
vt 0.3000 0.2667
vt 0.2500 0.2667
vt 0.2000 0.2667
vt 0.1500 0.2667
vt 0.1000 0.2667
vt 0.0500 0.2667
vt 0.0000 0.2667
vt 1.0000 0.3000
vt 0.9500 0.3000
vt 0.9000 0.3000
vt 0.8500 0.3000
vt 0.8000 0.3000
vt 0.7500 0.3000
vt 0.7000 0.3000
vt 0.6500 0.3000
vt 0.6000 0.3000
vt 0.5500 0.3000
vt 0.5000 0.3000
vt 0.4500 0.3000
vt 0.4000 0.3000
vt 0.3500 0.3000
vt 0.3000 0.3000
vt 0.2500 0.3000
vt 0.2000 0.3000
vt 0.1500 0.3000
vt 0.1000 0.3000
vt 0.0500 0.3000
vt 0.0000 0.3000
vt 1.0000 0.3333
vt 0.9500 0.3333
vt 0.9000 0.3333
vt 0.8500 0.3333
vt 0.8000 0.3333
vt 0.7500 0.3333
vt 0.7000 0.3333
vt 0.6500 0.3333
vt 0.6000 0.3333
vt 0.5500 0.3333
vt 0.5000 0.3333
vt 0.4500 0.3333
vt 0.4000 0.3333
vt 0.3500 0.3333
vt 0.3000 0.3333
vt 0.2500 0.3333
vt 0.2000 0.3333
vt 0.1500 0.3333
vt 0.1000 0.3333
vt 0.0500 0.3333
vt 0.0000 0.3333
vt 1.0000 0.3667
vt 0.9500 0.3667
vt 0.9000 0.3667
vt 0.8500 0.3667
vt 0.8000 0.3667
vt 0.7500 0.3667
vt 0.7000 0.3667
vt 0.6500 0.3667
vt 0.6000 0.3667
vt 0.5500 0.3667
vt 0.5000 0.3667
vt 0.4500 0.3667
vt 0.4000 0.3667
vt 0.3500 0.3667
vt 0.3000 0.3667
vt 0.2500 0.3667
vt 0.2000 0.3667
vt 0.1500 0.3667
vt 0.1000 0.3667
vt 0.0500 0.3667
vt 0.0000 0.3667
vt 1.0000 0.4000
vt 0.9500 0.4000
vt 0.9000 0.4000
vt 0.8500 0.4000
vt 0.8000 0.4000
vt 0.7500 0.4000
vt 0.7000 0.4000
vt 0.6500 0.4000
vt 0.6000 0.4000
vt 0.5500 0.4000
vt 0.5000 0.4000
vt 0.4500 0.4000
vt 0.4000 0.4000
vt 0.3500 0.4000
vt 0.3000 0.4000
vt 0.2500 0.4000
vt 0.2000 0.4000
vt 0.1500 0.4000
vt 0.1000 0.4000
vt 0.0500 0.4000
vt 0.0000 0.4000
vt 1.0000 0.4333
vt 0.9500 0.4333
vt 0.9000 0.4333
vt 0.8500 0.4333
vt 0.8000 0.4333
vt 0.7500 0.4333
vt 0.7000 0.4333
vt 0.6500 0.4333
vt 0.6000 0.4333
vt 0.5500 0.4333
vt 0.5000 0.4333
vt 0.4500 0.4333
vt 0.4000 0.4333
vt 0.3500 0.4333
vt 0.3000 0.4333
vt 0.2500 0.4333
vt 0.2000 0.4333
vt 0.1500 0.4333
vt 0.1000 0.4333
vt 0.0500 0.4333
vt 0.0000 0.4333
vt 1.0000 0.4667
vt 0.9500 0.4667
vt 0.9000 0.4667
vt 0.8500 0.4667
vt 0.8000 0.4667
vt 0.7500 0.4667
vt 0.7000 0.4667
vt 0.6500 0.4667
vt 0.6000 0.4667
vt 0.5500 0.4667
vt 0.5000 0.4667
vt 0.4500 0.4667
vt 0.4000 0.4667
vt 0.3500 0.4667
vt 0.3000 0.4667
vt 0.2500 0.4667
vt 0.2000 0.4667
vt 0.1500 0.4667
vt 0.1000 0.4667
vt 0.0500 0.4667
vt 0.0000 0.4667
vt 1.0000 0.5000
vt 0.9500 0.5000
vt 0.9000 0.5000
vt 0.8500 0.5000
vt 0.8000 0.5000
vt 0.7500 0.5000
vt 0.7000 0.5000
vt 0.6500 0.5000
vt 0.6000 0.5000
vt 0.5500 0.5000
vt 0.5000 0.5000
vt 0.4500 0.5000
vt 0.4000 0.5000
vt 0.3500 0.5000
vt 0.3000 0.5000
vt 0.2500 0.5000
vt 0.2000 0.5000
vt 0.1500 0.5000
vt 0.1000 0.5000
vt 0.0500 0.5000
vt 0.0000 0.5000
vt 1.0000 0.5333
vt 0.9500 0.5333
vt 0.9000 0.5333
vt 0.8500 0.5333
vt 0.8000 0.5333
vt 0.7500 0.5333
vt 0.7000 0.5333
vt 0.6500 0.5333
vt 0.6000 0.5333
vt 0.5500 0.5333
vt 0.5000 0.5333
vt 0.4500 0.5333
vt 0.4000 0.5333
vt 0.3500 0.5333
vt 0.3000 0.5333
vt 0.2500 0.5333
vt 0.2000 0.5333
vt 0.1500 0.5333
vt 0.1000 0.5333
vt 0.0500 0.5333
vt 0.0000 0.5333
vt 1.0000 0.5667
vt 0.9500 0.5667
vt 0.9000 0.5667
vt 0.8500 0.5667
vt 0.8000 0.5667
vt 0.7500 0.5667
vt 0.7000 0.5667
vt 0.6500 0.5667
vt 0.6000 0.5667
vt 0.5500 0.5667
vt 0.5000 0.5667
vt 0.4500 0.5667
vt 0.4000 0.5667
vt 0.3500 0.5667
vt 0.3000 0.5667
vt 0.2500 0.5667
vt 0.2000 0.5667
vt 0.1500 0.5667
vt 0.1000 0.5667
vt 0.0500 0.5667
vt 0.0000 0.5667
vt 1.0000 0.6000
vt 0.9500 0.6000
vt 0.9000 0.6000
vt 0.8500 0.6000
vt 0.8000 0.6000
vt 0.7500 0.6000
vt 0.7000 0.6000
vt 0.6500 0.6000
vt 0.6000 0.6000
vt 0.5500 0.6000
vt 0.5000 0.6000
vt 0.4500 0.6000
vt 0.4000 0.6000
vt 0.3500 0.6000
vt 0.3000 0.6000
vt 0.2500 0.6000
vt 0.2000 0.6000
vt 0.1500 0.6000
vt 0.1000 0.6000
vt 0.0500 0.6000
vt 0.0000 0.6000
vt 1.0000 0.6333
vt 0.9500 0.6333
vt 0.9000 0.6333
vt 0.8500 0.6333
vt 0.8000 0.6333
vt 0.7500 0.6333
vt 0.7000 0.6333
vt 0.6500 0.6333
vt 0.6000 0.6333
vt 0.5500 0.6333
vt 0.5000 0.6333
vt 0.4500 0.6333
vt 0.4000 0.6333
vt 0.3500 0.6333
vt 0.3000 0.6333
vt 0.2500 0.6333
vt 0.2000 0.6333
vt 0.1500 0.6333
vt 0.1000 0.6333
vt 0.0500 0.6333
vt 0.0000 0.6333
vt 1.0000 0.6667
vt 0.9500 0.6667
vt 0.9000 0.6667
vt 0.8500 0.6667
vt 0.8000 0.6667
vt 0.7500 0.6667
vt 0.7000 0.6667
vt 0.6500 0.6667
vt 0.6000 0.6667
vt 0.5500 0.6667
vt 0.5000 0.6667
vt 0.4500 0.6667
vt 0.4000 0.6667
vt 0.3500 0.6667
vt 0.3000 0.6667
vt 0.2500 0.6667
vt 0.2000 0.6667
vt 0.1500 0.6667
vt 0.1000 0.6667
vt 0.0500 0.6667
vt 0.0000 0.6667
vt 1.0000 0.7000
vt 0.9500 0.7000
vt 0.9000 0.7000
vt 0.8500 0.7000
vt 0.8000 0.7000
vt 0.7500 0.7000
vt 0.7000 0.7000
vt 0.6500 0.7000
vt 0.6000 0.7000
vt 0.5500 0.7000
vt 0.5000 0.7000
vt 0.4500 0.7000
vt 0.4000 0.7000
vt 0.3500 0.7000
vt 0.3000 0.7000
vt 0.2500 0.7000
vt 0.2000 0.7000
vt 0.1500 0.7000
vt 0.1000 0.7000
vt 0.0500 0.7000
vt 0.0000 0.7000
vt 1.0000 0.7333
vt 0.9500 0.7333
vt 0.9000 0.7333
vt 0.8500 0.7333
vt 0.8000 0.7333
vt 0.7500 0.7333
vt 0.7000 0.7333
vt 0.6500 0.7333
vt 0.6000 0.7333
vt 0.5500 0.7333
vt 0.5000 0.7333
vt 0.4500 0.7333
vt 0.4000 0.7333
vt 0.3500 0.7333
vt 0.3000 0.7333
vt 0.2500 0.7333
vt 0.2000 0.7333
vt 0.1500 0.7333
vt 0.1000 0.7333
vt 0.0500 0.7333
vt 0.0000 0.7333
vt 1.0000 0.7667
vt 0.9500 0.7667
vt 0.9000 0.7667
vt 0.8500 0.7667
vt 0.8000 0.7667
vt 0.7500 0.7667
vt 0.7000 0.7667
vt 0.6500 0.7667
vt 0.6000 0.7667
vt 0.5500 0.7667
vt 0.5000 0.7667
vt 0.4500 0.7667
vt 0.4000 0.7667
vt 0.3500 0.7667
vt 0.3000 0.7667
vt 0.2500 0.7667
vt 0.2000 0.7667
vt 0.1500 0.7667
vt 0.1000 0.7667
vt 0.0500 0.7667
vt 0.0000 0.7667
vt 1.0000 0.8000
vt 0.9500 0.8000
vt 0.9000 0.8000
vt 0.8500 0.8000
vt 0.8000 0.8000
vt 0.7500 0.8000
vt 0.7000 0.8000
vt 0.6500 0.8000
vt 0.6000 0.8000
vt 0.5500 0.8000
vt 0.5000 0.8000
vt 0.4500 0.8000
vt 0.4000 0.8000
vt 0.3500 0.8000
vt 0.3000 0.8000
vt 0.2500 0.8000
vt 0.2000 0.8000
vt 0.1500 0.8000
vt 0.1000 0.8000
vt 0.0500 0.8000
vt 0.0000 0.8000
vt 1.0000 0.8333
vt 0.9500 0.8333
vt 0.9000 0.8333
vt 0.8500 0.8333
vt 0.8000 0.8333
vt 0.7500 0.8333
vt 0.7000 0.8333
vt 0.6500 0.8333
vt 0.6000 0.8333
vt 0.5500 0.8333
vt 0.5000 0.8333
vt 0.4500 0.8333
vt 0.4000 0.8333
vt 0.3500 0.8333
vt 0.3000 0.8333
vt 0.2500 0.8333
vt 0.2000 0.8333
vt 0.1500 0.8333
vt 0.1000 0.8333
vt 0.0500 0.8333
vt 0.0000 0.8333
vt 1.0000 0.8667
vt 0.9500 0.8667
vt 0.9000 0.8667
vt 0.8500 0.8667
vt 0.8000 0.8667
vt 0.7500 0.8667
vt 0.7000 0.8667
vt 0.6500 0.8667
vt 0.6000 0.8667
vt 0.5500 0.8667
vt 0.5000 0.8667
vt 0.4500 0.8667
vt 0.4000 0.8667
vt 0.3500 0.8667
vt 0.3000 0.8667
vt 0.2500 0.8667
vt 0.2000 0.8667
vt 0.1500 0.8667
vt 0.1000 0.8667
vt 0.0500 0.8667
vt 0.0000 0.8667
vt 1.0000 0.9000
vt 0.9500 0.9000
vt 0.9000 0.9000
vt 0.8500 0.9000
vt 0.8000 0.9000
vt 0.7500 0.9000
vt 0.7000 0.9000
vt 0.6500 0.9000
vt 0.6000 0.9000
vt 0.5500 0.9000
vt 0.5000 0.9000
vt 0.4500 0.9000
vt 0.4000 0.9000
vt 0.3500 0.9000
vt 0.3000 0.9000
vt 0.2500 0.9000
vt 0.2000 0.9000
vt 0.1500 0.9000
vt 0.1000 0.9000
vt 0.0500 0.9000
vt 0.0000 0.9000
vt 1.0000 0.9333
vt 0.9500 0.9333
vt 0.9000 0.9333
vt 0.8500 0.9333
vt 0.8000 0.9333
vt 0.7500 0.9333
vt 0.7000 0.9333
vt 0.6500 0.9333
vt 0.6000 0.9333
vt 0.5500 0.9333
vt 0.5000 0.9333
vt 0.4500 0.9333
vt 0.4000 0.9333
vt 0.3500 0.9333
vt 0.3000 0.9333
vt 0.2500 0.9333
vt 0.2000 0.9333
vt 0.1500 0.9333
vt 0.1000 0.9333
vt 0.0500 0.9333
vt 0.0000 0.9333
vt 1.0000 0.9667
vt 0.9500 0.9667
vt 0.9000 0.9667
vt 0.8500 0.9667
vt 0.8000 0.9667
vt 0.7500 0.9667
vt 0.7000 0.9667
vt 0.6500 0.9667
vt 0.6000 0.9667
vt 0.5500 0.9667
vt 0.5000 0.9667
vt 0.4500 0.9667
vt 0.4000 0.9667
vt 0.3500 0.9667
vt 0.3000 0.9667
vt 0.2500 0.9667
vt 0.2000 0.9667
vt 0.1500 0.9667
vt 0.1000 0.9667
vt 0.0500 0.9667
vt 0.0000 0.9667
vt 1.0000 1.0000
vt 0.9500 1.0000
vt 0.9000 1.0000
vt 0.8500 1.0000
vt 0.8000 1.0000
vt 0.7500 1.0000
vt 0.7000 1.0000
vt 0.6500 1.0000
vt 0.6000 1.0000
vt 0.5500 1.0000
vt 0.5000 1.0000
vt 0.4500 1.0000
vt 0.4000 1.0000
vt 0.3500 1.0000
vt 0.3000 1.0000
vt 0.2500 1.0000
vt 0.2000 1.0000
vt 0.1500 1.0000
vt 0.1000 1.0000
vt 0.0500 1.0000
vt 0.0000 1.0000
f 1/1 22/22 2/2
f 2/2 22/22 23/23
f 2/2 23/23 3/3
f 3/3 23/23 24/24
f 3/3 24/24 4/4
f 4/4 24/24 25/25
f 4/4 25/25 5/5
f 5/5 25/25 26/26
f 5/5 26/26 6/6
f 6/6 26/26 27/27
f 6/6 27/27 7/7
f 7/7 27/27 28/28
f 7/7 28/28 8/8
f 8/8 28/28 29/29
f 8/8 29/29 9/9
f 9/9 29/29 30/30
f 9/9 30/30 10/10
f 10/10 30/30 31/31
f 10/10 31/31 11/11
f 11/11 31/31 32/32
f 11/11 32/32 12/12
f 12/12 32/32 33/33
f 12/12 33/33 13/13
f 13/13 33/33 34/34
f 13/13 34/34 14/14
f 14/14 34/34 35/35
f 14/14 35/35 15/15
f 15/15 35/35 36/36
f 15/15 36/36 16/16
f 16/16 36/36 37/37
f 16/16 37/37 17/17
f 17/17 37/37 38/38
f 17/17 38/38 18/18
f 18/18 38/38 39/39
f 18/18 39/39 19/19
f 19/19 39/39 40/40
f 19/19 40/40 20/20
f 20/20 40/40 41/41
f 20/20 41/41 21/21
f 21/21 41/41 42/42
f 22/22 43/43 23/23
f 23/23 43/43 44/44
f 23/23 44/44 24/24
f 24/24 44/44 45/45
f 24/24 45/45 25/25
f 25/25 45/45 46/46
f 25/25 46/46 26/26
f 26/26 46/46 47/47
f 26/26 47/47 27/27
f 27/27 47/47 48/48
f 27/27 48/48 28/28
f 28/28 48/48 49/49
f 28/28 49/49 29/29
f 29/29 49/49 50/50
f 29/29 50/50 30/30
f 30/30 50/50 51/51
f 30/30 51/51 31/31
f 31/31 51/51 52/52
f 31/31 52/52 32/32
f 32/32 52/52 53/53
f 32/32 53/53 33/33
f 33/33 53/53 54/54
f 33/33 54/54 34/34
f 34/34 54/54 55/55
f 34/34 55/55 35/35
f 35/35 55/55 56/56
f 35/35 56/56 36/36
f 36/36 56/56 57/57
f 36/36 57/57 37/37
f 37/37 57/57 58/58
f 37/37 58/58 38/38
f 38/38 58/58 59/59
f 38/38 59/59 39/39
f 39/39 59/59 60/60
f 39/39 60/60 40/40
f 40/40 60/60 61/61
f 40/40 61/61 41/41
f 41/41 61/61 62/62
f 41/41 62/62 42/42
f 42/42 62/62 63/63
f 43/43 64/64 44/44
f 44/44 64/64 65/65
f 44/44 65/65 45/45
f 45/45 65/65 66/66
f 45/45 66/66 46/46
f 46/46 66/66 67/67
f 46/46 67/67 47/47
f 47/47 67/67 68/68
f 47/47 68/68 48/48
f 48/48 68/68 69/69
f 48/48 69/69 49/49
f 49/49 69/69 70/70
f 49/49 70/70 50/50
f 50/50 70/70 71/71
f 50/50 71/71 51/51
f 51/51 71/71 72/72
f 51/51 72/72 52/52
f 52/52 72/72 73/73
f 52/52 73/73 53/53
f 53/53 73/73 74/74
f 53/53 74/74 54/54
f 54/54 74/74 75/75
f 54/54 75/75 55/55
f 55/55 75/75 76/76
f 55/55 76/76 56/56
f 56/56 76/76 77/77
f 56/56 77/77 57/57
f 57/57 77/77 78/78
f 57/57 78/78 58/58
f 58/58 78/78 79/79
f 58/58 79/79 59/59
f 59/59 79/79 80/80
f 59/59 80/80 60/60
f 60/60 80/80 81/81
f 60/60 81/81 61/61
f 61/61 81/81 82/82
f 61/61 82/82 62/62
f 62/62 82/82 83/83
f 62/62 83/83 63/63
f 63/63 83/83 84/84
f 64/64 85/85 65/65
f 65/65 85/85 86/86
f 65/65 86/86 66/66
f 66/66 86/86 87/87
f 66/66 87/87 67/67
f 67/67 87/87 88/88
f 67/67 88/88 68/68
f 68/68 88/88 89/89
f 68/68 89/89 69/69
f 69/69 89/89 90/90
f 69/69 90/90 70/70
f 70/70 90/90 91/91
f 70/70 91/91 71/71
f 71/71 91/91 92/92
f 71/71 92/92 72/72
f 72/72 92/92 93/93
f 72/72 93/93 73/73
f 73/73 93/93 94/94
f 73/73 94/94 74/74
f 74/74 94/94 95/95
f 74/74 95/95 75/75
f 75/75 95/95 96/96
f 75/75 96/96 76/76
f 76/76 96/96 97/97
f 76/76 97/97 77/77
f 77/77 97/97 98/98
f 77/77 98/98 78/78
f 78/78 98/98 99/99
f 78/78 99/99 79/79
f 79/79 99/99 100/100
f 79/79 100/100 80/80
f 80/80 100/100 101/101
f 80/80 101/101 81/81
f 81/81 101/101 102/102
f 81/81 102/102 82/82
f 82/82 102/102 103/103
f 82/82 103/103 83/83
f 83/83 103/103 104/104
f 83/83 104/104 84/84
f 84/84 104/104 105/105
f 85/85 106/106 86/86
f 86/86 106/106 107/107
f 86/86 107/107 87/87
f 87/87 107/107 108/108
f 87/87 108/108 88/88
f 88/88 108/108 109/109
f 88/88 109/109 89/89
f 89/89 109/109 110/110
f 89/89 110/110 90/90
f 90/90 110/110 111/111
f 90/90 111/111 91/91
f 91/91 111/111 112/112
f 91/91 112/112 92/92
f 92/92 112/112 113/113
f 92/92 113/113 93/93
f 93/93 113/113 114/114
f 93/93 114/114 94/94
f 94/94 114/114 115/115
f 94/94 115/115 95/95
f 95/95 115/115 116/116
f 95/95 116/116 96/96
f 96/96 116/116 117/117
f 96/96 117/117 97/97
f 97/97 117/117 118/118
f 97/97 118/118 98/98
f 98/98 118/118 119/119
f 98/98 119/119 99/99
f 99/99 119/119 120/120
f 99/99 120/120 100/100
f 100/100 120/120 121/121
f 100/100 121/121 101/101
f 101/101 121/121 122/122
f 101/101 122/122 102/102
f 102/102 122/122 123/123
f 102/102 123/123 103/103
f 103/103 123/123 124/124
f 103/103 124/124 104/104
f 104/104 124/124 125/125
f 104/104 125/125 105/105
f 105/105 125/125 126/126
f 106/106 127/127 107/107
f 107/107 127/127 128/128
f 107/107 128/128 108/108
f 108/108 128/128 129/129
f 108/108 129/129 109/109
f 109/109 129/129 130/130
f 109/109 130/130 110/110
f 110/110 130/130 131/131
f 110/110 131/131 111/111
f 111/111 131/131 132/132
f 111/111 132/132 112/112
f 112/112 132/132 133/133
f 112/112 133/133 113/113
f 113/113 133/133 134/134
f 113/113 134/134 114/114
f 114/114 134/134 135/135
f 114/114 135/135 115/115
f 115/115 135/135 136/136
f 115/115 136/136 116/116
f 116/116 136/136 137/137
f 116/116 137/137 117/117
f 117/117 137/137 138/138
f 117/117 138/138 118/118
f 118/118 138/138 139/139
f 118/118 139/139 119/119
f 119/119 139/139 140/140
f 119/119 140/140 120/120
f 120/120 140/140 141/141
f 120/120 141/141 121/121
f 121/121 141/141 142/142
f 121/121 142/142 122/122
f 122/122 142/142 143/143
f 122/122 143/143 123/123
f 123/123 143/143 144/144
f 123/123 144/144 124/124
f 124/124 144/144 145/145
f 124/124 145/145 125/125
f 125/125 145/145 146/146
f 125/125 146/146 126/126
f 126/126 146/146 147/147
f 127/127 148/148 128/128
f 128/128 148/148 149/149
f 128/128 149/149 129/129
f 129/129 149/149 150/150
f 129/129 150/150 130/130
f 130/130 150/150 151/151
f 130/130 151/151 131/131
f 131/131 151/151 152/152
f 131/131 152/152 132/132
f 132/132 152/152 153/153
f 132/132 153/153 133/133
f 133/133 153/153 154/154
f 133/133 154/154 134/134
f 134/134 154/154 155/155
f 134/134 155/155 135/135
f 135/135 155/155 156/156
f 135/135 156/156 136/136
f 136/136 156/156 157/157
f 136/136 157/157 137/137
f 137/137 157/157 158/158
f 137/137 158/158 138/138
f 138/138 158/158 159/159
f 138/138 159/159 139/139
f 139/139 159/159 160/160
f 139/139 160/160 140/140
f 140/140 160/160 161/161
f 140/140 161/161 141/141
f 141/141 161/161 162/162
f 141/141 162/162 142/142
f 142/142 162/162 163/163
f 142/142 163/163 143/143
f 143/143 163/163 164/164
f 143/143 164/164 144/144
f 144/144 164/164 165/165
f 144/144 165/165 145/145
f 145/145 165/165 166/166
f 145/145 166/166 146/146
f 146/146 166/166 167/167
f 146/146 167/167 147/147
f 147/147 167/167 168/168
f 148/148 169/169 149/149
f 149/149 169/169 170/170
f 149/149 170/170 150/150
f 150/150 170/170 171/171
f 150/150 171/171 151/151
f 151/151 171/171 172/172
f 151/151 172/172 152/152
f 152/152 172/172 173/173
f 152/152 173/173 153/153
f 153/153 173/173 174/174
f 153/153 174/174 154/154
f 154/154 174/174 175/175
f 154/154 175/175 155/155
f 155/155 175/175 176/176
f 155/155 176/176 156/156
f 156/156 176/176 177/177
f 156/156 177/177 157/157
f 157/157 177/177 178/178
f 157/157 178/178 158/158
f 158/158 178/178 179/179
f 158/158 179/179 159/159
f 159/159 179/179 180/180
f 159/159 180/180 160/160
f 160/160 180/180 181/181
f 160/160 181/181 161/161
f 161/161 181/181 182/182
f 161/161 182/182 162/162
f 162/162 182/182 183/183
f 162/162 183/183 163/163
f 163/163 183/183 184/184
f 163/163 184/184 164/164
f 164/164 184/184 185/185
f 164/164 185/185 165/165
f 165/165 185/185 186/186
f 165/165 186/186 166/166
f 166/166 186/186 187/187
f 166/166 187/187 167/167
f 167/167 187/187 188/188
f 167/167 188/188 168/168
f 168/168 188/188 189/189
f 169/169 190/190 170/170
f 170/170 190/190 191/191
f 170/170 191/191 171/171
f 171/171 191/191 192/192
f 171/171 192/192 172/172
f 172/172 192/192 193/193
f 172/172 193/193 173/173
f 173/173 193/193 194/194
f 173/173 194/194 174/174
f 174/174 194/194 195/195
f 174/174 195/195 175/175
f 175/175 195/195 196/196
f 175/175 196/196 176/176
f 176/176 196/196 197/197
f 176/176 197/197 177/177
f 177/177 197/197 198/198
f 177/177 198/198 178/178
f 178/178 198/198 199/199
f 178/178 199/199 179/179
f 179/179 199/199 200/200
f 179/179 200/200 180/180
f 180/180 200/200 201/201
f 180/180 201/201 181/181
f 181/181 201/201 202/202
f 181/181 202/202 182/182
f 182/182 202/202 203/203
f 182/182 203/203 183/183
f 183/183 203/203 204/204
f 183/183 204/204 184/184
f 184/184 204/204 205/205
f 184/184 205/205 185/185
f 185/185 205/205 206/206
f 185/185 206/206 186/186
f 186/186 206/206 207/207
f 186/186 207/207 187/187
f 187/187 207/207 208/208
f 187/187 208/208 188/188
f 188/188 208/208 209/209
f 188/188 209/209 189/189
f 189/189 209/209 210/210
f 190/190 211/211 191/191
f 191/191 211/211 212/212
f 191/191 212/212 192/192
f 192/192 212/212 213/213
f 192/192 213/213 193/193
f 193/193 213/213 214/214
f 193/193 214/214 194/194
f 194/194 214/214 215/215
f 194/194 215/215 195/195
f 195/195 215/215 216/216
f 195/195 216/216 196/196
f 196/196 216/216 217/217
f 196/196 217/217 197/197
f 197/197 217/217 218/218
f 197/197 218/218 198/198
f 198/198 218/218 219/219
f 198/198 219/219 199/199
f 199/199 219/219 220/220
f 199/199 220/220 200/200
f 200/200 220/220 221/221
f 200/200 221/221 201/201
f 201/201 221/221 222/222
f 201/201 222/222 202/202
f 202/202 222/222 223/223
f 202/202 223/223 203/203
f 203/203 223/223 224/224
f 203/203 224/224 204/204
f 204/204 224/224 225/225
f 204/204 225/225 205/205
f 205/205 225/225 226/226
f 205/205 226/226 206/206
f 206/206 226/226 227/227
f 206/206 227/227 207/207
f 207/207 227/227 228/228
f 207/207 228/228 208/208
f 208/208 228/228 229/229
f 208/208 229/229 209/209
f 209/209 229/229 230/230
f 209/209 230/230 210/210
f 210/210 230/230 231/231
f 211/211 232/232 212/212
f 212/212 232/232 233/233
f 212/212 233/233 213/213
f 213/213 233/233 234/234
f 213/213 234/234 214/214
f 214/214 234/234 235/235
f 214/214 235/235 215/215
f 215/215 235/235 236/236
f 215/215 236/236 216/216
f 216/216 236/236 237/237
f 216/216 237/237 217/217
f 217/217 237/237 238/238
f 217/217 238/238 218/218
f 218/218 238/238 239/239
f 218/218 239/239 219/219
f 219/219 239/239 240/240
f 219/219 240/240 220/220
f 220/220 240/240 241/241
f 220/220 241/241 221/221
f 221/221 241/241 242/242
f 221/221 242/242 222/222
f 222/222 242/242 243/243
f 222/222 243/243 223/223
f 223/223 243/243 244/244
f 223/223 244/244 224/224
f 224/224 244/244 245/245
f 224/224 245/245 225/225
f 225/225 245/245 246/246
f 225/225 246/246 226/226
f 226/226 246/246 247/247
f 226/226 247/247 227/227
f 227/227 247/247 248/248
f 227/227 248/248 228/228
f 228/228 248/248 249/249
f 228/228 249/249 229/229
f 229/229 249/249 250/250
f 229/229 250/250 230/230
f 230/230 250/250 251/251
f 230/230 251/251 231/231
f 231/231 251/251 252/252
f 232/232 253/253 233/233
f 233/233 253/253 254/254
f 233/233 254/254 234/234
f 234/234 254/254 255/255
f 234/234 255/255 235/235
f 235/235 255/255 256/256
f 235/235 256/256 236/236
f 236/236 256/256 257/257
f 236/236 257/257 237/237
f 237/237 257/257 258/258
f 237/237 258/258 238/238
f 238/238 258/258 259/259
f 238/238 259/259 239/239
f 239/239 259/259 260/260
f 239/239 260/260 240/240
f 240/240 260/260 261/261
f 240/240 261/261 241/241
f 241/241 261/261 262/262
f 241/241 262/262 242/242
f 242/242 262/262 263/263
f 242/242 263/263 243/243
f 243/243 263/263 264/264
f 243/243 264/264 244/244
f 244/244 264/264 265/265
f 244/244 265/265 245/245
f 245/245 265/265 266/266
f 245/245 266/266 246/246
f 246/246 266/266 267/267
f 246/246 267/267 247/247
f 247/247 267/267 268/268
f 247/247 268/268 248/248
f 248/248 268/268 269/269
f 248/248 269/269 249/249
f 249/249 269/269 270/270
f 249/249 270/270 250/250
f 250/250 270/270 271/271
f 250/250 271/271 251/251
f 251/251 271/271 272/272
f 251/251 272/272 252/252
f 252/252 272/272 273/273
f 253/253 274/274 254/254
f 254/254 274/274 275/275
f 254/254 275/275 255/255
f 255/255 275/275 276/276
f 255/255 276/276 256/256
f 256/256 276/276 277/277
f 256/256 277/277 257/257
f 257/257 277/277 278/278
f 257/257 278/278 258/258
f 258/258 278/278 279/279
f 258/258 279/279 259/259
f 259/259 279/279 280/280
f 259/259 280/280 260/260
f 260/260 280/280 281/281
f 260/260 281/281 261/261
f 261/261 281/281 282/282
f 261/261 282/282 262/262
f 262/262 282/282 283/283
f 262/262 283/283 263/263
f 263/263 283/283 284/284
f 263/263 284/284 264/264
f 264/264 284/284 285/285
f 264/264 285/285 265/265
f 265/265 285/285 286/286
f 265/265 286/286 266/266
f 266/266 286/286 287/287
f 266/266 287/287 267/267
f 267/267 287/287 288/288
f 267/267 288/288 268/268
f 268/268 288/288 289/289
f 268/268 289/289 269/269
f 269/269 289/289 290/290
f 269/269 290/290 270/270
f 270/270 290/290 291/291
f 270/270 291/291 271/271
f 271/271 291/291 292/292
f 271/271 292/292 272/272
f 272/272 292/292 293/293
f 272/272 293/293 273/273
f 273/273 293/293 294/294
f 274/274 295/295 275/275
f 275/275 295/295 296/296
f 275/275 296/296 276/276
f 276/276 296/296 297/297
f 276/276 297/297 277/277
f 277/277 297/297 298/298
f 277/277 298/298 278/278
f 278/278 298/298 299/299
f 278/278 299/299 279/279
f 279/279 299/299 300/300
f 279/279 300/300 280/280
f 280/280 300/300 301/301
f 280/280 301/301 281/281
f 281/281 301/301 302/302
f 281/281 302/302 282/282
f 282/282 302/302 303/303
f 282/282 303/303 283/283
f 283/283 303/303 304/304
f 283/283 304/304 284/284
f 284/284 304/304 305/305
f 284/284 305/305 285/285
f 285/285 305/305 306/306
f 285/285 306/306 286/286
f 286/286 306/306 307/307
f 286/286 307/307 287/287
f 287/287 307/307 308/308
f 287/287 308/308 288/288
f 288/288 308/308 309/309
f 288/288 309/309 289/289
f 289/289 309/309 310/310
f 289/289 310/310 290/290
f 290/290 310/310 311/311
f 290/290 311/311 291/291
f 291/291 311/311 312/312
f 291/291 312/312 292/292
f 292/292 312/312 313/313
f 292/292 313/313 293/293
f 293/293 313/313 314/314
f 293/293 314/314 294/294
f 294/294 314/314 315/315
f 295/295 316/316 296/296
f 296/296 316/316 317/317
f 296/296 317/317 297/297
f 297/297 317/317 318/318
f 297/297 318/318 298/298
f 298/298 318/318 319/319
f 298/298 319/319 299/299
f 299/299 319/319 320/320
f 299/299 320/320 300/300
f 300/300 320/320 321/321
f 300/300 321/321 301/301
f 301/301 321/321 322/322
f 301/301 322/322 302/302
f 302/302 322/322 323/323
f 302/302 323/323 303/303
f 303/303 323/323 324/324
f 303/303 324/324 304/304
f 304/304 324/324 325/325
f 304/304 325/325 305/305
f 305/305 325/325 326/326
f 305/305 326/326 306/306
f 306/306 326/326 327/327
f 306/306 327/327 307/307
f 307/307 327/327 328/328
f 307/307 328/328 308/308
f 308/308 328/328 329/329
f 308/308 329/329 309/309
f 309/309 329/329 330/330
f 309/309 330/330 310/310
f 310/310 330/330 331/331
f 310/310 331/331 311/311
f 311/311 331/331 332/332
f 311/311 332/332 312/312
f 312/312 332/332 333/333
f 312/312 333/333 313/313
f 313/313 333/333 334/334
f 313/313 334/334 314/314
f 314/314 334/334 335/335
f 314/314 335/335 315/315
f 315/315 335/335 336/336
f 316/316 337/337 317/317
f 317/317 337/337 338/338
f 317/317 338/338 318/318
f 318/318 338/338 339/339
f 318/318 339/339 319/319
f 319/319 339/339 340/340
f 319/319 340/340 320/320
f 320/320 340/340 341/341
f 320/320 341/341 321/321
f 321/321 341/341 342/342
f 321/321 342/342 322/322
f 322/322 342/342 343/343
f 322/322 343/343 323/323
f 323/323 343/343 344/344
f 323/323 344/344 324/324
f 324/324 344/344 345/345
f 324/324 345/345 325/325
f 325/325 345/345 346/346
f 325/325 346/346 326/326
f 326/326 346/346 347/347
f 326/326 347/347 327/327
f 327/327 347/347 348/348
f 327/327 348/348 328/328
f 328/328 348/348 349/349
f 328/328 349/349 329/329
f 329/329 349/349 350/350
f 329/329 350/350 330/330
f 330/330 350/350 351/351
f 330/330 351/351 331/331
f 331/331 351/351 352/352
f 331/331 352/352 332/332
f 332/332 352/352 353/353
f 332/332 353/353 333/333
f 333/333 353/353 354/354
f 333/333 354/354 334/334
f 334/334 354/354 355/355
f 334/334 355/355 335/335
f 335/335 355/355 356/356
f 335/335 356/356 336/336
f 336/336 356/356 357/357
f 337/337 358/358 338/338
f 338/338 358/358 359/359
f 338/338 359/359 339/339
f 339/339 359/359 360/360
f 339/339 360/360 340/340
f 340/340 360/360 361/361
f 340/340 361/361 341/341
f 341/341 361/361 362/362
f 341/341 362/362 342/342
f 342/342 362/362 363/363
f 342/342 363/363 343/343
f 343/343 363/363 364/364
f 343/343 364/364 344/344
f 344/344 364/364 365/365
f 344/344 365/365 345/345
f 345/345 365/365 366/366
f 345/345 366/366 346/346
f 346/346 366/366 367/367
f 346/346 367/367 347/347
f 347/347 367/367 368/368
f 347/347 368/368 348/348
f 348/348 368/368 369/369
f 348/348 369/369 349/349
f 349/349 369/369 370/370
f 349/349 370/370 350/350
f 350/350 370/370 371/371
f 350/350 371/371 351/351
f 351/351 371/371 372/372
f 351/351 372/372 352/352
f 352/352 372/372 373/373
f 352/352 373/373 353/353
f 353/353 373/373 374/374
f 353/353 374/374 354/354
f 354/354 374/374 375/375
f 354/354 375/375 355/355
f 355/355 375/375 376/376
f 355/355 376/376 356/356
f 356/356 376/376 377/377
f 356/356 377/377 357/357
f 357/357 377/377 378/378
f 358/358 379/379 359/359
f 359/359 379/379 380/380
f 359/359 380/380 360/360
f 360/360 380/380 381/381
f 360/360 381/381 361/361
f 361/361 381/381 382/382
f 361/361 382/382 362/362
f 362/362 382/382 383/383
f 362/362 383/383 363/363
f 363/363 383/383 384/384
f 363/363 384/384 364/364
f 364/364 384/384 385/385
f 364/364 385/385 365/365
f 365/365 385/385 386/386
f 365/365 386/386 366/366
f 366/366 386/386 387/387
f 366/366 387/387 367/367
f 367/367 387/387 388/388
f 367/367 388/388 368/368
f 368/368 388/388 389/389
f 368/368 389/389 369/369
f 369/369 389/389 390/390
f 369/369 390/390 370/370
f 370/370 390/390 391/391
f 370/370 391/391 371/371
f 371/371 391/391 392/392
f 371/371 392/392 372/372
f 372/372 392/392 393/393
f 372/372 393/393 373/373
f 373/373 393/393 394/394
f 373/373 394/394 374/374
f 374/374 394/394 395/395
f 374/374 395/395 375/375
f 375/375 395/395 396/396
f 375/375 396/396 376/376
f 376/376 396/396 397/397
f 376/376 397/397 377/377
f 377/377 397/397 398/398
f 377/377 398/398 378/378
f 378/378 398/398 399/399
f 379/379 400/400 380/380
f 380/380 400/400 401/401
f 380/380 401/401 381/381
f 381/381 401/401 402/402
f 381/381 402/402 382/382
f 382/382 402/402 403/403
f 382/382 403/403 383/383
f 383/383 403/403 404/404
f 383/383 404/404 384/384
f 384/384 404/404 405/405
f 384/384 405/405 385/385
f 385/385 405/405 406/406
f 385/385 406/406 386/386
f 386/386 406/406 407/407
f 386/386 407/407 387/387
f 387/387 407/407 408/408
f 387/387 408/408 388/388
f 388/388 408/408 409/409
f 388/388 409/409 389/389
f 389/389 409/409 410/410
f 389/389 410/410 390/390
f 390/390 410/410 411/411
f 390/390 411/411 391/391
f 391/391 411/411 412/412
f 391/391 412/412 392/392
f 392/392 412/412 413/413
f 392/392 413/413 393/393
f 393/393 413/413 414/414
f 393/393 414/414 394/394
f 394/394 414/414 415/415
f 394/394 415/415 395/395
f 395/395 415/415 416/416
f 395/395 416/416 396/396
f 396/396 416/416 417/417
f 396/396 417/417 397/397
f 397/397 417/417 418/418
f 397/397 418/418 398/398
f 398/398 418/418 419/419
f 398/398 419/419 399/399
f 399/399 419/419 420/420
f 400/400 421/421 401/401
f 401/401 421/421 422/422
f 401/401 422/422 402/402
f 402/402 422/422 423/423
f 402/402 423/423 403/403
f 403/403 423/423 424/424
f 403/403 424/424 404/404
f 404/404 424/424 425/425
f 404/404 425/425 405/405
f 405/405 425/425 426/426
f 405/405 426/426 406/406
f 406/406 426/426 427/427
f 406/406 427/427 407/407
f 407/407 427/427 428/428
f 407/407 428/428 408/408
f 408/408 428/428 429/429
f 408/408 429/429 409/409
f 409/409 429/429 430/430
f 409/409 430/430 410/410
f 410/410 430/430 431/431
f 410/410 431/431 411/411
f 411/411 431/431 432/432
f 411/411 432/432 412/412
f 412/412 432/432 433/433
f 412/412 433/433 413/413
f 413/413 433/433 434/434
f 413/413 434/434 414/414
f 414/414 434/434 435/435
f 414/414 435/435 415/415
f 415/415 435/435 436/436
f 415/415 436/436 416/416
f 416/416 436/436 437/437
f 416/416 437/437 417/417
f 417/417 437/437 438/438
f 417/417 438/438 418/418
f 418/418 438/438 439/439
f 418/418 439/439 419/419
f 419/419 439/439 440/440
f 419/419 440/440 420/420
f 420/420 440/440 441/441
f 421/421 442/442 422/422
f 422/422 442/442 443/443
f 422/422 443/443 423/423
f 423/423 443/443 444/444
f 423/423 444/444 424/424
f 424/424 444/444 445/445
f 424/424 445/445 425/425
f 425/425 445/445 446/446
f 425/425 446/446 426/426
f 426/426 446/446 447/447
f 426/426 447/447 427/427
f 427/427 447/447 448/448
f 427/427 448/448 428/428
f 428/428 448/448 449/449
f 428/428 449/449 429/429
f 429/429 449/449 450/450
f 429/429 450/450 430/430
f 430/430 450/450 451/451
f 430/430 451/451 431/431
f 431/431 451/451 452/452
f 431/431 452/452 432/432
f 432/432 452/452 453/453
f 432/432 453/453 433/433
f 433/433 453/453 454/454
f 433/433 454/454 434/434
f 434/434 454/454 455/455
f 434/434 455/455 435/435
f 435/435 455/455 456/456
f 435/435 456/456 436/436
f 436/436 456/456 457/457
f 436/436 457/457 437/437
f 437/437 457/457 458/458
f 437/437 458/458 438/438
f 438/438 458/458 459/459
f 438/438 459/459 439/439
f 439/439 459/459 460/460
f 439/439 460/460 440/440
f 440/440 460/460 461/461
f 440/440 461/461 441/441
f 441/441 461/461 462/462
f 442/442 463/463 443/443
f 443/443 463/463 464/464
f 443/443 464/464 444/444
f 444/444 464/464 465/465
f 444/444 465/465 445/445
f 445/445 465/465 466/466
f 445/445 466/466 446/446
f 446/446 466/466 467/467
f 446/446 467/467 447/447
f 447/447 467/467 468/468
f 447/447 468/468 448/448
f 448/448 468/468 469/469
f 448/448 469/469 449/449
f 449/449 469/469 470/470
f 449/449 470/470 450/450
f 450/450 470/470 471/471
f 450/450 471/471 451/451
f 451/451 471/471 472/472
f 451/451 472/472 452/452
f 452/452 472/472 473/473
f 452/452 473/473 453/453
f 453/453 473/473 474/474
f 453/453 474/474 454/454
f 454/454 474/474 475/475
f 454/454 475/475 455/455
f 455/455 475/475 476/476
f 455/455 476/476 456/456
f 456/456 476/476 477/477
f 456/456 477/477 457/457
f 457/457 477/477 478/478
f 457/457 478/478 458/458
f 458/458 478/478 479/479
f 458/458 479/479 459/459
f 459/459 479/479 480/480
f 459/459 480/480 460/460
f 460/460 480/480 481/481
f 460/460 481/481 461/461
f 461/461 481/481 482/482
f 461/461 482/482 462/462
f 462/462 482/482 483/483
f 463/463 484/484 464/464
f 464/464 484/484 485/485
f 464/464 485/485 465/465
f 465/465 485/485 486/486
f 465/465 486/486 466/466
f 466/466 486/486 487/487
f 466/466 487/487 467/467
f 467/467 487/487 488/488
f 467/467 488/488 468/468
f 468/468 488/488 489/489
f 468/468 489/489 469/469
f 469/469 489/489 490/490
f 469/469 490/490 470/470
f 470/470 490/490 491/491
f 470/470 491/491 471/471
f 471/471 491/491 492/492
f 471/471 492/492 472/472
f 472/472 492/492 493/493
f 472/472 493/493 473/473
f 473/473 493/493 494/494
f 473/473 494/494 474/474
f 474/474 494/494 495/495
f 474/474 495/495 475/475
f 475/475 495/495 496/496
f 475/475 496/496 476/476
f 476/476 496/496 497/497
f 476/476 497/497 477/477
f 477/477 497/497 498/498
f 477/477 498/498 478/478
f 478/478 498/498 499/499
f 478/478 499/499 479/479
f 479/479 499/499 500/500
f 479/479 500/500 480/480
f 480/480 500/500 501/501
f 480/480 501/501 481/481
f 481/481 501/501 502/502
f 481/481 502/502 482/482
f 482/482 502/502 503/503
f 482/482 503/503 483/483
f 483/483 503/503 504/504
f 484/484 505/505 485/485
f 485/485 505/505 506/506
f 485/485 506/506 486/486
f 486/486 506/506 507/507
f 486/486 507/507 487/487
f 487/487 507/507 508/508
f 487/487 508/508 488/488
f 488/488 508/508 509/509
f 488/488 509/509 489/489
f 489/489 509/509 510/510
f 489/489 510/510 490/490
f 490/490 510/510 511/511
f 490/490 511/511 491/491
f 491/491 511/511 512/512
f 491/491 512/512 492/492
f 492/492 512/512 513/513
f 492/492 513/513 493/493
f 493/493 513/513 514/514
f 493/493 514/514 494/494
f 494/494 514/514 515/515
f 494/494 515/515 495/495
f 495/495 515/515 516/516
f 495/495 516/516 496/496
f 496/496 516/516 517/517
f 496/496 517/517 497/497
f 497/497 517/517 518/518
f 497/497 518/518 498/498
f 498/498 518/518 519/519
f 498/498 519/519 499/499
f 499/499 519/519 520/520
f 499/499 520/520 500/500
f 500/500 520/520 521/521
f 500/500 521/521 501/501
f 501/501 521/521 522/522
f 501/501 522/522 502/502
f 502/502 522/522 523/523
f 502/502 523/523 503/503
f 503/503 523/523 524/524
f 503/503 524/524 504/504
f 504/504 524/524 525/525
f 505/505 526/526 506/506
f 506/506 526/526 527/527
f 506/506 527/527 507/507
f 507/507 527/527 528/528
f 507/507 528/528 508/508
f 508/508 528/528 529/529
f 508/508 529/529 509/509
f 509/509 529/529 530/530
f 509/509 530/530 510/510
f 510/510 530/530 531/531
f 510/510 531/531 511/511
f 511/511 531/531 532/532
f 511/511 532/532 512/512
f 512/512 532/532 533/533
f 512/512 533/533 513/513
f 513/513 533/533 534/534
f 513/513 534/534 514/514
f 514/514 534/534 535/535
f 514/514 535/535 515/515
f 515/515 535/535 536/536
f 515/515 536/536 516/516
f 516/516 536/536 537/537
f 516/516 537/537 517/517
f 517/517 537/537 538/538
f 517/517 538/538 518/518
f 518/518 538/538 539/539
f 518/518 539/539 519/519
f 519/519 539/539 540/540
f 519/519 540/540 520/520
f 520/520 540/540 541/541
f 520/520 541/541 521/521
f 521/521 541/541 542/542
f 521/521 542/542 522/522
f 522/522 542/542 543/543
f 522/522 543/543 523/523
f 523/523 543/543 544/544
f 523/523 544/544 524/524
f 524/524 544/544 545/545
f 524/524 545/545 525/525
f 525/525 545/545 546/546
f 526/526 547/547 527/527
f 527/527 547/547 548/548
f 527/527 548/548 528/528
f 528/528 548/548 549/549
f 528/528 549/549 529/529
f 529/529 549/549 550/550
f 529/529 550/550 530/530
f 530/530 550/550 551/551
f 530/530 551/551 531/531
f 531/531 551/551 552/552
f 531/531 552/552 532/532
f 532/532 552/552 553/553
f 532/532 553/553 533/533
f 533/533 553/553 554/554
f 533/533 554/554 534/534
f 534/534 554/554 555/555
f 534/534 555/555 535/535
f 535/535 555/555 556/556
f 535/535 556/556 536/536
f 536/536 556/556 557/557
f 536/536 557/557 537/537
f 537/537 557/557 558/558
f 537/537 558/558 538/538
f 538/538 558/558 559/559
f 538/538 559/559 539/539
f 539/539 559/559 560/560
f 539/539 560/560 540/540
f 540/540 560/560 561/561
f 540/540 561/561 541/541
f 541/541 561/561 562/562
f 541/541 562/562 542/542
f 542/542 562/562 563/563
f 542/542 563/563 543/543
f 543/543 563/563 564/564
f 543/543 564/564 544/544
f 544/544 564/564 565/565
f 544/544 565/565 545/545
f 545/545 565/565 566/566
f 545/545 566/566 546/546
f 546/546 566/566 567/567
f 547/547 568/568 548/548
f 548/548 568/568 569/569
f 548/548 569/569 549/549
f 549/549 569/569 570/570
f 549/549 570/570 550/550
f 550/550 570/570 571/571
f 550/550 571/571 551/551
f 551/551 571/571 572/572
f 551/551 572/572 552/552
f 552/552 572/572 573/573
f 552/552 573/573 553/553
f 553/553 573/573 574/574
f 553/553 574/574 554/554
f 554/554 574/574 575/575
f 554/554 575/575 555/555
f 555/555 575/575 576/576
f 555/555 576/576 556/556
f 556/556 576/576 577/577
f 556/556 577/577 557/557
f 557/557 577/577 578/578
f 557/557 578/578 558/558
f 558/558 578/578 579/579
f 558/558 579/579 559/559
f 559/559 579/579 580/580
f 559/559 580/580 560/560
f 560/560 580/580 581/581
f 560/560 581/581 561/561
f 561/561 581/581 582/582
f 561/561 582/582 562/562
f 562/562 582/582 583/583
f 562/562 583/583 563/563
f 563/563 583/583 584/584
f 563/563 584/584 564/564
f 564/564 584/584 585/585
f 564/564 585/585 565/565
f 565/565 585/585 586/586
f 565/565 586/586 566/566
f 566/566 586/586 587/587
f 566/566 587/587 567/567
f 567/567 587/587 588/588
f 568/568 589/589 569/569
f 569/569 589/589 590/590
f 569/569 590/590 570/570
f 570/570 590/590 591/591
f 570/570 591/591 571/571
f 571/571 591/591 592/592
f 571/571 592/592 572/572
f 572/572 592/592 593/593
f 572/572 593/593 573/573
f 573/573 593/593 594/594
f 573/573 594/594 574/574
f 574/574 594/594 595/595
f 574/574 595/595 575/575
f 575/575 595/595 596/596
f 575/575 596/596 576/576
f 576/576 596/596 597/597
f 576/576 597/597 577/577
f 577/577 597/597 598/598
f 577/577 598/598 578/578
f 578/578 598/598 599/599
f 578/578 599/599 579/579
f 579/579 599/599 600/600
f 579/579 600/600 580/580
f 580/580 600/600 601/601
f 580/580 601/601 581/581
f 581/581 601/601 602/602
f 581/581 602/602 582/582
f 582/582 602/602 603/603
f 582/582 603/603 583/583
f 583/583 603/603 604/604
f 583/583 604/604 584/584
f 584/584 604/604 605/605
f 584/584 605/605 585/585
f 585/585 605/605 606/606
f 585/585 606/606 586/586
f 586/586 606/606 607/607
f 586/586 607/607 587/587
f 587/587 607/607 608/608
f 587/587 608/608 588/588
f 588/588 608/608 609/609
f 589/589 610/610 590/590
f 590/590 610/610 611/611
f 590/590 611/611 591/591
f 591/591 611/611 612/612
f 591/591 612/612 592/592
f 592/592 612/612 613/613
f 592/592 613/613 593/593
f 593/593 613/613 614/614
f 593/593 614/614 594/594
f 594/594 614/614 615/615
f 594/594 615/615 595/595
f 595/595 615/615 616/616
f 595/595 616/616 596/596
f 596/596 616/616 617/617
f 596/596 617/617 597/597
f 597/597 617/617 618/618
f 597/597 618/618 598/598
f 598/598 618/618 619/619
f 598/598 619/619 599/599
f 599/599 619/619 620/620
f 599/599 620/620 600/600
f 600/600 620/620 621/621
f 600/600 621/621 601/601
f 601/601 621/621 622/622
f 601/601 622/622 602/602
f 602/602 622/622 623/623
f 602/602 623/623 603/603
f 603/603 623/623 624/624
f 603/603 624/624 604/604
f 604/604 624/624 625/625
f 604/604 625/625 605/605
f 605/605 625/625 626/626
f 605/605 626/626 606/606
f 606/606 626/626 627/627
f 606/606 627/627 607/607
f 607/607 627/627 628/628
f 607/607 628/628 608/608
f 608/608 628/628 629/629
f 608/608 629/629 609/609
f 609/609 629/629 630/630
f 610/610 631/631 611/611
f 611/611 631/631 632/632
f 611/611 632/632 612/612
f 612/612 632/632 633/633
f 612/612 633/633 613/613
f 613/613 633/633 634/634
f 613/613 634/634 614/614
f 614/614 634/634 635/635
f 614/614 635/635 615/615
f 615/615 635/635 636/636
f 615/615 636/636 616/616
f 616/616 636/636 637/637
f 616/616 637/637 617/617
f 617/617 637/637 638/638
f 617/617 638/638 618/618
f 618/618 638/638 639/639
f 618/618 639/639 619/619
f 619/619 639/639 640/640
f 619/619 640/640 620/620
f 620/620 640/640 641/641
f 620/620 641/641 621/621
f 621/621 641/641 642/642
f 621/621 642/642 622/622
f 622/622 642/642 643/643
f 622/622 643/643 623/623
f 623/623 643/643 644/644
f 623/623 644/644 624/624
f 624/624 644/644 645/645
f 624/624 645/645 625/625
f 625/625 645/645 646/646
f 625/625 646/646 626/626
f 626/626 646/646 647/647
f 626/626 647/647 627/627
f 627/627 647/647 648/648
f 627/627 648/648 628/628
f 628/628 648/648 649/649
f 628/628 649/649 629/629
f 629/629 649/649 650/650
f 629/629 650/650 630/630
f 630/630 650/650 651/651
f 652/652 653/653 673/673
f 653/653 674/674 673/673
f 653/653 654/654 674/674
f 654/654 675/675 674/674
f 654/654 655/655 675/675
f 655/655 676/676 675/675
f 655/655 656/656 676/676
f 656/656 677/677 676/676
f 656/656 657/657 677/677
f 657/657 678/678 677/677
f 657/657 658/658 678/678
f 658/658 679/679 678/678
f 658/658 659/659 679/679
f 659/659 680/680 679/679
f 659/659 660/660 680/680
f 660/660 681/681 680/680
f 660/660 661/661 681/681
f 661/661 682/682 681/681
f 661/661 662/662 682/682
f 662/662 683/683 682/682
f 662/662 663/663 683/683
f 663/663 684/684 683/683
f 663/663 664/664 684/684
f 664/664 685/685 684/684
f 664/664 665/665 685/685
f 665/665 686/686 685/685
f 665/665 666/666 686/686
f 666/666 687/687 686/686
f 666/666 667/667 687/687
f 667/667 688/688 687/687
f 667/667 668/668 688/688
f 668/668 689/689 688/688
f 668/668 669/669 689/689
f 669/669 690/690 689/689
f 669/669 670/670 690/690
f 670/670 691/691 690/690
f 670/670 671/671 691/691
f 671/671 692/692 691/691
f 671/671 672/672 692/692
f 672/672 693/693 692/692
f 673/673 674/674 694/694
f 674/674 695/695 694/694
f 674/674 675/675 695/695
f 675/675 696/696 695/695
f 675/675 676/676 696/696
f 676/676 697/697 696/696
f 676/676 677/677 697/697
f 677/677 698/698 697/697
f 677/677 678/678 698/698
f 678/678 699/699 698/698
f 678/678 679/679 699/699
f 679/679 700/700 699/699
f 679/679 680/680 700/700
f 680/680 701/701 700/700
f 680/680 681/681 701/701
f 681/681 702/702 701/701
f 681/681 682/682 702/702
f 682/682 703/703 702/702
f 682/682 683/683 703/703
f 683/683 704/704 703/703
f 683/683 684/684 704/704
f 684/684 705/705 704/704
f 684/684 685/685 705/705
f 685/685 706/706 705/705
f 685/685 686/686 706/706
f 686/686 707/707 706/706
f 686/686 687/687 707/707
f 687/687 708/708 707/707
f 687/687 688/688 708/708
f 688/688 709/709 708/708
f 688/688 689/689 709/709
f 689/689 710/710 709/709
f 689/689 690/690 710/710
f 690/690 711/711 710/710
f 690/690 691/691 711/711
f 691/691 712/712 711/711
f 691/691 692/692 712/712
f 692/692 713/713 712/712
f 692/692 693/693 713/713
f 693/693 714/714 713/713
f 694/694 695/695 715/715
f 695/695 716/716 715/715
f 695/695 696/696 716/716
f 696/696 717/717 716/716
f 696/696 697/697 717/717
f 697/697 718/718 717/717
f 697/697 698/698 718/718
f 698/698 719/719 718/718
f 698/698 699/699 719/719
f 699/699 720/720 719/719
f 699/699 700/700 720/720
f 700/700 721/721 720/720
f 700/700 701/701 721/721
f 701/701 722/722 721/721
f 701/701 702/702 722/722
f 702/702 723/723 722/722
f 702/702 703/703 723/723
f 703/703 724/724 723/723
f 703/703 704/704 724/724
f 704/704 725/725 724/724
f 704/704 705/705 725/725
f 705/705 726/726 725/725
f 705/705 706/706 726/726
f 706/706 727/727 726/726
f 706/706 707/707 727/727
f 707/707 728/728 727/727
f 707/707 708/708 728/728
f 708/708 729/729 728/728
f 708/708 709/709 729/729
f 709/709 730/730 729/729
f 709/709 710/710 730/730
f 710/710 731/731 730/730
f 710/710 711/711 731/731
f 711/711 732/732 731/731
f 711/711 712/712 732/732
f 712/712 733/733 732/732
f 712/712 713/713 733/733
f 713/713 734/734 733/733
f 713/713 714/714 734/734
f 714/714 735/735 734/734
f 715/715 716/716 736/736
f 716/716 737/737 736/736
f 716/716 717/717 737/737
f 717/717 738/738 737/737
f 717/717 718/718 738/738
f 718/718 739/739 738/738
f 718/718 719/719 739/739
f 719/719 740/740 739/739
f 719/719 720/720 740/740
f 720/720 741/741 740/740
f 720/720 721/721 741/741
f 721/721 742/742 741/741
f 721/721 722/722 742/742
f 722/722 743/743 742/742
f 722/722 723/723 743/743
f 723/723 744/744 743/743
f 723/723 724/724 744/744
f 724/724 745/745 744/744
f 724/724 725/725 745/745
f 725/725 746/746 745/745
f 725/725 726/726 746/746
f 726/726 747/747 746/746
f 726/726 727/727 747/747
f 727/727 748/748 747/747
f 727/727 728/728 748/748
f 728/728 749/749 748/748
f 728/728 729/729 749/749
f 729/729 750/750 749/749
f 729/729 730/730 750/750
f 730/730 751/751 750/750
f 730/730 731/731 751/751
f 731/731 752/752 751/751
f 731/731 732/732 752/752
f 732/732 753/753 752/752
f 732/732 733/733 753/753
f 733/733 754/754 753/753
f 733/733 734/734 754/754
f 734/734 755/755 754/754
f 734/734 735/735 755/755
f 735/735 756/756 755/755
f 736/736 737/737 757/757
f 737/737 758/758 757/757
f 737/737 738/738 758/758
f 738/738 759/759 758/758
f 738/738 739/739 759/759
f 739/739 760/760 759/759
f 739/739 740/740 760/760
f 740/740 761/761 760/760
f 740/740 741/741 761/761
f 741/741 762/762 761/761
f 741/741 742/742 762/762
f 742/742 763/763 762/762
f 742/742 743/743 763/763
f 743/743 764/764 763/763
f 743/743 744/744 764/764
f 744/744 765/765 764/764
f 744/744 745/745 765/765
f 745/745 766/766 765/765
f 745/745 746/746 766/766
f 746/746 767/767 766/766
f 746/746 747/747 767/767
f 747/747 768/768 767/767
f 747/747 748/748 768/768
f 748/748 769/769 768/768
f 748/748 749/749 769/769
f 749/749 770/770 769/769
f 749/749 750/750 770/770
f 750/750 771/771 770/770
f 750/750 751/751 771/771
f 751/751 772/772 771/771
f 751/751 752/752 772/772
f 752/752 773/773 772/772
f 752/752 753/753 773/773
f 753/753 774/774 773/773
f 753/753 754/754 774/774
f 754/754 775/775 774/774
f 754/754 755/755 775/775
f 755/755 776/776 775/775
f 755/755 756/756 776/776
f 756/756 777/777 776/776
f 757/757 758/758 778/778
f 758/758 779/779 778/778
f 758/758 759/759 779/779
f 759/759 780/780 779/779
f 759/759 760/760 780/780
f 760/760 781/781 780/780
f 760/760 761/761 781/781
f 761/761 782/782 781/781
f 761/761 762/762 782/782
f 762/762 783/783 782/782
f 762/762 763/763 783/783
f 763/763 784/784 783/783
f 763/763 764/764 784/784
f 764/764 785/785 784/784
f 764/764 765/765 785/785
f 765/765 786/786 785/785
f 765/765 766/766 786/786
f 766/766 787/787 786/786
f 766/766 767/767 787/787
f 767/767 788/788 787/787
f 767/767 768/768 788/788
f 768/768 789/789 788/788
f 768/768 769/769 789/789
f 769/769 790/790 789/789
f 769/769 770/770 790/790
f 770/770 791/791 790/790
f 770/770 771/771 791/791
f 771/771 792/792 791/791
f 771/771 772/772 792/792
f 772/772 793/793 792/792
f 772/772 773/773 793/793
f 773/773 794/794 793/793
f 773/773 774/774 794/794
f 774/774 795/795 794/794
f 774/774 775/775 795/795
f 775/775 796/796 795/795
f 775/775 776/776 796/796
f 776/776 797/797 796/796
f 776/776 777/777 797/797
f 777/777 798/798 797/797
f 778/778 779/779 799/799
f 779/779 800/800 799/799
f 779/779 780/780 800/800
f 780/780 801/801 800/800
f 780/780 781/781 801/801
f 781/781 802/802 801/801
f 781/781 782/782 802/802
f 782/782 803/803 802/802
f 782/782 783/783 803/803
f 783/783 804/804 803/803
f 783/783 784/784 804/804
f 784/784 805/805 804/804
f 784/784 785/785 805/805
f 785/785 806/806 805/805
f 785/785 786/786 806/806
f 786/786 807/807 806/806
f 786/786 787/787 807/807
f 787/787 808/808 807/807
f 787/787 788/788 808/808
f 788/788 809/809 808/808
f 788/788 789/789 809/809
f 789/789 810/810 809/809
f 789/789 790/790 810/810
f 790/790 811/811 810/810
f 790/790 791/791 811/811
f 791/791 812/812 811/811
f 791/791 792/792 812/812
f 792/792 813/813 812/812
f 792/792 793/793 813/813
f 793/793 814/814 813/813
f 793/793 794/794 814/814
f 794/794 815/815 814/814
f 794/794 795/795 815/815
f 795/795 816/816 815/815
f 795/795 796/796 816/816
f 796/796 817/817 816/816
f 796/796 797/797 817/817
f 797/797 818/818 817/817
f 797/797 798/798 818/818
f 798/798 819/819 818/818
f 799/799 800/800 820/820
f 800/800 821/821 820/820
f 800/800 801/801 821/821
f 801/801 822/822 821/821
f 801/801 802/802 822/822
f 802/802 823/823 822/822
f 802/802 803/803 823/823
f 803/803 824/824 823/823
f 803/803 804/804 824/824
f 804/804 825/825 824/824
f 804/804 805/805 825/825
f 805/805 826/826 825/825
f 805/805 806/806 826/826
f 806/806 827/827 826/826
f 806/806 807/807 827/827
f 807/807 828/828 827/827
f 807/807 808/808 828/828
f 808/808 829/829 828/828
f 808/808 809/809 829/829
f 809/809 830/830 829/829
f 809/809 810/810 830/830
f 810/810 831/831 830/830
f 810/810 811/811 831/831
f 811/811 832/832 831/831
f 811/811 812/812 832/832
f 812/812 833/833 832/832
f 812/812 813/813 833/833
f 813/813 834/834 833/833
f 813/813 814/814 834/834
f 814/814 835/835 834/834
f 814/814 815/815 835/835
f 815/815 836/836 835/835
f 815/815 816/816 836/836
f 816/816 837/837 836/836
f 816/816 817/817 837/837
f 817/817 838/838 837/837
f 817/817 818/818 838/838
f 818/818 839/839 838/838
f 818/818 819/819 839/839
f 819/819 840/840 839/839
f 820/820 821/821 841/841
f 821/821 842/842 841/841
f 821/821 822/822 842/842
f 822/822 843/843 842/842
f 822/822 823/823 843/843
f 823/823 844/844 843/843
f 823/823 824/824 844/844
f 824/824 845/845 844/844
f 824/824 825/825 845/845
f 825/825 846/846 845/845
f 825/825 826/826 846/846
f 826/826 847/847 846/846
f 826/826 827/827 847/847
f 827/827 848/848 847/847
f 827/827 828/828 848/848
f 828/828 849/849 848/848
f 828/828 829/829 849/849
f 829/829 850/850 849/849
f 829/829 830/830 850/850
f 830/830 851/851 850/850
f 830/830 831/831 851/851
f 831/831 852/852 851/851
f 831/831 832/832 852/852
f 832/832 853/853 852/852
f 832/832 833/833 853/853
f 833/833 854/854 853/853
f 833/833 834/834 854/854
f 834/834 855/855 854/854
f 834/834 835/835 855/855
f 835/835 856/856 855/855
f 835/835 836/836 856/856
f 836/836 857/857 856/856
f 836/836 837/837 857/857
f 837/837 858/858 857/857
f 837/837 838/838 858/858
f 838/838 859/859 858/858
f 838/838 839/839 859/859
f 839/839 860/860 859/859
f 839/839 840/840 860/860
f 840/840 861/861 860/860
f 841/841 842/842 862/862
f 842/842 863/863 862/862
f 842/842 843/843 863/863
f 843/843 864/864 863/863
f 843/843 844/844 864/864
f 844/844 865/865 864/864
f 844/844 845/845 865/865
f 845/845 866/866 865/865
f 845/845 846/846 866/866
f 846/846 867/867 866/866
f 846/846 847/847 867/867
f 847/847 868/868 867/867
f 847/847 848/848 868/868
f 848/848 869/869 868/868
f 848/848 849/849 869/869
f 849/849 870/870 869/869
f 849/849 850/850 870/870
f 850/850 871/871 870/870
f 850/850 851/851 871/871
f 851/851 872/872 871/871
f 851/851 852/852 872/872
f 852/852 873/873 872/872
f 852/852 853/853 873/873
f 853/853 874/874 873/873
f 853/853 854/854 874/874
f 854/854 875/875 874/874
f 854/854 855/855 875/875
f 855/855 876/876 875/875
f 855/855 856/856 876/876
f 856/856 877/877 876/876
f 856/856 857/857 877/877
f 857/857 878/878 877/877
f 857/857 858/858 878/878
f 858/858 879/879 878/878
f 858/858 859/859 879/879
f 859/859 880/880 879/879
f 859/859 860/860 880/880
f 860/860 881/881 880/880
f 860/860 861/861 881/881
f 861/861 882/882 881/881
f 862/862 863/863 883/883
f 863/863 884/884 883/883
f 863/863 864/864 884/884
f 864/864 885/885 884/884
f 864/864 865/865 885/885
f 865/865 886/886 885/885
f 865/865 866/866 886/886
f 866/866 887/887 886/886
f 866/866 867/867 887/887
f 867/867 888/888 887/887
f 867/867 868/868 888/888
f 868/868 889/889 888/888
f 868/868 869/869 889/889
f 869/869 890/890 889/889
f 869/869 870/870 890/890
f 870/870 891/891 890/890
f 870/870 871/871 891/891
f 871/871 892/892 891/891
f 871/871 872/872 892/892
f 872/872 893/893 892/892
f 872/872 873/873 893/893
f 873/873 894/894 893/893
f 873/873 874/874 894/894
f 874/874 895/895 894/894
f 874/874 875/875 895/895
f 875/875 896/896 895/895
f 875/875 876/876 896/896
f 876/876 897/897 896/896
f 876/876 877/877 897/897
f 877/877 898/898 897/897
f 877/877 878/878 898/898
f 878/878 899/899 898/898
f 878/878 879/879 899/899
f 879/879 900/900 899/899
f 879/879 880/880 900/900
f 880/880 901/901 900/900
f 880/880 881/881 901/901
f 881/881 902/902 901/901
f 881/881 882/882 902/902
f 882/882 903/903 902/902
f 883/883 884/884 904/904
f 884/884 905/905 904/904
f 884/884 885/885 905/905
f 885/885 906/906 905/905
f 885/885 886/886 906/906
f 886/886 907/907 906/906
f 886/886 887/887 907/907
f 887/887 908/908 907/907
f 887/887 888/888 908/908
f 888/888 909/909 908/908
f 888/888 889/889 909/909
f 889/889 910/910 909/909
f 889/889 890/890 910/910
f 890/890 911/911 910/910
f 890/890 891/891 911/911
f 891/891 912/912 911/911
f 891/891 892/892 912/912
f 892/892 913/913 912/912
f 892/892 893/893 913/913
f 893/893 914/914 913/913
f 893/893 894/894 914/914
f 894/894 915/915 914/914
f 894/894 895/895 915/915
f 895/895 916/916 915/915
f 895/895 896/896 916/916
f 896/896 917/917 916/916
f 896/896 897/897 917/917
f 897/897 918/918 917/917
f 897/897 898/898 918/918
f 898/898 919/919 918/918
f 898/898 899/899 919/919
f 899/899 920/920 919/919
f 899/899 900/900 920/920
f 900/900 921/921 920/920
f 900/900 901/901 921/921
f 901/901 922/922 921/921
f 901/901 902/902 922/922
f 902/902 923/923 922/922
f 902/902 903/903 923/923
f 903/903 924/924 923/923
f 904/904 905/905 925/925
f 905/905 926/926 925/925
f 905/905 906/906 926/926
f 906/906 927/927 926/926
f 906/906 907/907 927/927
f 907/907 928/928 927/927
f 907/907 908/908 928/928
f 908/908 929/929 928/928
f 908/908 909/909 929/929
f 909/909 930/930 929/929
f 909/909 910/910 930/930
f 910/910 931/931 930/930
f 910/910 911/911 931/931
f 911/911 932/932 931/931
f 911/911 912/912 932/932
f 912/912 933/933 932/932
f 912/912 913/913 933/933
f 913/913 934/934 933/933
f 913/913 914/914 934/934
f 914/914 935/935 934/934
f 914/914 915/915 935/935
f 915/915 936/936 935/935
f 915/915 916/916 936/936
f 916/916 937/937 936/936
f 916/916 917/917 937/937
f 917/917 938/938 937/937
f 917/917 918/918 938/938
f 918/918 939/939 938/938
f 918/918 919/919 939/939
f 919/919 940/940 939/939
f 919/919 920/920 940/940
f 920/920 941/941 940/940
f 920/920 921/921 941/941
f 921/921 942/942 941/941
f 921/921 922/922 942/942
f 922/922 943/943 942/942
f 922/922 923/923 943/943
f 923/923 944/944 943/943
f 923/923 924/924 944/944
f 924/924 945/945 944/944
f 925/925 926/926 946/946
f 926/926 947/947 946/946
f 926/926 927/927 947/947
f 927/927 948/948 947/947
f 927/927 928/928 948/948
f 928/928 949/949 948/948
f 928/928 929/929 949/949
f 929/929 950/950 949/949
f 929/929 930/930 950/950
f 930/930 951/951 950/950
f 930/930 931/931 951/951
f 931/931 952/952 951/951
f 931/931 932/932 952/952
f 932/932 953/953 952/952
f 932/932 933/933 953/953
f 933/933 954/954 953/953
f 933/933 934/934 954/954
f 934/934 955/955 954/954
f 934/934 935/935 955/955
f 935/935 956/956 955/955
f 935/935 936/936 956/956
f 936/936 957/957 956/956
f 936/936 937/937 957/957
f 937/937 958/958 957/957
f 937/937 938/938 958/958
f 938/938 959/959 958/958
f 938/938 939/939 959/959
f 939/939 960/960 959/959
f 939/939 940/940 960/960
f 940/940 961/961 960/960
f 940/940 941/941 961/961
f 941/941 962/962 961/961
f 941/941 942/942 962/962
f 942/942 963/963 962/962
f 942/942 943/943 963/963
f 943/943 964/964 963/963
f 943/943 944/944 964/964
f 944/944 965/965 964/964
f 944/944 945/945 965/965
f 945/945 966/966 965/965
f 946/946 947/947 967/967
f 947/947 968/968 967/967
f 947/947 948/948 968/968
f 948/948 969/969 968/968
f 948/948 949/949 969/969
f 949/949 970/970 969/969
f 949/949 950/950 970/970
f 950/950 971/971 970/970
f 950/950 951/951 971/971
f 951/951 972/972 971/971
f 951/951 952/952 972/972
f 952/952 973/973 972/972
f 952/952 953/953 973/973
f 953/953 974/974 973/973
f 953/953 954/954 974/974
f 954/954 975/975 974/974
f 954/954 955/955 975/975
f 955/955 976/976 975/975
f 955/955 956/956 976/976
f 956/956 977/977 976/976
f 956/956 957/957 977/977
f 957/957 978/978 977/977
f 957/957 958/958 978/978
f 958/958 979/979 978/978
f 958/958 959/959 979/979
f 959/959 980/980 979/979
f 959/959 960/960 980/980
f 960/960 981/981 980/980
f 960/960 961/961 981/981
f 961/961 982/982 981/981
f 961/961 962/962 982/982
f 962/962 983/983 982/982
f 962/962 963/963 983/983
f 963/963 984/984 983/983
f 963/963 964/964 984/984
f 964/964 985/985 984/984
f 964/964 965/965 985/985
f 965/965 986/986 985/985
f 965/965 966/966 986/986
f 966/966 987/987 986/986
f 967/967 968/968 988/988
f 968/968 989/989 988/988
f 968/968 969/969 989/989
f 969/969 990/990 989/989
f 969/969 970/970 990/990
f 970/970 991/991 990/990
f 970/970 971/971 991/991
f 971/971 992/992 991/991
f 971/971 972/972 992/992
f 972/972 993/993 992/992
f 972/972 973/973 993/993
f 973/973 994/994 993/993
f 973/973 974/974 994/994
f 974/974 995/995 994/994
f 974/974 975/975 995/995
f 975/975 996/996 995/995
f 975/975 976/976 996/996
f 976/976 997/997 996/996
f 976/976 977/977 997/997
f 977/977 998/998 997/997
f 977/977 978/978 998/998
f 978/978 999/999 998/998
f 978/978 979/979 999/999
f 979/979 1000/1000 999/999
f 979/979 980/980 1000/1000
f 980/980 1001/1001 1000/1000
f 980/980 981/981 1001/1001
f 981/981 1002/1002 1001/1001
f 981/981 982/982 1002/1002
f 982/982 1003/1003 1002/1002
f 982/982 983/983 1003/1003
f 983/983 1004/1004 1003/1003
f 983/983 984/984 1004/1004
f 984/984 1005/1005 1004/1004
f 984/984 985/985 1005/1005
f 985/985 1006/1006 1005/1005
f 985/985 986/986 1006/1006
f 986/986 1007/1007 1006/1006
f 986/986 987/987 1007/1007
f 987/987 1008/1008 1007/1007
f 988/988 989/989 1009/1009
f 989/989 1010/1010 1009/1009
f 989/989 990/990 1010/1010
f 990/990 1011/1011 1010/1010
f 990/990 991/991 1011/1011
f 991/991 1012/1012 1011/1011
f 991/991 992/992 1012/1012
f 992/992 1013/1013 1012/1012
f 992/992 993/993 1013/1013
f 993/993 1014/1014 1013/1013
f 993/993 994/994 1014/1014
f 994/994 1015/1015 1014/1014
f 994/994 995/995 1015/1015
f 995/995 1016/1016 1015/1015
f 995/995 996/996 1016/1016
f 996/996 1017/1017 1016/1016
f 996/996 997/997 1017/1017
f 997/997 1018/1018 1017/1017
f 997/997 998/998 1018/1018
f 998/998 1019/1019 1018/1018
f 998/998 999/999 1019/1019
f 999/999 1020/1020 1019/1019
f 999/999 1000/1000 1020/1020
f 1000/1000 1021/1021 1020/1020
f 1000/1000 1001/1001 1021/1021
f 1001/1001 1022/1022 1021/1021
f 1001/1001 1002/1002 1022/1022
f 1002/1002 1023/1023 1022/1022
f 1002/1002 1003/1003 1023/1023
f 1003/1003 1024/1024 1023/1023
f 1003/1003 1004/1004 1024/1024
f 1004/1004 1025/1025 1024/1024
f 1004/1004 1005/1005 1025/1025
f 1005/1005 1026/1026 1025/1025
f 1005/1005 1006/1006 1026/1026
f 1006/1006 1027/1027 1026/1026
f 1006/1006 1007/1007 1027/1027
f 1007/1007 1028/1028 1027/1027
f 1007/1007 1008/1008 1028/1028
f 1008/1008 1029/1029 1028/1028
f 1009/1009 1010/1010 1030/1030
f 1010/1010 1031/1031 1030/1030
f 1010/1010 1011/1011 1031/1031
f 1011/1011 1032/1032 1031/1031
f 1011/1011 1012/1012 1032/1032
f 1012/1012 1033/1033 1032/1032
f 1012/1012 1013/1013 1033/1033
f 1013/1013 1034/1034 1033/1033
f 1013/1013 1014/1014 1034/1034
f 1014/1014 1035/1035 1034/1034
f 1014/1014 1015/1015 1035/1035
f 1015/1015 1036/1036 1035/1035
f 1015/1015 1016/1016 1036/1036
f 1016/1016 1037/1037 1036/1036
f 1016/1016 1017/1017 1037/1037
f 1017/1017 1038/1038 1037/1037
f 1017/1017 1018/1018 1038/1038
f 1018/1018 1039/1039 1038/1038
f 1018/1018 1019/1019 1039/1039
f 1019/1019 1040/1040 1039/1039
f 1019/1019 1020/1020 1040/1040
f 1020/1020 1041/1041 1040/1040
f 1020/1020 1021/1021 1041/1041
f 1021/1021 1042/1042 1041/1041
f 1021/1021 1022/1022 1042/1042
f 1022/1022 1043/1043 1042/1042
f 1022/1022 1023/1023 1043/1043
f 1023/1023 1044/1044 1043/1043
f 1023/1023 1024/1024 1044/1044
f 1024/1024 1045/1045 1044/1044
f 1024/1024 1025/1025 1045/1045
f 1025/1025 1046/1046 1045/1045
f 1025/1025 1026/1026 1046/1046
f 1026/1026 1047/1047 1046/1046
f 1026/1026 1027/1027 1047/1047
f 1027/1027 1048/1048 1047/1047
f 1027/1027 1028/1028 1048/1048
f 1028/1028 1049/1049 1048/1048
f 1028/1028 1029/1029 1049/1049
f 1029/1029 1050/1050 1049/1049
f 1030/1030 1031/1031 1051/1051
f 1031/1031 1052/1052 1051/1051
f 1031/1031 1032/1032 1052/1052
f 1032/1032 1053/1053 1052/1052
f 1032/1032 1033/1033 1053/1053
f 1033/1033 1054/1054 1053/1053
f 1033/1033 1034/1034 1054/1054
f 1034/1034 1055/1055 1054/1054
f 1034/1034 1035/1035 1055/1055
f 1035/1035 1056/1056 1055/1055
f 1035/1035 1036/1036 1056/1056
f 1036/1036 1057/1057 1056/1056
f 1036/1036 1037/1037 1057/1057
f 1037/1037 1058/1058 1057/1057
f 1037/1037 1038/1038 1058/1058
f 1038/1038 1059/1059 1058/1058
f 1038/1038 1039/1039 1059/1059
f 1039/1039 1060/1060 1059/1059
f 1039/1039 1040/1040 1060/1060
f 1040/1040 1061/1061 1060/1060
f 1040/1040 1041/1041 1061/1061
f 1041/1041 1062/1062 1061/1061
f 1041/1041 1042/1042 1062/1062
f 1042/1042 1063/1063 1062/1062
f 1042/1042 1043/1043 1063/1063
f 1043/1043 1064/1064 1063/1063
f 1043/1043 1044/1044 1064/1064
f 1044/1044 1065/1065 1064/1064
f 1044/1044 1045/1045 1065/1065
f 1045/1045 1066/1066 1065/1065
f 1045/1045 1046/1046 1066/1066
f 1046/1046 1067/1067 1066/1066
f 1046/1046 1047/1047 1067/1067
f 1047/1047 1068/1068 1067/1067
f 1047/1047 1048/1048 1068/1068
f 1048/1048 1069/1069 1068/1068
f 1048/1048 1049/1049 1069/1069
f 1049/1049 1070/1070 1069/1069
f 1049/1049 1050/1050 1070/1070
f 1050/1050 1071/1071 1070/1070
f 1051/1051 1052/1052 1072/1072
f 1052/1052 1073/1073 1072/1072
f 1052/1052 1053/1053 1073/1073
f 1053/1053 1074/1074 1073/1073
f 1053/1053 1054/1054 1074/1074
f 1054/1054 1075/1075 1074/1074
f 1054/1054 1055/1055 1075/1075
f 1055/1055 1076/1076 1075/1075
f 1055/1055 1056/1056 1076/1076
f 1056/1056 1077/1077 1076/1076
f 1056/1056 1057/1057 1077/1077
f 1057/1057 1078/1078 1077/1077
f 1057/1057 1058/1058 1078/1078
f 1058/1058 1079/1079 1078/1078
f 1058/1058 1059/1059 1079/1079
f 1059/1059 1080/1080 1079/1079
f 1059/1059 1060/1060 1080/1080
f 1060/1060 1081/1081 1080/1080
f 1060/1060 1061/1061 1081/1081
f 1061/1061 1082/1082 1081/1081
f 1061/1061 1062/1062 1082/1082
f 1062/1062 1083/1083 1082/1082
f 1062/1062 1063/1063 1083/1083
f 1063/1063 1084/1084 1083/1083
f 1063/1063 1064/1064 1084/1084
f 1064/1064 1085/1085 1084/1084
f 1064/1064 1065/1065 1085/1085
f 1065/1065 1086/1086 1085/1085
f 1065/1065 1066/1066 1086/1086
f 1066/1066 1087/1087 1086/1086
f 1066/1066 1067/1067 1087/1087
f 1067/1067 1088/1088 1087/1087
f 1067/1067 1068/1068 1088/1088
f 1068/1068 1089/1089 1088/1088
f 1068/1068 1069/1069 1089/1089
f 1069/1069 1090/1090 1089/1089
f 1069/1069 1070/1070 1090/1090
f 1070/1070 1091/1091 1090/1090
f 1070/1070 1071/1071 1091/1091
f 1071/1071 1092/1092 1091/1091
f 1072/1072 1073/1073 1093/1093
f 1073/1073 1094/1094 1093/1093
f 1073/1073 1074/1074 1094/1094
f 1074/1074 1095/1095 1094/1094
f 1074/1074 1075/1075 1095/1095
f 1075/1075 1096/1096 1095/1095
f 1075/1075 1076/1076 1096/1096
f 1076/1076 1097/1097 1096/1096
f 1076/1076 1077/1077 1097/1097
f 1077/1077 1098/1098 1097/1097
f 1077/1077 1078/1078 1098/1098
f 1078/1078 1099/1099 1098/1098
f 1078/1078 1079/1079 1099/1099
f 1079/1079 1100/1100 1099/1099
f 1079/1079 1080/1080 1100/1100
f 1080/1080 1101/1101 1100/1100
f 1080/1080 1081/1081 1101/1101
f 1081/1081 1102/1102 1101/1101
f 1081/1081 1082/1082 1102/1102
f 1082/1082 1103/1103 1102/1102
f 1082/1082 1083/1083 1103/1103
f 1083/1083 1104/1104 1103/1103
f 1083/1083 1084/1084 1104/1104
f 1084/1084 1105/1105 1104/1104
f 1084/1084 1085/1085 1105/1105
f 1085/1085 1106/1106 1105/1105
f 1085/1085 1086/1086 1106/1106
f 1086/1086 1107/1107 1106/1106
f 1086/1086 1087/1087 1107/1107
f 1087/1087 1108/1108 1107/1107
f 1087/1087 1088/1088 1108/1108
f 1088/1088 1109/1109 1108/1108
f 1088/1088 1089/1089 1109/1109
f 1089/1089 1110/1110 1109/1109
f 1089/1089 1090/1090 1110/1110
f 1090/1090 1111/1111 1110/1110
f 1090/1090 1091/1091 1111/1111
f 1091/1091 1112/1112 1111/1111
f 1091/1091 1092/1092 1112/1112
f 1092/1092 1113/1113 1112/1112
f 1093/1093 1094/1094 1114/1114
f 1094/1094 1115/1115 1114/1114
f 1094/1094 1095/1095 1115/1115
f 1095/1095 1116/1116 1115/1115
f 1095/1095 1096/1096 1116/1116
f 1096/1096 1117/1117 1116/1116
f 1096/1096 1097/1097 1117/1117
f 1097/1097 1118/1118 1117/1117
f 1097/1097 1098/1098 1118/1118
f 1098/1098 1119/1119 1118/1118
f 1098/1098 1099/1099 1119/1119
f 1099/1099 1120/1120 1119/1119
f 1099/1099 1100/1100 1120/1120
f 1100/1100 1121/1121 1120/1120
f 1100/1100 1101/1101 1121/1121
f 1101/1101 1122/1122 1121/1121
f 1101/1101 1102/1102 1122/1122
f 1102/1102 1123/1123 1122/1122
f 1102/1102 1103/1103 1123/1123
f 1103/1103 1124/1124 1123/1123
f 1103/1103 1104/1104 1124/1124
f 1104/1104 1125/1125 1124/1124
f 1104/1104 1105/1105 1125/1125
f 1105/1105 1126/1126 1125/1125
f 1105/1105 1106/1106 1126/1126
f 1106/1106 1127/1127 1126/1126
f 1106/1106 1107/1107 1127/1127
f 1107/1107 1128/1128 1127/1127
f 1107/1107 1108/1108 1128/1128
f 1108/1108 1129/1129 1128/1128
f 1108/1108 1109/1109 1129/1129
f 1109/1109 1130/1130 1129/1129
f 1109/1109 1110/1110 1130/1130
f 1110/1110 1131/1131 1130/1130
f 1110/1110 1111/1111 1131/1131
f 1111/1111 1132/1132 1131/1131
f 1111/1111 1112/1112 1132/1132
f 1112/1112 1133/1133 1132/1132
f 1112/1112 1113/1113 1133/1133
f 1113/1113 1134/1134 1133/1133
f 1114/1114 1115/1115 1135/1135
f 1115/1115 1136/1136 1135/1135
f 1115/1115 1116/1116 1136/1136
f 1116/1116 1137/1137 1136/1136
f 1116/1116 1117/1117 1137/1137
f 1117/1117 1138/1138 1137/1137
f 1117/1117 1118/1118 1138/1138
f 1118/1118 1139/1139 1138/1138
f 1118/1118 1119/1119 1139/1139
f 1119/1119 1140/1140 1139/1139
f 1119/1119 1120/1120 1140/1140
f 1120/1120 1141/1141 1140/1140
f 1120/1120 1121/1121 1141/1141
f 1121/1121 1142/1142 1141/1141
f 1121/1121 1122/1122 1142/1142
f 1122/1122 1143/1143 1142/1142
f 1122/1122 1123/1123 1143/1143
f 1123/1123 1144/1144 1143/1143
f 1123/1123 1124/1124 1144/1144
f 1124/1124 1145/1145 1144/1144
f 1124/1124 1125/1125 1145/1145
f 1125/1125 1146/1146 1145/1145
f 1125/1125 1126/1126 1146/1146
f 1126/1126 1147/1147 1146/1146
f 1126/1126 1127/1127 1147/1147
f 1127/1127 1148/1148 1147/1147
f 1127/1127 1128/1128 1148/1148
f 1128/1128 1149/1149 1148/1148
f 1128/1128 1129/1129 1149/1149
f 1129/1129 1150/1150 1149/1149
f 1129/1129 1130/1130 1150/1150
f 1130/1130 1151/1151 1150/1150
f 1130/1130 1131/1131 1151/1151
f 1131/1131 1152/1152 1151/1151
f 1131/1131 1132/1132 1152/1152
f 1132/1132 1153/1153 1152/1152
f 1132/1132 1133/1133 1153/1153
f 1133/1133 1154/1154 1153/1153
f 1133/1133 1134/1134 1154/1154
f 1134/1134 1155/1155 1154/1154
f 1135/1135 1136/1136 1156/1156
f 1136/1136 1157/1157 1156/1156
f 1136/1136 1137/1137 1157/1157
f 1137/1137 1158/1158 1157/1157
f 1137/1137 1138/1138 1158/1158
f 1138/1138 1159/1159 1158/1158
f 1138/1138 1139/1139 1159/1159
f 1139/1139 1160/1160 1159/1159
f 1139/1139 1140/1140 1160/1160
f 1140/1140 1161/1161 1160/1160
f 1140/1140 1141/1141 1161/1161
f 1141/1141 1162/1162 1161/1161
f 1141/1141 1142/1142 1162/1162
f 1142/1142 1163/1163 1162/1162
f 1142/1142 1143/1143 1163/1163
f 1143/1143 1164/1164 1163/1163
f 1143/1143 1144/1144 1164/1164
f 1144/1144 1165/1165 1164/1164
f 1144/1144 1145/1145 1165/1165
f 1145/1145 1166/1166 1165/1165
f 1145/1145 1146/1146 1166/1166
f 1146/1146 1167/1167 1166/1166
f 1146/1146 1147/1147 1167/1167
f 1147/1147 1168/1168 1167/1167
f 1147/1147 1148/1148 1168/1168
f 1148/1148 1169/1169 1168/1168
f 1148/1148 1149/1149 1169/1169
f 1149/1149 1170/1170 1169/1169
f 1149/1149 1150/1150 1170/1170
f 1150/1150 1171/1171 1170/1170
f 1150/1150 1151/1151 1171/1171
f 1151/1151 1172/1172 1171/1171
f 1151/1151 1152/1152 1172/1172
f 1152/1152 1173/1173 1172/1172
f 1152/1152 1153/1153 1173/1173
f 1153/1153 1174/1174 1173/1173
f 1153/1153 1154/1154 1174/1174
f 1154/1154 1175/1175 1174/1174
f 1154/1154 1155/1155 1175/1175
f 1155/1155 1176/1176 1175/1175
f 1156/1156 1157/1157 1177/1177
f 1157/1157 1178/1178 1177/1177
f 1157/1157 1158/1158 1178/1178
f 1158/1158 1179/1179 1178/1178
f 1158/1158 1159/1159 1179/1179
f 1159/1159 1180/1180 1179/1179
f 1159/1159 1160/1160 1180/1180
f 1160/1160 1181/1181 1180/1180
f 1160/1160 1161/1161 1181/1181
f 1161/1161 1182/1182 1181/1181
f 1161/1161 1162/1162 1182/1182
f 1162/1162 1183/1183 1182/1182
f 1162/1162 1163/1163 1183/1183
f 1163/1163 1184/1184 1183/1183
f 1163/1163 1164/1164 1184/1184
f 1164/1164 1185/1185 1184/1184
f 1164/1164 1165/1165 1185/1185
f 1165/1165 1186/1186 1185/1185
f 1165/1165 1166/1166 1186/1186
f 1166/1166 1187/1187 1186/1186
f 1166/1166 1167/1167 1187/1187
f 1167/1167 1188/1188 1187/1187
f 1167/1167 1168/1168 1188/1188
f 1168/1168 1189/1189 1188/1188
f 1168/1168 1169/1169 1189/1189
f 1169/1169 1190/1190 1189/1189
f 1169/1169 1170/1170 1190/1190
f 1170/1170 1191/1191 1190/1190
f 1170/1170 1171/1171 1191/1191
f 1171/1171 1192/1192 1191/1191
f 1171/1171 1172/1172 1192/1192
f 1172/1172 1193/1193 1192/1192
f 1172/1172 1173/1173 1193/1193
f 1173/1173 1194/1194 1193/1193
f 1173/1173 1174/1174 1194/1194
f 1174/1174 1195/1195 1194/1194
f 1174/1174 1175/1175 1195/1195
f 1175/1175 1196/1196 1195/1195
f 1175/1175 1176/1176 1196/1196
f 1176/1176 1197/1197 1196/1196
f 1177/1177 1178/1178 1198/1198
f 1178/1178 1199/1199 1198/1198
f 1178/1178 1179/1179 1199/1199
f 1179/1179 1200/1200 1199/1199
f 1179/1179 1180/1180 1200/1200
f 1180/1180 1201/1201 1200/1200
f 1180/1180 1181/1181 1201/1201
f 1181/1181 1202/1202 1201/1201
f 1181/1181 1182/1182 1202/1202
f 1182/1182 1203/1203 1202/1202
f 1182/1182 1183/1183 1203/1203
f 1183/1183 1204/1204 1203/1203
f 1183/1183 1184/1184 1204/1204
f 1184/1184 1205/1205 1204/1204
f 1184/1184 1185/1185 1205/1205
f 1185/1185 1206/1206 1205/1205
f 1185/1185 1186/1186 1206/1206
f 1186/1186 1207/1207 1206/1206
f 1186/1186 1187/1187 1207/1207
f 1187/1187 1208/1208 1207/1207
f 1187/1187 1188/1188 1208/1208
f 1188/1188 1209/1209 1208/1208
f 1188/1188 1189/1189 1209/1209
f 1189/1189 1210/1210 1209/1209
f 1189/1189 1190/1190 1210/1210
f 1190/1190 1211/1211 1210/1210
f 1190/1190 1191/1191 1211/1211
f 1191/1191 1212/1212 1211/1211
f 1191/1191 1192/1192 1212/1212
f 1192/1192 1213/1213 1212/1212
f 1192/1192 1193/1193 1213/1213
f 1193/1193 1214/1214 1213/1213
f 1193/1193 1194/1194 1214/1214
f 1194/1194 1215/1215 1214/1214
f 1194/1194 1195/1195 1215/1215
f 1195/1195 1216/1216 1215/1215
f 1195/1195 1196/1196 1216/1216
f 1196/1196 1217/1217 1216/1216
f 1196/1196 1197/1197 1217/1217
f 1197/1197 1218/1218 1217/1217
f 1198/1198 1199/1199 1219/1219
f 1199/1199 1220/1220 1219/1219
f 1199/1199 1200/1200 1220/1220
f 1200/1200 1221/1221 1220/1220
f 1200/1200 1201/1201 1221/1221
f 1201/1201 1222/1222 1221/1221
f 1201/1201 1202/1202 1222/1222
f 1202/1202 1223/1223 1222/1222
f 1202/1202 1203/1203 1223/1223
f 1203/1203 1224/1224 1223/1223
f 1203/1203 1204/1204 1224/1224
f 1204/1204 1225/1225 1224/1224
f 1204/1204 1205/1205 1225/1225
f 1205/1205 1226/1226 1225/1225
f 1205/1205 1206/1206 1226/1226
f 1206/1206 1227/1227 1226/1226
f 1206/1206 1207/1207 1227/1227
f 1207/1207 1228/1228 1227/1227
f 1207/1207 1208/1208 1228/1228
f 1208/1208 1229/1229 1228/1228
f 1208/1208 1209/1209 1229/1229
f 1209/1209 1230/1230 1229/1229
f 1209/1209 1210/1210 1230/1230
f 1210/1210 1231/1231 1230/1230
f 1210/1210 1211/1211 1231/1231
f 1211/1211 1232/1232 1231/1231
f 1211/1211 1212/1212 1232/1232
f 1212/1212 1233/1233 1232/1232
f 1212/1212 1213/1213 1233/1233
f 1213/1213 1234/1234 1233/1233
f 1213/1213 1214/1214 1234/1234
f 1214/1214 1235/1235 1234/1234
f 1214/1214 1215/1215 1235/1235
f 1215/1215 1236/1236 1235/1235
f 1215/1215 1216/1216 1236/1236
f 1216/1216 1237/1237 1236/1236
f 1216/1216 1217/1217 1237/1237
f 1217/1217 1238/1238 1237/1237
f 1217/1217 1218/1218 1238/1238
f 1218/1218 1239/1239 1238/1238
f 1219/1219 1220/1220 1240/1240
f 1220/1220 1241/1241 1240/1240
f 1220/1220 1221/1221 1241/1241
f 1221/1221 1242/1242 1241/1241
f 1221/1221 1222/1222 1242/1242
f 1222/1222 1243/1243 1242/1242
f 1222/1222 1223/1223 1243/1243
f 1223/1223 1244/1244 1243/1243
f 1223/1223 1224/1224 1244/1244
f 1224/1224 1245/1245 1244/1244
f 1224/1224 1225/1225 1245/1245
f 1225/1225 1246/1246 1245/1245
f 1225/1225 1226/1226 1246/1246
f 1226/1226 1247/1247 1246/1246
f 1226/1226 1227/1227 1247/1247
f 1227/1227 1248/1248 1247/1247
f 1227/1227 1228/1228 1248/1248
f 1228/1228 1249/1249 1248/1248
f 1228/1228 1229/1229 1249/1249
f 1229/1229 1250/1250 1249/1249
f 1229/1229 1230/1230 1250/1250
f 1230/1230 1251/1251 1250/1250
f 1230/1230 1231/1231 1251/1251
f 1231/1231 1252/1252 1251/1251
f 1231/1231 1232/1232 1252/1252
f 1232/1232 1253/1253 1252/1252
f 1232/1232 1233/1233 1253/1253
f 1233/1233 1254/1254 1253/1253
f 1233/1233 1234/1234 1254/1254
f 1234/1234 1255/1255 1254/1254
f 1234/1234 1235/1235 1255/1255
f 1235/1235 1256/1256 1255/1255
f 1235/1235 1236/1236 1256/1256
f 1236/1236 1257/1257 1256/1256
f 1236/1236 1237/1237 1257/1257
f 1237/1237 1258/1258 1257/1257
f 1237/1237 1238/1238 1258/1258
f 1238/1238 1259/1259 1258/1258
f 1238/1238 1239/1239 1259/1259
f 1239/1239 1260/1260 1259/1259
f 1240/1240 1241/1241 1261/1261
f 1241/1241 1262/1262 1261/1261
f 1241/1241 1242/1242 1262/1262
f 1242/1242 1263/1263 1262/1262
f 1242/1242 1243/1243 1263/1263
f 1243/1243 1264/1264 1263/1263
f 1243/1243 1244/1244 1264/1264
f 1244/1244 1265/1265 1264/1264
f 1244/1244 1245/1245 1265/1265
f 1245/1245 1266/1266 1265/1265
f 1245/1245 1246/1246 1266/1266
f 1246/1246 1267/1267 1266/1266
f 1246/1246 1247/1247 1267/1267
f 1247/1247 1268/1268 1267/1267
f 1247/1247 1248/1248 1268/1268
f 1248/1248 1269/1269 1268/1268
f 1248/1248 1249/1249 1269/1269
f 1249/1249 1270/1270 1269/1269
f 1249/1249 1250/1250 1270/1270
f 1250/1250 1271/1271 1270/1270
f 1250/1250 1251/1251 1271/1271
f 1251/1251 1272/1272 1271/1271
f 1251/1251 1252/1252 1272/1272
f 1252/1252 1273/1273 1272/1272
f 1252/1252 1253/1253 1273/1273
f 1253/1253 1274/1274 1273/1273
f 1253/1253 1254/1254 1274/1274
f 1254/1254 1275/1275 1274/1274
f 1254/1254 1255/1255 1275/1275
f 1255/1255 1276/1276 1275/1275
f 1255/1255 1256/1256 1276/1276
f 1256/1256 1277/1277 1276/1276
f 1256/1256 1257/1257 1277/1277
f 1257/1257 1278/1278 1277/1277
f 1257/1257 1258/1258 1278/1278
f 1258/1258 1279/1279 1278/1278
f 1258/1258 1259/1259 1279/1279
f 1259/1259 1280/1280 1279/1279
f 1259/1259 1260/1260 1280/1280
f 1260/1260 1281/1281 1280/1280
f 1261/1261 1262/1262 1282/1282
f 1262/1262 1283/1283 1282/1282
f 1262/1262 1263/1263 1283/1283
f 1263/1263 1284/1284 1283/1283
f 1263/1263 1264/1264 1284/1284
f 1264/1264 1285/1285 1284/1284
f 1264/1264 1265/1265 1285/1285
f 1265/1265 1286/1286 1285/1285
f 1265/1265 1266/1266 1286/1286
f 1266/1266 1287/1287 1286/1286
f 1266/1266 1267/1267 1287/1287
f 1267/1267 1288/1288 1287/1287
f 1267/1267 1268/1268 1288/1288
f 1268/1268 1289/1289 1288/1288
f 1268/1268 1269/1269 1289/1289
f 1269/1269 1290/1290 1289/1289
f 1269/1269 1270/1270 1290/1290
f 1270/1270 1291/1291 1290/1290
f 1270/1270 1271/1271 1291/1291
f 1271/1271 1292/1292 1291/1291
f 1271/1271 1272/1272 1292/1292
f 1272/1272 1293/1293 1292/1292
f 1272/1272 1273/1273 1293/1293
f 1273/1273 1294/1294 1293/1293
f 1273/1273 1274/1274 1294/1294
f 1274/1274 1295/1295 1294/1294
f 1274/1274 1275/1275 1295/1295
f 1275/1275 1296/1296 1295/1295
f 1275/1275 1276/1276 1296/1296
f 1276/1276 1297/1297 1296/1296
f 1276/1276 1277/1277 1297/1297
f 1277/1277 1298/1298 1297/1297
f 1277/1277 1278/1278 1298/1298
f 1278/1278 1299/1299 1298/1298
f 1278/1278 1279/1279 1299/1299
f 1279/1279 1300/1300 1299/1299
f 1279/1279 1280/1280 1300/1300
f 1280/1280 1301/1301 1300/1300
f 1280/1280 1281/1281 1301/1301
f 1281/1281 1302/1302 1301/1301
f 1/1 652/652 22/22
f 652/652 673/673 22/22
f 22/22 673/673 43/43
f 673/673 694/694 43/43
f 43/43 694/694 64/64
f 694/694 715/715 64/64
f 64/64 715/715 85/85
f 715/715 736/736 85/85
f 85/85 736/736 106/106
f 736/736 757/757 106/106
f 106/106 757/757 127/127
f 757/757 778/778 127/127
f 127/127 778/778 148/148
f 778/778 799/799 148/148
f 148/148 799/799 169/169
f 799/799 820/820 169/169
f 169/169 820/820 190/190
f 820/820 841/841 190/190
f 190/190 841/841 211/211
f 841/841 862/862 211/211
f 211/211 862/862 232/232
f 862/862 883/883 232/232
f 232/232 883/883 253/253
f 883/883 904/904 253/253
f 253/253 904/904 274/274
f 904/904 925/925 274/274
f 274/274 925/925 295/295
f 925/925 946/946 295/295
f 295/295 946/946 316/316
f 946/946 967/967 316/316
f 316/316 967/967 337/337
f 967/967 988/988 337/337
f 337/337 988/988 358/358
f 988/988 1009/1009 358/358
f 358/358 1009/1009 379/379
f 1009/1009 1030/1030 379/379
f 379/379 1030/1030 400/400
f 1030/1030 1051/1051 400/400
f 400/400 1051/1051 421/421
f 1051/1051 1072/1072 421/421
f 421/421 1072/1072 442/442
f 1072/1072 1093/1093 442/442
f 442/442 1093/1093 463/463
f 1093/1093 1114/1114 463/463
f 463/463 1114/1114 484/484
f 1114/1114 1135/1135 484/484
f 484/484 1135/1135 505/505
f 1135/1135 1156/1156 505/505
f 505/505 1156/1156 526/526
f 1156/1156 1177/1177 526/526
f 526/526 1177/1177 547/547
f 1177/1177 1198/1198 547/547
f 547/547 1198/1198 568/568
f 1198/1198 1219/1219 568/568
f 568/568 1219/1219 589/589
f 1219/1219 1240/1240 589/589
f 589/589 1240/1240 610/610
f 1240/1240 1261/1261 610/610
f 610/610 1261/1261 631/631
f 1261/1261 1282/1282 631/631
f 21/21 42/42 672/672
f 672/672 42/42 693/693
f 42/42 63/63 693/693
f 693/693 63/63 714/714
f 63/63 84/84 714/714
f 714/714 84/84 735/735
f 84/84 105/105 735/735
f 735/735 105/105 756/756
f 105/105 126/126 756/756
f 756/756 126/126 777/777
f 126/126 147/147 777/777
f 777/777 147/147 798/798
f 147/147 168/168 798/798
f 798/798 168/168 819/819
f 168/168 189/189 819/819
f 819/819 189/189 840/840
f 189/189 210/210 840/840
f 840/840 210/210 861/861
f 210/210 231/231 861/861
f 861/861 231/231 882/882
f 231/231 252/252 882/882
f 882/882 252/252 903/903
f 252/252 273/273 903/903
f 903/903 273/273 924/924
f 273/273 294/294 924/924
f 924/924 294/294 945/945
f 294/294 315/315 945/945
f 945/945 315/315 966/966
f 315/315 336/336 966/966
f 966/966 336/336 987/987
f 336/336 357/357 987/987
f 987/987 357/357 1008/1008
f 357/357 378/378 1008/1008
f 1008/1008 378/378 1029/1029
f 378/378 399/399 1029/1029
f 1029/1029 399/399 1050/1050
f 399/399 420/420 1050/1050
f 1050/1050 420/420 1071/1071
f 420/420 441/441 1071/1071
f 1071/1071 441/441 1092/1092
f 441/441 462/462 1092/1092
f 1092/1092 462/462 1113/1113
f 462/462 483/483 1113/1113
f 1113/1113 483/483 1134/1134
f 483/483 504/504 1134/1134
f 1134/1134 504/504 1155/1155
f 504/504 525/525 1155/1155
f 1155/1155 525/525 1176/1176
f 525/525 546/546 1176/1176
f 1176/1176 546/546 1197/1197
f 546/546 567/567 1197/1197
f 1197/1197 567/567 1218/1218
f 567/567 588/588 1218/1218
f 1218/1218 588/588 1239/1239
f 588/588 609/609 1239/1239
f 1239/1239 609/609 1260/1260
f 609/609 630/630 1260/1260
f 1260/1260 630/630 1281/1281
f 630/630 651/651 1281/1281
f 1281/1281 651/651 1302/1302
