v -0.5750 -0.7000 0.0000
v -0.5271 -0.7000 0.0000
v -0.4792 -0.7000 0.0000
v -0.4312 -0.7000 0.0000
v -0.3833 -0.7000 0.0000
v -0.3354 -0.7000 0.0000
v -0.2875 -0.7000 0.0000
v -0.2396 -0.7000 0.0000
v -0.1917 -0.7000 0.0000
v -0.1437 -0.7000 0.0000
v -0.0958 -0.7000 0.0000
v -0.0479 -0.7000 0.0000
v 0.0000 -0.7000 0.0000
v 0.0479 -0.7000 0.0000
v 0.0958 -0.7000 0.0000
v 0.1437 -0.7000 0.0000
v 0.1917 -0.7000 0.0000
v 0.2396 -0.7000 0.0000
v 0.2875 -0.7000 0.0000
v 0.3354 -0.7000 0.0000
v 0.3833 -0.7000 0.0000
v 0.4312 -0.7000 0.0000
v 0.4792 -0.7000 0.0000
v 0.5271 -0.7000 0.0000
v 0.5750 -0.7000 0.0000
v -0.5729 -0.6611 0.0000
v -0.5252 -0.6611 0.0012
v -0.4774 -0.6611 0.0023
v -0.4297 -0.6611 0.0034
v -0.3819 -0.6611 0.0045
v -0.3342 -0.6611 0.0055
v -0.2865 -0.6611 0.0064
v -0.2387 -0.6611 0.0071
v -0.1910 -0.6611 0.0078
v -0.1432 -0.6611 0.0083
v -0.0955 -0.6611 0.0087
v -0.0477 -0.6611 0.0089
v 0.0000 -0.6611 0.0090
v 0.0477 -0.6611 0.0089
v 0.0955 -0.6611 0.0087
v 0.1432 -0.6611 0.0083
v 0.1910 -0.6611 0.0078
v 0.2387 -0.6611 0.0071
v 0.2865 -0.6611 0.0064
v 0.3342 -0.6611 0.0055
v 0.3819 -0.6611 0.0045
v 0.4297 -0.6611 0.0034
v 0.4774 -0.6611 0.0023
v 0.5252 -0.6611 0.0012
v 0.5729 -0.6611 0.0000
v -0.5708 -0.6222 0.0000
v -0.5233 -0.6222 0.0033
v -0.4757 -0.6222 0.0066
v -0.4281 -0.6222 0.0097
v -0.3806 -0.6222 0.0127
v -0.3330 -0.6222 0.0154
v -0.2854 -0.6222 0.0179
v -0.2378 -0.6222 0.0201
v -0.1903 -0.6222 0.0219
v -0.1427 -0.6222 0.0234
v -0.0951 -0.6222 0.0245
v -0.0476 -0.6222 0.0251
v 0.0000 -0.6222 0.0253
v 0.0476 -0.6222 0.0251
v 0.0951 -0.6222 0.0245
v 0.1427 -0.6222 0.0234
v 0.1903 -0.6222 0.0219
v 0.2378 -0.6222 0.0201
v 0.2854 -0.6222 0.0179
v 0.3330 -0.6222 0.0154
v 0.3806 -0.6222 0.0127
v 0.4281 -0.6222 0.0097
v 0.4757 -0.6222 0.0066
v 0.5233 -0.6222 0.0033
v 0.5708 -0.6222 0.0000
v -0.5687 -0.5833 0.0000
v -0.5214 -0.5833 0.0060
v -0.4740 -0.5833 0.0119
v -0.4266 -0.5833 0.0176
v -0.3792 -0.5833 0.0230
v -0.3318 -0.5833 0.0281
v -0.2844 -0.5833 0.0326
v -0.2370 -0.5833 0.0366
v -0.1896 -0.5833 0.0399
v -0.1422 -0.5833 0.0426
v -0.0948 -0.5833 0.0445
v -0.0474 -0.5833 0.0457
v 0.0000 -0.5833 0.0461
v 0.0474 -0.5833 0.0457
v 0.0948 -0.5833 0.0445
v 0.1422 -0.5833 0.0426
v 0.1896 -0.5833 0.0399
v 0.2370 -0.5833 0.0366
v 0.2844 -0.5833 0.0326
v 0.3318 -0.5833 0.0281
v 0.3792 -0.5833 0.0230
v 0.4266 -0.5833 0.0176
v 0.4740 -0.5833 0.0119
v 0.5214 -0.5833 0.0060
v 0.5687 -0.5833 0.0000
v -0.5667 -0.5444 0.0000
v -0.5194 -0.5444 0.0091
v -0.4722 -0.5444 0.0181
v -0.4250 -0.5444 0.0268
v -0.3778 -0.5444 0.0350
v -0.3306 -0.5444 0.0426
v -0.2833 -0.5444 0.0495
v -0.2361 -0.5444 0.0555
v -0.1889 -0.5444 0.0606
v -0.1417 -0.5444 0.0647
v -0.0944 -0.5444 0.0676
v -0.0472 -0.5444 0.0694
v 0.0000 -0.5444 0.0700
v 0.0472 -0.5444 0.0694
v 0.0944 -0.5444 0.0676
v 0.1417 -0.5444 0.0647
v 0.1889 -0.5444 0.0606
v 0.2361 -0.5444 0.0555
v 0.2833 -0.5444 0.0495
v 0.3306 -0.5444 0.0426
v 0.3778 -0.5444 0.0350
v 0.4250 -0.5444 0.0268
v 0.4722 -0.5444 0.0181
v 0.5194 -0.5444 0.0091
v 0.5667 -0.5444 0.0000
v -0.5646 -0.5056 0.0000
v -0.5175 -0.5056 0.0126
v -0.4705 -0.5056 0.0249
v -0.4234 -0.5056 0.0368
v -0.3764 -0.5056 0.0481
v -0.3293 -0.5056 0.0585
v -0.2823 -0.5056 0.0680
v -0.2352 -0.5056 0.0763
v -0.1882 -0.5056 0.0833
v -0.1411 -0.5056 0.0888
v -0.0941 -0.5056 0.0929
v -0.0470 -0.5056 0.0953
v 0.0000 -0.5056 0.0962
v 0.0470 -0.5056 0.0953
v 0.0941 -0.5056 0.0929
v 0.1411 -0.5056 0.0888
v 0.1882 -0.5056 0.0833
v 0.2352 -0.5056 0.0763
v 0.2823 -0.5056 0.0680
v 0.3293 -0.5056 0.0585
v 0.3764 -0.5056 0.0481
v 0.4234 -0.5056 0.0368
v 0.4705 -0.5056 0.0249
v 0.5175 -0.5056 0.0126
v 0.5646 -0.5056 0.0000
v -0.5625 -0.4667 0.0000
v -0.5156 -0.4667 0.0162
v -0.4688 -0.4667 0.0320
v -0.4219 -0.4667 0.0474
v -0.3750 -0.4667 0.0619
v -0.3281 -0.4667 0.0753
v -0.2813 -0.4667 0.0875
v -0.2344 -0.4667 0.0982
v -0.1875 -0.4667 0.1072
v -0.1406 -0.4667 0.1143
v -0.0937 -0.4667 0.1195
v -0.0469 -0.4667 0.1227
v 0.0000 -0.4667 0.1237
v 0.0469 -0.4667 0.1227
v 0.0938 -0.4667 0.1195
v 0.1406 -0.4667 0.1143
v 0.1875 -0.4667 0.1072
v 0.2344 -0.4667 0.0982
v 0.2813 -0.4667 0.0875
v 0.3281 -0.4667 0.0753
v 0.3750 -0.4667 0.0619
v 0.4219 -0.4667 0.0474
v 0.4687 -0.4667 0.0320
v 0.5156 -0.4667 0.0162
v 0.5625 -0.4667 0.0000
v -0.5604 -0.4278 0.0000
v -0.5137 -0.4278 0.0198
v -0.4670 -0.4278 0.0394
v -0.4203 -0.4278 0.0582
v -0.3736 -0.4278 0.0760
v -0.3269 -0.4278 0.0926
v -0.2802 -0.4278 0.1075
v -0.2335 -0.4278 0.1206
v -0.1868 -0.4278 0.1317
v -0.1401 -0.4278 0.1405
v -0.0934 -0.4278 0.1469
v -0.0467 -0.4278 0.1507
v 0.0000 -0.4278 0.1520
v 0.0467 -0.4278 0.1507
v 0.0934 -0.4278 0.1469
v 0.1401 -0.4278 0.1405
v 0.1868 -0.4278 0.1317
v 0.2335 -0.4278 0.1206
v 0.2802 -0.4278 0.1075
v 0.3269 -0.4278 0.0926
v 0.3736 -0.4278 0.0760
v 0.4203 -0.4278 0.0582
v 0.4670 -0.4278 0.0394
v 0.5137 -0.4278 0.0198
v 0.5604 -0.4278 0.0000
v -0.5583 -0.3889 0.0000
v -0.5118 -0.3889 0.0235
v -0.4653 -0.3889 0.0467
v -0.4188 -0.3889 0.0690
v -0.3722 -0.3889 0.0902
v -0.3257 -0.3889 0.1098
v -0.2792 -0.3889 0.1275
v -0.2326 -0.3889 0.1431
v -0.1861 -0.3889 0.1562
v -0.1396 -0.3889 0.1666
v -0.0931 -0.3889 0.1742
v -0.0465 -0.3889 0.1788
v 0.0000 -0.3889 0.1804
v 0.0465 -0.3889 0.1788
v 0.0931 -0.3889 0.1742
v 0.1396 -0.3889 0.1666
v 0.1861 -0.3889 0.1562
v 0.2326 -0.3889 0.1431
v 0.2792 -0.3889 0.1275
v 0.3257 -0.3889 0.1098
v 0.3722 -0.3889 0.0902
v 0.4188 -0.3889 0.0690
v 0.4653 -0.3889 0.0467
v 0.5118 -0.3889 0.0235
v 0.5583 -0.3889 0.0000
v -0.5563 -0.3500 0.0000
v -0.5099 -0.3500 0.0272
v -0.4635 -0.3500 0.0539
v -0.4172 -0.3500 0.0796
v -0.3708 -0.3500 0.1041
v -0.3245 -0.3500 0.1267
v -0.2781 -0.3500 0.1472
v -0.2318 -0.3500 0.1651
v -0.1854 -0.3500 0.1802
v -0.1391 -0.3500 0.1923
v -0.0927 -0.3500 0.2010
v -0.0464 -0.3500 0.2063
v 0.0000 -0.3500 0.2081
v 0.0464 -0.3500 0.2063
v 0.0927 -0.3500 0.2010
v 0.1391 -0.3500 0.1923
v 0.1854 -0.3500 0.1802
v 0.2318 -0.3500 0.1651
v 0.2781 -0.3500 0.1472
v 0.3245 -0.3500 0.1267
v 0.3708 -0.3500 0.1041
v 0.4172 -0.3500 0.0796
v 0.4635 -0.3500 0.0539
v 0.5099 -0.3500 0.0272
v 0.5563 -0.3500 0.0000
v -0.5542 -0.3111 0.0000
v -0.5080 -0.3111 0.0306
v -0.4618 -0.3111 0.0607
v -0.4156 -0.3111 0.0898
v -0.3694 -0.3111 0.1173
v -0.3233 -0.3111 0.1429
v -0.2771 -0.3111 0.1659
v -0.2309 -0.3111 0.1862
v -0.1847 -0.3111 0.2032
v -0.1385 -0.3111 0.2168
v -0.0924 -0.3111 0.2267
v -0.0462 -0.3111 0.2327
v 0.0000 -0.3111 0.2347
v 0.0462 -0.3111 0.2327
v 0.0924 -0.3111 0.2267
v 0.1385 -0.3111 0.2168
v 0.1847 -0.3111 0.2032
v 0.2309 -0.3111 0.1862
v 0.2771 -0.3111 0.1659
v 0.3233 -0.3111 0.1429
v 0.3694 -0.3111 0.1173
v 0.4156 -0.3111 0.0898
v 0.4618 -0.3111 0.0607
v 0.5080 -0.3111 0.0306
v 0.5542 -0.3111 0.0000
v -0.5521 -0.2722 0.0000
v -0.5061 -0.2722 0.0339
v -0.4601 -0.2722 0.0672
v -0.4141 -0.2722 0.0993
v -0.3681 -0.2722 0.1297
v -0.3220 -0.2722 0.1580
v -0.2760 -0.2722 0.1835
v -0.2300 -0.2722 0.2059
v -0.1840 -0.2722 0.2247
v -0.1380 -0.2722 0.2397
v -0.0920 -0.2722 0.2506
v -0.0460 -0.2722 0.2573
v 0.0000 -0.2722 0.2595
v 0.0460 -0.2722 0.2573
v 0.0920 -0.2722 0.2506
v 0.1380 -0.2722 0.2397
v 0.1840 -0.2722 0.2247
v 0.2300 -0.2722 0.2059
v 0.2760 -0.2722 0.1835
v 0.3220 -0.2722 0.1580
v 0.3681 -0.2722 0.1297
v 0.4141 -0.2722 0.0993
v 0.4601 -0.2722 0.0672
v 0.5061 -0.2722 0.0339
v 0.5521 -0.2722 0.0000
v -0.5500 -0.2333 0.0000
v -0.5042 -0.2333 0.0368
v -0.4583 -0.2333 0.0730
v -0.4125 -0.2333 0.1079
v -0.3667 -0.2333 0.1410
v -0.3208 -0.2333 0.1717
v -0.2750 -0.2333 0.1995
v -0.2292 -0.2333 0.2238
v -0.1833 -0.2333 0.2443
v -0.1375 -0.2333 0.2606
v -0.0917 -0.2333 0.2725
v -0.0458 -0.2333 0.2797
v 0.0000 -0.2333 0.2821
v 0.0458 -0.2333 0.2797
v 0.0917 -0.2333 0.2725
v 0.1375 -0.2333 0.2606
v 0.1833 -0.2333 0.2443
v 0.2292 -0.2333 0.2238
v 0.2750 -0.2333 0.1995
v 0.3208 -0.2333 0.1717
v 0.3667 -0.2333 0.1410
v 0.4125 -0.2333 0.1079
v 0.4583 -0.2333 0.0730
v 0.5042 -0.2333 0.0368
v 0.5500 -0.2333 0.0000
v -0.5479 -0.1944 0.0000
v -0.5023 -0.1944 0.0394
v -0.4566 -0.1944 0.0782
v -0.4109 -0.1944 0.1156
v -0.3653 -0.1944 0.1510
v -0.3196 -0.1944 0.1838
v -0.2740 -0.1944 0.2135
v -0.2283 -0.1944 0.2396
v -0.1826 -0.1944 0.2615
v -0.1370 -0.1944 0.2790
v -0.0913 -0.1944 0.2917
v -0.0457 -0.1944 0.2994
v 0.0000 -0.1944 0.3020
v 0.0457 -0.1944 0.2994
v 0.0913 -0.1944 0.2917
v 0.1370 -0.1944 0.2790
v 0.1826 -0.1944 0.2615
v 0.2283 -0.1944 0.2396
v 0.2740 -0.1944 0.2135
v 0.3196 -0.1944 0.1838
v 0.3653 -0.1944 0.1510
v 0.4109 -0.1944 0.1156
v 0.4566 -0.1944 0.0782
v 0.5023 -0.1944 0.0394
v 0.5479 -0.1944 0.0000
v -0.5458 -0.1556 0.0000
v -0.5003 -0.1556 0.0416
v -0.4549 -0.1556 0.0825
v -0.4094 -0.1556 0.1220
v -0.3639 -0.1556 0.1594
v -0.3184 -0.1556 0.1941
v -0.2729 -0.1556 0.2254
v -0.2274 -0.1556 0.2529
v -0.1819 -0.1556 0.2761
v -0.1365 -0.1556 0.2946
v -0.0910 -0.1556 0.3080
v -0.0455 -0.1556 0.3161
v 0.0000 -0.1556 0.3188
v 0.0455 -0.1556 0.3161
v 0.0910 -0.1556 0.3080
v 0.1365 -0.1556 0.2946
v 0.1819 -0.1556 0.2761
v 0.2274 -0.1556 0.2529
v 0.2729 -0.1556 0.2254
v 0.3184 -0.1556 0.1941
v 0.3639 -0.1556 0.1594
v 0.4094 -0.1556 0.1220
v 0.4549 -0.1556 0.0825
v 0.5003 -0.1556 0.0416
v 0.5458 -0.1556 0.0000
v -0.5437 -0.1167 0.0000
v -0.4984 -0.1167 0.0434
v -0.4531 -0.1167 0.0860
v -0.4078 -0.1167 0.1272
v -0.3625 -0.1167 0.1661
v -0.3172 -0.1167 0.2023
v -0.2719 -0.1167 0.2349
v -0.2266 -0.1167 0.2636
v -0.1812 -0.1167 0.2877
v -0.1359 -0.1167 0.3070
v -0.0906 -0.1167 0.3209
v -0.0453 -0.1167 0.3294
v 0.0000 -0.1167 0.3323
v 0.0453 -0.1167 0.3294
v 0.0906 -0.1167 0.3209
v 0.1359 -0.1167 0.3070
v 0.1812 -0.1167 0.2877
v 0.2266 -0.1167 0.2636
v 0.2719 -0.1167 0.2349
v 0.3172 -0.1167 0.2023
v 0.3625 -0.1167 0.1661
v 0.4078 -0.1167 0.1272
v 0.4531 -0.1167 0.0860
v 0.4984 -0.1167 0.0434
v 0.5437 -0.1167 0.0000
v -0.5417 -0.0778 0.0000
v -0.4965 -0.0778 0.0446
v -0.4514 -0.0778 0.0885
v -0.4063 -0.0778 0.1309
v -0.3611 -0.0778 0.1710
v -0.3160 -0.0778 0.2082
v -0.2708 -0.0778 0.2419
v -0.2257 -0.0778 0.2714
v -0.1806 -0.0778 0.2962
v -0.1354 -0.0778 0.3160
v -0.0903 -0.0778 0.3304
v -0.0451 -0.0778 0.3391
v 0.0000 -0.0778 0.3421
v 0.0451 -0.0778 0.3391
v 0.0903 -0.0778 0.3304
v 0.1354 -0.0778 0.3160
v 0.1806 -0.0778 0.2962
v 0.2257 -0.0778 0.2714
v 0.2708 -0.0778 0.2419
v 0.3160 -0.0778 0.2082
v 0.3611 -0.0778 0.1710
v 0.4063 -0.0778 0.1309
v 0.4514 -0.0778 0.0885
v 0.4965 -0.0778 0.0446
v 0.5417 -0.0778 0.0000
v -0.5396 -0.0389 0.0000
v -0.4946 -0.0389 0.0454
v -0.4497 -0.0389 0.0901
v -0.4047 -0.0389 0.1332
v -0.3597 -0.0389 0.1740
v -0.3148 -0.0389 0.2119
v -0.2698 -0.0389 0.2461
v -0.2248 -0.0389 0.2761
v -0.1799 -0.0389 0.3014
v -0.1349 -0.0389 0.3215
v -0.0899 -0.0389 0.3361
v -0.0450 -0.0389 0.3450
v 0.0000 -0.0389 0.3480
v 0.0450 -0.0389 0.3450
v 0.0899 -0.0389 0.3361
v 0.1349 -0.0389 0.3215
v 0.1799 -0.0389 0.3014
v 0.2248 -0.0389 0.2761
v 0.2698 -0.0389 0.2461
v 0.3148 -0.0389 0.2119
v 0.3597 -0.0389 0.1740
v 0.4047 -0.0389 0.1332
v 0.4497 -0.0389 0.0901
v 0.4946 -0.0389 0.0454
v 0.5396 -0.0389 0.0000
v -0.5375 0.0000 0.0000
v -0.4927 0.0000 0.0457
v -0.4479 0.0000 0.0906
v -0.4031 0.0000 0.1339
v -0.3583 0.0000 0.1750
v -0.3135 0.0000 0.2131
v -0.2687 0.0000 0.2475
v -0.2240 0.0000 0.2777
v -0.1792 0.0000 0.3031
v -0.1344 0.0000 0.3234
v -0.0896 0.0000 0.3381
v -0.0448 0.0000 0.3470
v 0.0000 0.0000 0.3500
v 0.0448 0.0000 0.3470
v 0.0896 0.0000 0.3381
v 0.1344 0.0000 0.3234
v 0.1792 0.0000 0.3031
v 0.2240 0.0000 0.2777
v 0.2687 0.0000 0.2475
v 0.3135 0.0000 0.2131
v 0.3583 0.0000 0.1750
v 0.4031 0.0000 0.1339
v 0.4479 0.0000 0.0906
v 0.4927 0.0000 0.0457
v 0.5375 0.0000 0.0000
v -0.5354 0.0389 0.0000
v -0.4908 0.0389 0.0454
v -0.4462 0.0389 0.0901
v -0.4016 0.0389 0.1332
v -0.3569 0.0389 0.1740
v -0.3123 0.0389 0.2119
v -0.2677 0.0389 0.2461
v -0.2231 0.0389 0.2761
v -0.1785 0.0389 0.3014
v -0.1339 0.0389 0.3215
v -0.0892 0.0389 0.3361
v -0.0446 0.0389 0.3450
v 0.0000 0.0389 0.3480
v 0.0446 0.0389 0.3450
v 0.0892 0.0389 0.3361
v 0.1339 0.0389 0.3215
v 0.1785 0.0389 0.3014
v 0.2231 0.0389 0.2761
v 0.2677 0.0389 0.2461
v 0.3123 0.0389 0.2119
v 0.3569 0.0389 0.1740
v 0.4016 0.0389 0.1332
v 0.4462 0.0389 0.0901
v 0.4908 0.0389 0.0454
v 0.5354 0.0389 0.0000
v -0.5333 0.0778 0.0000
v -0.4889 0.0778 0.0446
v -0.4444 0.0778 0.0885
v -0.4000 0.0778 0.1309
v -0.3556 0.0778 0.1710
v -0.3111 0.0778 0.2082
v -0.2667 0.0778 0.2419
v -0.2222 0.0778 0.2714
v -0.1778 0.0778 0.2962
v -0.1333 0.0778 0.3160
v -0.0889 0.0778 0.3304
v -0.0444 0.0778 0.3391
v 0.0000 0.0778 0.3421
v 0.0444 0.0778 0.3391
v 0.0889 0.0778 0.3304
v 0.1333 0.0778 0.3160
v 0.1778 0.0778 0.2962
v 0.2222 0.0778 0.2714
v 0.2667 0.0778 0.2419
v 0.3111 0.0778 0.2082
v 0.3556 0.0778 0.1710
v 0.4000 0.0778 0.1309
v 0.4444 0.0778 0.0885
v 0.4889 0.0778 0.0446
v 0.5333 0.0778 0.0000
v -0.5313 0.1167 0.0000
v -0.4870 0.1167 0.0434
v -0.4427 0.1167 0.0860
v -0.3984 0.1167 0.1272
v -0.3542 0.1167 0.1661
v -0.3099 0.1167 0.2023
v -0.2656 0.1167 0.2349
v -0.2214 0.1167 0.2636
v -0.1771 0.1167 0.2877
v -0.1328 0.1167 0.3070
v -0.0885 0.1167 0.3209
v -0.0443 0.1167 0.3294
v 0.0000 0.1167 0.3323
v 0.0443 0.1167 0.3294
v 0.0885 0.1167 0.3209
v 0.1328 0.1167 0.3070
v 0.1771 0.1167 0.2877
v 0.2214 0.1167 0.2636
v 0.2656 0.1167 0.2349
v 0.3099 0.1167 0.2023
v 0.3542 0.1167 0.1661
v 0.3984 0.1167 0.1272
v 0.4427 0.1167 0.0860
v 0.4870 0.1167 0.0434
v 0.5313 0.1167 0.0000
v -0.5292 0.1556 0.0000
v -0.4851 0.1556 0.0416
v -0.4410 0.1556 0.0825
v -0.3969 0.1556 0.1220
v -0.3528 0.1556 0.1594
v -0.3087 0.1556 0.1941
v -0.2646 0.1556 0.2254
v -0.2205 0.1556 0.2529
v -0.1764 0.1556 0.2761
v -0.1323 0.1556 0.2946
v -0.0882 0.1556 0.3080
v -0.0441 0.1556 0.3161
v 0.0000 0.1556 0.3188
v 0.0441 0.1556 0.3161
v 0.0882 0.1556 0.3080
v 0.1323 0.1556 0.2946
v 0.1764 0.1556 0.2761
v 0.2205 0.1556 0.2529
v 0.2646 0.1556 0.2254
v 0.3087 0.1556 0.1941
v 0.3528 0.1556 0.1594
v 0.3969 0.1556 0.1220
v 0.4410 0.1556 0.0825
v 0.4851 0.1556 0.0416
v 0.5292 0.1556 0.0000
v -0.5271 0.1944 0.0000
v -0.4832 0.1944 0.0394
v -0.4392 0.1944 0.0782
v -0.3953 0.1944 0.1156
v -0.3514 0.1944 0.1510
v -0.3075 0.1944 0.1838
v -0.2635 0.1944 0.2135
v -0.2196 0.1944 0.2396
v -0.1757 0.1944 0.2615
v -0.1318 0.1944 0.2790
v -0.0878 0.1944 0.2917
v -0.0439 0.1944 0.2994
v 0.0000 0.1944 0.3020
v 0.0439 0.1944 0.2994
v 0.0878 0.1944 0.2917
v 0.1318 0.1944 0.2790
v 0.1757 0.1944 0.2615
v 0.2196 0.1944 0.2396
v 0.2635 0.1944 0.2135
v 0.3075 0.1944 0.1838
v 0.3514 0.1944 0.1510
v 0.3953 0.1944 0.1156
v 0.4392 0.1944 0.0782
v 0.4832 0.1944 0.0394
v 0.5271 0.1944 0.0000
v -0.5250 0.2333 0.0000
v -0.4813 0.2333 0.0368
v -0.4375 0.2333 0.0730
v -0.3938 0.2333 0.1079
v -0.3500 0.2333 0.1410
v -0.3062 0.2333 0.1717
v -0.2625 0.2333 0.1995
v -0.2188 0.2333 0.2238
v -0.1750 0.2333 0.2443
v -0.1313 0.2333 0.2606
v -0.0875 0.2333 0.2725
v -0.0438 0.2333 0.2797
v 0.0000 0.2333 0.2821
v 0.0437 0.2333 0.2797
v 0.0875 0.2333 0.2725
v 0.1313 0.2333 0.2606
v 0.1750 0.2333 0.2443
v 0.2188 0.2333 0.2238
v 0.2625 0.2333 0.1995
v 0.3062 0.2333 0.1717
v 0.3500 0.2333 0.1410
v 0.3938 0.2333 0.1079
v 0.4375 0.2333 0.0730
v 0.4813 0.2333 0.0368
v 0.5250 0.2333 0.0000
v -0.5229 0.2722 0.0000
v -0.4793 0.2722 0.0339
v -0.4358 0.2722 0.0672
v -0.3922 0.2722 0.0993
v -0.3486 0.2722 0.1297
v -0.3050 0.2722 0.1580
v -0.2615 0.2722 0.1835
v -0.2179 0.2722 0.2059
v -0.1743 0.2722 0.2247
v -0.1307 0.2722 0.2397
v -0.0872 0.2722 0.2506
v -0.0436 0.2722 0.2573
v 0.0000 0.2722 0.2595
v 0.0436 0.2722 0.2573
v 0.0872 0.2722 0.2506
v 0.1307 0.2722 0.2397
v 0.1743 0.2722 0.2247
v 0.2179 0.2722 0.2059
v 0.2615 0.2722 0.1835
v 0.3050 0.2722 0.1580
v 0.3486 0.2722 0.1297
v 0.3922 0.2722 0.0993
v 0.4358 0.2722 0.0672
v 0.4793 0.2722 0.0339
v 0.5229 0.2722 0.0000
v -0.5208 0.3111 0.0000
v -0.4774 0.3111 0.0306
v -0.4340 0.3111 0.0607
v -0.3906 0.3111 0.0898
v -0.3472 0.3111 0.1173
v -0.3038 0.3111 0.1429
v -0.2604 0.3111 0.1659
v -0.2170 0.3111 0.1862
v -0.1736 0.3111 0.2032
v -0.1302 0.3111 0.2168
v -0.0868 0.3111 0.2267
v -0.0434 0.3111 0.2327
v 0.0000 0.3111 0.2347
v 0.0434 0.3111 0.2327
v 0.0868 0.3111 0.2267
v 0.1302 0.3111 0.2168
v 0.1736 0.3111 0.2032
v 0.2170 0.3111 0.1862
v 0.2604 0.3111 0.1659
v 0.3038 0.3111 0.1429
v 0.3472 0.3111 0.1173
v 0.3906 0.3111 0.0898
v 0.4340 0.3111 0.0607
v 0.4774 0.3111 0.0306
v 0.5208 0.3111 0.0000
v -0.5188 0.3500 0.0000
v -0.4755 0.3500 0.0272
v -0.4323 0.3500 0.0539
v -0.3891 0.3500 0.0796
v -0.3458 0.3500 0.1041
v -0.3026 0.3500 0.1267
v -0.2594 0.3500 0.1472
v -0.2161 0.3500 0.1651
v -0.1729 0.3500 0.1802
v -0.1297 0.3500 0.1923
v -0.0865 0.3500 0.2010
v -0.0432 0.3500 0.2063
v 0.0000 0.3500 0.2081
v 0.0432 0.3500 0.2063
v 0.0865 0.3500 0.2010
v 0.1297 0.3500 0.1923
v 0.1729 0.3500 0.1802
v 0.2161 0.3500 0.1651
v 0.2594 0.3500 0.1472
v 0.3026 0.3500 0.1267
v 0.3458 0.3500 0.1041
v 0.3891 0.3500 0.0796
v 0.4323 0.3500 0.0539
v 0.4755 0.3500 0.0272
v 0.5188 0.3500 0.0000
v -0.5167 0.3889 0.0000
v -0.4736 0.3889 0.0235
v -0.4306 0.3889 0.0467
v -0.3875 0.3889 0.0690
v -0.3444 0.3889 0.0902
v -0.3014 0.3889 0.1098
v -0.2583 0.3889 0.1275
v -0.2153 0.3889 0.1431
v -0.1722 0.3889 0.1562
v -0.1292 0.3889 0.1666
v -0.0861 0.3889 0.1742
v -0.0431 0.3889 0.1788
v 0.0000 0.3889 0.1804
v 0.0431 0.3889 0.1788
v 0.0861 0.3889 0.1742
v 0.1292 0.3889 0.1666
v 0.1722 0.3889 0.1562
v 0.2153 0.3889 0.1431
v 0.2583 0.3889 0.1275
v 0.3014 0.3889 0.1098
v 0.3444 0.3889 0.0902
v 0.3875 0.3889 0.0690
v 0.4306 0.3889 0.0467
v 0.4736 0.3889 0.0235
v 0.5167 0.3889 0.0000
v -0.5146 0.4278 0.0000
v -0.4717 0.4278 0.0198
v -0.4288 0.4278 0.0394
v -0.3859 0.4278 0.0582
v -0.3431 0.4278 0.0760
v -0.3002 0.4278 0.0926
v -0.2573 0.4278 0.1075
v -0.2144 0.4278 0.1206
v -0.1715 0.4278 0.1317
v -0.1286 0.4278 0.1405
v -0.0858 0.4278 0.1469
v -0.0429 0.4278 0.1507
v 0.0000 0.4278 0.1520
v 0.0429 0.4278 0.1507
v 0.0858 0.4278 0.1469
v 0.1286 0.4278 0.1405
v 0.1715 0.4278 0.1317
v 0.2144 0.4278 0.1206
v 0.2573 0.4278 0.1075
v 0.3002 0.4278 0.0926
v 0.3431 0.4278 0.0760
v 0.3859 0.4278 0.0582
v 0.4288 0.4278 0.0394
v 0.4717 0.4278 0.0198
v 0.5146 0.4278 0.0000
v -0.5125 0.4667 0.0000
v -0.4698 0.4667 0.0162
v -0.4271 0.4667 0.0320
v -0.3844 0.4667 0.0474
v -0.3417 0.4667 0.0619
v -0.2990 0.4667 0.0753
v -0.2562 0.4667 0.0875
v -0.2135 0.4667 0.0982
v -0.1708 0.4667 0.1072
v -0.1281 0.4667 0.1143
v -0.0854 0.4667 0.1195
v -0.0427 0.4667 0.1227
v 0.0000 0.4667 0.1237
v 0.0427 0.4667 0.1227
v 0.0854 0.4667 0.1195
v 0.1281 0.4667 0.1143
v 0.1708 0.4667 0.1072
v 0.2135 0.4667 0.0982
v 0.2562 0.4667 0.0875
v 0.2990 0.4667 0.0753
v 0.3417 0.4667 0.0619
v 0.3844 0.4667 0.0474
v 0.4271 0.4667 0.0320
v 0.4698 0.4667 0.0162
v 0.5125 0.4667 0.0000
v -0.5104 0.5056 0.0000
v -0.4679 0.5056 0.0126
v -0.4253 0.5056 0.0249
v -0.3828 0.5056 0.0368
v -0.3403 0.5056 0.0481
v -0.2977 0.5056 0.0585
v -0.2552 0.5056 0.0680
v -0.2127 0.5056 0.0763
v -0.1701 0.5056 0.0833
v -0.1276 0.5056 0.0888
v -0.0851 0.5056 0.0929
v -0.0425 0.5056 0.0953
v 0.0000 0.5056 0.0962
v 0.0425 0.5056 0.0953
v 0.0851 0.5056 0.0929
v 0.1276 0.5056 0.0888
v 0.1701 0.5056 0.0833
v 0.2127 0.5056 0.0763
v 0.2552 0.5056 0.0680
v 0.2977 0.5056 0.0585
v 0.3403 0.5056 0.0481
v 0.3828 0.5056 0.0368
v 0.4253 0.5056 0.0249
v 0.4679 0.5056 0.0126
v 0.5104 0.5056 0.0000
v -0.5083 0.5444 0.0000
v -0.4660 0.5444 0.0091
v -0.4236 0.5444 0.0181
v -0.3812 0.5444 0.0268
v -0.3389 0.5444 0.0350
v -0.2965 0.5444 0.0426
v -0.2542 0.5444 0.0495
v -0.2118 0.5444 0.0555
v -0.1694 0.5444 0.0606
v -0.1271 0.5444 0.0647
v -0.0847 0.5444 0.0676
v -0.0424 0.5444 0.0694
v 0.0000 0.5444 0.0700
v 0.0424 0.5444 0.0694
v 0.0847 0.5444 0.0676
v 0.1271 0.5444 0.0647
v 0.1694 0.5444 0.0606
v 0.2118 0.5444 0.0555
v 0.2542 0.5444 0.0495
v 0.2965 0.5444 0.0426
v 0.3389 0.5444 0.0350
v 0.3812 0.5444 0.0268
v 0.4236 0.5444 0.0181
v 0.4660 0.5444 0.0091
v 0.5083 0.5444 0.0000
v -0.5062 0.5833 0.0000
v -0.4641 0.5833 0.0060
v -0.4219 0.5833 0.0119
v -0.3797 0.5833 0.0176
v -0.3375 0.5833 0.0230
v -0.2953 0.5833 0.0281
v -0.2531 0.5833 0.0326
v -0.2109 0.5833 0.0366
v -0.1688 0.5833 0.0399
v -0.1266 0.5833 0.0426
v -0.0844 0.5833 0.0445
v -0.0422 0.5833 0.0457
v 0.0000 0.5833 0.0461
v 0.0422 0.5833 0.0457
v 0.0844 0.5833 0.0445
v 0.1266 0.5833 0.0426
v 0.1687 0.5833 0.0399
v 0.2109 0.5833 0.0366
v 0.2531 0.5833 0.0326
v 0.2953 0.5833 0.0281
v 0.3375 0.5833 0.0230
v 0.3797 0.5833 0.0176
v 0.4219 0.5833 0.0119
v 0.4641 0.5833 0.0060
v 0.5062 0.5833 0.0000
v -0.5042 0.6222 0.0000
v -0.4622 0.6222 0.0033
v -0.4201 0.6222 0.0066
v -0.3781 0.6222 0.0097
v -0.3361 0.6222 0.0127
v -0.2941 0.6222 0.0154
v -0.2521 0.6222 0.0179
v -0.2101 0.6222 0.0201
v -0.1681 0.6222 0.0219
v -0.1260 0.6222 0.0234
v -0.0840 0.6222 0.0245
v -0.0420 0.6222 0.0251
v 0.0000 0.6222 0.0253
v 0.0420 0.6222 0.0251
v 0.0840 0.6222 0.0245
v 0.1260 0.6222 0.0234
v 0.1681 0.6222 0.0219
v 0.2101 0.6222 0.0201
v 0.2521 0.6222 0.0179
v 0.2941 0.6222 0.0154
v 0.3361 0.6222 0.0127
v 0.3781 0.6222 0.0097
v 0.4201 0.6222 0.0066
v 0.4622 0.6222 0.0033
v 0.5042 0.6222 0.0000
v -0.5021 0.6611 0.0000
v -0.4602 0.6611 0.0012
v -0.4184 0.6611 0.0023
v -0.3766 0.6611 0.0034
v -0.3347 0.6611 0.0045
v -0.2929 0.6611 0.0055
v -0.2510 0.6611 0.0064
v -0.2092 0.6611 0.0071
v -0.1674 0.6611 0.0078
v -0.1255 0.6611 0.0083
v -0.0837 0.6611 0.0087
v -0.0418 0.6611 0.0089
v 0.0000 0.6611 0.0090
v 0.0418 0.6611 0.0089
v 0.0837 0.6611 0.0087
v 0.1255 0.6611 0.0083
v 0.1674 0.6611 0.0078
v 0.2092 0.6611 0.0071
v 0.2510 0.6611 0.0064
v 0.2929 0.6611 0.0055
v 0.3347 0.6611 0.0045
v 0.3766 0.6611 0.0034
v 0.4184 0.6611 0.0023
v 0.4602 0.6611 0.0012
v 0.5021 0.6611 0.0000
v -0.5000 0.7000 0.0000
v -0.4583 0.7000 0.0000
v -0.4167 0.7000 0.0000
v -0.3750 0.7000 0.0000
v -0.3333 0.7000 0.0000
v -0.2917 0.7000 0.0000
v -0.2500 0.7000 0.0000
v -0.2083 0.7000 0.0000
v -0.1667 0.7000 0.0000
v -0.1250 0.7000 0.0000
v -0.0833 0.7000 0.0000
v -0.0417 0.7000 0.0000
v 0.0000 0.7000 0.0000
v 0.0417 0.7000 0.0000
v 0.0833 0.7000 0.0000
v 0.1250 0.7000 0.0000
v 0.1667 0.7000 0.0000
v 0.2083 0.7000 0.0000
v 0.2500 0.7000 0.0000
v 0.2917 0.7000 0.0000
v 0.3333 0.7000 0.0000
v 0.3750 0.7000 0.0000
v 0.4167 0.7000 0.0000
v 0.4583 0.7000 0.0000
v 0.5000 0.7000 0.0000
v -0.5750 -0.7000 -0.0000
v -0.5271 -0.7000 -0.0000
v -0.4792 -0.7000 -0.0000
v -0.4312 -0.7000 -0.0000
v -0.3833 -0.7000 -0.0000
v -0.3354 -0.7000 -0.0000
v -0.2875 -0.7000 -0.0000
v -0.2396 -0.7000 -0.0000
v -0.1917 -0.7000 -0.0000
v -0.1437 -0.7000 -0.0000
v -0.0958 -0.7000 -0.0000
v -0.0479 -0.7000 -0.0000
v 0.0000 -0.7000 -0.0000
v 0.0479 -0.7000 -0.0000
v 0.0958 -0.7000 -0.0000
v 0.1437 -0.7000 -0.0000
v 0.1917 -0.7000 -0.0000
v 0.2396 -0.7000 -0.0000
v 0.2875 -0.7000 -0.0000
v 0.3354 -0.7000 -0.0000
v 0.3833 -0.7000 -0.0000
v 0.4312 -0.7000 -0.0000
v 0.4792 -0.7000 -0.0000
v 0.5271 -0.7000 -0.0000
v 0.5750 -0.7000 -0.0000
v -0.5729 -0.6611 -0.0000
v -0.5252 -0.6611 -0.0012
v -0.4774 -0.6611 -0.0023
v -0.4297 -0.6611 -0.0034
v -0.3819 -0.6611 -0.0045
v -0.3342 -0.6611 -0.0055
v -0.2865 -0.6611 -0.0064
v -0.2387 -0.6611 -0.0071
v -0.1910 -0.6611 -0.0078
v -0.1432 -0.6611 -0.0083
v -0.0955 -0.6611 -0.0087
v -0.0477 -0.6611 -0.0089
v 0.0000 -0.6611 -0.0090
v 0.0477 -0.6611 -0.0089
v 0.0955 -0.6611 -0.0087
v 0.1432 -0.6611 -0.0083
v 0.1910 -0.6611 -0.0078
v 0.2387 -0.6611 -0.0071
v 0.2865 -0.6611 -0.0064
v 0.3342 -0.6611 -0.0055
v 0.3819 -0.6611 -0.0045
v 0.4297 -0.6611 -0.0034
v 0.4774 -0.6611 -0.0023
v 0.5252 -0.6611 -0.0012
v 0.5729 -0.6611 -0.0000
v -0.5708 -0.6222 -0.0000
v -0.5233 -0.6222 -0.0033
v -0.4757 -0.6222 -0.0066
v -0.4281 -0.6222 -0.0097
v -0.3806 -0.6222 -0.0127
v -0.3330 -0.6222 -0.0154
v -0.2854 -0.6222 -0.0179
v -0.2378 -0.6222 -0.0201
v -0.1903 -0.6222 -0.0219
v -0.1427 -0.6222 -0.0234
v -0.0951 -0.6222 -0.0245
v -0.0476 -0.6222 -0.0251
v 0.0000 -0.6222 -0.0253
v 0.0476 -0.6222 -0.0251
v 0.0951 -0.6222 -0.0245
v 0.1427 -0.6222 -0.0234
v 0.1903 -0.6222 -0.0219
v 0.2378 -0.6222 -0.0201
v 0.2854 -0.6222 -0.0179
v 0.3330 -0.6222 -0.0154
v 0.3806 -0.6222 -0.0127
v 0.4281 -0.6222 -0.0097
v 0.4757 -0.6222 -0.0066
v 0.5233 -0.6222 -0.0033
v 0.5708 -0.6222 -0.0000
v -0.5687 -0.5833 -0.0000
v -0.5214 -0.5833 -0.0060
v -0.4740 -0.5833 -0.0119
v -0.4266 -0.5833 -0.0176
v -0.3792 -0.5833 -0.0230
v -0.3318 -0.5833 -0.0281
v -0.2844 -0.5833 -0.0326
v -0.2370 -0.5833 -0.0366
v -0.1896 -0.5833 -0.0399
v -0.1422 -0.5833 -0.0426
v -0.0948 -0.5833 -0.0445
v -0.0474 -0.5833 -0.0457
v 0.0000 -0.5833 -0.0461
v 0.0474 -0.5833 -0.0457
v 0.0948 -0.5833 -0.0445
v 0.1422 -0.5833 -0.0426
v 0.1896 -0.5833 -0.0399
v 0.2370 -0.5833 -0.0366
v 0.2844 -0.5833 -0.0326
v 0.3318 -0.5833 -0.0281
v 0.3792 -0.5833 -0.0230
v 0.4266 -0.5833 -0.0176
v 0.4740 -0.5833 -0.0119
v 0.5214 -0.5833 -0.0060
v 0.5687 -0.5833 -0.0000
v -0.5667 -0.5444 -0.0000
v -0.5194 -0.5444 -0.0091
v -0.4722 -0.5444 -0.0181
v -0.4250 -0.5444 -0.0268
v -0.3778 -0.5444 -0.0350
v -0.3306 -0.5444 -0.0426
v -0.2833 -0.5444 -0.0495
v -0.2361 -0.5444 -0.0555
v -0.1889 -0.5444 -0.0606
v -0.1417 -0.5444 -0.0647
v -0.0944 -0.5444 -0.0676
v -0.0472 -0.5444 -0.0694
v 0.0000 -0.5444 -0.0700
v 0.0472 -0.5444 -0.0694
v 0.0944 -0.5444 -0.0676
v 0.1417 -0.5444 -0.0647
v 0.1889 -0.5444 -0.0606
v 0.2361 -0.5444 -0.0555
v 0.2833 -0.5444 -0.0495
v 0.3306 -0.5444 -0.0426
v 0.3778 -0.5444 -0.0350
v 0.4250 -0.5444 -0.0268
v 0.4722 -0.5444 -0.0181
v 0.5194 -0.5444 -0.0091
v 0.5667 -0.5444 -0.0000
v -0.5646 -0.5056 -0.0000
v -0.5175 -0.5056 -0.0126
v -0.4705 -0.5056 -0.0249
v -0.4234 -0.5056 -0.0368
v -0.3764 -0.5056 -0.0481
v -0.3293 -0.5056 -0.0585
v -0.2823 -0.5056 -0.0680
v -0.2352 -0.5056 -0.0763
v -0.1882 -0.5056 -0.0833
v -0.1411 -0.5056 -0.0888
v -0.0941 -0.5056 -0.0929
v -0.0470 -0.5056 -0.0953
v 0.0000 -0.5056 -0.0962
v 0.0470 -0.5056 -0.0953
v 0.0941 -0.5056 -0.0929
v 0.1411 -0.5056 -0.0888
v 0.1882 -0.5056 -0.0833
v 0.2352 -0.5056 -0.0763
v 0.2823 -0.5056 -0.0680
v 0.3293 -0.5056 -0.0585
v 0.3764 -0.5056 -0.0481
v 0.4234 -0.5056 -0.0368
v 0.4705 -0.5056 -0.0249
v 0.5175 -0.5056 -0.0126
v 0.5646 -0.5056 -0.0000
v -0.5625 -0.4667 -0.0000
v -0.5156 -0.4667 -0.0162
v -0.4688 -0.4667 -0.0320
v -0.4219 -0.4667 -0.0474
v -0.3750 -0.4667 -0.0619
v -0.3281 -0.4667 -0.0753
v -0.2813 -0.4667 -0.0875
v -0.2344 -0.4667 -0.0982
v -0.1875 -0.4667 -0.1072
v -0.1406 -0.4667 -0.1143
v -0.0937 -0.4667 -0.1195
v -0.0469 -0.4667 -0.1227
v 0.0000 -0.4667 -0.1237
v 0.0469 -0.4667 -0.1227
v 0.0938 -0.4667 -0.1195
v 0.1406 -0.4667 -0.1143
v 0.1875 -0.4667 -0.1072
v 0.2344 -0.4667 -0.0982
v 0.2813 -0.4667 -0.0875
v 0.3281 -0.4667 -0.0753
v 0.3750 -0.4667 -0.0619
v 0.4219 -0.4667 -0.0474
v 0.4687 -0.4667 -0.0320
v 0.5156 -0.4667 -0.0162
v 0.5625 -0.4667 -0.0000
v -0.5604 -0.4278 -0.0000
v -0.5137 -0.4278 -0.0198
v -0.4670 -0.4278 -0.0394
v -0.4203 -0.4278 -0.0582
v -0.3736 -0.4278 -0.0760
v -0.3269 -0.4278 -0.0926
v -0.2802 -0.4278 -0.1075
v -0.2335 -0.4278 -0.1206
v -0.1868 -0.4278 -0.1317
v -0.1401 -0.4278 -0.1405
v -0.0934 -0.4278 -0.1469
v -0.0467 -0.4278 -0.1507
v 0.0000 -0.4278 -0.1520
v 0.0467 -0.4278 -0.1507
v 0.0934 -0.4278 -0.1469
v 0.1401 -0.4278 -0.1405
v 0.1868 -0.4278 -0.1317
v 0.2335 -0.4278 -0.1206
v 0.2802 -0.4278 -0.1075
v 0.3269 -0.4278 -0.0926
v 0.3736 -0.4278 -0.0760
v 0.4203 -0.4278 -0.0582
v 0.4670 -0.4278 -0.0394
v 0.5137 -0.4278 -0.0198
v 0.5604 -0.4278 -0.0000
v -0.5583 -0.3889 -0.0000
v -0.5118 -0.3889 -0.0235
v -0.4653 -0.3889 -0.0467
v -0.4188 -0.3889 -0.0690
v -0.3722 -0.3889 -0.0902
v -0.3257 -0.3889 -0.1098
v -0.2792 -0.3889 -0.1275
v -0.2326 -0.3889 -0.1431
v -0.1861 -0.3889 -0.1562
v -0.1396 -0.3889 -0.1666
v -0.0931 -0.3889 -0.1742
v -0.0465 -0.3889 -0.1788
v 0.0000 -0.3889 -0.1804
v 0.0465 -0.3889 -0.1788
v 0.0931 -0.3889 -0.1742
v 0.1396 -0.3889 -0.1666
v 0.1861 -0.3889 -0.1562
v 0.2326 -0.3889 -0.1431
v 0.2792 -0.3889 -0.1275
v 0.3257 -0.3889 -0.1098
v 0.3722 -0.3889 -0.0902
v 0.4188 -0.3889 -0.0690
v 0.4653 -0.3889 -0.0467
v 0.5118 -0.3889 -0.0235
v 0.5583 -0.3889 -0.0000
v -0.5563 -0.3500 -0.0000
v -0.5099 -0.3500 -0.0272
v -0.4635 -0.3500 -0.0539
v -0.4172 -0.3500 -0.0796
v -0.3708 -0.3500 -0.1041
v -0.3245 -0.3500 -0.1267
v -0.2781 -0.3500 -0.1472
v -0.2318 -0.3500 -0.1651
v -0.1854 -0.3500 -0.1802
v -0.1391 -0.3500 -0.1923
v -0.0927 -0.3500 -0.2010
v -0.0464 -0.3500 -0.2063
v 0.0000 -0.3500 -0.2081
v 0.0464 -0.3500 -0.2063
v 0.0927 -0.3500 -0.2010
v 0.1391 -0.3500 -0.1923
v 0.1854 -0.3500 -0.1802
v 0.2318 -0.3500 -0.1651
v 0.2781 -0.3500 -0.1472
v 0.3245 -0.3500 -0.1267
v 0.3708 -0.3500 -0.1041
v 0.4172 -0.3500 -0.0796
v 0.4635 -0.3500 -0.0539
v 0.5099 -0.3500 -0.0272
v 0.5563 -0.3500 -0.0000
v -0.5542 -0.3111 -0.0000
v -0.5080 -0.3111 -0.0306
v -0.4618 -0.3111 -0.0607
v -0.4156 -0.3111 -0.0898
v -0.3694 -0.3111 -0.1173
v -0.3233 -0.3111 -0.1429
v -0.2771 -0.3111 -0.1659
v -0.2309 -0.3111 -0.1862
v -0.1847 -0.3111 -0.2032
v -0.1385 -0.3111 -0.2168
v -0.0924 -0.3111 -0.2267
v -0.0462 -0.3111 -0.2327
v 0.0000 -0.3111 -0.2347
v 0.0462 -0.3111 -0.2327
v 0.0924 -0.3111 -0.2267
v 0.1385 -0.3111 -0.2168
v 0.1847 -0.3111 -0.2032
v 0.2309 -0.3111 -0.1862
v 0.2771 -0.3111 -0.1659
v 0.3233 -0.3111 -0.1429
v 0.3694 -0.3111 -0.1173
v 0.4156 -0.3111 -0.0898
v 0.4618 -0.3111 -0.0607
v 0.5080 -0.3111 -0.0306
v 0.5542 -0.3111 -0.0000
v -0.5521 -0.2722 -0.0000
v -0.5061 -0.2722 -0.0339
v -0.4601 -0.2722 -0.0672
v -0.4141 -0.2722 -0.0993
v -0.3681 -0.2722 -0.1297
v -0.3220 -0.2722 -0.1580
v -0.2760 -0.2722 -0.1835
v -0.2300 -0.2722 -0.2059
v -0.1840 -0.2722 -0.2247
v -0.1380 -0.2722 -0.2397
v -0.0920 -0.2722 -0.2506
v -0.0460 -0.2722 -0.2573
v 0.0000 -0.2722 -0.2595
v 0.0460 -0.2722 -0.2573
v 0.0920 -0.2722 -0.2506
v 0.1380 -0.2722 -0.2397
v 0.1840 -0.2722 -0.2247
v 0.2300 -0.2722 -0.2059
v 0.2760 -0.2722 -0.1835
v 0.3220 -0.2722 -0.1580
v 0.3681 -0.2722 -0.1297
v 0.4141 -0.2722 -0.0993
v 0.4601 -0.2722 -0.0672
v 0.5061 -0.2722 -0.0339
v 0.5521 -0.2722 -0.0000
v -0.5500 -0.2333 -0.0000
v -0.5042 -0.2333 -0.0368
v -0.4583 -0.2333 -0.0730
v -0.4125 -0.2333 -0.1079
v -0.3667 -0.2333 -0.1410
v -0.3208 -0.2333 -0.1717
v -0.2750 -0.2333 -0.1995
v -0.2292 -0.2333 -0.2238
v -0.1833 -0.2333 -0.2443
v -0.1375 -0.2333 -0.2606
v -0.0917 -0.2333 -0.2725
v -0.0458 -0.2333 -0.2797
v 0.0000 -0.2333 -0.2821
v 0.0458 -0.2333 -0.2797
v 0.0917 -0.2333 -0.2725
v 0.1375 -0.2333 -0.2606
v 0.1833 -0.2333 -0.2443
v 0.2292 -0.2333 -0.2238
v 0.2750 -0.2333 -0.1995
v 0.3208 -0.2333 -0.1717
v 0.3667 -0.2333 -0.1410
v 0.4125 -0.2333 -0.1079
v 0.4583 -0.2333 -0.0730
v 0.5042 -0.2333 -0.0368
v 0.5500 -0.2333 -0.0000
v -0.5479 -0.1944 -0.0000
v -0.5023 -0.1944 -0.0394
v -0.4566 -0.1944 -0.0782
v -0.4109 -0.1944 -0.1156
v -0.3653 -0.1944 -0.1510
v -0.3196 -0.1944 -0.1838
v -0.2740 -0.1944 -0.2135
v -0.2283 -0.1944 -0.2396
v -0.1826 -0.1944 -0.2615
v -0.1370 -0.1944 -0.2790
v -0.0913 -0.1944 -0.2917
v -0.0457 -0.1944 -0.2994
v 0.0000 -0.1944 -0.3020
v 0.0457 -0.1944 -0.2994
v 0.0913 -0.1944 -0.2917
v 0.1370 -0.1944 -0.2790
v 0.1826 -0.1944 -0.2615
v 0.2283 -0.1944 -0.2396
v 0.2740 -0.1944 -0.2135
v 0.3196 -0.1944 -0.1838
v 0.3653 -0.1944 -0.1510
v 0.4109 -0.1944 -0.1156
v 0.4566 -0.1944 -0.0782
v 0.5023 -0.1944 -0.0394
v 0.5479 -0.1944 -0.0000
v -0.5458 -0.1556 -0.0000
v -0.5003 -0.1556 -0.0416
v -0.4549 -0.1556 -0.0825
v -0.4094 -0.1556 -0.1220
v -0.3639 -0.1556 -0.1594
v -0.3184 -0.1556 -0.1941
v -0.2729 -0.1556 -0.2254
v -0.2274 -0.1556 -0.2529
v -0.1819 -0.1556 -0.2761
v -0.1365 -0.1556 -0.2946
v -0.0910 -0.1556 -0.3080
v -0.0455 -0.1556 -0.3161
v 0.0000 -0.1556 -0.3188
v 0.0455 -0.1556 -0.3161
v 0.0910 -0.1556 -0.3080
v 0.1365 -0.1556 -0.2946
v 0.1819 -0.1556 -0.2761
v 0.2274 -0.1556 -0.2529
v 0.2729 -0.1556 -0.2254
v 0.3184 -0.1556 -0.1941
v 0.3639 -0.1556 -0.1594
v 0.4094 -0.1556 -0.1220
v 0.4549 -0.1556 -0.0825
v 0.5003 -0.1556 -0.0416
v 0.5458 -0.1556 -0.0000
v -0.5437 -0.1167 -0.0000
v -0.4984 -0.1167 -0.0434
v -0.4531 -0.1167 -0.0860
v -0.4078 -0.1167 -0.1272
v -0.3625 -0.1167 -0.1661
v -0.3172 -0.1167 -0.2023
v -0.2719 -0.1167 -0.2349
v -0.2266 -0.1167 -0.2636
v -0.1812 -0.1167 -0.2877
v -0.1359 -0.1167 -0.3070
v -0.0906 -0.1167 -0.3209
v -0.0453 -0.1167 -0.3294
v 0.0000 -0.1167 -0.3323
v 0.0453 -0.1167 -0.3294
v 0.0906 -0.1167 -0.3209
v 0.1359 -0.1167 -0.3070
v 0.1812 -0.1167 -0.2877
v 0.2266 -0.1167 -0.2636
v 0.2719 -0.1167 -0.2349
v 0.3172 -0.1167 -0.2023
v 0.3625 -0.1167 -0.1661
v 0.4078 -0.1167 -0.1272
v 0.4531 -0.1167 -0.0860
v 0.4984 -0.1167 -0.0434
v 0.5437 -0.1167 -0.0000
v -0.5417 -0.0778 -0.0000
v -0.4965 -0.0778 -0.0446
v -0.4514 -0.0778 -0.0885
v -0.4063 -0.0778 -0.1309
v -0.3611 -0.0778 -0.1710
v -0.3160 -0.0778 -0.2082
v -0.2708 -0.0778 -0.2419
v -0.2257 -0.0778 -0.2714
v -0.1806 -0.0778 -0.2962
v -0.1354 -0.0778 -0.3160
v -0.0903 -0.0778 -0.3304
v -0.0451 -0.0778 -0.3391
v 0.0000 -0.0778 -0.3421
v 0.0451 -0.0778 -0.3391
v 0.0903 -0.0778 -0.3304
v 0.1354 -0.0778 -0.3160
v 0.1806 -0.0778 -0.2962
v 0.2257 -0.0778 -0.2714
v 0.2708 -0.0778 -0.2419
v 0.3160 -0.0778 -0.2082
v 0.3611 -0.0778 -0.1710
v 0.4063 -0.0778 -0.1309
v 0.4514 -0.0778 -0.0885
v 0.4965 -0.0778 -0.0446
v 0.5417 -0.0778 -0.0000
v -0.5396 -0.0389 -0.0000
v -0.4946 -0.0389 -0.0454
v -0.4497 -0.0389 -0.0901
v -0.4047 -0.0389 -0.1332
v -0.3597 -0.0389 -0.1740
v -0.3148 -0.0389 -0.2119
v -0.2698 -0.0389 -0.2461
v -0.2248 -0.0389 -0.2761
v -0.1799 -0.0389 -0.3014
v -0.1349 -0.0389 -0.3215
v -0.0899 -0.0389 -0.3361
v -0.0450 -0.0389 -0.3450
v 0.0000 -0.0389 -0.3480
v 0.0450 -0.0389 -0.3450
v 0.0899 -0.0389 -0.3361
v 0.1349 -0.0389 -0.3215
v 0.1799 -0.0389 -0.3014
v 0.2248 -0.0389 -0.2761
v 0.2698 -0.0389 -0.2461
v 0.3148 -0.0389 -0.2119
v 0.3597 -0.0389 -0.1740
v 0.4047 -0.0389 -0.1332
v 0.4497 -0.0389 -0.0901
v 0.4946 -0.0389 -0.0454
v 0.5396 -0.0389 -0.0000
v -0.5375 0.0000 -0.0000
v -0.4927 0.0000 -0.0457
v -0.4479 0.0000 -0.0906
v -0.4031 0.0000 -0.1339
v -0.3583 0.0000 -0.1750
v -0.3135 0.0000 -0.2131
v -0.2687 0.0000 -0.2475
v -0.2240 0.0000 -0.2777
v -0.1792 0.0000 -0.3031
v -0.1344 0.0000 -0.3234
v -0.0896 0.0000 -0.3381
v -0.0448 0.0000 -0.3470
v 0.0000 0.0000 -0.3500
v 0.0448 0.0000 -0.3470
v 0.0896 0.0000 -0.3381
v 0.1344 0.0000 -0.3234
v 0.1792 0.0000 -0.3031
v 0.2240 0.0000 -0.2777
v 0.2687 0.0000 -0.2475
v 0.3135 0.0000 -0.2131
v 0.3583 0.0000 -0.1750
v 0.4031 0.0000 -0.1339
v 0.4479 0.0000 -0.0906
v 0.4927 0.0000 -0.0457
v 0.5375 0.0000 -0.0000
v -0.5354 0.0389 -0.0000
v -0.4908 0.0389 -0.0454
v -0.4462 0.0389 -0.0901
v -0.4016 0.0389 -0.1332
v -0.3569 0.0389 -0.1740
v -0.3123 0.0389 -0.2119
v -0.2677 0.0389 -0.2461
v -0.2231 0.0389 -0.2761
v -0.1785 0.0389 -0.3014
v -0.1339 0.0389 -0.3215
v -0.0892 0.0389 -0.3361
v -0.0446 0.0389 -0.3450
v 0.0000 0.0389 -0.3480
v 0.0446 0.0389 -0.3450
v 0.0892 0.0389 -0.3361
v 0.1339 0.0389 -0.3215
v 0.1785 0.0389 -0.3014
v 0.2231 0.0389 -0.2761
v 0.2677 0.0389 -0.2461
v 0.3123 0.0389 -0.2119
v 0.3569 0.0389 -0.1740
v 0.4016 0.0389 -0.1332
v 0.4462 0.0389 -0.0901
v 0.4908 0.0389 -0.0454
v 0.5354 0.0389 -0.0000
v -0.5333 0.0778 -0.0000
v -0.4889 0.0778 -0.0446
v -0.4444 0.0778 -0.0885
v -0.4000 0.0778 -0.1309
v -0.3556 0.0778 -0.1710
v -0.3111 0.0778 -0.2082
v -0.2667 0.0778 -0.2419
v -0.2222 0.0778 -0.2714
v -0.1778 0.0778 -0.2962
v -0.1333 0.0778 -0.3160
v -0.0889 0.0778 -0.3304
v -0.0444 0.0778 -0.3391
v 0.0000 0.0778 -0.3421
v 0.0444 0.0778 -0.3391
v 0.0889 0.0778 -0.3304
v 0.1333 0.0778 -0.3160
v 0.1778 0.0778 -0.2962
v 0.2222 0.0778 -0.2714
v 0.2667 0.0778 -0.2419
v 0.3111 0.0778 -0.2082
v 0.3556 0.0778 -0.1710
v 0.4000 0.0778 -0.1309
v 0.4444 0.0778 -0.0885
v 0.4889 0.0778 -0.0446
v 0.5333 0.0778 -0.0000
v -0.5313 0.1167 -0.0000
v -0.4870 0.1167 -0.0434
v -0.4427 0.1167 -0.0860
v -0.3984 0.1167 -0.1272
v -0.3542 0.1167 -0.1661
v -0.3099 0.1167 -0.2023
v -0.2656 0.1167 -0.2349
v -0.2214 0.1167 -0.2636
v -0.1771 0.1167 -0.2877
v -0.1328 0.1167 -0.3070
v -0.0885 0.1167 -0.3209
v -0.0443 0.1167 -0.3294
v 0.0000 0.1167 -0.3323
v 0.0443 0.1167 -0.3294
v 0.0885 0.1167 -0.3209
v 0.1328 0.1167 -0.3070
v 0.1771 0.1167 -0.2877
v 0.2214 0.1167 -0.2636
v 0.2656 0.1167 -0.2349
v 0.3099 0.1167 -0.2023
v 0.3542 0.1167 -0.1661
v 0.3984 0.1167 -0.1272
v 0.4427 0.1167 -0.0860
v 0.4870 0.1167 -0.0434
v 0.5313 0.1167 -0.0000
v -0.5292 0.1556 -0.0000
v -0.4851 0.1556 -0.0416
v -0.4410 0.1556 -0.0825
v -0.3969 0.1556 -0.1220
v -0.3528 0.1556 -0.1594
v -0.3087 0.1556 -0.1941
v -0.2646 0.1556 -0.2254
v -0.2205 0.1556 -0.2529
v -0.1764 0.1556 -0.2761
v -0.1323 0.1556 -0.2946
v -0.0882 0.1556 -0.3080
v -0.0441 0.1556 -0.3161
v 0.0000 0.1556 -0.3188
v 0.0441 0.1556 -0.3161
v 0.0882 0.1556 -0.3080
v 0.1323 0.1556 -0.2946
v 0.1764 0.1556 -0.2761
v 0.2205 0.1556 -0.2529
v 0.2646 0.1556 -0.2254
v 0.3087 0.1556 -0.1941
v 0.3528 0.1556 -0.1594
v 0.3969 0.1556 -0.1220
v 0.4410 0.1556 -0.0825
v 0.4851 0.1556 -0.0416
v 0.5292 0.1556 -0.0000
v -0.5271 0.1944 -0.0000
v -0.4832 0.1944 -0.0394
v -0.4392 0.1944 -0.0782
v -0.3953 0.1944 -0.1156
v -0.3514 0.1944 -0.1510
v -0.3075 0.1944 -0.1838
v -0.2635 0.1944 -0.2135
v -0.2196 0.1944 -0.2396
v -0.1757 0.1944 -0.2615
v -0.1318 0.1944 -0.2790
v -0.0878 0.1944 -0.2917
v -0.0439 0.1944 -0.2994
v 0.0000 0.1944 -0.3020
v 0.0439 0.1944 -0.2994
v 0.0878 0.1944 -0.2917
v 0.1318 0.1944 -0.2790
v 0.1757 0.1944 -0.2615
v 0.2196 0.1944 -0.2396
v 0.2635 0.1944 -0.2135
v 0.3075 0.1944 -0.1838
v 0.3514 0.1944 -0.1510
v 0.3953 0.1944 -0.1156
v 0.4392 0.1944 -0.0782
v 0.4832 0.1944 -0.0394
v 0.5271 0.1944 -0.0000
v -0.5250 0.2333 -0.0000
v -0.4813 0.2333 -0.0368
v -0.4375 0.2333 -0.0730
v -0.3938 0.2333 -0.1079
v -0.3500 0.2333 -0.1410
v -0.3062 0.2333 -0.1717
v -0.2625 0.2333 -0.1995
v -0.2188 0.2333 -0.2238
v -0.1750 0.2333 -0.2443
v -0.1313 0.2333 -0.2606
v -0.0875 0.2333 -0.2725
v -0.0438 0.2333 -0.2797
v 0.0000 0.2333 -0.2821
v 0.0437 0.2333 -0.2797
v 0.0875 0.2333 -0.2725
v 0.1313 0.2333 -0.2606
v 0.1750 0.2333 -0.2443
v 0.2188 0.2333 -0.2238
v 0.2625 0.2333 -0.1995
v 0.3062 0.2333 -0.1717
v 0.3500 0.2333 -0.1410
v 0.3938 0.2333 -0.1079
v 0.4375 0.2333 -0.0730
v 0.4813 0.2333 -0.0368
v 0.5250 0.2333 -0.0000
v -0.5229 0.2722 -0.0000
v -0.4793 0.2722 -0.0339
v -0.4358 0.2722 -0.0672
v -0.3922 0.2722 -0.0993
v -0.3486 0.2722 -0.1297
v -0.3050 0.2722 -0.1580
v -0.2615 0.2722 -0.1835
v -0.2179 0.2722 -0.2059
v -0.1743 0.2722 -0.2247
v -0.1307 0.2722 -0.2397
v -0.0872 0.2722 -0.2506
v -0.0436 0.2722 -0.2573
v 0.0000 0.2722 -0.2595
v 0.0436 0.2722 -0.2573
v 0.0872 0.2722 -0.2506
v 0.1307 0.2722 -0.2397
v 0.1743 0.2722 -0.2247
v 0.2179 0.2722 -0.2059
v 0.2615 0.2722 -0.1835
v 0.3050 0.2722 -0.1580
v 0.3486 0.2722 -0.1297
v 0.3922 0.2722 -0.0993
v 0.4358 0.2722 -0.0672
v 0.4793 0.2722 -0.0339
v 0.5229 0.2722 -0.0000
v -0.5208 0.3111 -0.0000
v -0.4774 0.3111 -0.0306
v -0.4340 0.3111 -0.0607
v -0.3906 0.3111 -0.0898
v -0.3472 0.3111 -0.1173
v -0.3038 0.3111 -0.1429
v -0.2604 0.3111 -0.1659
v -0.2170 0.3111 -0.1862
v -0.1736 0.3111 -0.2032
v -0.1302 0.3111 -0.2168
v -0.0868 0.3111 -0.2267
v -0.0434 0.3111 -0.2327
v 0.0000 0.3111 -0.2347
v 0.0434 0.3111 -0.2327
v 0.0868 0.3111 -0.2267
v 0.1302 0.3111 -0.2168
v 0.1736 0.3111 -0.2032
v 0.2170 0.3111 -0.1862
v 0.2604 0.3111 -0.1659
v 0.3038 0.3111 -0.1429
v 0.3472 0.3111 -0.1173
v 0.3906 0.3111 -0.0898
v 0.4340 0.3111 -0.0607
v 0.4774 0.3111 -0.0306
v 0.5208 0.3111 -0.0000
v -0.5188 0.3500 -0.0000
v -0.4755 0.3500 -0.0272
v -0.4323 0.3500 -0.0539
v -0.3891 0.3500 -0.0796
v -0.3458 0.3500 -0.1041
v -0.3026 0.3500 -0.1267
v -0.2594 0.3500 -0.1472
v -0.2161 0.3500 -0.1651
v -0.1729 0.3500 -0.1802
v -0.1297 0.3500 -0.1923
v -0.0865 0.3500 -0.2010
v -0.0432 0.3500 -0.2063
v 0.0000 0.3500 -0.2081
v 0.0432 0.3500 -0.2063
v 0.0865 0.3500 -0.2010
v 0.1297 0.3500 -0.1923
v 0.1729 0.3500 -0.1802
v 0.2161 0.3500 -0.1651
v 0.2594 0.3500 -0.1472
v 0.3026 0.3500 -0.1267
v 0.3458 0.3500 -0.1041
v 0.3891 0.3500 -0.0796
v 0.4323 0.3500 -0.0539
v 0.4755 0.3500 -0.0272
v 0.5188 0.3500 -0.0000
v -0.5167 0.3889 -0.0000
v -0.4736 0.3889 -0.0235
v -0.4306 0.3889 -0.0467
v -0.3875 0.3889 -0.0690
v -0.3444 0.3889 -0.0902
v -0.3014 0.3889 -0.1098
v -0.2583 0.3889 -0.1275
v -0.2153 0.3889 -0.1431
v -0.1722 0.3889 -0.1562
v -0.1292 0.3889 -0.1666
v -0.0861 0.3889 -0.1742
v -0.0431 0.3889 -0.1788
v 0.0000 0.3889 -0.1804
v 0.0431 0.3889 -0.1788
v 0.0861 0.3889 -0.1742
v 0.1292 0.3889 -0.1666
v 0.1722 0.3889 -0.1562
v 0.2153 0.3889 -0.1431
v 0.2583 0.3889 -0.1275
v 0.3014 0.3889 -0.1098
v 0.3444 0.3889 -0.0902
v 0.3875 0.3889 -0.0690
v 0.4306 0.3889 -0.0467
v 0.4736 0.3889 -0.0235
v 0.5167 0.3889 -0.0000
v -0.5146 0.4278 -0.0000
v -0.4717 0.4278 -0.0198
v -0.4288 0.4278 -0.0394
v -0.3859 0.4278 -0.0582
v -0.3431 0.4278 -0.0760
v -0.3002 0.4278 -0.0926
v -0.2573 0.4278 -0.1075
v -0.2144 0.4278 -0.1206
v -0.1715 0.4278 -0.1317
v -0.1286 0.4278 -0.1405
v -0.0858 0.4278 -0.1469
v -0.0429 0.4278 -0.1507
v 0.0000 0.4278 -0.1520
v 0.0429 0.4278 -0.1507
v 0.0858 0.4278 -0.1469
v 0.1286 0.4278 -0.1405
v 0.1715 0.4278 -0.1317
v 0.2144 0.4278 -0.1206
v 0.2573 0.4278 -0.1075
v 0.3002 0.4278 -0.0926
v 0.3431 0.4278 -0.0760
v 0.3859 0.4278 -0.0582
v 0.4288 0.4278 -0.0394
v 0.4717 0.4278 -0.0198
v 0.5146 0.4278 -0.0000
v -0.5125 0.4667 -0.0000
v -0.4698 0.4667 -0.0162
v -0.4271 0.4667 -0.0320
v -0.3844 0.4667 -0.0474
v -0.3417 0.4667 -0.0619
v -0.2990 0.4667 -0.0753
v -0.2562 0.4667 -0.0875
v -0.2135 0.4667 -0.0982
v -0.1708 0.4667 -0.1072
v -0.1281 0.4667 -0.1143
v -0.0854 0.4667 -0.1195
v -0.0427 0.4667 -0.1227
v 0.0000 0.4667 -0.1237
v 0.0427 0.4667 -0.1227
v 0.0854 0.4667 -0.1195
v 0.1281 0.4667 -0.1143
v 0.1708 0.4667 -0.1072
v 0.2135 0.4667 -0.0982
v 0.2562 0.4667 -0.0875
v 0.2990 0.4667 -0.0753
v 0.3417 0.4667 -0.0619
v 0.3844 0.4667 -0.0474
v 0.4271 0.4667 -0.0320
v 0.4698 0.4667 -0.0162
v 0.5125 0.4667 -0.0000
v -0.5104 0.5056 -0.0000
v -0.4679 0.5056 -0.0126
v -0.4253 0.5056 -0.0249
v -0.3828 0.5056 -0.0368
v -0.3403 0.5056 -0.0481
v -0.2977 0.5056 -0.0585
v -0.2552 0.5056 -0.0680
v -0.2127 0.5056 -0.0763
v -0.1701 0.5056 -0.0833
v -0.1276 0.5056 -0.0888
v -0.0851 0.5056 -0.0929
v -0.0425 0.5056 -0.0953
v 0.0000 0.5056 -0.0962
v 0.0425 0.5056 -0.0953
v 0.0851 0.5056 -0.0929
v 0.1276 0.5056 -0.0888
v 0.1701 0.5056 -0.0833
v 0.2127 0.5056 -0.0763
v 0.2552 0.5056 -0.0680
v 0.2977 0.5056 -0.0585
v 0.3403 0.5056 -0.0481
v 0.3828 0.5056 -0.0368
v 0.4253 0.5056 -0.0249
v 0.4679 0.5056 -0.0126
v 0.5104 0.5056 -0.0000
v -0.5083 0.5444 -0.0000
v -0.4660 0.5444 -0.0091
v -0.4236 0.5444 -0.0181
v -0.3812 0.5444 -0.0268
v -0.3389 0.5444 -0.0350
v -0.2965 0.5444 -0.0426
v -0.2542 0.5444 -0.0495
v -0.2118 0.5444 -0.0555
v -0.1694 0.5444 -0.0606
v -0.1271 0.5444 -0.0647
v -0.0847 0.5444 -0.0676
v -0.0424 0.5444 -0.0694
v 0.0000 0.5444 -0.0700
v 0.0424 0.5444 -0.0694
v 0.0847 0.5444 -0.0676
v 0.1271 0.5444 -0.0647
v 0.1694 0.5444 -0.0606
v 0.2118 0.5444 -0.0555
v 0.2542 0.5444 -0.0495
v 0.2965 0.5444 -0.0426
v 0.3389 0.5444 -0.0350
v 0.3812 0.5444 -0.0268
v 0.4236 0.5444 -0.0181
v 0.4660 0.5444 -0.0091
v 0.5083 0.5444 -0.0000
v -0.5062 0.5833 -0.0000
v -0.4641 0.5833 -0.0060
v -0.4219 0.5833 -0.0119
v -0.3797 0.5833 -0.0176
v -0.3375 0.5833 -0.0230
v -0.2953 0.5833 -0.0281
v -0.2531 0.5833 -0.0326
v -0.2109 0.5833 -0.0366
v -0.1688 0.5833 -0.0399
v -0.1266 0.5833 -0.0426
v -0.0844 0.5833 -0.0445
v -0.0422 0.5833 -0.0457
v 0.0000 0.5833 -0.0461
v 0.0422 0.5833 -0.0457
v 0.0844 0.5833 -0.0445
v 0.1266 0.5833 -0.0426
v 0.1687 0.5833 -0.0399
v 0.2109 0.5833 -0.0366
v 0.2531 0.5833 -0.0326
v 0.2953 0.5833 -0.0281
v 0.3375 0.5833 -0.0230
v 0.3797 0.5833 -0.0176
v 0.4219 0.5833 -0.0119
v 0.4641 0.5833 -0.0060
v 0.5062 0.5833 -0.0000
v -0.5042 0.6222 -0.0000
v -0.4622 0.6222 -0.0033
v -0.4201 0.6222 -0.0066
v -0.3781 0.6222 -0.0097
v -0.3361 0.6222 -0.0127
v -0.2941 0.6222 -0.0154
v -0.2521 0.6222 -0.0179
v -0.2101 0.6222 -0.0201
v -0.1681 0.6222 -0.0219
v -0.1260 0.6222 -0.0234
v -0.0840 0.6222 -0.0245
v -0.0420 0.6222 -0.0251
v 0.0000 0.6222 -0.0253
v 0.0420 0.6222 -0.0251
v 0.0840 0.6222 -0.0245
v 0.1260 0.6222 -0.0234
v 0.1681 0.6222 -0.0219
v 0.2101 0.6222 -0.0201
v 0.2521 0.6222 -0.0179
v 0.2941 0.6222 -0.0154
v 0.3361 0.6222 -0.0127
v 0.3781 0.6222 -0.0097
v 0.4201 0.6222 -0.0066
v 0.4622 0.6222 -0.0033
v 0.5042 0.6222 -0.0000
v -0.5021 0.6611 -0.0000
v -0.4602 0.6611 -0.0012
v -0.4184 0.6611 -0.0023
v -0.3766 0.6611 -0.0034
v -0.3347 0.6611 -0.0045
v -0.2929 0.6611 -0.0055
v -0.2510 0.6611 -0.0064
v -0.2092 0.6611 -0.0071
v -0.1674 0.6611 -0.0078
v -0.1255 0.6611 -0.0083
v -0.0837 0.6611 -0.0087
v -0.0418 0.6611 -0.0089
v 0.0000 0.6611 -0.0090
v 0.0418 0.6611 -0.0089
v 0.0837 0.6611 -0.0087
v 0.1255 0.6611 -0.0083
v 0.1674 0.6611 -0.0078
v 0.2092 0.6611 -0.0071
v 0.2510 0.6611 -0.0064
v 0.2929 0.6611 -0.0055
v 0.3347 0.6611 -0.0045
v 0.3766 0.6611 -0.0034
v 0.4184 0.6611 -0.0023
v 0.4602 0.6611 -0.0012
v 0.5021 0.6611 -0.0000
v -0.5000 0.7000 -0.0000
v -0.4583 0.7000 -0.0000
v -0.4167 0.7000 -0.0000
v -0.3750 0.7000 -0.0000
v -0.3333 0.7000 -0.0000
v -0.2917 0.7000 -0.0000
v -0.2500 0.7000 -0.0000
v -0.2083 0.7000 -0.0000
v -0.1667 0.7000 -0.0000
v -0.1250 0.7000 -0.0000
v -0.0833 0.7000 -0.0000
v -0.0417 0.7000 -0.0000
v 0.0000 0.7000 -0.0000
v 0.0417 0.7000 -0.0000
v 0.0833 0.7000 -0.0000
v 0.1250 0.7000 -0.0000
v 0.1667 0.7000 -0.0000
v 0.2083 0.7000 -0.0000
v 0.2500 0.7000 -0.0000
v 0.2917 0.7000 -0.0000
v 0.3333 0.7000 -0.0000
v 0.3750 0.7000 -0.0000
v 0.4167 0.7000 -0.0000
v 0.4583 0.7000 -0.0000
v 0.5000 0.7000 -0.0000
vt 0.0000 0.0000
vt 0.0417 0.0000
vt 0.0833 0.0000
vt 0.1250 0.0000
vt 0.1667 0.0000
vt 0.2083 0.0000
vt 0.2500 0.0000
vt 0.2917 0.0000
vt 0.3333 0.0000
vt 0.3750 0.0000
vt 0.4167 0.0000
vt 0.4583 0.0000
vt 0.5000 0.0000
vt 0.5417 0.0000
vt 0.5833 0.0000
vt 0.6250 0.0000
vt 0.6667 0.0000
vt 0.7083 0.0000
vt 0.7500 0.0000
vt 0.7917 0.0000
vt 0.8333 0.0000
vt 0.8750 0.0000
vt 0.9167 0.0000
vt 0.9583 0.0000
vt 1.0000 0.0000
vt 0.0000 0.0278
vt 0.0417 0.0278
vt 0.0833 0.0278
vt 0.1250 0.0278
vt 0.1667 0.0278
vt 0.2083 0.0278
vt 0.2500 0.0278
vt 0.2917 0.0278
vt 0.3333 0.0278
vt 0.3750 0.0278
vt 0.4167 0.0278
vt 0.4583 0.0278
vt 0.5000 0.0278
vt 0.5417 0.0278
vt 0.5833 0.0278
vt 0.6250 0.0278
vt 0.6667 0.0278
vt 0.7083 0.0278
vt 0.7500 0.0278
vt 0.7917 0.0278
vt 0.8333 0.0278
vt 0.8750 0.0278
vt 0.9167 0.0278
vt 0.9583 0.0278
vt 1.0000 0.0278
vt 0.0000 0.0556
vt 0.0417 0.0556
vt 0.0833 0.0556
vt 0.1250 0.0556
vt 0.1667 0.0556
vt 0.2083 0.0556
vt 0.2500 0.0556
vt 0.2917 0.0556
vt 0.3333 0.0556
vt 0.3750 0.0556
vt 0.4167 0.0556
vt 0.4583 0.0556
vt 0.5000 0.0556
vt 0.5417 0.0556
vt 0.5833 0.0556
vt 0.6250 0.0556
vt 0.6667 0.0556
vt 0.7083 0.0556
vt 0.7500 0.0556
vt 0.7917 0.0556
vt 0.8333 0.0556
vt 0.8750 0.0556
vt 0.9167 0.0556
vt 0.9583 0.0556
vt 1.0000 0.0556
vt 0.0000 0.0833
vt 0.0417 0.0833
vt 0.0833 0.0833
vt 0.1250 0.0833
vt 0.1667 0.0833
vt 0.2083 0.0833
vt 0.2500 0.0833
vt 0.2917 0.0833
vt 0.3333 0.0833
vt 0.3750 0.0833
vt 0.4167 0.0833
vt 0.4583 0.0833
vt 0.5000 0.0833
vt 0.5417 0.0833
vt 0.5833 0.0833
vt 0.6250 0.0833
vt 0.6667 0.0833
vt 0.7083 0.0833
vt 0.7500 0.0833
vt 0.7917 0.0833
vt 0.8333 0.0833
vt 0.8750 0.0833
vt 0.9167 0.0833
vt 0.9583 0.0833
vt 1.0000 0.0833
vt 0.0000 0.1111
vt 0.0417 0.1111
vt 0.0833 0.1111
vt 0.1250 0.1111
vt 0.1667 0.1111
vt 0.2083 0.1111
vt 0.2500 0.1111
vt 0.2917 0.1111
vt 0.3333 0.1111
vt 0.3750 0.1111
vt 0.4167 0.1111
vt 0.4583 0.1111
vt 0.5000 0.1111
vt 0.5417 0.1111
vt 0.5833 0.1111
vt 0.6250 0.1111
vt 0.6667 0.1111
vt 0.7083 0.1111
vt 0.7500 0.1111
vt 0.7917 0.1111
vt 0.8333 0.1111
vt 0.8750 0.1111
vt 0.9167 0.1111
vt 0.9583 0.1111
vt 1.0000 0.1111
vt 0.0000 0.1389
vt 0.0417 0.1389
vt 0.0833 0.1389
vt 0.1250 0.1389
vt 0.1667 0.1389
vt 0.2083 0.1389
vt 0.2500 0.1389
vt 0.2917 0.1389
vt 0.3333 0.1389
vt 0.3750 0.1389
vt 0.4167 0.1389
vt 0.4583 0.1389
vt 0.5000 0.1389
vt 0.5417 0.1389
vt 0.5833 0.1389
vt 0.6250 0.1389
vt 0.6667 0.1389
vt 0.7083 0.1389
vt 0.7500 0.1389
vt 0.7917 0.1389
vt 0.8333 0.1389
vt 0.8750 0.1389
vt 0.9167 0.1389
vt 0.9583 0.1389
vt 1.0000 0.1389
vt 0.0000 0.1667
vt 0.0417 0.1667
vt 0.0833 0.1667
vt 0.1250 0.1667
vt 0.1667 0.1667
vt 0.2083 0.1667
vt 0.2500 0.1667
vt 0.2917 0.1667
vt 0.3333 0.1667
vt 0.3750 0.1667
vt 0.4167 0.1667
vt 0.4583 0.1667
vt 0.5000 0.1667
vt 0.5417 0.1667
vt 0.5833 0.1667
vt 0.6250 0.1667
vt 0.6667 0.1667
vt 0.7083 0.1667
vt 0.7500 0.1667
vt 0.7917 0.1667
vt 0.8333 0.1667
vt 0.8750 0.1667
vt 0.9167 0.1667
vt 0.9583 0.1667
vt 1.0000 0.1667
vt 0.0000 0.1944
vt 0.0417 0.1944
vt 0.0833 0.1944
vt 0.1250 0.1944
vt 0.1667 0.1944
vt 0.2083 0.1944
vt 0.2500 0.1944
vt 0.2917 0.1944
vt 0.3333 0.1944
vt 0.3750 0.1944
vt 0.4167 0.1944
vt 0.4583 0.1944
vt 0.5000 0.1944
vt 0.5417 0.1944
vt 0.5833 0.1944
vt 0.6250 0.1944
vt 0.6667 0.1944
vt 0.7083 0.1944
vt 0.7500 0.1944
vt 0.7917 0.1944
vt 0.8333 0.1944
vt 0.8750 0.1944
vt 0.9167 0.1944
vt 0.9583 0.1944
vt 1.0000 0.1944
vt 0.0000 0.2222
vt 0.0417 0.2222
vt 0.0833 0.2222
vt 0.1250 0.2222
vt 0.1667 0.2222
vt 0.2083 0.2222
vt 0.2500 0.2222
vt 0.2917 0.2222
vt 0.3333 0.2222
vt 0.3750 0.2222
vt 0.4167 0.2222
vt 0.4583 0.2222
vt 0.5000 0.2222
vt 0.5417 0.2222
vt 0.5833 0.2222
vt 0.6250 0.2222
vt 0.6667 0.2222
vt 0.7083 0.2222
vt 0.7500 0.2222
vt 0.7917 0.2222
vt 0.8333 0.2222
vt 0.8750 0.2222
vt 0.9167 0.2222
vt 0.9583 0.2222
vt 1.0000 0.2222
vt 0.0000 0.2500
vt 0.0417 0.2500
vt 0.0833 0.2500
vt 0.1250 0.2500
vt 0.1667 0.2500
vt 0.2083 0.2500
vt 0.2500 0.2500
vt 0.2917 0.2500
vt 0.3333 0.2500
vt 0.3750 0.2500
vt 0.4167 0.2500
vt 0.4583 0.2500
vt 0.5000 0.2500
vt 0.5417 0.2500
vt 0.5833 0.2500
vt 0.6250 0.2500
vt 0.6667 0.2500
vt 0.7083 0.2500
vt 0.7500 0.2500
vt 0.7917 0.2500
vt 0.8333 0.2500
vt 0.8750 0.2500
vt 0.9167 0.2500
vt 0.9583 0.2500
vt 1.0000 0.2500
vt 0.0000 0.2778
vt 0.0417 0.2778
vt 0.0833 0.2778
vt 0.1250 0.2778
vt 0.1667 0.2778
vt 0.2083 0.2778
vt 0.2500 0.2778
vt 0.2917 0.2778
vt 0.3333 0.2778
vt 0.3750 0.2778
vt 0.4167 0.2778
vt 0.4583 0.2778
vt 0.5000 0.2778
vt 0.5417 0.2778
vt 0.5833 0.2778
vt 0.6250 0.2778
vt 0.6667 0.2778
vt 0.7083 0.2778
vt 0.7500 0.2778
vt 0.7917 0.2778
vt 0.8333 0.2778
vt 0.8750 0.2778
vt 0.9167 0.2778
vt 0.9583 0.2778
vt 1.0000 0.2778
vt 0.0000 0.3056
vt 0.0417 0.3056
vt 0.0833 0.3056
vt 0.1250 0.3056
vt 0.1667 0.3056
vt 0.2083 0.3056
vt 0.2500 0.3056
vt 0.2917 0.3056
vt 0.3333 0.3056
vt 0.3750 0.3056
vt 0.4167 0.3056
vt 0.4583 0.3056
vt 0.5000 0.3056
vt 0.5417 0.3056
vt 0.5833 0.3056
vt 0.6250 0.3056
vt 0.6667 0.3056
vt 0.7083 0.3056
vt 0.7500 0.3056
vt 0.7917 0.3056
vt 0.8333 0.3056
vt 0.8750 0.3056
vt 0.9167 0.3056
vt 0.9583 0.3056
vt 1.0000 0.3056
vt 0.0000 0.3333
vt 0.0417 0.3333
vt 0.0833 0.3333
vt 0.1250 0.3333
vt 0.1667 0.3333
vt 0.2083 0.3333
vt 0.2500 0.3333
vt 0.2917 0.3333
vt 0.3333 0.3333
vt 0.3750 0.3333
vt 0.4167 0.3333
vt 0.4583 0.3333
vt 0.5000 0.3333
vt 0.5417 0.3333
vt 0.5833 0.3333
vt 0.6250 0.3333
vt 0.6667 0.3333
vt 0.7083 0.3333
vt 0.7500 0.3333
vt 0.7917 0.3333
vt 0.8333 0.3333
vt 0.8750 0.3333
vt 0.9167 0.3333
vt 0.9583 0.3333
vt 1.0000 0.3333
vt 0.0000 0.3611
vt 0.0417 0.3611
vt 0.0833 0.3611
vt 0.1250 0.3611
vt 0.1667 0.3611
vt 0.2083 0.3611
vt 0.2500 0.3611
vt 0.2917 0.3611
vt 0.3333 0.3611
vt 0.3750 0.3611
vt 0.4167 0.3611
vt 0.4583 0.3611
vt 0.5000 0.3611
vt 0.5417 0.3611
vt 0.5833 0.3611
vt 0.6250 0.3611
vt 0.6667 0.3611
vt 0.7083 0.3611
vt 0.7500 0.3611
vt 0.7917 0.3611
vt 0.8333 0.3611
vt 0.8750 0.3611
vt 0.9167 0.3611
vt 0.9583 0.3611
vt 1.0000 0.3611
vt 0.0000 0.3889
vt 0.0417 0.3889
vt 0.0833 0.3889
vt 0.1250 0.3889
vt 0.1667 0.3889
vt 0.2083 0.3889
vt 0.2500 0.3889
vt 0.2917 0.3889
vt 0.3333 0.3889
vt 0.3750 0.3889
vt 0.4167 0.3889
vt 0.4583 0.3889
vt 0.5000 0.3889
vt 0.5417 0.3889
vt 0.5833 0.3889
vt 0.6250 0.3889
vt 0.6667 0.3889
vt 0.7083 0.3889
vt 0.7500 0.3889
vt 0.7917 0.3889
vt 0.8333 0.3889
vt 0.8750 0.3889
vt 0.9167 0.3889
vt 0.9583 0.3889
vt 1.0000 0.3889
vt 0.0000 0.4167
vt 0.0417 0.4167
vt 0.0833 0.4167
vt 0.1250 0.4167
vt 0.1667 0.4167
vt 0.2083 0.4167
vt 0.2500 0.4167
vt 0.2917 0.4167
vt 0.3333 0.4167
vt 0.3750 0.4167
vt 0.4167 0.4167
vt 0.4583 0.4167
vt 0.5000 0.4167
vt 0.5417 0.4167
vt 0.5833 0.4167
vt 0.6250 0.4167
vt 0.6667 0.4167
vt 0.7083 0.4167
vt 0.7500 0.4167
vt 0.7917 0.4167
vt 0.8333 0.4167
vt 0.8750 0.4167
vt 0.9167 0.4167
vt 0.9583 0.4167
vt 1.0000 0.4167
vt 0.0000 0.4444
vt 0.0417 0.4444
vt 0.0833 0.4444
vt 0.1250 0.4444
vt 0.1667 0.4444
vt 0.2083 0.4444
vt 0.2500 0.4444
vt 0.2917 0.4444
vt 0.3333 0.4444
vt 0.3750 0.4444
vt 0.4167 0.4444
vt 0.4583 0.4444
vt 0.5000 0.4444
vt 0.5417 0.4444
vt 0.5833 0.4444
vt 0.6250 0.4444
vt 0.6667 0.4444
vt 0.7083 0.4444
vt 0.7500 0.4444
vt 0.7917 0.4444
vt 0.8333 0.4444
vt 0.8750 0.4444
vt 0.9167 0.4444
vt 0.9583 0.4444
vt 1.0000 0.4444
vt 0.0000 0.4722
vt 0.0417 0.4722
vt 0.0833 0.4722
vt 0.1250 0.4722
vt 0.1667 0.4722
vt 0.2083 0.4722
vt 0.2500 0.4722
vt 0.2917 0.4722
vt 0.3333 0.4722
vt 0.3750 0.4722
vt 0.4167 0.4722
vt 0.4583 0.4722
vt 0.5000 0.4722
vt 0.5417 0.4722
vt 0.5833 0.4722
vt 0.6250 0.4722
vt 0.6667 0.4722
vt 0.7083 0.4722
vt 0.7500 0.4722
vt 0.7917 0.4722
vt 0.8333 0.4722
vt 0.8750 0.4722
vt 0.9167 0.4722
vt 0.9583 0.4722
vt 1.0000 0.4722
vt 0.0000 0.5000
vt 0.0417 0.5000
vt 0.0833 0.5000
vt 0.1250 0.5000
vt 0.1667 0.5000
vt 0.2083 0.5000
vt 0.2500 0.5000
vt 0.2917 0.5000
vt 0.3333 0.5000
vt 0.3750 0.5000
vt 0.4167 0.5000
vt 0.4583 0.5000
vt 0.5000 0.5000
vt 0.5417 0.5000
vt 0.5833 0.5000
vt 0.6250 0.5000
vt 0.6667 0.5000
vt 0.7083 0.5000
vt 0.7500 0.5000
vt 0.7917 0.5000
vt 0.8333 0.5000
vt 0.8750 0.5000
vt 0.9167 0.5000
vt 0.9583 0.5000
vt 1.0000 0.5000
vt 0.0000 0.5278
vt 0.0417 0.5278
vt 0.0833 0.5278
vt 0.1250 0.5278
vt 0.1667 0.5278
vt 0.2083 0.5278
vt 0.2500 0.5278
vt 0.2917 0.5278
vt 0.3333 0.5278
vt 0.3750 0.5278
vt 0.4167 0.5278
vt 0.4583 0.5278
vt 0.5000 0.5278
vt 0.5417 0.5278
vt 0.5833 0.5278
vt 0.6250 0.5278
vt 0.6667 0.5278
vt 0.7083 0.5278
vt 0.7500 0.5278
vt 0.7917 0.5278
vt 0.8333 0.5278
vt 0.8750 0.5278
vt 0.9167 0.5278
vt 0.9583 0.5278
vt 1.0000 0.5278
vt 0.0000 0.5556
vt 0.0417 0.5556
vt 0.0833 0.5556
vt 0.1250 0.5556
vt 0.1667 0.5556
vt 0.2083 0.5556
vt 0.2500 0.5556
vt 0.2917 0.5556
vt 0.3333 0.5556
vt 0.3750 0.5556
vt 0.4167 0.5556
vt 0.4583 0.5556
vt 0.5000 0.5556
vt 0.5417 0.5556
vt 0.5833 0.5556
vt 0.6250 0.5556
vt 0.6667 0.5556
vt 0.7083 0.5556
vt 0.7500 0.5556
vt 0.7917 0.5556
vt 0.8333 0.5556
vt 0.8750 0.5556
vt 0.9167 0.5556
vt 0.9583 0.5556
vt 1.0000 0.5556
vt 0.0000 0.5833
vt 0.0417 0.5833
vt 0.0833 0.5833
vt 0.1250 0.5833
vt 0.1667 0.5833
vt 0.2083 0.5833
vt 0.2500 0.5833
vt 0.2917 0.5833
vt 0.3333 0.5833
vt 0.3750 0.5833
vt 0.4167 0.5833
vt 0.4583 0.5833
vt 0.5000 0.5833
vt 0.5417 0.5833
vt 0.5833 0.5833
vt 0.6250 0.5833
vt 0.6667 0.5833
vt 0.7083 0.5833
vt 0.7500 0.5833
vt 0.7917 0.5833
vt 0.8333 0.5833
vt 0.8750 0.5833
vt 0.9167 0.5833
vt 0.9583 0.5833
vt 1.0000 0.5833
vt 0.0000 0.6111
vt 0.0417 0.6111
vt 0.0833 0.6111
vt 0.1250 0.6111
vt 0.1667 0.6111
vt 0.2083 0.6111
vt 0.2500 0.6111
vt 0.2917 0.6111
vt 0.3333 0.6111
vt 0.3750 0.6111
vt 0.4167 0.6111
vt 0.4583 0.6111
vt 0.5000 0.6111
vt 0.5417 0.6111
vt 0.5833 0.6111
vt 0.6250 0.6111
vt 0.6667 0.6111
vt 0.7083 0.6111
vt 0.7500 0.6111
vt 0.7917 0.6111
vt 0.8333 0.6111
vt 0.8750 0.6111
vt 0.9167 0.6111
vt 0.9583 0.6111
vt 1.0000 0.6111
vt 0.0000 0.6389
vt 0.0417 0.6389
vt 0.0833 0.6389
vt 0.1250 0.6389
vt 0.1667 0.6389
vt 0.2083 0.6389
vt 0.2500 0.6389
vt 0.2917 0.6389
vt 0.3333 0.6389
vt 0.3750 0.6389
vt 0.4167 0.6389
vt 0.4583 0.6389
vt 0.5000 0.6389
vt 0.5417 0.6389
vt 0.5833 0.6389
vt 0.6250 0.6389
vt 0.6667 0.6389
vt 0.7083 0.6389
vt 0.7500 0.6389
vt 0.7917 0.6389
vt 0.8333 0.6389
vt 0.8750 0.6389
vt 0.9167 0.6389
vt 0.9583 0.6389
vt 1.0000 0.6389
vt 0.0000 0.6667
vt 0.0417 0.6667
vt 0.0833 0.6667
vt 0.1250 0.6667
vt 0.1667 0.6667
vt 0.2083 0.6667
vt 0.2500 0.6667
vt 0.2917 0.6667
vt 0.3333 0.6667
vt 0.3750 0.6667
vt 0.4167 0.6667
vt 0.4583 0.6667
vt 0.5000 0.6667
vt 0.5417 0.6667
vt 0.5833 0.6667
vt 0.6250 0.6667
vt 0.6667 0.6667
vt 0.7083 0.6667
vt 0.7500 0.6667
vt 0.7917 0.6667
vt 0.8333 0.6667
vt 0.8750 0.6667
vt 0.9167 0.6667
vt 0.9583 0.6667
vt 1.0000 0.6667
vt 0.0000 0.6944
vt 0.0417 0.6944
vt 0.0833 0.6944
vt 0.1250 0.6944
vt 0.1667 0.6944
vt 0.2083 0.6944
vt 0.2500 0.6944
vt 0.2917 0.6944
vt 0.3333 0.6944
vt 0.3750 0.6944
vt 0.4167 0.6944
vt 0.4583 0.6944
vt 0.5000 0.6944
vt 0.5417 0.6944
vt 0.5833 0.6944
vt 0.6250 0.6944
vt 0.6667 0.6944
vt 0.7083 0.6944
vt 0.7500 0.6944
vt 0.7917 0.6944
vt 0.8333 0.6944
vt 0.8750 0.6944
vt 0.9167 0.6944
vt 0.9583 0.6944
vt 1.0000 0.6944
vt 0.0000 0.7222
vt 0.0417 0.7222
vt 0.0833 0.7222
vt 0.1250 0.7222
vt 0.1667 0.7222
vt 0.2083 0.7222
vt 0.2500 0.7222
vt 0.2917 0.7222
vt 0.3333 0.7222
vt 0.3750 0.7222
vt 0.4167 0.7222
vt 0.4583 0.7222
vt 0.5000 0.7222
vt 0.5417 0.7222
vt 0.5833 0.7222
vt 0.6250 0.7222
vt 0.6667 0.7222
vt 0.7083 0.7222
vt 0.7500 0.7222
vt 0.7917 0.7222
vt 0.8333 0.7222
vt 0.8750 0.7222
vt 0.9167 0.7222
vt 0.9583 0.7222
vt 1.0000 0.7222
vt 0.0000 0.7500
vt 0.0417 0.7500
vt 0.0833 0.7500
vt 0.1250 0.7500
vt 0.1667 0.7500
vt 0.2083 0.7500
vt 0.2500 0.7500
vt 0.2917 0.7500
vt 0.3333 0.7500
vt 0.3750 0.7500
vt 0.4167 0.7500
vt 0.4583 0.7500
vt 0.5000 0.7500
vt 0.5417 0.7500
vt 0.5833 0.7500
vt 0.6250 0.7500
vt 0.6667 0.7500
vt 0.7083 0.7500
vt 0.7500 0.7500
vt 0.7917 0.7500
vt 0.8333 0.7500
vt 0.8750 0.7500
vt 0.9167 0.7500
vt 0.9583 0.7500
vt 1.0000 0.7500
vt 0.0000 0.7778
vt 0.0417 0.7778
vt 0.0833 0.7778
vt 0.1250 0.7778
vt 0.1667 0.7778
vt 0.2083 0.7778
vt 0.2500 0.7778
vt 0.2917 0.7778
vt 0.3333 0.7778
vt 0.3750 0.7778
vt 0.4167 0.7778
vt 0.4583 0.7778
vt 0.5000 0.7778
vt 0.5417 0.7778
vt 0.5833 0.7778
vt 0.6250 0.7778
vt 0.6667 0.7778
vt 0.7083 0.7778
vt 0.7500 0.7778
vt 0.7917 0.7778
vt 0.8333 0.7778
vt 0.8750 0.7778
vt 0.9167 0.7778
vt 0.9583 0.7778
vt 1.0000 0.7778
vt 0.0000 0.8056
vt 0.0417 0.8056
vt 0.0833 0.8056
vt 0.1250 0.8056
vt 0.1667 0.8056
vt 0.2083 0.8056
vt 0.2500 0.8056
vt 0.2917 0.8056
vt 0.3333 0.8056
vt 0.3750 0.8056
vt 0.4167 0.8056
vt 0.4583 0.8056
vt 0.5000 0.8056
vt 0.5417 0.8056
vt 0.5833 0.8056
vt 0.6250 0.8056
vt 0.6667 0.8056
vt 0.7083 0.8056
vt 0.7500 0.8056
vt 0.7917 0.8056
vt 0.8333 0.8056
vt 0.8750 0.8056
vt 0.9167 0.8056
vt 0.9583 0.8056
vt 1.0000 0.8056
vt 0.0000 0.8333
vt 0.0417 0.8333
vt 0.0833 0.8333
vt 0.1250 0.8333
vt 0.1667 0.8333
vt 0.2083 0.8333
vt 0.2500 0.8333
vt 0.2917 0.8333
vt 0.3333 0.8333
vt 0.3750 0.8333
vt 0.4167 0.8333
vt 0.4583 0.8333
vt 0.5000 0.8333
vt 0.5417 0.8333
vt 0.5833 0.8333
vt 0.6250 0.8333
vt 0.6667 0.8333
vt 0.7083 0.8333
vt 0.7500 0.8333
vt 0.7917 0.8333
vt 0.8333 0.8333
vt 0.8750 0.8333
vt 0.9167 0.8333
vt 0.9583 0.8333
vt 1.0000 0.8333
vt 0.0000 0.8611
vt 0.0417 0.8611
vt 0.0833 0.8611
vt 0.1250 0.8611
vt 0.1667 0.8611
vt 0.2083 0.8611
vt 0.2500 0.8611
vt 0.2917 0.8611
vt 0.3333 0.8611
vt 0.3750 0.8611
vt 0.4167 0.8611
vt 0.4583 0.8611
vt 0.5000 0.8611
vt 0.5417 0.8611
vt 0.5833 0.8611
vt 0.6250 0.8611
vt 0.6667 0.8611
vt 0.7083 0.8611
vt 0.7500 0.8611
vt 0.7917 0.8611
vt 0.8333 0.8611
vt 0.8750 0.8611
vt 0.9167 0.8611
vt 0.9583 0.8611
vt 1.0000 0.8611
vt 0.0000 0.8889
vt 0.0417 0.8889
vt 0.0833 0.8889
vt 0.1250 0.8889
vt 0.1667 0.8889
vt 0.2083 0.8889
vt 0.2500 0.8889
vt 0.2917 0.8889
vt 0.3333 0.8889
vt 0.3750 0.8889
vt 0.4167 0.8889
vt 0.4583 0.8889
vt 0.5000 0.8889
vt 0.5417 0.8889
vt 0.5833 0.8889
vt 0.6250 0.8889
vt 0.6667 0.8889
vt 0.7083 0.8889
vt 0.7500 0.8889
vt 0.7917 0.8889
vt 0.8333 0.8889
vt 0.8750 0.8889
vt 0.9167 0.8889
vt 0.9583 0.8889
vt 1.0000 0.8889
vt 0.0000 0.9167
vt 0.0417 0.9167
vt 0.0833 0.9167
vt 0.1250 0.9167
vt 0.1667 0.9167
vt 0.2083 0.9167
vt 0.2500 0.9167
vt 0.2917 0.9167
vt 0.3333 0.9167
vt 0.3750 0.9167
vt 0.4167 0.9167
vt 0.4583 0.9167
vt 0.5000 0.9167
vt 0.5417 0.9167
vt 0.5833 0.9167
vt 0.6250 0.9167
vt 0.6667 0.9167
vt 0.7083 0.9167
vt 0.7500 0.9167
vt 0.7917 0.9167
vt 0.8333 0.9167
vt 0.8750 0.9167
vt 0.9167 0.9167
vt 0.9583 0.9167
vt 1.0000 0.9167
vt 0.0000 0.9444
vt 0.0417 0.9444
vt 0.0833 0.9444
vt 0.1250 0.9444
vt 0.1667 0.9444
vt 0.2083 0.9444
vt 0.2500 0.9444
vt 0.2917 0.9444
vt 0.3333 0.9444
vt 0.3750 0.9444
vt 0.4167 0.9444
vt 0.4583 0.9444
vt 0.5000 0.9444
vt 0.5417 0.9444
vt 0.5833 0.9444
vt 0.6250 0.9444
vt 0.6667 0.9444
vt 0.7083 0.9444
vt 0.7500 0.9444
vt 0.7917 0.9444
vt 0.8333 0.9444
vt 0.8750 0.9444
vt 0.9167 0.9444
vt 0.9583 0.9444
vt 1.0000 0.9444
vt 0.0000 0.9722
vt 0.0417 0.9722
vt 0.0833 0.9722
vt 0.1250 0.9722
vt 0.1667 0.9722
vt 0.2083 0.9722
vt 0.2500 0.9722
vt 0.2917 0.9722
vt 0.3333 0.9722
vt 0.3750 0.9722
vt 0.4167 0.9722
vt 0.4583 0.9722
vt 0.5000 0.9722
vt 0.5417 0.9722
vt 0.5833 0.9722
vt 0.6250 0.9722
vt 0.6667 0.9722
vt 0.7083 0.9722
vt 0.7500 0.9722
vt 0.7917 0.9722
vt 0.8333 0.9722
vt 0.8750 0.9722
vt 0.9167 0.9722
vt 0.9583 0.9722
vt 1.0000 0.9722
vt 0.0000 1.0000
vt 0.0417 1.0000
vt 0.0833 1.0000
vt 0.1250 1.0000
vt 0.1667 1.0000
vt 0.2083 1.0000
vt 0.2500 1.0000
vt 0.2917 1.0000
vt 0.3333 1.0000
vt 0.3750 1.0000
vt 0.4167 1.0000
vt 0.4583 1.0000
vt 0.5000 1.0000
vt 0.5417 1.0000
vt 0.5833 1.0000
vt 0.6250 1.0000
vt 0.6667 1.0000
vt 0.7083 1.0000
vt 0.7500 1.0000
vt 0.7917 1.0000
vt 0.8333 1.0000
vt 0.8750 1.0000
vt 0.9167 1.0000
vt 0.9583 1.0000
vt 1.0000 1.0000
vt 1.0000 0.0000
vt 0.9583 0.0000
vt 0.9167 0.0000
vt 0.8750 0.0000
vt 0.8333 0.0000
vt 0.7917 0.0000
vt 0.7500 0.0000
vt 0.7083 0.0000
vt 0.6667 0.0000
vt 0.6250 0.0000
vt 0.5833 0.0000
vt 0.5417 0.0000
vt 0.5000 0.0000
vt 0.4583 0.0000
vt 0.4167 0.0000
vt 0.3750 0.0000
vt 0.3333 0.0000
vt 0.2917 0.0000
vt 0.2500 0.0000
vt 0.2083 0.0000
vt 0.1667 0.0000
vt 0.1250 0.0000
vt 0.0833 0.0000
vt 0.0417 0.0000
vt 0.0000 0.0000
vt 1.0000 0.0278
vt 0.9583 0.0278
vt 0.9167 0.0278
vt 0.8750 0.0278
vt 0.8333 0.0278
vt 0.7917 0.0278
vt 0.7500 0.0278
vt 0.7083 0.0278
vt 0.6667 0.0278
vt 0.6250 0.0278
vt 0.5833 0.0278
vt 0.5417 0.0278
vt 0.5000 0.0278
vt 0.4583 0.0278
vt 0.4167 0.0278
vt 0.3750 0.0278
vt 0.3333 0.0278
vt 0.2917 0.0278
vt 0.2500 0.0278
vt 0.2083 0.0278
vt 0.1667 0.0278
vt 0.1250 0.0278
vt 0.0833 0.0278
vt 0.0417 0.0278
vt 0.0000 0.0278
vt 1.0000 0.0556
vt 0.9583 0.0556
vt 0.9167 0.0556
vt 0.8750 0.0556
vt 0.8333 0.0556
vt 0.7917 0.0556
vt 0.7500 0.0556
vt 0.7083 0.0556
vt 0.6667 0.0556
vt 0.6250 0.0556
vt 0.5833 0.0556
vt 0.5417 0.0556
vt 0.5000 0.0556
vt 0.4583 0.0556
vt 0.4167 0.0556
vt 0.3750 0.0556
vt 0.3333 0.0556
vt 0.2917 0.0556
vt 0.2500 0.0556
vt 0.2083 0.0556
vt 0.1667 0.0556
vt 0.1250 0.0556
vt 0.0833 0.0556
vt 0.0417 0.0556
vt 0.0000 0.0556
vt 1.0000 0.0833
vt 0.9583 0.0833
vt 0.9167 0.0833
vt 0.8750 0.0833
vt 0.8333 0.0833
vt 0.7917 0.0833
vt 0.7500 0.0833
vt 0.7083 0.0833
vt 0.6667 0.0833
vt 0.6250 0.0833
vt 0.5833 0.0833
vt 0.5417 0.0833
vt 0.5000 0.0833
vt 0.4583 0.0833
vt 0.4167 0.0833
vt 0.3750 0.0833
vt 0.3333 0.0833
vt 0.2917 0.0833
vt 0.2500 0.0833
vt 0.2083 0.0833
vt 0.1667 0.0833
vt 0.1250 0.0833
vt 0.0833 0.0833
vt 0.0417 0.0833
vt 0.0000 0.0833
vt 1.0000 0.1111
vt 0.9583 0.1111
vt 0.9167 0.1111
vt 0.8750 0.1111
vt 0.8333 0.1111
vt 0.7917 0.1111
vt 0.7500 0.1111
vt 0.7083 0.1111
vt 0.6667 0.1111
vt 0.6250 0.1111
vt 0.5833 0.1111
vt 0.5417 0.1111
vt 0.5000 0.1111
vt 0.4583 0.1111
vt 0.4167 0.1111
vt 0.3750 0.1111
vt 0.3333 0.1111
vt 0.2917 0.1111
vt 0.2500 0.1111
vt 0.2083 0.1111
vt 0.1667 0.1111
vt 0.1250 0.1111
vt 0.0833 0.1111
vt 0.0417 0.1111
vt 0.0000 0.1111
vt 1.0000 0.1389
vt 0.9583 0.1389
vt 0.9167 0.1389
vt 0.8750 0.1389
vt 0.8333 0.1389
vt 0.7917 0.1389
vt 0.7500 0.1389
vt 0.7083 0.1389
vt 0.6667 0.1389
vt 0.6250 0.1389
vt 0.5833 0.1389
vt 0.5417 0.1389
vt 0.5000 0.1389
vt 0.4583 0.1389
vt 0.4167 0.1389
vt 0.3750 0.1389
vt 0.3333 0.1389
vt 0.2917 0.1389
vt 0.2500 0.1389
vt 0.2083 0.1389
vt 0.1667 0.1389
vt 0.1250 0.1389
vt 0.0833 0.1389
vt 0.0417 0.1389
vt 0.0000 0.1389
vt 1.0000 0.1667
vt 0.9583 0.1667
vt 0.9167 0.1667
vt 0.8750 0.1667
vt 0.8333 0.1667
vt 0.7917 0.1667
vt 0.7500 0.1667
vt 0.7083 0.1667
vt 0.6667 0.1667
vt 0.6250 0.1667
vt 0.5833 0.1667
vt 0.5417 0.1667
vt 0.5000 0.1667
vt 0.4583 0.1667
vt 0.4167 0.1667
vt 0.3750 0.1667
vt 0.3333 0.1667
vt 0.2917 0.1667
vt 0.2500 0.1667
vt 0.2083 0.1667
vt 0.1667 0.1667
vt 0.1250 0.1667
vt 0.0833 0.1667
vt 0.0417 0.1667
vt 0.0000 0.1667
vt 1.0000 0.1944
vt 0.9583 0.1944
vt 0.9167 0.1944
vt 0.8750 0.1944
vt 0.8333 0.1944
vt 0.7917 0.1944
vt 0.7500 0.1944
vt 0.7083 0.1944
vt 0.6667 0.1944
vt 0.6250 0.1944
vt 0.5833 0.1944
vt 0.5417 0.1944
vt 0.5000 0.1944
vt 0.4583 0.1944
vt 0.4167 0.1944
vt 0.3750 0.1944
vt 0.3333 0.1944
vt 0.2917 0.1944
vt 0.2500 0.1944
vt 0.2083 0.1944
vt 0.1667 0.1944
vt 0.1250 0.1944
vt 0.0833 0.1944
vt 0.0417 0.1944
vt 0.0000 0.1944
vt 1.0000 0.2222
vt 0.9583 0.2222
vt 0.9167 0.2222
vt 0.8750 0.2222
vt 0.8333 0.2222
vt 0.7917 0.2222
vt 0.7500 0.2222
vt 0.7083 0.2222
vt 0.6667 0.2222
vt 0.6250 0.2222
vt 0.5833 0.2222
vt 0.5417 0.2222
vt 0.5000 0.2222
vt 0.4583 0.2222
vt 0.4167 0.2222
vt 0.3750 0.2222
vt 0.3333 0.2222
vt 0.2917 0.2222
vt 0.2500 0.2222
vt 0.2083 0.2222
vt 0.1667 0.2222
vt 0.1250 0.2222
vt 0.0833 0.2222
vt 0.0417 0.2222
vt 0.0000 0.2222
vt 1.0000 0.2500
vt 0.9583 0.2500
vt 0.9167 0.2500
vt 0.8750 0.2500
vt 0.8333 0.2500
vt 0.7917 0.2500
vt 0.7500 0.2500
vt 0.7083 0.2500
vt 0.6667 0.2500
vt 0.6250 0.2500
vt 0.5833 0.2500
vt 0.5417 0.2500
vt 0.5000 0.2500
vt 0.4583 0.2500
vt 0.4167 0.2500
vt 0.3750 0.2500
vt 0.3333 0.2500
vt 0.2917 0.2500
vt 0.2500 0.2500
vt 0.2083 0.2500
vt 0.1667 0.2500
vt 0.1250 0.2500
vt 0.0833 0.2500
vt 0.0417 0.2500
vt 0.0000 0.2500
vt 1.0000 0.2778
vt 0.9583 0.2778
vt 0.9167 0.2778
vt 0.8750 0.2778
vt 0.8333 0.2778
vt 0.7917 0.2778
vt 0.7500 0.2778
vt 0.7083 0.2778
vt 0.6667 0.2778
vt 0.6250 0.2778
vt 0.5833 0.2778
vt 0.5417 0.2778
vt 0.5000 0.2778
vt 0.4583 0.2778
vt 0.4167 0.2778
vt 0.3750 0.2778
vt 0.3333 0.2778
vt 0.2917 0.2778
vt 0.2500 0.2778
vt 0.2083 0.2778
vt 0.1667 0.2778
vt 0.1250 0.2778
vt 0.0833 0.2778
vt 0.0417 0.2778
vt 0.0000 0.2778
vt 1.0000 0.3056
vt 0.9583 0.3056
vt 0.9167 0.3056
vt 0.8750 0.3056
vt 0.8333 0.3056
vt 0.7917 0.3056
vt 0.7500 0.3056
vt 0.7083 0.3056
vt 0.6667 0.3056
vt 0.6250 0.3056
vt 0.5833 0.3056
vt 0.5417 0.3056
vt 0.5000 0.3056
vt 0.4583 0.3056
vt 0.4167 0.3056
vt 0.3750 0.3056
vt 0.3333 0.3056
vt 0.2917 0.3056
vt 0.2500 0.3056
vt 0.2083 0.3056
vt 0.1667 0.3056
vt 0.1250 0.3056
vt 0.0833 0.3056
vt 0.0417 0.3056
vt 0.0000 0.3056
vt 1.0000 0.3333
vt 0.9583 0.3333
vt 0.9167 0.3333
vt 0.8750 0.3333
vt 0.8333 0.3333
vt 0.7917 0.3333
vt 0.7500 0.3333
vt 0.7083 0.3333
vt 0.6667 0.3333
vt 0.6250 0.3333
vt 0.5833 0.3333
vt 0.5417 0.3333
vt 0.5000 0.3333
vt 0.4583 0.3333
vt 0.4167 0.3333
vt 0.3750 0.3333
vt 0.3333 0.3333
vt 0.2917 0.3333
vt 0.2500 0.3333
vt 0.2083 0.3333
vt 0.1667 0.3333
vt 0.1250 0.3333
vt 0.0833 0.3333
vt 0.0417 0.3333
vt 0.0000 0.3333
vt 1.0000 0.3611
vt 0.9583 0.3611
vt 0.9167 0.3611
vt 0.8750 0.3611
vt 0.8333 0.3611
vt 0.7917 0.3611
vt 0.7500 0.3611
vt 0.7083 0.3611
vt 0.6667 0.3611
vt 0.6250 0.3611
vt 0.5833 0.3611
vt 0.5417 0.3611
vt 0.5000 0.3611
vt 0.4583 0.3611
vt 0.4167 0.3611
vt 0.3750 0.3611
vt 0.3333 0.3611
vt 0.2917 0.3611
vt 0.2500 0.3611
vt 0.2083 0.3611
vt 0.1667 0.3611
vt 0.1250 0.3611
vt 0.0833 0.3611
vt 0.0417 0.3611
vt 0.0000 0.3611
vt 1.0000 0.3889
vt 0.9583 0.3889
vt 0.9167 0.3889
vt 0.8750 0.3889
vt 0.8333 0.3889
vt 0.7917 0.3889
vt 0.7500 0.3889
vt 0.7083 0.3889
vt 0.6667 0.3889
vt 0.6250 0.3889
vt 0.5833 0.3889
vt 0.5417 0.3889
vt 0.5000 0.3889
vt 0.4583 0.3889
vt 0.4167 0.3889
vt 0.3750 0.3889
vt 0.3333 0.3889
vt 0.2917 0.3889
vt 0.2500 0.3889
vt 0.2083 0.3889
vt 0.1667 0.3889
vt 0.1250 0.3889
vt 0.0833 0.3889
vt 0.0417 0.3889
vt 0.0000 0.3889
vt 1.0000 0.4167
vt 0.9583 0.4167
vt 0.9167 0.4167
vt 0.8750 0.4167
vt 0.8333 0.4167
vt 0.7917 0.4167
vt 0.7500 0.4167
vt 0.7083 0.4167
vt 0.6667 0.4167
vt 0.6250 0.4167
vt 0.5833 0.4167
vt 0.5417 0.4167
vt 0.5000 0.4167
vt 0.4583 0.4167
vt 0.4167 0.4167
vt 0.3750 0.4167
vt 0.3333 0.4167
vt 0.2917 0.4167
vt 0.2500 0.4167
vt 0.2083 0.4167
vt 0.1667 0.4167
vt 0.1250 0.4167
vt 0.0833 0.4167
vt 0.0417 0.4167
vt 0.0000 0.4167
vt 1.0000 0.4444
vt 0.9583 0.4444
vt 0.9167 0.4444
vt 0.8750 0.4444
vt 0.8333 0.4444
vt 0.7917 0.4444
vt 0.7500 0.4444
vt 0.7083 0.4444
vt 0.6667 0.4444
vt 0.6250 0.4444
vt 0.5833 0.4444
vt 0.5417 0.4444
vt 0.5000 0.4444
vt 0.4583 0.4444
vt 0.4167 0.4444
vt 0.3750 0.4444
vt 0.3333 0.4444
vt 0.2917 0.4444
vt 0.2500 0.4444
vt 0.2083 0.4444
vt 0.1667 0.4444
vt 0.1250 0.4444
vt 0.0833 0.4444
vt 0.0417 0.4444
vt 0.0000 0.4444
vt 1.0000 0.4722
vt 0.9583 0.4722
vt 0.9167 0.4722
vt 0.8750 0.4722
vt 0.8333 0.4722
vt 0.7917 0.4722
vt 0.7500 0.4722
vt 0.7083 0.4722
vt 0.6667 0.4722
vt 0.6250 0.4722
vt 0.5833 0.4722
vt 0.5417 0.4722
vt 0.5000 0.4722
vt 0.4583 0.4722
vt 0.4167 0.4722
vt 0.3750 0.4722
vt 0.3333 0.4722
vt 0.2917 0.4722
vt 0.2500 0.4722
vt 0.2083 0.4722
vt 0.1667 0.4722
vt 0.1250 0.4722
vt 0.0833 0.4722
vt 0.0417 0.4722
vt 0.0000 0.4722
vt 1.0000 0.5000
vt 0.9583 0.5000
vt 0.9167 0.5000
vt 0.8750 0.5000
vt 0.8333 0.5000
vt 0.7917 0.5000
vt 0.7500 0.5000
vt 0.7083 0.5000
vt 0.6667 0.5000
vt 0.6250 0.5000
vt 0.5833 0.5000
vt 0.5417 0.5000
vt 0.5000 0.5000
vt 0.4583 0.5000
vt 0.4167 0.5000
vt 0.3750 0.5000
vt 0.3333 0.5000
vt 0.2917 0.5000
vt 0.2500 0.5000
vt 0.2083 0.5000
vt 0.1667 0.5000
vt 0.1250 0.5000
vt 0.0833 0.5000
vt 0.0417 0.5000
vt 0.0000 0.5000
vt 1.0000 0.5278
vt 0.9583 0.5278
vt 0.9167 0.5278
vt 0.8750 0.5278
vt 0.8333 0.5278
vt 0.7917 0.5278
vt 0.7500 0.5278
vt 0.7083 0.5278
vt 0.6667 0.5278
vt 0.6250 0.5278
vt 0.5833 0.5278
vt 0.5417 0.5278
vt 0.5000 0.5278
vt 0.4583 0.5278
vt 0.4167 0.5278
vt 0.3750 0.5278
vt 0.3333 0.5278
vt 0.2917 0.5278
vt 0.2500 0.5278
vt 0.2083 0.5278
vt 0.1667 0.5278
vt 0.1250 0.5278
vt 0.0833 0.5278
vt 0.0417 0.5278
vt 0.0000 0.5278
vt 1.0000 0.5556
vt 0.9583 0.5556
vt 0.9167 0.5556
vt 0.8750 0.5556
vt 0.8333 0.5556
vt 0.7917 0.5556
vt 0.7500 0.5556
vt 0.7083 0.5556
vt 0.6667 0.5556
vt 0.6250 0.5556
vt 0.5833 0.5556
vt 0.5417 0.5556
vt 0.5000 0.5556
vt 0.4583 0.5556
vt 0.4167 0.5556
vt 0.3750 0.5556
vt 0.3333 0.5556
vt 0.2917 0.5556
vt 0.2500 0.5556
vt 0.2083 0.5556
vt 0.1667 0.5556
vt 0.1250 0.5556
vt 0.0833 0.5556
vt 0.0417 0.5556
vt 0.0000 0.5556
vt 1.0000 0.5833
vt 0.9583 0.5833
vt 0.9167 0.5833
vt 0.8750 0.5833
vt 0.8333 0.5833
vt 0.7917 0.5833
vt 0.7500 0.5833
vt 0.7083 0.5833
vt 0.6667 0.5833
vt 0.6250 0.5833
vt 0.5833 0.5833
vt 0.5417 0.5833
vt 0.5000 0.5833
vt 0.4583 0.5833
vt 0.4167 0.5833
vt 0.3750 0.5833
vt 0.3333 0.5833
vt 0.2917 0.5833
vt 0.2500 0.5833
vt 0.2083 0.5833
vt 0.1667 0.5833
vt 0.1250 0.5833
vt 0.0833 0.5833
vt 0.0417 0.5833
vt 0.0000 0.5833
vt 1.0000 0.6111
vt 0.9583 0.6111
vt 0.9167 0.6111
vt 0.8750 0.6111
vt 0.8333 0.6111
vt 0.7917 0.6111
vt 0.7500 0.6111
vt 0.7083 0.6111
vt 0.6667 0.6111
vt 0.6250 0.6111
vt 0.5833 0.6111
vt 0.5417 0.6111
vt 0.5000 0.6111
vt 0.4583 0.6111
vt 0.4167 0.6111
vt 0.3750 0.6111
vt 0.3333 0.6111
vt 0.2917 0.6111
vt 0.2500 0.6111
vt 0.2083 0.6111
vt 0.1667 0.6111
vt 0.1250 0.6111
vt 0.0833 0.6111
vt 0.0417 0.6111
vt 0.0000 0.6111
vt 1.0000 0.6389
vt 0.9583 0.6389
vt 0.9167 0.6389
vt 0.8750 0.6389
vt 0.8333 0.6389
vt 0.7917 0.6389
vt 0.7500 0.6389
vt 0.7083 0.6389
vt 0.6667 0.6389
vt 0.6250 0.6389
vt 0.5833 0.6389
vt 0.5417 0.6389
vt 0.5000 0.6389
vt 0.4583 0.6389
vt 0.4167 0.6389
vt 0.3750 0.6389
vt 0.3333 0.6389
vt 0.2917 0.6389
vt 0.2500 0.6389
vt 0.2083 0.6389
vt 0.1667 0.6389
vt 0.1250 0.6389
vt 0.0833 0.6389
vt 0.0417 0.6389
vt 0.0000 0.6389
vt 1.0000 0.6667
vt 0.9583 0.6667
vt 0.9167 0.6667
vt 0.8750 0.6667
vt 0.8333 0.6667
vt 0.7917 0.6667
vt 0.7500 0.6667
vt 0.7083 0.6667
vt 0.6667 0.6667
vt 0.6250 0.6667
vt 0.5833 0.6667
vt 0.5417 0.6667
vt 0.5000 0.6667
vt 0.4583 0.6667
vt 0.4167 0.6667
vt 0.3750 0.6667
vt 0.3333 0.6667
vt 0.2917 0.6667
vt 0.2500 0.6667
vt 0.2083 0.6667
vt 0.1667 0.6667
vt 0.1250 0.6667
vt 0.0833 0.6667
vt 0.0417 0.6667
vt 0.0000 0.6667
vt 1.0000 0.6944
vt 0.9583 0.6944
vt 0.9167 0.6944
vt 0.8750 0.6944
vt 0.8333 0.6944
vt 0.7917 0.6944
vt 0.7500 0.6944
vt 0.7083 0.6944
vt 0.6667 0.6944
vt 0.6250 0.6944
vt 0.5833 0.6944
vt 0.5417 0.6944
vt 0.5000 0.6944
vt 0.4583 0.6944
vt 0.4167 0.6944
vt 0.3750 0.6944
vt 0.3333 0.6944
vt 0.2917 0.6944
vt 0.2500 0.6944
vt 0.2083 0.6944
vt 0.1667 0.6944
vt 0.1250 0.6944
vt 0.0833 0.6944
vt 0.0417 0.6944
vt 0.0000 0.6944
vt 1.0000 0.7222
vt 0.9583 0.7222
vt 0.9167 0.7222
vt 0.8750 0.7222
vt 0.8333 0.7222
vt 0.7917 0.7222
vt 0.7500 0.7222
vt 0.7083 0.7222
vt 0.6667 0.7222
vt 0.6250 0.7222
vt 0.5833 0.7222
vt 0.5417 0.7222
vt 0.5000 0.7222
vt 0.4583 0.7222
vt 0.4167 0.7222
vt 0.3750 0.7222
vt 0.3333 0.7222
vt 0.2917 0.7222
vt 0.2500 0.7222
vt 0.2083 0.7222
vt 0.1667 0.7222
vt 0.1250 0.7222
vt 0.0833 0.7222
vt 0.0417 0.7222
vt 0.0000 0.7222
vt 1.0000 0.7500
vt 0.9583 0.7500
vt 0.9167 0.7500
vt 0.8750 0.7500
vt 0.8333 0.7500
vt 0.7917 0.7500
vt 0.7500 0.7500
vt 0.7083 0.7500
vt 0.6667 0.7500
vt 0.6250 0.7500
vt 0.5833 0.7500
vt 0.5417 0.7500
vt 0.5000 0.7500
vt 0.4583 0.7500
vt 0.4167 0.7500
vt 0.3750 0.7500
vt 0.3333 0.7500
vt 0.2917 0.7500
vt 0.2500 0.7500
vt 0.2083 0.7500
vt 0.1667 0.7500
vt 0.1250 0.7500
vt 0.0833 0.7500
vt 0.0417 0.7500
vt 0.0000 0.7500
vt 1.0000 0.7778
vt 0.9583 0.7778
vt 0.9167 0.7778
vt 0.8750 0.7778
vt 0.8333 0.7778
vt 0.7917 0.7778
vt 0.7500 0.7778
vt 0.7083 0.7778
vt 0.6667 0.7778
vt 0.6250 0.7778
vt 0.5833 0.7778
vt 0.5417 0.7778
vt 0.5000 0.7778
vt 0.4583 0.7778
vt 0.4167 0.7778
vt 0.3750 0.7778
vt 0.3333 0.7778
vt 0.2917 0.7778
vt 0.2500 0.7778
vt 0.2083 0.7778
vt 0.1667 0.7778
vt 0.1250 0.7778
vt 0.0833 0.7778
vt 0.0417 0.7778
vt 0.0000 0.7778
vt 1.0000 0.8056
vt 0.9583 0.8056
vt 0.9167 0.8056
vt 0.8750 0.8056
vt 0.8333 0.8056
vt 0.7917 0.8056
vt 0.7500 0.8056
vt 0.7083 0.8056
vt 0.6667 0.8056
vt 0.6250 0.8056
vt 0.5833 0.8056
vt 0.5417 0.8056
vt 0.5000 0.8056
vt 0.4583 0.8056
vt 0.4167 0.8056
vt 0.3750 0.8056
vt 0.3333 0.8056
vt 0.2917 0.8056
vt 0.2500 0.8056
vt 0.2083 0.8056
vt 0.1667 0.8056
vt 0.1250 0.8056
vt 0.0833 0.8056
vt 0.0417 0.8056
vt 0.0000 0.8056
vt 1.0000 0.8333
vt 0.9583 0.8333
vt 0.9167 0.8333
vt 0.8750 0.8333
vt 0.8333 0.8333
vt 0.7917 0.8333
vt 0.7500 0.8333
vt 0.7083 0.8333
vt 0.6667 0.8333
vt 0.6250 0.8333
vt 0.5833 0.8333
vt 0.5417 0.8333
vt 0.5000 0.8333
vt 0.4583 0.8333
vt 0.4167 0.8333
vt 0.3750 0.8333
vt 0.3333 0.8333
vt 0.2917 0.8333
vt 0.2500 0.8333
vt 0.2083 0.8333
vt 0.1667 0.8333
vt 0.1250 0.8333
vt 0.0833 0.8333
vt 0.0417 0.8333
vt 0.0000 0.8333
vt 1.0000 0.8611
vt 0.9583 0.8611
vt 0.9167 0.8611
vt 0.8750 0.8611
vt 0.8333 0.8611
vt 0.7917 0.8611
vt 0.7500 0.8611
vt 0.7083 0.8611
vt 0.6667 0.8611
vt 0.6250 0.8611
vt 0.5833 0.8611
vt 0.5417 0.8611
vt 0.5000 0.8611
vt 0.4583 0.8611
vt 0.4167 0.8611
vt 0.3750 0.8611
vt 0.3333 0.8611
vt 0.2917 0.8611
vt 0.2500 0.8611
vt 0.2083 0.8611
vt 0.1667 0.8611
vt 0.1250 0.8611
vt 0.0833 0.8611
vt 0.0417 0.8611
vt 0.0000 0.8611
vt 1.0000 0.8889
vt 0.9583 0.8889
vt 0.9167 0.8889
vt 0.8750 0.8889
vt 0.8333 0.8889
vt 0.7917 0.8889
vt 0.7500 0.8889
vt 0.7083 0.8889
vt 0.6667 0.8889
vt 0.6250 0.8889
vt 0.5833 0.8889
vt 0.5417 0.8889
vt 0.5000 0.8889
vt 0.4583 0.8889
vt 0.4167 0.8889
vt 0.3750 0.8889
vt 0.3333 0.8889
vt 0.2917 0.8889
vt 0.2500 0.8889
vt 0.2083 0.8889
vt 0.1667 0.8889
vt 0.1250 0.8889
vt 0.0833 0.8889
vt 0.0417 0.8889
vt 0.0000 0.8889
vt 1.0000 0.9167
vt 0.9583 0.9167
vt 0.9167 0.9167
vt 0.8750 0.9167
vt 0.8333 0.9167
vt 0.7917 0.9167
vt 0.7500 0.9167
vt 0.7083 0.9167
vt 0.6667 0.9167
vt 0.6250 0.9167
vt 0.5833 0.9167
vt 0.5417 0.9167
vt 0.5000 0.9167
vt 0.4583 0.9167
vt 0.4167 0.9167
vt 0.3750 0.9167
vt 0.3333 0.9167
vt 0.2917 0.9167
vt 0.2500 0.9167
vt 0.2083 0.9167
vt 0.1667 0.9167
vt 0.1250 0.9167
vt 0.0833 0.9167
vt 0.0417 0.9167
vt 0.0000 0.9167
vt 1.0000 0.9444
vt 0.9583 0.9444
vt 0.9167 0.9444
vt 0.8750 0.9444
vt 0.8333 0.9444
vt 0.7917 0.9444
vt 0.7500 0.9444
vt 0.7083 0.9444
vt 0.6667 0.9444
vt 0.6250 0.9444
vt 0.5833 0.9444
vt 0.5417 0.9444
vt 0.5000 0.9444
vt 0.4583 0.9444
vt 0.4167 0.9444
vt 0.3750 0.9444
vt 0.3333 0.9444
vt 0.2917 0.9444
vt 0.2500 0.9444
vt 0.2083 0.9444
vt 0.1667 0.9444
vt 0.1250 0.9444
vt 0.0833 0.9444
vt 0.0417 0.9444
vt 0.0000 0.9444
vt 1.0000 0.9722
vt 0.9583 0.9722
vt 0.9167 0.9722
vt 0.8750 0.9722
vt 0.8333 0.9722
vt 0.7917 0.9722
vt 0.7500 0.9722
vt 0.7083 0.9722
vt 0.6667 0.9722
vt 0.6250 0.9722
vt 0.5833 0.9722
vt 0.5417 0.9722
vt 0.5000 0.9722
vt 0.4583 0.9722
vt 0.4167 0.9722
vt 0.3750 0.9722
vt 0.3333 0.9722
vt 0.2917 0.9722
vt 0.2500 0.9722
vt 0.2083 0.9722
vt 0.1667 0.9722
vt 0.1250 0.9722
vt 0.0833 0.9722
vt 0.0417 0.9722
vt 0.0000 0.9722
vt 1.0000 1.0000
vt 0.9583 1.0000
vt 0.9167 1.0000
vt 0.8750 1.0000
vt 0.8333 1.0000
vt 0.7917 1.0000
vt 0.7500 1.0000
vt 0.7083 1.0000
vt 0.6667 1.0000
vt 0.6250 1.0000
vt 0.5833 1.0000
vt 0.5417 1.0000
vt 0.5000 1.0000
vt 0.4583 1.0000
vt 0.4167 1.0000
vt 0.3750 1.0000
vt 0.3333 1.0000
vt 0.2917 1.0000
vt 0.2500 1.0000
vt 0.2083 1.0000
vt 0.1667 1.0000
vt 0.1250 1.0000
vt 0.0833 1.0000
vt 0.0417 1.0000
vt 0.0000 1.0000
f 1/1 26/26 2/2
f 2/2 26/26 27/27
f 2/2 27/27 3/3
f 3/3 27/27 28/28
f 3/3 28/28 4/4
f 4/4 28/28 29/29
f 4/4 29/29 5/5
f 5/5 29/29 30/30
f 5/5 30/30 6/6
f 6/6 30/30 31/31
f 6/6 31/31 7/7
f 7/7 31/31 32/32
f 7/7 32/32 8/8
f 8/8 32/32 33/33
f 8/8 33/33 9/9
f 9/9 33/33 34/34
f 9/9 34/34 10/10
f 10/10 34/34 35/35
f 10/10 35/35 11/11
f 11/11 35/35 36/36
f 11/11 36/36 12/12
f 12/12 36/36 37/37
f 12/12 37/37 13/13
f 13/13 37/37 38/38
f 13/13 38/38 14/14
f 14/14 38/38 39/39
f 14/14 39/39 15/15
f 15/15 39/39 40/40
f 15/15 40/40 16/16
f 16/16 40/40 41/41
f 16/16 41/41 17/17
f 17/17 41/41 42/42
f 17/17 42/42 18/18
f 18/18 42/42 43/43
f 18/18 43/43 19/19
f 19/19 43/43 44/44
f 19/19 44/44 20/20
f 20/20 44/44 45/45
f 20/20 45/45 21/21
f 21/21 45/45 46/46
f 21/21 46/46 22/22
f 22/22 46/46 47/47
f 22/22 47/47 23/23
f 23/23 47/47 48/48
f 23/23 48/48 24/24
f 24/24 48/48 49/49
f 24/24 49/49 25/25
f 25/25 49/49 50/50
f 26/26 51/51 27/27
f 27/27 51/51 52/52
f 27/27 52/52 28/28
f 28/28 52/52 53/53
f 28/28 53/53 29/29
f 29/29 53/53 54/54
f 29/29 54/54 30/30
f 30/30 54/54 55/55
f 30/30 55/55 31/31
f 31/31 55/55 56/56
f 31/31 56/56 32/32
f 32/32 56/56 57/57
f 32/32 57/57 33/33
f 33/33 57/57 58/58
f 33/33 58/58 34/34
f 34/34 58/58 59/59
f 34/34 59/59 35/35
f 35/35 59/59 60/60
f 35/35 60/60 36/36
f 36/36 60/60 61/61
f 36/36 61/61 37/37
f 37/37 61/61 62/62
f 37/37 62/62 38/38
f 38/38 62/62 63/63
f 38/38 63/63 39/39
f 39/39 63/63 64/64
f 39/39 64/64 40/40
f 40/40 64/64 65/65
f 40/40 65/65 41/41
f 41/41 65/65 66/66
f 41/41 66/66 42/42
f 42/42 66/66 67/67
f 42/42 67/67 43/43
f 43/43 67/67 68/68
f 43/43 68/68 44/44
f 44/44 68/68 69/69
f 44/44 69/69 45/45
f 45/45 69/69 70/70
f 45/45 70/70 46/46
f 46/46 70/70 71/71
f 46/46 71/71 47/47
f 47/47 71/71 72/72
f 47/47 72/72 48/48
f 48/48 72/72 73/73
f 48/48 73/73 49/49
f 49/49 73/73 74/74
f 49/49 74/74 50/50
f 50/50 74/74 75/75
f 51/51 76/76 52/52
f 52/52 76/76 77/77
f 52/52 77/77 53/53
f 53/53 77/77 78/78
f 53/53 78/78 54/54
f 54/54 78/78 79/79
f 54/54 79/79 55/55
f 55/55 79/79 80/80
f 55/55 80/80 56/56
f 56/56 80/80 81/81
f 56/56 81/81 57/57
f 57/57 81/81 82/82
f 57/57 82/82 58/58
f 58/58 82/82 83/83
f 58/58 83/83 59/59
f 59/59 83/83 84/84
f 59/59 84/84 60/60
f 60/60 84/84 85/85
f 60/60 85/85 61/61
f 61/61 85/85 86/86
f 61/61 86/86 62/62
f 62/62 86/86 87/87
f 62/62 87/87 63/63
f 63/63 87/87 88/88
f 63/63 88/88 64/64
f 64/64 88/88 89/89
f 64/64 89/89 65/65
f 65/65 89/89 90/90
f 65/65 90/90 66/66
f 66/66 90/90 91/91
f 66/66 91/91 67/67
f 67/67 91/91 92/92
f 67/67 92/92 68/68
f 68/68 92/92 93/93
f 68/68 93/93 69/69
f 69/69 93/93 94/94
f 69/69 94/94 70/70
f 70/70 94/94 95/95
f 70/70 95/95 71/71
f 71/71 95/95 96/96
f 71/71 96/96 72/72
f 72/72 96/96 97/97
f 72/72 97/97 73/73
f 73/73 97/97 98/98
f 73/73 98/98 74/74
f 74/74 98/98 99/99
f 74/74 99/99 75/75
f 75/75 99/99 100/100
f 76/76 101/101 77/77
f 77/77 101/101 102/102
f 77/77 102/102 78/78
f 78/78 102/102 103/103
f 78/78 103/103 79/79
f 79/79 103/103 104/104
f 79/79 104/104 80/80
f 80/80 104/104 105/105
f 80/80 105/105 81/81
f 81/81 105/105 106/106
f 81/81 106/106 82/82
f 82/82 106/106 107/107
f 82/82 107/107 83/83
f 83/83 107/107 108/108
f 83/83 108/108 84/84
f 84/84 108/108 109/109
f 84/84 109/109 85/85
f 85/85 109/109 110/110
f 85/85 110/110 86/86
f 86/86 110/110 111/111
f 86/86 111/111 87/87
f 87/87 111/111 112/112
f 87/87 112/112 88/88
f 88/88 112/112 113/113
f 88/88 113/113 89/89
f 89/89 113/113 114/114
f 89/89 114/114 90/90
f 90/90 114/114 115/115
f 90/90 115/115 91/91
f 91/91 115/115 116/116
f 91/91 116/116 92/92
f 92/92 116/116 117/117
f 92/92 117/117 93/93
f 93/93 117/117 118/118
f 93/93 118/118 94/94
f 94/94 118/118 119/119
f 94/94 119/119 95/95
f 95/95 119/119 120/120
f 95/95 120/120 96/96
f 96/96 120/120 121/121
f 96/96 121/121 97/97
f 97/97 121/121 122/122
f 97/97 122/122 98/98
f 98/98 122/122 123/123
f 98/98 123/123 99/99
f 99/99 123/123 124/124
f 99/99 124/124 100/100
f 100/100 124/124 125/125
f 101/101 126/126 102/102
f 102/102 126/126 127/127
f 102/102 127/127 103/103
f 103/103 127/127 128/128
f 103/103 128/128 104/104
f 104/104 128/128 129/129
f 104/104 129/129 105/105
f 105/105 129/129 130/130
f 105/105 130/130 106/106
f 106/106 130/130 131/131
f 106/106 131/131 107/107
f 107/107 131/131 132/132
f 107/107 132/132 108/108
f 108/108 132/132 133/133
f 108/108 133/133 109/109
f 109/109 133/133 134/134
f 109/109 134/134 110/110
f 110/110 134/134 135/135
f 110/110 135/135 111/111
f 111/111 135/135 136/136
f 111/111 136/136 112/112
f 112/112 136/136 137/137
f 112/112 137/137 113/113
f 113/113 137/137 138/138
f 113/113 138/138 114/114
f 114/114 138/138 139/139
f 114/114 139/139 115/115
f 115/115 139/139 140/140
f 115/115 140/140 116/116
f 116/116 140/140 141/141
f 116/116 141/141 117/117
f 117/117 141/141 142/142
f 117/117 142/142 118/118
f 118/118 142/142 143/143
f 118/118 143/143 119/119
f 119/119 143/143 144/144
f 119/119 144/144 120/120
f 120/120 144/144 145/145
f 120/120 145/145 121/121
f 121/121 145/145 146/146
f 121/121 146/146 122/122
f 122/122 146/146 147/147
f 122/122 147/147 123/123
f 123/123 147/147 148/148
f 123/123 148/148 124/124
f 124/124 148/148 149/149
f 124/124 149/149 125/125
f 125/125 149/149 150/150
f 126/126 151/151 127/127
f 127/127 151/151 152/152
f 127/127 152/152 128/128
f 128/128 152/152 153/153
f 128/128 153/153 129/129
f 129/129 153/153 154/154
f 129/129 154/154 130/130
f 130/130 154/154 155/155
f 130/130 155/155 131/131
f 131/131 155/155 156/156
f 131/131 156/156 132/132
f 132/132 156/156 157/157
f 132/132 157/157 133/133
f 133/133 157/157 158/158
f 133/133 158/158 134/134
f 134/134 158/158 159/159
f 134/134 159/159 135/135
f 135/135 159/159 160/160
f 135/135 160/160 136/136
f 136/136 160/160 161/161
f 136/136 161/161 137/137
f 137/137 161/161 162/162
f 137/137 162/162 138/138
f 138/138 162/162 163/163
f 138/138 163/163 139/139
f 139/139 163/163 164/164
f 139/139 164/164 140/140
f 140/140 164/164 165/165
f 140/140 165/165 141/141
f 141/141 165/165 166/166
f 141/141 166/166 142/142
f 142/142 166/166 167/167
f 142/142 167/167 143/143
f 143/143 167/167 168/168
f 143/143 168/168 144/144
f 144/144 168/168 169/169
f 144/144 169/169 145/145
f 145/145 169/169 170/170
f 145/145 170/170 146/146
f 146/146 170/170 171/171
f 146/146 171/171 147/147
f 147/147 171/171 172/172
f 147/147 172/172 148/148
f 148/148 172/172 173/173
f 148/148 173/173 149/149
f 149/149 173/173 174/174
f 149/149 174/174 150/150
f 150/150 174/174 175/175
f 151/151 176/176 152/152
f 152/152 176/176 177/177
f 152/152 177/177 153/153
f 153/153 177/177 178/178
f 153/153 178/178 154/154
f 154/154 178/178 179/179
f 154/154 179/179 155/155
f 155/155 179/179 180/180
f 155/155 180/180 156/156
f 156/156 180/180 181/181
f 156/156 181/181 157/157
f 157/157 181/181 182/182
f 157/157 182/182 158/158
f 158/158 182/182 183/183
f 158/158 183/183 159/159
f 159/159 183/183 184/184
f 159/159 184/184 160/160
f 160/160 184/184 185/185
f 160/160 185/185 161/161
f 161/161 185/185 186/186
f 161/161 186/186 162/162
f 162/162 186/186 187/187
f 162/162 187/187 163/163
f 163/163 187/187 188/188
f 163/163 188/188 164/164
f 164/164 188/188 189/189
f 164/164 189/189 165/165
f 165/165 189/189 190/190
f 165/165 190/190 166/166
f 166/166 190/190 191/191
f 166/166 191/191 167/167
f 167/167 191/191 192/192
f 167/167 192/192 168/168
f 168/168 192/192 193/193
f 168/168 193/193 169/169
f 169/169 193/193 194/194
f 169/169 194/194 170/170
f 170/170 194/194 195/195
f 170/170 195/195 171/171
f 171/171 195/195 196/196
f 171/171 196/196 172/172
f 172/172 196/196 197/197
f 172/172 197/197 173/173
f 173/173 197/197 198/198
f 173/173 198/198 174/174
f 174/174 198/198 199/199
f 174/174 199/199 175/175
f 175/175 199/199 200/200
f 176/176 201/201 177/177
f 177/177 201/201 202/202
f 177/177 202/202 178/178
f 178/178 202/202 203/203
f 178/178 203/203 179/179
f 179/179 203/203 204/204
f 179/179 204/204 180/180
f 180/180 204/204 205/205
f 180/180 205/205 181/181
f 181/181 205/205 206/206
f 181/181 206/206 182/182
f 182/182 206/206 207/207
f 182/182 207/207 183/183
f 183/183 207/207 208/208
f 183/183 208/208 184/184
f 184/184 208/208 209/209
f 184/184 209/209 185/185
f 185/185 209/209 210/210
f 185/185 210/210 186/186
f 186/186 210/210 211/211
f 186/186 211/211 187/187
f 187/187 211/211 212/212
f 187/187 212/212 188/188
f 188/188 212/212 213/213
f 188/188 213/213 189/189
f 189/189 213/213 214/214
f 189/189 214/214 190/190
f 190/190 214/214 215/215
f 190/190 215/215 191/191
f 191/191 215/215 216/216
f 191/191 216/216 192/192
f 192/192 216/216 217/217
f 192/192 217/217 193/193
f 193/193 217/217 218/218
f 193/193 218/218 194/194
f 194/194 218/218 219/219
f 194/194 219/219 195/195
f 195/195 219/219 220/220
f 195/195 220/220 196/196
f 196/196 220/220 221/221
f 196/196 221/221 197/197
f 197/197 221/221 222/222
f 197/197 222/222 198/198
f 198/198 222/222 223/223
f 198/198 223/223 199/199
f 199/199 223/223 224/224
f 199/199 224/224 200/200
f 200/200 224/224 225/225
f 201/201 226/226 202/202
f 202/202 226/226 227/227
f 202/202 227/227 203/203
f 203/203 227/227 228/228
f 203/203 228/228 204/204
f 204/204 228/228 229/229
f 204/204 229/229 205/205
f 205/205 229/229 230/230
f 205/205 230/230 206/206
f 206/206 230/230 231/231
f 206/206 231/231 207/207
f 207/207 231/231 232/232
f 207/207 232/232 208/208
f 208/208 232/232 233/233
f 208/208 233/233 209/209
f 209/209 233/233 234/234
f 209/209 234/234 210/210
f 210/210 234/234 235/235
f 210/210 235/235 211/211
f 211/211 235/235 236/236
f 211/211 236/236 212/212
f 212/212 236/236 237/237
f 212/212 237/237 213/213
f 213/213 237/237 238/238
f 213/213 238/238 214/214
f 214/214 238/238 239/239
f 214/214 239/239 215/215
f 215/215 239/239 240/240
f 215/215 240/240 216/216
f 216/216 240/240 241/241
f 216/216 241/241 217/217
f 217/217 241/241 242/242
f 217/217 242/242 218/218
f 218/218 242/242 243/243
f 218/218 243/243 219/219
f 219/219 243/243 244/244
f 219/219 244/244 220/220
f 220/220 244/244 245/245
f 220/220 245/245 221/221
f 221/221 245/245 246/246
f 221/221 246/246 222/222
f 222/222 246/246 247/247
f 222/222 247/247 223/223
f 223/223 247/247 248/248
f 223/223 248/248 224/224
f 224/224 248/248 249/249
f 224/224 249/249 225/225
f 225/225 249/249 250/250
f 226/226 251/251 227/227
f 227/227 251/251 252/252
f 227/227 252/252 228/228
f 228/228 252/252 253/253
f 228/228 253/253 229/229
f 229/229 253/253 254/254
f 229/229 254/254 230/230
f 230/230 254/254 255/255
f 230/230 255/255 231/231
f 231/231 255/255 256/256
f 231/231 256/256 232/232
f 232/232 256/256 257/257
f 232/232 257/257 233/233
f 233/233 257/257 258/258
f 233/233 258/258 234/234
f 234/234 258/258 259/259
f 234/234 259/259 235/235
f 235/235 259/259 260/260
f 235/235 260/260 236/236
f 236/236 260/260 261/261
f 236/236 261/261 237/237
f 237/237 261/261 262/262
f 237/237 262/262 238/238
f 238/238 262/262 263/263
f 238/238 263/263 239/239
f 239/239 263/263 264/264
f 239/239 264/264 240/240
f 240/240 264/264 265/265
f 240/240 265/265 241/241
f 241/241 265/265 266/266
f 241/241 266/266 242/242
f 242/242 266/266 267/267
f 242/242 267/267 243/243
f 243/243 267/267 268/268
f 243/243 268/268 244/244
f 244/244 268/268 269/269
f 244/244 269/269 245/245
f 245/245 269/269 270/270
f 245/245 270/270 246/246
f 246/246 270/270 271/271
f 246/246 271/271 247/247
f 247/247 271/271 272/272
f 247/247 272/272 248/248
f 248/248 272/272 273/273
f 248/248 273/273 249/249
f 249/249 273/273 274/274
f 249/249 274/274 250/250
f 250/250 274/274 275/275
f 251/251 276/276 252/252
f 252/252 276/276 277/277
f 252/252 277/277 253/253
f 253/253 277/277 278/278
f 253/253 278/278 254/254
f 254/254 278/278 279/279
f 254/254 279/279 255/255
f 255/255 279/279 280/280
f 255/255 280/280 256/256
f 256/256 280/280 281/281
f 256/256 281/281 257/257
f 257/257 281/281 282/282
f 257/257 282/282 258/258
f 258/258 282/282 283/283
f 258/258 283/283 259/259
f 259/259 283/283 284/284
f 259/259 284/284 260/260
f 260/260 284/284 285/285
f 260/260 285/285 261/261
f 261/261 285/285 286/286
f 261/261 286/286 262/262
f 262/262 286/286 287/287
f 262/262 287/287 263/263
f 263/263 287/287 288/288
f 263/263 288/288 264/264
f 264/264 288/288 289/289
f 264/264 289/289 265/265
f 265/265 289/289 290/290
f 265/265 290/290 266/266
f 266/266 290/290 291/291
f 266/266 291/291 267/267
f 267/267 291/291 292/292
f 267/267 292/292 268/268
f 268/268 292/292 293/293
f 268/268 293/293 269/269
f 269/269 293/293 294/294
f 269/269 294/294 270/270
f 270/270 294/294 295/295
f 270/270 295/295 271/271
f 271/271 295/295 296/296
f 271/271 296/296 272/272
f 272/272 296/296 297/297
f 272/272 297/297 273/273
f 273/273 297/297 298/298
f 273/273 298/298 274/274
f 274/274 298/298 299/299
f 274/274 299/299 275/275
f 275/275 299/299 300/300
f 276/276 301/301 277/277
f 277/277 301/301 302/302
f 277/277 302/302 278/278
f 278/278 302/302 303/303
f 278/278 303/303 279/279
f 279/279 303/303 304/304
f 279/279 304/304 280/280
f 280/280 304/304 305/305
f 280/280 305/305 281/281
f 281/281 305/305 306/306
f 281/281 306/306 282/282
f 282/282 306/306 307/307
f 282/282 307/307 283/283
f 283/283 307/307 308/308
f 283/283 308/308 284/284
f 284/284 308/308 309/309
f 284/284 309/309 285/285
f 285/285 309/309 310/310
f 285/285 310/310 286/286
f 286/286 310/310 311/311
f 286/286 311/311 287/287
f 287/287 311/311 312/312
f 287/287 312/312 288/288
f 288/288 312/312 313/313
f 288/288 313/313 289/289
f 289/289 313/313 314/314
f 289/289 314/314 290/290
f 290/290 314/314 315/315
f 290/290 315/315 291/291
f 291/291 315/315 316/316
f 291/291 316/316 292/292
f 292/292 316/316 317/317
f 292/292 317/317 293/293
f 293/293 317/317 318/318
f 293/293 318/318 294/294
f 294/294 318/318 319/319
f 294/294 319/319 295/295
f 295/295 319/319 320/320
f 295/295 320/320 296/296
f 296/296 320/320 321/321
f 296/296 321/321 297/297
f 297/297 321/321 322/322
f 297/297 322/322 298/298
f 298/298 322/322 323/323
f 298/298 323/323 299/299
f 299/299 323/323 324/324
f 299/299 324/324 300/300
f 300/300 324/324 325/325
f 301/301 326/326 302/302
f 302/302 326/326 327/327
f 302/302 327/327 303/303
f 303/303 327/327 328/328
f 303/303 328/328 304/304
f 304/304 328/328 329/329
f 304/304 329/329 305/305
f 305/305 329/329 330/330
f 305/305 330/330 306/306
f 306/306 330/330 331/331
f 306/306 331/331 307/307
f 307/307 331/331 332/332
f 307/307 332/332 308/308
f 308/308 332/332 333/333
f 308/308 333/333 309/309
f 309/309 333/333 334/334
f 309/309 334/334 310/310
f 310/310 334/334 335/335
f 310/310 335/335 311/311
f 311/311 335/335 336/336
f 311/311 336/336 312/312
f 312/312 336/336 337/337
f 312/312 337/337 313/313
f 313/313 337/337 338/338
f 313/313 338/338 314/314
f 314/314 338/338 339/339
f 314/314 339/339 315/315
f 315/315 339/339 340/340
f 315/315 340/340 316/316
f 316/316 340/340 341/341
f 316/316 341/341 317/317
f 317/317 341/341 342/342
f 317/317 342/342 318/318
f 318/318 342/342 343/343
f 318/318 343/343 319/319
f 319/319 343/343 344/344
f 319/319 344/344 320/320
f 320/320 344/344 345/345
f 320/320 345/345 321/321
f 321/321 345/345 346/346
f 321/321 346/346 322/322
f 322/322 346/346 347/347
f 322/322 347/347 323/323
f 323/323 347/347 348/348
f 323/323 348/348 324/324
f 324/324 348/348 349/349
f 324/324 349/349 325/325
f 325/325 349/349 350/350
f 326/326 351/351 327/327
f 327/327 351/351 352/352
f 327/327 352/352 328/328
f 328/328 352/352 353/353
f 328/328 353/353 329/329
f 329/329 353/353 354/354
f 329/329 354/354 330/330
f 330/330 354/354 355/355
f 330/330 355/355 331/331
f 331/331 355/355 356/356
f 331/331 356/356 332/332
f 332/332 356/356 357/357
f 332/332 357/357 333/333
f 333/333 357/357 358/358
f 333/333 358/358 334/334
f 334/334 358/358 359/359
f 334/334 359/359 335/335
f 335/335 359/359 360/360
f 335/335 360/360 336/336
f 336/336 360/360 361/361
f 336/336 361/361 337/337
f 337/337 361/361 362/362
f 337/337 362/362 338/338
f 338/338 362/362 363/363
f 338/338 363/363 339/339
f 339/339 363/363 364/364
f 339/339 364/364 340/340
f 340/340 364/364 365/365
f 340/340 365/365 341/341
f 341/341 365/365 366/366
f 341/341 366/366 342/342
f 342/342 366/366 367/367
f 342/342 367/367 343/343
f 343/343 367/367 368/368
f 343/343 368/368 344/344
f 344/344 368/368 369/369
f 344/344 369/369 345/345
f 345/345 369/369 370/370
f 345/345 370/370 346/346
f 346/346 370/370 371/371
f 346/346 371/371 347/347
f 347/347 371/371 372/372
f 347/347 372/372 348/348
f 348/348 372/372 373/373
f 348/348 373/373 349/349
f 349/349 373/373 374/374
f 349/349 374/374 350/350
f 350/350 374/374 375/375
f 351/351 376/376 352/352
f 352/352 376/376 377/377
f 352/352 377/377 353/353
f 353/353 377/377 378/378
f 353/353 378/378 354/354
f 354/354 378/378 379/379
f 354/354 379/379 355/355
f 355/355 379/379 380/380
f 355/355 380/380 356/356
f 356/356 380/380 381/381
f 356/356 381/381 357/357
f 357/357 381/381 382/382
f 357/357 382/382 358/358
f 358/358 382/382 383/383
f 358/358 383/383 359/359
f 359/359 383/383 384/384
f 359/359 384/384 360/360
f 360/360 384/384 385/385
f 360/360 385/385 361/361
f 361/361 385/385 386/386
f 361/361 386/386 362/362
f 362/362 386/386 387/387
f 362/362 387/387 363/363
f 363/363 387/387 388/388
f 363/363 388/388 364/364
f 364/364 388/388 389/389
f 364/364 389/389 365/365
f 365/365 389/389 390/390
f 365/365 390/390 366/366
f 366/366 390/390 391/391
f 366/366 391/391 367/367
f 367/367 391/391 392/392
f 367/367 392/392 368/368
f 368/368 392/392 393/393
f 368/368 393/393 369/369
f 369/369 393/393 394/394
f 369/369 394/394 370/370
f 370/370 394/394 395/395
f 370/370 395/395 371/371
f 371/371 395/395 396/396
f 371/371 396/396 372/372
f 372/372 396/396 397/397
f 372/372 397/397 373/373
f 373/373 397/397 398/398
f 373/373 398/398 374/374
f 374/374 398/398 399/399
f 374/374 399/399 375/375
f 375/375 399/399 400/400
f 376/376 401/401 377/377
f 377/377 401/401 402/402
f 377/377 402/402 378/378
f 378/378 402/402 403/403
f 378/378 403/403 379/379
f 379/379 403/403 404/404
f 379/379 404/404 380/380
f 380/380 404/404 405/405
f 380/380 405/405 381/381
f 381/381 405/405 406/406
f 381/381 406/406 382/382
f 382/382 406/406 407/407
f 382/382 407/407 383/383
f 383/383 407/407 408/408
f 383/383 408/408 384/384
f 384/384 408/408 409/409
f 384/384 409/409 385/385
f 385/385 409/409 410/410
f 385/385 410/410 386/386
f 386/386 410/410 411/411
f 386/386 411/411 387/387
f 387/387 411/411 412/412
f 387/387 412/412 388/388
f 388/388 412/412 413/413
f 388/388 413/413 389/389
f 389/389 413/413 414/414
f 389/389 414/414 390/390
f 390/390 414/414 415/415
f 390/390 415/415 391/391
f 391/391 415/415 416/416
f 391/391 416/416 392/392
f 392/392 416/416 417/417
f 392/392 417/417 393/393
f 393/393 417/417 418/418
f 393/393 418/418 394/394
f 394/394 418/418 419/419
f 394/394 419/419 395/395
f 395/395 419/419 420/420
f 395/395 420/420 396/396
f 396/396 420/420 421/421
f 396/396 421/421 397/397
f 397/397 421/421 422/422
f 397/397 422/422 398/398
f 398/398 422/422 423/423
f 398/398 423/423 399/399
f 399/399 423/423 424/424
f 399/399 424/424 400/400
f 400/400 424/424 425/425
f 401/401 426/426 402/402
f 402/402 426/426 427/427
f 402/402 427/427 403/403
f 403/403 427/427 428/428
f 403/403 428/428 404/404
f 404/404 428/428 429/429
f 404/404 429/429 405/405
f 405/405 429/429 430/430
f 405/405 430/430 406/406
f 406/406 430/430 431/431
f 406/406 431/431 407/407
f 407/407 431/431 432/432
f 407/407 432/432 408/408
f 408/408 432/432 433/433
f 408/408 433/433 409/409
f 409/409 433/433 434/434
f 409/409 434/434 410/410
f 410/410 434/434 435/435
f 410/410 435/435 411/411
f 411/411 435/435 436/436
f 411/411 436/436 412/412
f 412/412 436/436 437/437
f 412/412 437/437 413/413
f 413/413 437/437 438/438
f 413/413 438/438 414/414
f 414/414 438/438 439/439
f 414/414 439/439 415/415
f 415/415 439/439 440/440
f 415/415 440/440 416/416
f 416/416 440/440 441/441
f 416/416 441/441 417/417
f 417/417 441/441 442/442
f 417/417 442/442 418/418
f 418/418 442/442 443/443
f 418/418 443/443 419/419
f 419/419 443/443 444/444
f 419/419 444/444 420/420
f 420/420 444/444 445/445
f 420/420 445/445 421/421
f 421/421 445/445 446/446
f 421/421 446/446 422/422
f 422/422 446/446 447/447
f 422/422 447/447 423/423
f 423/423 447/447 448/448
f 423/423 448/448 424/424
f 424/424 448/448 449/449
f 424/424 449/449 425/425
f 425/425 449/449 450/450
f 426/426 451/451 427/427
f 427/427 451/451 452/452
f 427/427 452/452 428/428
f 428/428 452/452 453/453
f 428/428 453/453 429/429
f 429/429 453/453 454/454
f 429/429 454/454 430/430
f 430/430 454/454 455/455
f 430/430 455/455 431/431
f 431/431 455/455 456/456
f 431/431 456/456 432/432
f 432/432 456/456 457/457
f 432/432 457/457 433/433
f 433/433 457/457 458/458
f 433/433 458/458 434/434
f 434/434 458/458 459/459
f 434/434 459/459 435/435
f 435/435 459/459 460/460
f 435/435 460/460 436/436
f 436/436 460/460 461/461
f 436/436 461/461 437/437
f 437/437 461/461 462/462
f 437/437 462/462 438/438
f 438/438 462/462 463/463
f 438/438 463/463 439/439
f 439/439 463/463 464/464
f 439/439 464/464 440/440
f 440/440 464/464 465/465
f 440/440 465/465 441/441
f 441/441 465/465 466/466
f 441/441 466/466 442/442
f 442/442 466/466 467/467
f 442/442 467/467 443/443
f 443/443 467/467 468/468
f 443/443 468/468 444/444
f 444/444 468/468 469/469
f 444/444 469/469 445/445
f 445/445 469/469 470/470
f 445/445 470/470 446/446
f 446/446 470/470 471/471
f 446/446 471/471 447/447
f 447/447 471/471 472/472
f 447/447 472/472 448/448
f 448/448 472/472 473/473
f 448/448 473/473 449/449
f 449/449 473/473 474/474
f 449/449 474/474 450/450
f 450/450 474/474 475/475
f 451/451 476/476 452/452
f 452/452 476/476 477/477
f 452/452 477/477 453/453
f 453/453 477/477 478/478
f 453/453 478/478 454/454
f 454/454 478/478 479/479
f 454/454 479/479 455/455
f 455/455 479/479 480/480
f 455/455 480/480 456/456
f 456/456 480/480 481/481
f 456/456 481/481 457/457
f 457/457 481/481 482/482
f 457/457 482/482 458/458
f 458/458 482/482 483/483
f 458/458 483/483 459/459
f 459/459 483/483 484/484
f 459/459 484/484 460/460
f 460/460 484/484 485/485
f 460/460 485/485 461/461
f 461/461 485/485 486/486
f 461/461 486/486 462/462
f 462/462 486/486 487/487
f 462/462 487/487 463/463
f 463/463 487/487 488/488
f 463/463 488/488 464/464
f 464/464 488/488 489/489
f 464/464 489/489 465/465
f 465/465 489/489 490/490
f 465/465 490/490 466/466
f 466/466 490/490 491/491
f 466/466 491/491 467/467
f 467/467 491/491 492/492
f 467/467 492/492 468/468
f 468/468 492/492 493/493
f 468/468 493/493 469/469
f 469/469 493/493 494/494
f 469/469 494/494 470/470
f 470/470 494/494 495/495
f 470/470 495/495 471/471
f 471/471 495/495 496/496
f 471/471 496/496 472/472
f 472/472 496/496 497/497
f 472/472 497/497 473/473
f 473/473 497/497 498/498
f 473/473 498/498 474/474
f 474/474 498/498 499/499
f 474/474 499/499 475/475
f 475/475 499/499 500/500
f 476/476 501/501 477/477
f 477/477 501/501 502/502
f 477/477 502/502 478/478
f 478/478 502/502 503/503
f 478/478 503/503 479/479
f 479/479 503/503 504/504
f 479/479 504/504 480/480
f 480/480 504/504 505/505
f 480/480 505/505 481/481
f 481/481 505/505 506/506
f 481/481 506/506 482/482
f 482/482 506/506 507/507
f 482/482 507/507 483/483
f 483/483 507/507 508/508
f 483/483 508/508 484/484
f 484/484 508/508 509/509
f 484/484 509/509 485/485
f 485/485 509/509 510/510
f 485/485 510/510 486/486
f 486/486 510/510 511/511
f 486/486 511/511 487/487
f 487/487 511/511 512/512
f 487/487 512/512 488/488
f 488/488 512/512 513/513
f 488/488 513/513 489/489
f 489/489 513/513 514/514
f 489/489 514/514 490/490
f 490/490 514/514 515/515
f 490/490 515/515 491/491
f 491/491 515/515 516/516
f 491/491 516/516 492/492
f 492/492 516/516 517/517
f 492/492 517/517 493/493
f 493/493 517/517 518/518
f 493/493 518/518 494/494
f 494/494 518/518 519/519
f 494/494 519/519 495/495
f 495/495 519/519 520/520
f 495/495 520/520 496/496
f 496/496 520/520 521/521
f 496/496 521/521 497/497
f 497/497 521/521 522/522
f 497/497 522/522 498/498
f 498/498 522/522 523/523
f 498/498 523/523 499/499
f 499/499 523/523 524/524
f 499/499 524/524 500/500
f 500/500 524/524 525/525
f 501/501 526/526 502/502
f 502/502 526/526 527/527
f 502/502 527/527 503/503
f 503/503 527/527 528/528
f 503/503 528/528 504/504
f 504/504 528/528 529/529
f 504/504 529/529 505/505
f 505/505 529/529 530/530
f 505/505 530/530 506/506
f 506/506 530/530 531/531
f 506/506 531/531 507/507
f 507/507 531/531 532/532
f 507/507 532/532 508/508
f 508/508 532/532 533/533
f 508/508 533/533 509/509
f 509/509 533/533 534/534
f 509/509 534/534 510/510
f 510/510 534/534 535/535
f 510/510 535/535 511/511
f 511/511 535/535 536/536
f 511/511 536/536 512/512
f 512/512 536/536 537/537
f 512/512 537/537 513/513
f 513/513 537/537 538/538
f 513/513 538/538 514/514
f 514/514 538/538 539/539
f 514/514 539/539 515/515
f 515/515 539/539 540/540
f 515/515 540/540 516/516
f 516/516 540/540 541/541
f 516/516 541/541 517/517
f 517/517 541/541 542/542
f 517/517 542/542 518/518
f 518/518 542/542 543/543
f 518/518 543/543 519/519
f 519/519 543/543 544/544
f 519/519 544/544 520/520
f 520/520 544/544 545/545
f 520/520 545/545 521/521
f 521/521 545/545 546/546
f 521/521 546/546 522/522
f 522/522 546/546 547/547
f 522/522 547/547 523/523
f 523/523 547/547 548/548
f 523/523 548/548 524/524
f 524/524 548/548 549/549
f 524/524 549/549 525/525
f 525/525 549/549 550/550
f 526/526 551/551 527/527
f 527/527 551/551 552/552
f 527/527 552/552 528/528
f 528/528 552/552 553/553
f 528/528 553/553 529/529
f 529/529 553/553 554/554
f 529/529 554/554 530/530
f 530/530 554/554 555/555
f 530/530 555/555 531/531
f 531/531 555/555 556/556
f 531/531 556/556 532/532
f 532/532 556/556 557/557
f 532/532 557/557 533/533
f 533/533 557/557 558/558
f 533/533 558/558 534/534
f 534/534 558/558 559/559
f 534/534 559/559 535/535
f 535/535 559/559 560/560
f 535/535 560/560 536/536
f 536/536 560/560 561/561
f 536/536 561/561 537/537
f 537/537 561/561 562/562
f 537/537 562/562 538/538
f 538/538 562/562 563/563
f 538/538 563/563 539/539
f 539/539 563/563 564/564
f 539/539 564/564 540/540
f 540/540 564/564 565/565
f 540/540 565/565 541/541
f 541/541 565/565 566/566
f 541/541 566/566 542/542
f 542/542 566/566 567/567
f 542/542 567/567 543/543
f 543/543 567/567 568/568
f 543/543 568/568 544/544
f 544/544 568/568 569/569
f 544/544 569/569 545/545
f 545/545 569/569 570/570
f 545/545 570/570 546/546
f 546/546 570/570 571/571
f 546/546 571/571 547/547
f 547/547 571/571 572/572
f 547/547 572/572 548/548
f 548/548 572/572 573/573
f 548/548 573/573 549/549
f 549/549 573/573 574/574
f 549/549 574/574 550/550
f 550/550 574/574 575/575
f 551/551 576/576 552/552
f 552/552 576/576 577/577
f 552/552 577/577 553/553
f 553/553 577/577 578/578
f 553/553 578/578 554/554
f 554/554 578/578 579/579
f 554/554 579/579 555/555
f 555/555 579/579 580/580
f 555/555 580/580 556/556
f 556/556 580/580 581/581
f 556/556 581/581 557/557
f 557/557 581/581 582/582
f 557/557 582/582 558/558
f 558/558 582/582 583/583
f 558/558 583/583 559/559
f 559/559 583/583 584/584
f 559/559 584/584 560/560
f 560/560 584/584 585/585
f 560/560 585/585 561/561
f 561/561 585/585 586/586
f 561/561 586/586 562/562
f 562/562 586/586 587/587
f 562/562 587/587 563/563
f 563/563 587/587 588/588
f 563/563 588/588 564/564
f 564/564 588/588 589/589
f 564/564 589/589 565/565
f 565/565 589/589 590/590
f 565/565 590/590 566/566
f 566/566 590/590 591/591
f 566/566 591/591 567/567
f 567/567 591/591 592/592
f 567/567 592/592 568/568
f 568/568 592/592 593/593
f 568/568 593/593 569/569
f 569/569 593/593 594/594
f 569/569 594/594 570/570
f 570/570 594/594 595/595
f 570/570 595/595 571/571
f 571/571 595/595 596/596
f 571/571 596/596 572/572
f 572/572 596/596 597/597
f 572/572 597/597 573/573
f 573/573 597/597 598/598
f 573/573 598/598 574/574
f 574/574 598/598 599/599
f 574/574 599/599 575/575
f 575/575 599/599 600/600
f 576/576 601/601 577/577
f 577/577 601/601 602/602
f 577/577 602/602 578/578
f 578/578 602/602 603/603
f 578/578 603/603 579/579
f 579/579 603/603 604/604
f 579/579 604/604 580/580
f 580/580 604/604 605/605
f 580/580 605/605 581/581
f 581/581 605/605 606/606
f 581/581 606/606 582/582
f 582/582 606/606 607/607
f 582/582 607/607 583/583
f 583/583 607/607 608/608
f 583/583 608/608 584/584
f 584/584 608/608 609/609
f 584/584 609/609 585/585
f 585/585 609/609 610/610
f 585/585 610/610 586/586
f 586/586 610/610 611/611
f 586/586 611/611 587/587
f 587/587 611/611 612/612
f 587/587 612/612 588/588
f 588/588 612/612 613/613
f 588/588 613/613 589/589
f 589/589 613/613 614/614
f 589/589 614/614 590/590
f 590/590 614/614 615/615
f 590/590 615/615 591/591
f 591/591 615/615 616/616
f 591/591 616/616 592/592
f 592/592 616/616 617/617
f 592/592 617/617 593/593
f 593/593 617/617 618/618
f 593/593 618/618 594/594
f 594/594 618/618 619/619
f 594/594 619/619 595/595
f 595/595 619/619 620/620
f 595/595 620/620 596/596
f 596/596 620/620 621/621
f 596/596 621/621 597/597
f 597/597 621/621 622/622
f 597/597 622/622 598/598
f 598/598 622/622 623/623
f 598/598 623/623 599/599
f 599/599 623/623 624/624
f 599/599 624/624 600/600
f 600/600 624/624 625/625
f 601/601 626/626 602/602
f 602/602 626/626 627/627
f 602/602 627/627 603/603
f 603/603 627/627 628/628
f 603/603 628/628 604/604
f 604/604 628/628 629/629
f 604/604 629/629 605/605
f 605/605 629/629 630/630
f 605/605 630/630 606/606
f 606/606 630/630 631/631
f 606/606 631/631 607/607
f 607/607 631/631 632/632
f 607/607 632/632 608/608
f 608/608 632/632 633/633
f 608/608 633/633 609/609
f 609/609 633/633 634/634
f 609/609 634/634 610/610
f 610/610 634/634 635/635
f 610/610 635/635 611/611
f 611/611 635/635 636/636
f 611/611 636/636 612/612
f 612/612 636/636 637/637
f 612/612 637/637 613/613
f 613/613 637/637 638/638
f 613/613 638/638 614/614
f 614/614 638/638 639/639
f 614/614 639/639 615/615
f 615/615 639/639 640/640
f 615/615 640/640 616/616
f 616/616 640/640 641/641
f 616/616 641/641 617/617
f 617/617 641/641 642/642
f 617/617 642/642 618/618
f 618/618 642/642 643/643
f 618/618 643/643 619/619
f 619/619 643/643 644/644
f 619/619 644/644 620/620
f 620/620 644/644 645/645
f 620/620 645/645 621/621
f 621/621 645/645 646/646
f 621/621 646/646 622/622
f 622/622 646/646 647/647
f 622/622 647/647 623/623
f 623/623 647/647 648/648
f 623/623 648/648 624/624
f 624/624 648/648 649/649
f 624/624 649/649 625/625
f 625/625 649/649 650/650
f 626/626 651/651 627/627
f 627/627 651/651 652/652
f 627/627 652/652 628/628
f 628/628 652/652 653/653
f 628/628 653/653 629/629
f 629/629 653/653 654/654
f 629/629 654/654 630/630
f 630/630 654/654 655/655
f 630/630 655/655 631/631
f 631/631 655/655 656/656
f 631/631 656/656 632/632
f 632/632 656/656 657/657
f 632/632 657/657 633/633
f 633/633 657/657 658/658
f 633/633 658/658 634/634
f 634/634 658/658 659/659
f 634/634 659/659 635/635
f 635/635 659/659 660/660
f 635/635 660/660 636/636
f 636/636 660/660 661/661
f 636/636 661/661 637/637
f 637/637 661/661 662/662
f 637/637 662/662 638/638
f 638/638 662/662 663/663
f 638/638 663/663 639/639
f 639/639 663/663 664/664
f 639/639 664/664 640/640
f 640/640 664/664 665/665
f 640/640 665/665 641/641
f 641/641 665/665 666/666
f 641/641 666/666 642/642
f 642/642 666/666 667/667
f 642/642 667/667 643/643
f 643/643 667/667 668/668
f 643/643 668/668 644/644
f 644/644 668/668 669/669
f 644/644 669/669 645/645
f 645/645 669/669 670/670
f 645/645 670/670 646/646
f 646/646 670/670 671/671
f 646/646 671/671 647/647
f 647/647 671/671 672/672
f 647/647 672/672 648/648
f 648/648 672/672 673/673
f 648/648 673/673 649/649
f 649/649 673/673 674/674
f 649/649 674/674 650/650
f 650/650 674/674 675/675
f 651/651 676/676 652/652
f 652/652 676/676 677/677
f 652/652 677/677 653/653
f 653/653 677/677 678/678
f 653/653 678/678 654/654
f 654/654 678/678 679/679
f 654/654 679/679 655/655
f 655/655 679/679 680/680
f 655/655 680/680 656/656
f 656/656 680/680 681/681
f 656/656 681/681 657/657
f 657/657 681/681 682/682
f 657/657 682/682 658/658
f 658/658 682/682 683/683
f 658/658 683/683 659/659
f 659/659 683/683 684/684
f 659/659 684/684 660/660
f 660/660 684/684 685/685
f 660/660 685/685 661/661
f 661/661 685/685 686/686
f 661/661 686/686 662/662
f 662/662 686/686 687/687
f 662/662 687/687 663/663
f 663/663 687/687 688/688
f 663/663 688/688 664/664
f 664/664 688/688 689/689
f 664/664 689/689 665/665
f 665/665 689/689 690/690
f 665/665 690/690 666/666
f 666/666 690/690 691/691
f 666/666 691/691 667/667
f 667/667 691/691 692/692
f 667/667 692/692 668/668
f 668/668 692/692 693/693
f 668/668 693/693 669/669
f 669/669 693/693 694/694
f 669/669 694/694 670/670
f 670/670 694/694 695/695
f 670/670 695/695 671/671
f 671/671 695/695 696/696
f 671/671 696/696 672/672
f 672/672 696/696 697/697
f 672/672 697/697 673/673
f 673/673 697/697 698/698
f 673/673 698/698 674/674
f 674/674 698/698 699/699
f 674/674 699/699 675/675
f 675/675 699/699 700/700
f 676/676 701/701 677/677
f 677/677 701/701 702/702
f 677/677 702/702 678/678
f 678/678 702/702 703/703
f 678/678 703/703 679/679
f 679/679 703/703 704/704
f 679/679 704/704 680/680
f 680/680 704/704 705/705
f 680/680 705/705 681/681
f 681/681 705/705 706/706
f 681/681 706/706 682/682
f 682/682 706/706 707/707
f 682/682 707/707 683/683
f 683/683 707/707 708/708
f 683/683 708/708 684/684
f 684/684 708/708 709/709
f 684/684 709/709 685/685
f 685/685 709/709 710/710
f 685/685 710/710 686/686
f 686/686 710/710 711/711
f 686/686 711/711 687/687
f 687/687 711/711 712/712
f 687/687 712/712 688/688
f 688/688 712/712 713/713
f 688/688 713/713 689/689
f 689/689 713/713 714/714
f 689/689 714/714 690/690
f 690/690 714/714 715/715
f 690/690 715/715 691/691
f 691/691 715/715 716/716
f 691/691 716/716 692/692
f 692/692 716/716 717/717
f 692/692 717/717 693/693
f 693/693 717/717 718/718
f 693/693 718/718 694/694
f 694/694 718/718 719/719
f 694/694 719/719 695/695
f 695/695 719/719 720/720
f 695/695 720/720 696/696
f 696/696 720/720 721/721
f 696/696 721/721 697/697
f 697/697 721/721 722/722
f 697/697 722/722 698/698
f 698/698 722/722 723/723
f 698/698 723/723 699/699
f 699/699 723/723 724/724
f 699/699 724/724 700/700
f 700/700 724/724 725/725
f 701/701 726/726 702/702
f 702/702 726/726 727/727
f 702/702 727/727 703/703
f 703/703 727/727 728/728
f 703/703 728/728 704/704
f 704/704 728/728 729/729
f 704/704 729/729 705/705
f 705/705 729/729 730/730
f 705/705 730/730 706/706
f 706/706 730/730 731/731
f 706/706 731/731 707/707
f 707/707 731/731 732/732
f 707/707 732/732 708/708
f 708/708 732/732 733/733
f 708/708 733/733 709/709
f 709/709 733/733 734/734
f 709/709 734/734 710/710
f 710/710 734/734 735/735
f 710/710 735/735 711/711
f 711/711 735/735 736/736
f 711/711 736/736 712/712
f 712/712 736/736 737/737
f 712/712 737/737 713/713
f 713/713 737/737 738/738
f 713/713 738/738 714/714
f 714/714 738/738 739/739
f 714/714 739/739 715/715
f 715/715 739/739 740/740
f 715/715 740/740 716/716
f 716/716 740/740 741/741
f 716/716 741/741 717/717
f 717/717 741/741 742/742
f 717/717 742/742 718/718
f 718/718 742/742 743/743
f 718/718 743/743 719/719
f 719/719 743/743 744/744
f 719/719 744/744 720/720
f 720/720 744/744 745/745
f 720/720 745/745 721/721
f 721/721 745/745 746/746
f 721/721 746/746 722/722
f 722/722 746/746 747/747
f 722/722 747/747 723/723
f 723/723 747/747 748/748
f 723/723 748/748 724/724
f 724/724 748/748 749/749
f 724/724 749/749 725/725
f 725/725 749/749 750/750
f 726/726 751/751 727/727
f 727/727 751/751 752/752
f 727/727 752/752 728/728
f 728/728 752/752 753/753
f 728/728 753/753 729/729
f 729/729 753/753 754/754
f 729/729 754/754 730/730
f 730/730 754/754 755/755
f 730/730 755/755 731/731
f 731/731 755/755 756/756
f 731/731 756/756 732/732
f 732/732 756/756 757/757
f 732/732 757/757 733/733
f 733/733 757/757 758/758
f 733/733 758/758 734/734
f 734/734 758/758 759/759
f 734/734 759/759 735/735
f 735/735 759/759 760/760
f 735/735 760/760 736/736
f 736/736 760/760 761/761
f 736/736 761/761 737/737
f 737/737 761/761 762/762
f 737/737 762/762 738/738
f 738/738 762/762 763/763
f 738/738 763/763 739/739
f 739/739 763/763 764/764
f 739/739 764/764 740/740
f 740/740 764/764 765/765
f 740/740 765/765 741/741
f 741/741 765/765 766/766
f 741/741 766/766 742/742
f 742/742 766/766 767/767
f 742/742 767/767 743/743
f 743/743 767/767 768/768
f 743/743 768/768 744/744
f 744/744 768/768 769/769
f 744/744 769/769 745/745
f 745/745 769/769 770/770
f 745/745 770/770 746/746
f 746/746 770/770 771/771
f 746/746 771/771 747/747
f 747/747 771/771 772/772
f 747/747 772/772 748/748
f 748/748 772/772 773/773
f 748/748 773/773 749/749
f 749/749 773/773 774/774
f 749/749 774/774 750/750
f 750/750 774/774 775/775
f 751/751 776/776 752/752
f 752/752 776/776 777/777
f 752/752 777/777 753/753
f 753/753 777/777 778/778
f 753/753 778/778 754/754
f 754/754 778/778 779/779
f 754/754 779/779 755/755
f 755/755 779/779 780/780
f 755/755 780/780 756/756
f 756/756 780/780 781/781
f 756/756 781/781 757/757
f 757/757 781/781 782/782
f 757/757 782/782 758/758
f 758/758 782/782 783/783
f 758/758 783/783 759/759
f 759/759 783/783 784/784
f 759/759 784/784 760/760
f 760/760 784/784 785/785
f 760/760 785/785 761/761
f 761/761 785/785 786/786
f 761/761 786/786 762/762
f 762/762 786/786 787/787
f 762/762 787/787 763/763
f 763/763 787/787 788/788
f 763/763 788/788 764/764
f 764/764 788/788 789/789
f 764/764 789/789 765/765
f 765/765 789/789 790/790
f 765/765 790/790 766/766
f 766/766 790/790 791/791
f 766/766 791/791 767/767
f 767/767 791/791 792/792
f 767/767 792/792 768/768
f 768/768 792/792 793/793
f 768/768 793/793 769/769
f 769/769 793/793 794/794
f 769/769 794/794 770/770
f 770/770 794/794 795/795
f 770/770 795/795 771/771
f 771/771 795/795 796/796
f 771/771 796/796 772/772
f 772/772 796/796 797/797
f 772/772 797/797 773/773
f 773/773 797/797 798/798
f 773/773 798/798 774/774
f 774/774 798/798 799/799
f 774/774 799/799 775/775
f 775/775 799/799 800/800
f 776/776 801/801 777/777
f 777/777 801/801 802/802
f 777/777 802/802 778/778
f 778/778 802/802 803/803
f 778/778 803/803 779/779
f 779/779 803/803 804/804
f 779/779 804/804 780/780
f 780/780 804/804 805/805
f 780/780 805/805 781/781
f 781/781 805/805 806/806
f 781/781 806/806 782/782
f 782/782 806/806 807/807
f 782/782 807/807 783/783
f 783/783 807/807 808/808
f 783/783 808/808 784/784
f 784/784 808/808 809/809
f 784/784 809/809 785/785
f 785/785 809/809 810/810
f 785/785 810/810 786/786
f 786/786 810/810 811/811
f 786/786 811/811 787/787
f 787/787 811/811 812/812
f 787/787 812/812 788/788
f 788/788 812/812 813/813
f 788/788 813/813 789/789
f 789/789 813/813 814/814
f 789/789 814/814 790/790
f 790/790 814/814 815/815
f 790/790 815/815 791/791
f 791/791 815/815 816/816
f 791/791 816/816 792/792
f 792/792 816/816 817/817
f 792/792 817/817 793/793
f 793/793 817/817 818/818
f 793/793 818/818 794/794
f 794/794 818/818 819/819
f 794/794 819/819 795/795
f 795/795 819/819 820/820
f 795/795 820/820 796/796
f 796/796 820/820 821/821
f 796/796 821/821 797/797
f 797/797 821/821 822/822
f 797/797 822/822 798/798
f 798/798 822/822 823/823
f 798/798 823/823 799/799
f 799/799 823/823 824/824
f 799/799 824/824 800/800
f 800/800 824/824 825/825
f 801/801 826/826 802/802
f 802/802 826/826 827/827
f 802/802 827/827 803/803
f 803/803 827/827 828/828
f 803/803 828/828 804/804
f 804/804 828/828 829/829
f 804/804 829/829 805/805
f 805/805 829/829 830/830
f 805/805 830/830 806/806
f 806/806 830/830 831/831
f 806/806 831/831 807/807
f 807/807 831/831 832/832
f 807/807 832/832 808/808
f 808/808 832/832 833/833
f 808/808 833/833 809/809
f 809/809 833/833 834/834
f 809/809 834/834 810/810
f 810/810 834/834 835/835
f 810/810 835/835 811/811
f 811/811 835/835 836/836
f 811/811 836/836 812/812
f 812/812 836/836 837/837
f 812/812 837/837 813/813
f 813/813 837/837 838/838
f 813/813 838/838 814/814
f 814/814 838/838 839/839
f 814/814 839/839 815/815
f 815/815 839/839 840/840
f 815/815 840/840 816/816
f 816/816 840/840 841/841
f 816/816 841/841 817/817
f 817/817 841/841 842/842
f 817/817 842/842 818/818
f 818/818 842/842 843/843
f 818/818 843/843 819/819
f 819/819 843/843 844/844
f 819/819 844/844 820/820
f 820/820 844/844 845/845
f 820/820 845/845 821/821
f 821/821 845/845 846/846
f 821/821 846/846 822/822
f 822/822 846/846 847/847
f 822/822 847/847 823/823
f 823/823 847/847 848/848
f 823/823 848/848 824/824
f 824/824 848/848 849/849
f 824/824 849/849 825/825
f 825/825 849/849 850/850
f 826/826 851/851 827/827
f 827/827 851/851 852/852
f 827/827 852/852 828/828
f 828/828 852/852 853/853
f 828/828 853/853 829/829
f 829/829 853/853 854/854
f 829/829 854/854 830/830
f 830/830 854/854 855/855
f 830/830 855/855 831/831
f 831/831 855/855 856/856
f 831/831 856/856 832/832
f 832/832 856/856 857/857
f 832/832 857/857 833/833
f 833/833 857/857 858/858
f 833/833 858/858 834/834
f 834/834 858/858 859/859
f 834/834 859/859 835/835
f 835/835 859/859 860/860
f 835/835 860/860 836/836
f 836/836 860/860 861/861
f 836/836 861/861 837/837
f 837/837 861/861 862/862
f 837/837 862/862 838/838
f 838/838 862/862 863/863
f 838/838 863/863 839/839
f 839/839 863/863 864/864
f 839/839 864/864 840/840
f 840/840 864/864 865/865
f 840/840 865/865 841/841
f 841/841 865/865 866/866
f 841/841 866/866 842/842
f 842/842 866/866 867/867
f 842/842 867/867 843/843
f 843/843 867/867 868/868
f 843/843 868/868 844/844
f 844/844 868/868 869/869
f 844/844 869/869 845/845
f 845/845 869/869 870/870
f 845/845 870/870 846/846
f 846/846 870/870 871/871
f 846/846 871/871 847/847
f 847/847 871/871 872/872
f 847/847 872/872 848/848
f 848/848 872/872 873/873
f 848/848 873/873 849/849
f 849/849 873/873 874/874
f 849/849 874/874 850/850
f 850/850 874/874 875/875
f 851/851 876/876 852/852
f 852/852 876/876 877/877
f 852/852 877/877 853/853
f 853/853 877/877 878/878
f 853/853 878/878 854/854
f 854/854 878/878 879/879
f 854/854 879/879 855/855
f 855/855 879/879 880/880
f 855/855 880/880 856/856
f 856/856 880/880 881/881
f 856/856 881/881 857/857
f 857/857 881/881 882/882
f 857/857 882/882 858/858
f 858/858 882/882 883/883
f 858/858 883/883 859/859
f 859/859 883/883 884/884
f 859/859 884/884 860/860
f 860/860 884/884 885/885
f 860/860 885/885 861/861
f 861/861 885/885 886/886
f 861/861 886/886 862/862
f 862/862 886/886 887/887
f 862/862 887/887 863/863
f 863/863 887/887 888/888
f 863/863 888/888 864/864
f 864/864 888/888 889/889
f 864/864 889/889 865/865
f 865/865 889/889 890/890
f 865/865 890/890 866/866
f 866/866 890/890 891/891
f 866/866 891/891 867/867
f 867/867 891/891 892/892
f 867/867 892/892 868/868
f 868/868 892/892 893/893
f 868/868 893/893 869/869
f 869/869 893/893 894/894
f 869/869 894/894 870/870
f 870/870 894/894 895/895
f 870/870 895/895 871/871
f 871/871 895/895 896/896
f 871/871 896/896 872/872
f 872/872 896/896 897/897
f 872/872 897/897 873/873
f 873/873 897/897 898/898
f 873/873 898/898 874/874
f 874/874 898/898 899/899
f 874/874 899/899 875/875
f 875/875 899/899 900/900
f 876/876 901/901 877/877
f 877/877 901/901 902/902
f 877/877 902/902 878/878
f 878/878 902/902 903/903
f 878/878 903/903 879/879
f 879/879 903/903 904/904
f 879/879 904/904 880/880
f 880/880 904/904 905/905
f 880/880 905/905 881/881
f 881/881 905/905 906/906
f 881/881 906/906 882/882
f 882/882 906/906 907/907
f 882/882 907/907 883/883
f 883/883 907/907 908/908
f 883/883 908/908 884/884
f 884/884 908/908 909/909
f 884/884 909/909 885/885
f 885/885 909/909 910/910
f 885/885 910/910 886/886
f 886/886 910/910 911/911
f 886/886 911/911 887/887
f 887/887 911/911 912/912
f 887/887 912/912 888/888
f 888/888 912/912 913/913
f 888/888 913/913 889/889
f 889/889 913/913 914/914
f 889/889 914/914 890/890
f 890/890 914/914 915/915
f 890/890 915/915 891/891
f 891/891 915/915 916/916
f 891/891 916/916 892/892
f 892/892 916/916 917/917
f 892/892 917/917 893/893
f 893/893 917/917 918/918
f 893/893 918/918 894/894
f 894/894 918/918 919/919
f 894/894 919/919 895/895
f 895/895 919/919 920/920
f 895/895 920/920 896/896
f 896/896 920/920 921/921
f 896/896 921/921 897/897
f 897/897 921/921 922/922
f 897/897 922/922 898/898
f 898/898 922/922 923/923
f 898/898 923/923 899/899
f 899/899 923/923 924/924
f 899/899 924/924 900/900
f 900/900 924/924 925/925
f 926/926 927/927 951/951
f 927/927 952/952 951/951
f 927/927 928/928 952/952
f 928/928 953/953 952/952
f 928/928 929/929 953/953
f 929/929 954/954 953/953
f 929/929 930/930 954/954
f 930/930 955/955 954/954
f 930/930 931/931 955/955
f 931/931 956/956 955/955
f 931/931 932/932 956/956
f 932/932 957/957 956/956
f 932/932 933/933 957/957
f 933/933 958/958 957/957
f 933/933 934/934 958/958
f 934/934 959/959 958/958
f 934/934 935/935 959/959
f 935/935 960/960 959/959
f 935/935 936/936 960/960
f 936/936 961/961 960/960
f 936/936 937/937 961/961
f 937/937 962/962 961/961
f 937/937 938/938 962/962
f 938/938 963/963 962/962
f 938/938 939/939 963/963
f 939/939 964/964 963/963
f 939/939 940/940 964/964
f 940/940 965/965 964/964
f 940/940 941/941 965/965
f 941/941 966/966 965/965
f 941/941 942/942 966/966
f 942/942 967/967 966/966
f 942/942 943/943 967/967
f 943/943 968/968 967/967
f 943/943 944/944 968/968
f 944/944 969/969 968/968
f 944/944 945/945 969/969
f 945/945 970/970 969/969
f 945/945 946/946 970/970
f 946/946 971/971 970/970
f 946/946 947/947 971/971
f 947/947 972/972 971/971
f 947/947 948/948 972/972
f 948/948 973/973 972/972
f 948/948 949/949 973/973
f 949/949 974/974 973/973
f 949/949 950/950 974/974
f 950/950 975/975 974/974
f 951/951 952/952 976/976
f 952/952 977/977 976/976
f 952/952 953/953 977/977
f 953/953 978/978 977/977
f 953/953 954/954 978/978
f 954/954 979/979 978/978
f 954/954 955/955 979/979
f 955/955 980/980 979/979
f 955/955 956/956 980/980
f 956/956 981/981 980/980
f 956/956 957/957 981/981
f 957/957 982/982 981/981
f 957/957 958/958 982/982
f 958/958 983/983 982/982
f 958/958 959/959 983/983
f 959/959 984/984 983/983
f 959/959 960/960 984/984
f 960/960 985/985 984/984
f 960/960 961/961 985/985
f 961/961 986/986 985/985
f 961/961 962/962 986/986
f 962/962 987/987 986/986
f 962/962 963/963 987/987
f 963/963 988/988 987/987
f 963/963 964/964 988/988
f 964/964 989/989 988/988
f 964/964 965/965 989/989
f 965/965 990/990 989/989
f 965/965 966/966 990/990
f 966/966 991/991 990/990
f 966/966 967/967 991/991
f 967/967 992/992 991/991
f 967/967 968/968 992/992
f 968/968 993/993 992/992
f 968/968 969/969 993/993
f 969/969 994/994 993/993
f 969/969 970/970 994/994
f 970/970 995/995 994/994
f 970/970 971/971 995/995
f 971/971 996/996 995/995
f 971/971 972/972 996/996
f 972/972 997/997 996/996
f 972/972 973/973 997/997
f 973/973 998/998 997/997
f 973/973 974/974 998/998
f 974/974 999/999 998/998
f 974/974 975/975 999/999
f 975/975 1000/1000 999/999
f 976/976 977/977 1001/1001
f 977/977 1002/1002 1001/1001
f 977/977 978/978 1002/1002
f 978/978 1003/1003 1002/1002
f 978/978 979/979 1003/1003
f 979/979 1004/1004 1003/1003
f 979/979 980/980 1004/1004
f 980/980 1005/1005 1004/1004
f 980/980 981/981 1005/1005
f 981/981 1006/1006 1005/1005
f 981/981 982/982 1006/1006
f 982/982 1007/1007 1006/1006
f 982/982 983/983 1007/1007
f 983/983 1008/1008 1007/1007
f 983/983 984/984 1008/1008
f 984/984 1009/1009 1008/1008
f 984/984 985/985 1009/1009
f 985/985 1010/1010 1009/1009
f 985/985 986/986 1010/1010
f 986/986 1011/1011 1010/1010
f 986/986 987/987 1011/1011
f 987/987 1012/1012 1011/1011
f 987/987 988/988 1012/1012
f 988/988 1013/1013 1012/1012
f 988/988 989/989 1013/1013
f 989/989 1014/1014 1013/1013
f 989/989 990/990 1014/1014
f 990/990 1015/1015 1014/1014
f 990/990 991/991 1015/1015
f 991/991 1016/1016 1015/1015
f 991/991 992/992 1016/1016
f 992/992 1017/1017 1016/1016
f 992/992 993/993 1017/1017
f 993/993 1018/1018 1017/1017
f 993/993 994/994 1018/1018
f 994/994 1019/1019 1018/1018
f 994/994 995/995 1019/1019
f 995/995 1020/1020 1019/1019
f 995/995 996/996 1020/1020
f 996/996 1021/1021 1020/1020
f 996/996 997/997 1021/1021
f 997/997 1022/1022 1021/1021
f 997/997 998/998 1022/1022
f 998/998 1023/1023 1022/1022
f 998/998 999/999 1023/1023
f 999/999 1024/1024 1023/1023
f 999/999 1000/1000 1024/1024
f 1000/1000 1025/1025 1024/1024
f 1001/1001 1002/1002 1026/1026
f 1002/1002 1027/1027 1026/1026
f 1002/1002 1003/1003 1027/1027
f 1003/1003 1028/1028 1027/1027
f 1003/1003 1004/1004 1028/1028
f 1004/1004 1029/1029 1028/1028
f 1004/1004 1005/1005 1029/1029
f 1005/1005 1030/1030 1029/1029
f 1005/1005 1006/1006 1030/1030
f 1006/1006 1031/1031 1030/1030
f 1006/1006 1007/1007 1031/1031
f 1007/1007 1032/1032 1031/1031
f 1007/1007 1008/1008 1032/1032
f 1008/1008 1033/1033 1032/1032
f 1008/1008 1009/1009 1033/1033
f 1009/1009 1034/1034 1033/1033
f 1009/1009 1010/1010 1034/1034
f 1010/1010 1035/1035 1034/1034
f 1010/1010 1011/1011 1035/1035
f 1011/1011 1036/1036 1035/1035
f 1011/1011 1012/1012 1036/1036
f 1012/1012 1037/1037 1036/1036
f 1012/1012 1013/1013 1037/1037
f 1013/1013 1038/1038 1037/1037
f 1013/1013 1014/1014 1038/1038
f 1014/1014 1039/1039 1038/1038
f 1014/1014 1015/1015 1039/1039
f 1015/1015 1040/1040 1039/1039
f 1015/1015 1016/1016 1040/1040
f 1016/1016 1041/1041 1040/1040
f 1016/1016 1017/1017 1041/1041
f 1017/1017 1042/1042 1041/1041
f 1017/1017 1018/1018 1042/1042
f 1018/1018 1043/1043 1042/1042
f 1018/1018 1019/1019 1043/1043
f 1019/1019 1044/1044 1043/1043
f 1019/1019 1020/1020 1044/1044
f 1020/1020 1045/1045 1044/1044
f 1020/1020 1021/1021 1045/1045
f 1021/1021 1046/1046 1045/1045
f 1021/1021 1022/1022 1046/1046
f 1022/1022 1047/1047 1046/1046
f 1022/1022 1023/1023 1047/1047
f 1023/1023 1048/1048 1047/1047
f 1023/1023 1024/1024 1048/1048
f 1024/1024 1049/1049 1048/1048
f 1024/1024 1025/1025 1049/1049
f 1025/1025 1050/1050 1049/1049
f 1026/1026 1027/1027 1051/1051
f 1027/1027 1052/1052 1051/1051
f 1027/1027 1028/1028 1052/1052
f 1028/1028 1053/1053 1052/1052
f 1028/1028 1029/1029 1053/1053
f 1029/1029 1054/1054 1053/1053
f 1029/1029 1030/1030 1054/1054
f 1030/1030 1055/1055 1054/1054
f 1030/1030 1031/1031 1055/1055
f 1031/1031 1056/1056 1055/1055
f 1031/1031 1032/1032 1056/1056
f 1032/1032 1057/1057 1056/1056
f 1032/1032 1033/1033 1057/1057
f 1033/1033 1058/1058 1057/1057
f 1033/1033 1034/1034 1058/1058
f 1034/1034 1059/1059 1058/1058
f 1034/1034 1035/1035 1059/1059
f 1035/1035 1060/1060 1059/1059
f 1035/1035 1036/1036 1060/1060
f 1036/1036 1061/1061 1060/1060
f 1036/1036 1037/1037 1061/1061
f 1037/1037 1062/1062 1061/1061
f 1037/1037 1038/1038 1062/1062
f 1038/1038 1063/1063 1062/1062
f 1038/1038 1039/1039 1063/1063
f 1039/1039 1064/1064 1063/1063
f 1039/1039 1040/1040 1064/1064
f 1040/1040 1065/1065 1064/1064
f 1040/1040 1041/1041 1065/1065
f 1041/1041 1066/1066 1065/1065
f 1041/1041 1042/1042 1066/1066
f 1042/1042 1067/1067 1066/1066
f 1042/1042 1043/1043 1067/1067
f 1043/1043 1068/1068 1067/1067
f 1043/1043 1044/1044 1068/1068
f 1044/1044 1069/1069 1068/1068
f 1044/1044 1045/1045 1069/1069
f 1045/1045 1070/1070 1069/1069
f 1045/1045 1046/1046 1070/1070
f 1046/1046 1071/1071 1070/1070
f 1046/1046 1047/1047 1071/1071
f 1047/1047 1072/1072 1071/1071
f 1047/1047 1048/1048 1072/1072
f 1048/1048 1073/1073 1072/1072
f 1048/1048 1049/1049 1073/1073
f 1049/1049 1074/1074 1073/1073
f 1049/1049 1050/1050 1074/1074
f 1050/1050 1075/1075 1074/1074
f 1051/1051 1052/1052 1076/1076
f 1052/1052 1077/1077 1076/1076
f 1052/1052 1053/1053 1077/1077
f 1053/1053 1078/1078 1077/1077
f 1053/1053 1054/1054 1078/1078
f 1054/1054 1079/1079 1078/1078
f 1054/1054 1055/1055 1079/1079
f 1055/1055 1080/1080 1079/1079
f 1055/1055 1056/1056 1080/1080
f 1056/1056 1081/1081 1080/1080
f 1056/1056 1057/1057 1081/1081
f 1057/1057 1082/1082 1081/1081
f 1057/1057 1058/1058 1082/1082
f 1058/1058 1083/1083 1082/1082
f 1058/1058 1059/1059 1083/1083
f 1059/1059 1084/1084 1083/1083
f 1059/1059 1060/1060 1084/1084
f 1060/1060 1085/1085 1084/1084
f 1060/1060 1061/1061 1085/1085
f 1061/1061 1086/1086 1085/1085
f 1061/1061 1062/1062 1086/1086
f 1062/1062 1087/1087 1086/1086
f 1062/1062 1063/1063 1087/1087
f 1063/1063 1088/1088 1087/1087
f 1063/1063 1064/1064 1088/1088
f 1064/1064 1089/1089 1088/1088
f 1064/1064 1065/1065 1089/1089
f 1065/1065 1090/1090 1089/1089
f 1065/1065 1066/1066 1090/1090
f 1066/1066 1091/1091 1090/1090
f 1066/1066 1067/1067 1091/1091
f 1067/1067 1092/1092 1091/1091
f 1067/1067 1068/1068 1092/1092
f 1068/1068 1093/1093 1092/1092
f 1068/1068 1069/1069 1093/1093
f 1069/1069 1094/1094 1093/1093
f 1069/1069 1070/1070 1094/1094
f 1070/1070 1095/1095 1094/1094
f 1070/1070 1071/1071 1095/1095
f 1071/1071 1096/1096 1095/1095
f 1071/1071 1072/1072 1096/1096
f 1072/1072 1097/1097 1096/1096
f 1072/1072 1073/1073 1097/1097
f 1073/1073 1098/1098 1097/1097
f 1073/1073 1074/1074 1098/1098
f 1074/1074 1099/1099 1098/1098
f 1074/1074 1075/1075 1099/1099
f 1075/1075 1100/1100 1099/1099
f 1076/1076 1077/1077 1101/1101
f 1077/1077 1102/1102 1101/1101
f 1077/1077 1078/1078 1102/1102
f 1078/1078 1103/1103 1102/1102
f 1078/1078 1079/1079 1103/1103
f 1079/1079 1104/1104 1103/1103
f 1079/1079 1080/1080 1104/1104
f 1080/1080 1105/1105 1104/1104
f 1080/1080 1081/1081 1105/1105
f 1081/1081 1106/1106 1105/1105
f 1081/1081 1082/1082 1106/1106
f 1082/1082 1107/1107 1106/1106
f 1082/1082 1083/1083 1107/1107
f 1083/1083 1108/1108 1107/1107
f 1083/1083 1084/1084 1108/1108
f 1084/1084 1109/1109 1108/1108
f 1084/1084 1085/1085 1109/1109
f 1085/1085 1110/1110 1109/1109
f 1085/1085 1086/1086 1110/1110
f 1086/1086 1111/1111 1110/1110
f 1086/1086 1087/1087 1111/1111
f 1087/1087 1112/1112 1111/1111
f 1087/1087 1088/1088 1112/1112
f 1088/1088 1113/1113 1112/1112
f 1088/1088 1089/1089 1113/1113
f 1089/1089 1114/1114 1113/1113
f 1089/1089 1090/1090 1114/1114
f 1090/1090 1115/1115 1114/1114
f 1090/1090 1091/1091 1115/1115
f 1091/1091 1116/1116 1115/1115
f 1091/1091 1092/1092 1116/1116
f 1092/1092 1117/1117 1116/1116
f 1092/1092 1093/1093 1117/1117
f 1093/1093 1118/1118 1117/1117
f 1093/1093 1094/1094 1118/1118
f 1094/1094 1119/1119 1118/1118
f 1094/1094 1095/1095 1119/1119
f 1095/1095 1120/1120 1119/1119
f 1095/1095 1096/1096 1120/1120
f 1096/1096 1121/1121 1120/1120
f 1096/1096 1097/1097 1121/1121
f 1097/1097 1122/1122 1121/1121
f 1097/1097 1098/1098 1122/1122
f 1098/1098 1123/1123 1122/1122
f 1098/1098 1099/1099 1123/1123
f 1099/1099 1124/1124 1123/1123
f 1099/1099 1100/1100 1124/1124
f 1100/1100 1125/1125 1124/1124
f 1101/1101 1102/1102 1126/1126
f 1102/1102 1127/1127 1126/1126
f 1102/1102 1103/1103 1127/1127
f 1103/1103 1128/1128 1127/1127
f 1103/1103 1104/1104 1128/1128
f 1104/1104 1129/1129 1128/1128
f 1104/1104 1105/1105 1129/1129
f 1105/1105 1130/1130 1129/1129
f 1105/1105 1106/1106 1130/1130
f 1106/1106 1131/1131 1130/1130
f 1106/1106 1107/1107 1131/1131
f 1107/1107 1132/1132 1131/1131
f 1107/1107 1108/1108 1132/1132
f 1108/1108 1133/1133 1132/1132
f 1108/1108 1109/1109 1133/1133
f 1109/1109 1134/1134 1133/1133
f 1109/1109 1110/1110 1134/1134
f 1110/1110 1135/1135 1134/1134
f 1110/1110 1111/1111 1135/1135
f 1111/1111 1136/1136 1135/1135
f 1111/1111 1112/1112 1136/1136
f 1112/1112 1137/1137 1136/1136
f 1112/1112 1113/1113 1137/1137
f 1113/1113 1138/1138 1137/1137
f 1113/1113 1114/1114 1138/1138
f 1114/1114 1139/1139 1138/1138
f 1114/1114 1115/1115 1139/1139
f 1115/1115 1140/1140 1139/1139
f 1115/1115 1116/1116 1140/1140
f 1116/1116 1141/1141 1140/1140
f 1116/1116 1117/1117 1141/1141
f 1117/1117 1142/1142 1141/1141
f 1117/1117 1118/1118 1142/1142
f 1118/1118 1143/1143 1142/1142
f 1118/1118 1119/1119 1143/1143
f 1119/1119 1144/1144 1143/1143
f 1119/1119 1120/1120 1144/1144
f 1120/1120 1145/1145 1144/1144
f 1120/1120 1121/1121 1145/1145
f 1121/1121 1146/1146 1145/1145
f 1121/1121 1122/1122 1146/1146
f 1122/1122 1147/1147 1146/1146
f 1122/1122 1123/1123 1147/1147
f 1123/1123 1148/1148 1147/1147
f 1123/1123 1124/1124 1148/1148
f 1124/1124 1149/1149 1148/1148
f 1124/1124 1125/1125 1149/1149
f 1125/1125 1150/1150 1149/1149
f 1126/1126 1127/1127 1151/1151
f 1127/1127 1152/1152 1151/1151
f 1127/1127 1128/1128 1152/1152
f 1128/1128 1153/1153 1152/1152
f 1128/1128 1129/1129 1153/1153
f 1129/1129 1154/1154 1153/1153
f 1129/1129 1130/1130 1154/1154
f 1130/1130 1155/1155 1154/1154
f 1130/1130 1131/1131 1155/1155
f 1131/1131 1156/1156 1155/1155
f 1131/1131 1132/1132 1156/1156
f 1132/1132 1157/1157 1156/1156
f 1132/1132 1133/1133 1157/1157
f 1133/1133 1158/1158 1157/1157
f 1133/1133 1134/1134 1158/1158
f 1134/1134 1159/1159 1158/1158
f 1134/1134 1135/1135 1159/1159
f 1135/1135 1160/1160 1159/1159
f 1135/1135 1136/1136 1160/1160
f 1136/1136 1161/1161 1160/1160
f 1136/1136 1137/1137 1161/1161
f 1137/1137 1162/1162 1161/1161
f 1137/1137 1138/1138 1162/1162
f 1138/1138 1163/1163 1162/1162
f 1138/1138 1139/1139 1163/1163
f 1139/1139 1164/1164 1163/1163
f 1139/1139 1140/1140 1164/1164
f 1140/1140 1165/1165 1164/1164
f 1140/1140 1141/1141 1165/1165
f 1141/1141 1166/1166 1165/1165
f 1141/1141 1142/1142 1166/1166
f 1142/1142 1167/1167 1166/1166
f 1142/1142 1143/1143 1167/1167
f 1143/1143 1168/1168 1167/1167
f 1143/1143 1144/1144 1168/1168
f 1144/1144 1169/1169 1168/1168
f 1144/1144 1145/1145 1169/1169
f 1145/1145 1170/1170 1169/1169
f 1145/1145 1146/1146 1170/1170
f 1146/1146 1171/1171 1170/1170
f 1146/1146 1147/1147 1171/1171
f 1147/1147 1172/1172 1171/1171
f 1147/1147 1148/1148 1172/1172
f 1148/1148 1173/1173 1172/1172
f 1148/1148 1149/1149 1173/1173
f 1149/1149 1174/1174 1173/1173
f 1149/1149 1150/1150 1174/1174
f 1150/1150 1175/1175 1174/1174
f 1151/1151 1152/1152 1176/1176
f 1152/1152 1177/1177 1176/1176
f 1152/1152 1153/1153 1177/1177
f 1153/1153 1178/1178 1177/1177
f 1153/1153 1154/1154 1178/1178
f 1154/1154 1179/1179 1178/1178
f 1154/1154 1155/1155 1179/1179
f 1155/1155 1180/1180 1179/1179
f 1155/1155 1156/1156 1180/1180
f 1156/1156 1181/1181 1180/1180
f 1156/1156 1157/1157 1181/1181
f 1157/1157 1182/1182 1181/1181
f 1157/1157 1158/1158 1182/1182
f 1158/1158 1183/1183 1182/1182
f 1158/1158 1159/1159 1183/1183
f 1159/1159 1184/1184 1183/1183
f 1159/1159 1160/1160 1184/1184
f 1160/1160 1185/1185 1184/1184
f 1160/1160 1161/1161 1185/1185
f 1161/1161 1186/1186 1185/1185
f 1161/1161 1162/1162 1186/1186
f 1162/1162 1187/1187 1186/1186
f 1162/1162 1163/1163 1187/1187
f 1163/1163 1188/1188 1187/1187
f 1163/1163 1164/1164 1188/1188
f 1164/1164 1189/1189 1188/1188
f 1164/1164 1165/1165 1189/1189
f 1165/1165 1190/1190 1189/1189
f 1165/1165 1166/1166 1190/1190
f 1166/1166 1191/1191 1190/1190
f 1166/1166 1167/1167 1191/1191
f 1167/1167 1192/1192 1191/1191
f 1167/1167 1168/1168 1192/1192
f 1168/1168 1193/1193 1192/1192
f 1168/1168 1169/1169 1193/1193
f 1169/1169 1194/1194 1193/1193
f 1169/1169 1170/1170 1194/1194
f 1170/1170 1195/1195 1194/1194
f 1170/1170 1171/1171 1195/1195
f 1171/1171 1196/1196 1195/1195
f 1171/1171 1172/1172 1196/1196
f 1172/1172 1197/1197 1196/1196
f 1172/1172 1173/1173 1197/1197
f 1173/1173 1198/1198 1197/1197
f 1173/1173 1174/1174 1198/1198
f 1174/1174 1199/1199 1198/1198
f 1174/1174 1175/1175 1199/1199
f 1175/1175 1200/1200 1199/1199
f 1176/1176 1177/1177 1201/1201
f 1177/1177 1202/1202 1201/1201
f 1177/1177 1178/1178 1202/1202
f 1178/1178 1203/1203 1202/1202
f 1178/1178 1179/1179 1203/1203
f 1179/1179 1204/1204 1203/1203
f 1179/1179 1180/1180 1204/1204
f 1180/1180 1205/1205 1204/1204
f 1180/1180 1181/1181 1205/1205
f 1181/1181 1206/1206 1205/1205
f 1181/1181 1182/1182 1206/1206
f 1182/1182 1207/1207 1206/1206
f 1182/1182 1183/1183 1207/1207
f 1183/1183 1208/1208 1207/1207
f 1183/1183 1184/1184 1208/1208
f 1184/1184 1209/1209 1208/1208
f 1184/1184 1185/1185 1209/1209
f 1185/1185 1210/1210 1209/1209
f 1185/1185 1186/1186 1210/1210
f 1186/1186 1211/1211 1210/1210
f 1186/1186 1187/1187 1211/1211
f 1187/1187 1212/1212 1211/1211
f 1187/1187 1188/1188 1212/1212
f 1188/1188 1213/1213 1212/1212
f 1188/1188 1189/1189 1213/1213
f 1189/1189 1214/1214 1213/1213
f 1189/1189 1190/1190 1214/1214
f 1190/1190 1215/1215 1214/1214
f 1190/1190 1191/1191 1215/1215
f 1191/1191 1216/1216 1215/1215
f 1191/1191 1192/1192 1216/1216
f 1192/1192 1217/1217 1216/1216
f 1192/1192 1193/1193 1217/1217
f 1193/1193 1218/1218 1217/1217
f 1193/1193 1194/1194 1218/1218
f 1194/1194 1219/1219 1218/1218
f 1194/1194 1195/1195 1219/1219
f 1195/1195 1220/1220 1219/1219
f 1195/1195 1196/1196 1220/1220
f 1196/1196 1221/1221 1220/1220
f 1196/1196 1197/1197 1221/1221
f 1197/1197 1222/1222 1221/1221
f 1197/1197 1198/1198 1222/1222
f 1198/1198 1223/1223 1222/1222
f 1198/1198 1199/1199 1223/1223
f 1199/1199 1224/1224 1223/1223
f 1199/1199 1200/1200 1224/1224
f 1200/1200 1225/1225 1224/1224
f 1201/1201 1202/1202 1226/1226
f 1202/1202 1227/1227 1226/1226
f 1202/1202 1203/1203 1227/1227
f 1203/1203 1228/1228 1227/1227
f 1203/1203 1204/1204 1228/1228
f 1204/1204 1229/1229 1228/1228
f 1204/1204 1205/1205 1229/1229
f 1205/1205 1230/1230 1229/1229
f 1205/1205 1206/1206 1230/1230
f 1206/1206 1231/1231 1230/1230
f 1206/1206 1207/1207 1231/1231
f 1207/1207 1232/1232 1231/1231
f 1207/1207 1208/1208 1232/1232
f 1208/1208 1233/1233 1232/1232
f 1208/1208 1209/1209 1233/1233
f 1209/1209 1234/1234 1233/1233
f 1209/1209 1210/1210 1234/1234
f 1210/1210 1235/1235 1234/1234
f 1210/1210 1211/1211 1235/1235
f 1211/1211 1236/1236 1235/1235
f 1211/1211 1212/1212 1236/1236
f 1212/1212 1237/1237 1236/1236
f 1212/1212 1213/1213 1237/1237
f 1213/1213 1238/1238 1237/1237
f 1213/1213 1214/1214 1238/1238
f 1214/1214 1239/1239 1238/1238
f 1214/1214 1215/1215 1239/1239
f 1215/1215 1240/1240 1239/1239
f 1215/1215 1216/1216 1240/1240
f 1216/1216 1241/1241 1240/1240
f 1216/1216 1217/1217 1241/1241
f 1217/1217 1242/1242 1241/1241
f 1217/1217 1218/1218 1242/1242
f 1218/1218 1243/1243 1242/1242
f 1218/1218 1219/1219 1243/1243
f 1219/1219 1244/1244 1243/1243
f 1219/1219 1220/1220 1244/1244
f 1220/1220 1245/1245 1244/1244
f 1220/1220 1221/1221 1245/1245
f 1221/1221 1246/1246 1245/1245
f 1221/1221 1222/1222 1246/1246
f 1222/1222 1247/1247 1246/1246
f 1222/1222 1223/1223 1247/1247
f 1223/1223 1248/1248 1247/1247
f 1223/1223 1224/1224 1248/1248
f 1224/1224 1249/1249 1248/1248
f 1224/1224 1225/1225 1249/1249
f 1225/1225 1250/1250 1249/1249
f 1226/1226 1227/1227 1251/1251
f 1227/1227 1252/1252 1251/1251
f 1227/1227 1228/1228 1252/1252
f 1228/1228 1253/1253 1252/1252
f 1228/1228 1229/1229 1253/1253
f 1229/1229 1254/1254 1253/1253
f 1229/1229 1230/1230 1254/1254
f 1230/1230 1255/1255 1254/1254
f 1230/1230 1231/1231 1255/1255
f 1231/1231 1256/1256 1255/1255
f 1231/1231 1232/1232 1256/1256
f 1232/1232 1257/1257 1256/1256
f 1232/1232 1233/1233 1257/1257
f 1233/1233 1258/1258 1257/1257
f 1233/1233 1234/1234 1258/1258
f 1234/1234 1259/1259 1258/1258
f 1234/1234 1235/1235 1259/1259
f 1235/1235 1260/1260 1259/1259
f 1235/1235 1236/1236 1260/1260
f 1236/1236 1261/1261 1260/1260
f 1236/1236 1237/1237 1261/1261
f 1237/1237 1262/1262 1261/1261
f 1237/1237 1238/1238 1262/1262
f 1238/1238 1263/1263 1262/1262
f 1238/1238 1239/1239 1263/1263
f 1239/1239 1264/1264 1263/1263
f 1239/1239 1240/1240 1264/1264
f 1240/1240 1265/1265 1264/1264
f 1240/1240 1241/1241 1265/1265
f 1241/1241 1266/1266 1265/1265
f 1241/1241 1242/1242 1266/1266
f 1242/1242 1267/1267 1266/1266
f 1242/1242 1243/1243 1267/1267
f 1243/1243 1268/1268 1267/1267
f 1243/1243 1244/1244 1268/1268
f 1244/1244 1269/1269 1268/1268
f 1244/1244 1245/1245 1269/1269
f 1245/1245 1270/1270 1269/1269
f 1245/1245 1246/1246 1270/1270
f 1246/1246 1271/1271 1270/1270
f 1246/1246 1247/1247 1271/1271
f 1247/1247 1272/1272 1271/1271
f 1247/1247 1248/1248 1272/1272
f 1248/1248 1273/1273 1272/1272
f 1248/1248 1249/1249 1273/1273
f 1249/1249 1274/1274 1273/1273
f 1249/1249 1250/1250 1274/1274
f 1250/1250 1275/1275 1274/1274
f 1251/1251 1252/1252 1276/1276
f 1252/1252 1277/1277 1276/1276
f 1252/1252 1253/1253 1277/1277
f 1253/1253 1278/1278 1277/1277
f 1253/1253 1254/1254 1278/1278
f 1254/1254 1279/1279 1278/1278
f 1254/1254 1255/1255 1279/1279
f 1255/1255 1280/1280 1279/1279
f 1255/1255 1256/1256 1280/1280
f 1256/1256 1281/1281 1280/1280
f 1256/1256 1257/1257 1281/1281
f 1257/1257 1282/1282 1281/1281
f 1257/1257 1258/1258 1282/1282
f 1258/1258 1283/1283 1282/1282
f 1258/1258 1259/1259 1283/1283
f 1259/1259 1284/1284 1283/1283
f 1259/1259 1260/1260 1284/1284
f 1260/1260 1285/1285 1284/1284
f 1260/1260 1261/1261 1285/1285
f 1261/1261 1286/1286 1285/1285
f 1261/1261 1262/1262 1286/1286
f 1262/1262 1287/1287 1286/1286
f 1262/1262 1263/1263 1287/1287
f 1263/1263 1288/1288 1287/1287
f 1263/1263 1264/1264 1288/1288
f 1264/1264 1289/1289 1288/1288
f 1264/1264 1265/1265 1289/1289
f 1265/1265 1290/1290 1289/1289
f 1265/1265 1266/1266 1290/1290
f 1266/1266 1291/1291 1290/1290
f 1266/1266 1267/1267 1291/1291
f 1267/1267 1292/1292 1291/1291
f 1267/1267 1268/1268 1292/1292
f 1268/1268 1293/1293 1292/1292
f 1268/1268 1269/1269 1293/1293
f 1269/1269 1294/1294 1293/1293
f 1269/1269 1270/1270 1294/1294
f 1270/1270 1295/1295 1294/1294
f 1270/1270 1271/1271 1295/1295
f 1271/1271 1296/1296 1295/1295
f 1271/1271 1272/1272 1296/1296
f 1272/1272 1297/1297 1296/1296
f 1272/1272 1273/1273 1297/1297
f 1273/1273 1298/1298 1297/1297
f 1273/1273 1274/1274 1298/1298
f 1274/1274 1299/1299 1298/1298
f 1274/1274 1275/1275 1299/1299
f 1275/1275 1300/1300 1299/1299
f 1276/1276 1277/1277 1301/1301
f 1277/1277 1302/1302 1301/1301
f 1277/1277 1278/1278 1302/1302
f 1278/1278 1303/1303 1302/1302
f 1278/1278 1279/1279 1303/1303
f 1279/1279 1304/1304 1303/1303
f 1279/1279 1280/1280 1304/1304
f 1280/1280 1305/1305 1304/1304
f 1280/1280 1281/1281 1305/1305
f 1281/1281 1306/1306 1305/1305
f 1281/1281 1282/1282 1306/1306
f 1282/1282 1307/1307 1306/1306
f 1282/1282 1283/1283 1307/1307
f 1283/1283 1308/1308 1307/1307
f 1283/1283 1284/1284 1308/1308
f 1284/1284 1309/1309 1308/1308
f 1284/1284 1285/1285 1309/1309
f 1285/1285 1310/1310 1309/1309
f 1285/1285 1286/1286 1310/1310
f 1286/1286 1311/1311 1310/1310
f 1286/1286 1287/1287 1311/1311
f 1287/1287 1312/1312 1311/1311
f 1287/1287 1288/1288 1312/1312
f 1288/1288 1313/1313 1312/1312
f 1288/1288 1289/1289 1313/1313
f 1289/1289 1314/1314 1313/1313
f 1289/1289 1290/1290 1314/1314
f 1290/1290 1315/1315 1314/1314
f 1290/1290 1291/1291 1315/1315
f 1291/1291 1316/1316 1315/1315
f 1291/1291 1292/1292 1316/1316
f 1292/1292 1317/1317 1316/1316
f 1292/1292 1293/1293 1317/1317
f 1293/1293 1318/1318 1317/1317
f 1293/1293 1294/1294 1318/1318
f 1294/1294 1319/1319 1318/1318
f 1294/1294 1295/1295 1319/1319
f 1295/1295 1320/1320 1319/1319
f 1295/1295 1296/1296 1320/1320
f 1296/1296 1321/1321 1320/1320
f 1296/1296 1297/1297 1321/1321
f 1297/1297 1322/1322 1321/1321
f 1297/1297 1298/1298 1322/1322
f 1298/1298 1323/1323 1322/1322
f 1298/1298 1299/1299 1323/1323
f 1299/1299 1324/1324 1323/1323
f 1299/1299 1300/1300 1324/1324
f 1300/1300 1325/1325 1324/1324
f 1301/1301 1302/1302 1326/1326
f 1302/1302 1327/1327 1326/1326
f 1302/1302 1303/1303 1327/1327
f 1303/1303 1328/1328 1327/1327
f 1303/1303 1304/1304 1328/1328
f 1304/1304 1329/1329 1328/1328
f 1304/1304 1305/1305 1329/1329
f 1305/1305 1330/1330 1329/1329
f 1305/1305 1306/1306 1330/1330
f 1306/1306 1331/1331 1330/1330
f 1306/1306 1307/1307 1331/1331
f 1307/1307 1332/1332 1331/1331
f 1307/1307 1308/1308 1332/1332
f 1308/1308 1333/1333 1332/1332
f 1308/1308 1309/1309 1333/1333
f 1309/1309 1334/1334 1333/1333
f 1309/1309 1310/1310 1334/1334
f 1310/1310 1335/1335 1334/1334
f 1310/1310 1311/1311 1335/1335
f 1311/1311 1336/1336 1335/1335
f 1311/1311 1312/1312 1336/1336
f 1312/1312 1337/1337 1336/1336
f 1312/1312 1313/1313 1337/1337
f 1313/1313 1338/1338 1337/1337
f 1313/1313 1314/1314 1338/1338
f 1314/1314 1339/1339 1338/1338
f 1314/1314 1315/1315 1339/1339
f 1315/1315 1340/1340 1339/1339
f 1315/1315 1316/1316 1340/1340
f 1316/1316 1341/1341 1340/1340
f 1316/1316 1317/1317 1341/1341
f 1317/1317 1342/1342 1341/1341
f 1317/1317 1318/1318 1342/1342
f 1318/1318 1343/1343 1342/1342
f 1318/1318 1319/1319 1343/1343
f 1319/1319 1344/1344 1343/1343
f 1319/1319 1320/1320 1344/1344
f 1320/1320 1345/1345 1344/1344
f 1320/1320 1321/1321 1345/1345
f 1321/1321 1346/1346 1345/1345
f 1321/1321 1322/1322 1346/1346
f 1322/1322 1347/1347 1346/1346
f 1322/1322 1323/1323 1347/1347
f 1323/1323 1348/1348 1347/1347
f 1323/1323 1324/1324 1348/1348
f 1324/1324 1349/1349 1348/1348
f 1324/1324 1325/1325 1349/1349
f 1325/1325 1350/1350 1349/1349
f 1326/1326 1327/1327 1351/1351
f 1327/1327 1352/1352 1351/1351
f 1327/1327 1328/1328 1352/1352
f 1328/1328 1353/1353 1352/1352
f 1328/1328 1329/1329 1353/1353
f 1329/1329 1354/1354 1353/1353
f 1329/1329 1330/1330 1354/1354
f 1330/1330 1355/1355 1354/1354
f 1330/1330 1331/1331 1355/1355
f 1331/1331 1356/1356 1355/1355
f 1331/1331 1332/1332 1356/1356
f 1332/1332 1357/1357 1356/1356
f 1332/1332 1333/1333 1357/1357
f 1333/1333 1358/1358 1357/1357
f 1333/1333 1334/1334 1358/1358
f 1334/1334 1359/1359 1358/1358
f 1334/1334 1335/1335 1359/1359
f 1335/1335 1360/1360 1359/1359
f 1335/1335 1336/1336 1360/1360
f 1336/1336 1361/1361 1360/1360
f 1336/1336 1337/1337 1361/1361
f 1337/1337 1362/1362 1361/1361
f 1337/1337 1338/1338 1362/1362
f 1338/1338 1363/1363 1362/1362
f 1338/1338 1339/1339 1363/1363
f 1339/1339 1364/1364 1363/1363
f 1339/1339 1340/1340 1364/1364
f 1340/1340 1365/1365 1364/1364
f 1340/1340 1341/1341 1365/1365
f 1341/1341 1366/1366 1365/1365
f 1341/1341 1342/1342 1366/1366
f 1342/1342 1367/1367 1366/1366
f 1342/1342 1343/1343 1367/1367
f 1343/1343 1368/1368 1367/1367
f 1343/1343 1344/1344 1368/1368
f 1344/1344 1369/1369 1368/1368
f 1344/1344 1345/1345 1369/1369
f 1345/1345 1370/1370 1369/1369
f 1345/1345 1346/1346 1370/1370
f 1346/1346 1371/1371 1370/1370
f 1346/1346 1347/1347 1371/1371
f 1347/1347 1372/1372 1371/1371
f 1347/1347 1348/1348 1372/1372
f 1348/1348 1373/1373 1372/1372
f 1348/1348 1349/1349 1373/1373
f 1349/1349 1374/1374 1373/1373
f 1349/1349 1350/1350 1374/1374
f 1350/1350 1375/1375 1374/1374
f 1351/1351 1352/1352 1376/1376
f 1352/1352 1377/1377 1376/1376
f 1352/1352 1353/1353 1377/1377
f 1353/1353 1378/1378 1377/1377
f 1353/1353 1354/1354 1378/1378
f 1354/1354 1379/1379 1378/1378
f 1354/1354 1355/1355 1379/1379
f 1355/1355 1380/1380 1379/1379
f 1355/1355 1356/1356 1380/1380
f 1356/1356 1381/1381 1380/1380
f 1356/1356 1357/1357 1381/1381
f 1357/1357 1382/1382 1381/1381
f 1357/1357 1358/1358 1382/1382
f 1358/1358 1383/1383 1382/1382
f 1358/1358 1359/1359 1383/1383
f 1359/1359 1384/1384 1383/1383
f 1359/1359 1360/1360 1384/1384
f 1360/1360 1385/1385 1384/1384
f 1360/1360 1361/1361 1385/1385
f 1361/1361 1386/1386 1385/1385
f 1361/1361 1362/1362 1386/1386
f 1362/1362 1387/1387 1386/1386
f 1362/1362 1363/1363 1387/1387
f 1363/1363 1388/1388 1387/1387
f 1363/1363 1364/1364 1388/1388
f 1364/1364 1389/1389 1388/1388
f 1364/1364 1365/1365 1389/1389
f 1365/1365 1390/1390 1389/1389
f 1365/1365 1366/1366 1390/1390
f 1366/1366 1391/1391 1390/1390
f 1366/1366 1367/1367 1391/1391
f 1367/1367 1392/1392 1391/1391
f 1367/1367 1368/1368 1392/1392
f 1368/1368 1393/1393 1392/1392
f 1368/1368 1369/1369 1393/1393
f 1369/1369 1394/1394 1393/1393
f 1369/1369 1370/1370 1394/1394
f 1370/1370 1395/1395 1394/1394
f 1370/1370 1371/1371 1395/1395
f 1371/1371 1396/1396 1395/1395
f 1371/1371 1372/1372 1396/1396
f 1372/1372 1397/1397 1396/1396
f 1372/1372 1373/1373 1397/1397
f 1373/1373 1398/1398 1397/1397
f 1373/1373 1374/1374 1398/1398
f 1374/1374 1399/1399 1398/1398
f 1374/1374 1375/1375 1399/1399
f 1375/1375 1400/1400 1399/1399
f 1376/1376 1377/1377 1401/1401
f 1377/1377 1402/1402 1401/1401
f 1377/1377 1378/1378 1402/1402
f 1378/1378 1403/1403 1402/1402
f 1378/1378 1379/1379 1403/1403
f 1379/1379 1404/1404 1403/1403
f 1379/1379 1380/1380 1404/1404
f 1380/1380 1405/1405 1404/1404
f 1380/1380 1381/1381 1405/1405
f 1381/1381 1406/1406 1405/1405
f 1381/1381 1382/1382 1406/1406
f 1382/1382 1407/1407 1406/1406
f 1382/1382 1383/1383 1407/1407
f 1383/1383 1408/1408 1407/1407
f 1383/1383 1384/1384 1408/1408
f 1384/1384 1409/1409 1408/1408
f 1384/1384 1385/1385 1409/1409
f 1385/1385 1410/1410 1409/1409
f 1385/1385 1386/1386 1410/1410
f 1386/1386 1411/1411 1410/1410
f 1386/1386 1387/1387 1411/1411
f 1387/1387 1412/1412 1411/1411
f 1387/1387 1388/1388 1412/1412
f 1388/1388 1413/1413 1412/1412
f 1388/1388 1389/1389 1413/1413
f 1389/1389 1414/1414 1413/1413
f 1389/1389 1390/1390 1414/1414
f 1390/1390 1415/1415 1414/1414
f 1390/1390 1391/1391 1415/1415
f 1391/1391 1416/1416 1415/1415
f 1391/1391 1392/1392 1416/1416
f 1392/1392 1417/1417 1416/1416
f 1392/1392 1393/1393 1417/1417
f 1393/1393 1418/1418 1417/1417
f 1393/1393 1394/1394 1418/1418
f 1394/1394 1419/1419 1418/1418
f 1394/1394 1395/1395 1419/1419
f 1395/1395 1420/1420 1419/1419
f 1395/1395 1396/1396 1420/1420
f 1396/1396 1421/1421 1420/1420
f 1396/1396 1397/1397 1421/1421
f 1397/1397 1422/1422 1421/1421
f 1397/1397 1398/1398 1422/1422
f 1398/1398 1423/1423 1422/1422
f 1398/1398 1399/1399 1423/1423
f 1399/1399 1424/1424 1423/1423
f 1399/1399 1400/1400 1424/1424
f 1400/1400 1425/1425 1424/1424
f 1401/1401 1402/1402 1426/1426
f 1402/1402 1427/1427 1426/1426
f 1402/1402 1403/1403 1427/1427
f 1403/1403 1428/1428 1427/1427
f 1403/1403 1404/1404 1428/1428
f 1404/1404 1429/1429 1428/1428
f 1404/1404 1405/1405 1429/1429
f 1405/1405 1430/1430 1429/1429
f 1405/1405 1406/1406 1430/1430
f 1406/1406 1431/1431 1430/1430
f 1406/1406 1407/1407 1431/1431
f 1407/1407 1432/1432 1431/1431
f 1407/1407 1408/1408 1432/1432
f 1408/1408 1433/1433 1432/1432
f 1408/1408 1409/1409 1433/1433
f 1409/1409 1434/1434 1433/1433
f 1409/1409 1410/1410 1434/1434
f 1410/1410 1435/1435 1434/1434
f 1410/1410 1411/1411 1435/1435
f 1411/1411 1436/1436 1435/1435
f 1411/1411 1412/1412 1436/1436
f 1412/1412 1437/1437 1436/1436
f 1412/1412 1413/1413 1437/1437
f 1413/1413 1438/1438 1437/1437
f 1413/1413 1414/1414 1438/1438
f 1414/1414 1439/1439 1438/1438
f 1414/1414 1415/1415 1439/1439
f 1415/1415 1440/1440 1439/1439
f 1415/1415 1416/1416 1440/1440
f 1416/1416 1441/1441 1440/1440
f 1416/1416 1417/1417 1441/1441
f 1417/1417 1442/1442 1441/1441
f 1417/1417 1418/1418 1442/1442
f 1418/1418 1443/1443 1442/1442
f 1418/1418 1419/1419 1443/1443
f 1419/1419 1444/1444 1443/1443
f 1419/1419 1420/1420 1444/1444
f 1420/1420 1445/1445 1444/1444
f 1420/1420 1421/1421 1445/1445
f 1421/1421 1446/1446 1445/1445
f 1421/1421 1422/1422 1446/1446
f 1422/1422 1447/1447 1446/1446
f 1422/1422 1423/1423 1447/1447
f 1423/1423 1448/1448 1447/1447
f 1423/1423 1424/1424 1448/1448
f 1424/1424 1449/1449 1448/1448
f 1424/1424 1425/1425 1449/1449
f 1425/1425 1450/1450 1449/1449
f 1426/1426 1427/1427 1451/1451
f 1427/1427 1452/1452 1451/1451
f 1427/1427 1428/1428 1452/1452
f 1428/1428 1453/1453 1452/1452
f 1428/1428 1429/1429 1453/1453
f 1429/1429 1454/1454 1453/1453
f 1429/1429 1430/1430 1454/1454
f 1430/1430 1455/1455 1454/1454
f 1430/1430 1431/1431 1455/1455
f 1431/1431 1456/1456 1455/1455
f 1431/1431 1432/1432 1456/1456
f 1432/1432 1457/1457 1456/1456
f 1432/1432 1433/1433 1457/1457
f 1433/1433 1458/1458 1457/1457
f 1433/1433 1434/1434 1458/1458
f 1434/1434 1459/1459 1458/1458
f 1434/1434 1435/1435 1459/1459
f 1435/1435 1460/1460 1459/1459
f 1435/1435 1436/1436 1460/1460
f 1436/1436 1461/1461 1460/1460
f 1436/1436 1437/1437 1461/1461
f 1437/1437 1462/1462 1461/1461
f 1437/1437 1438/1438 1462/1462
f 1438/1438 1463/1463 1462/1462
f 1438/1438 1439/1439 1463/1463
f 1439/1439 1464/1464 1463/1463
f 1439/1439 1440/1440 1464/1464
f 1440/1440 1465/1465 1464/1464
f 1440/1440 1441/1441 1465/1465
f 1441/1441 1466/1466 1465/1465
f 1441/1441 1442/1442 1466/1466
f 1442/1442 1467/1467 1466/1466
f 1442/1442 1443/1443 1467/1467
f 1443/1443 1468/1468 1467/1467
f 1443/1443 1444/1444 1468/1468
f 1444/1444 1469/1469 1468/1468
f 1444/1444 1445/1445 1469/1469
f 1445/1445 1470/1470 1469/1469
f 1445/1445 1446/1446 1470/1470
f 1446/1446 1471/1471 1470/1470
f 1446/1446 1447/1447 1471/1471
f 1447/1447 1472/1472 1471/1471
f 1447/1447 1448/1448 1472/1472
f 1448/1448 1473/1473 1472/1472
f 1448/1448 1449/1449 1473/1473
f 1449/1449 1474/1474 1473/1473
f 1449/1449 1450/1450 1474/1474
f 1450/1450 1475/1475 1474/1474
f 1451/1451 1452/1452 1476/1476
f 1452/1452 1477/1477 1476/1476
f 1452/1452 1453/1453 1477/1477
f 1453/1453 1478/1478 1477/1477
f 1453/1453 1454/1454 1478/1478
f 1454/1454 1479/1479 1478/1478
f 1454/1454 1455/1455 1479/1479
f 1455/1455 1480/1480 1479/1479
f 1455/1455 1456/1456 1480/1480
f 1456/1456 1481/1481 1480/1480
f 1456/1456 1457/1457 1481/1481
f 1457/1457 1482/1482 1481/1481
f 1457/1457 1458/1458 1482/1482
f 1458/1458 1483/1483 1482/1482
f 1458/1458 1459/1459 1483/1483
f 1459/1459 1484/1484 1483/1483
f 1459/1459 1460/1460 1484/1484
f 1460/1460 1485/1485 1484/1484
f 1460/1460 1461/1461 1485/1485
f 1461/1461 1486/1486 1485/1485
f 1461/1461 1462/1462 1486/1486
f 1462/1462 1487/1487 1486/1486
f 1462/1462 1463/1463 1487/1487
f 1463/1463 1488/1488 1487/1487
f 1463/1463 1464/1464 1488/1488
f 1464/1464 1489/1489 1488/1488
f 1464/1464 1465/1465 1489/1489
f 1465/1465 1490/1490 1489/1489
f 1465/1465 1466/1466 1490/1490
f 1466/1466 1491/1491 1490/1490
f 1466/1466 1467/1467 1491/1491
f 1467/1467 1492/1492 1491/1491
f 1467/1467 1468/1468 1492/1492
f 1468/1468 1493/1493 1492/1492
f 1468/1468 1469/1469 1493/1493
f 1469/1469 1494/1494 1493/1493
f 1469/1469 1470/1470 1494/1494
f 1470/1470 1495/1495 1494/1494
f 1470/1470 1471/1471 1495/1495
f 1471/1471 1496/1496 1495/1495
f 1471/1471 1472/1472 1496/1496
f 1472/1472 1497/1497 1496/1496
f 1472/1472 1473/1473 1497/1497
f 1473/1473 1498/1498 1497/1497
f 1473/1473 1474/1474 1498/1498
f 1474/1474 1499/1499 1498/1498
f 1474/1474 1475/1475 1499/1499
f 1475/1475 1500/1500 1499/1499
f 1476/1476 1477/1477 1501/1501
f 1477/1477 1502/1502 1501/1501
f 1477/1477 1478/1478 1502/1502
f 1478/1478 1503/1503 1502/1502
f 1478/1478 1479/1479 1503/1503
f 1479/1479 1504/1504 1503/1503
f 1479/1479 1480/1480 1504/1504
f 1480/1480 1505/1505 1504/1504
f 1480/1480 1481/1481 1505/1505
f 1481/1481 1506/1506 1505/1505
f 1481/1481 1482/1482 1506/1506
f 1482/1482 1507/1507 1506/1506
f 1482/1482 1483/1483 1507/1507
f 1483/1483 1508/1508 1507/1507
f 1483/1483 1484/1484 1508/1508
f 1484/1484 1509/1509 1508/1508
f 1484/1484 1485/1485 1509/1509
f 1485/1485 1510/1510 1509/1509
f 1485/1485 1486/1486 1510/1510
f 1486/1486 1511/1511 1510/1510
f 1486/1486 1487/1487 1511/1511
f 1487/1487 1512/1512 1511/1511
f 1487/1487 1488/1488 1512/1512
f 1488/1488 1513/1513 1512/1512
f 1488/1488 1489/1489 1513/1513
f 1489/1489 1514/1514 1513/1513
f 1489/1489 1490/1490 1514/1514
f 1490/1490 1515/1515 1514/1514
f 1490/1490 1491/1491 1515/1515
f 1491/1491 1516/1516 1515/1515
f 1491/1491 1492/1492 1516/1516
f 1492/1492 1517/1517 1516/1516
f 1492/1492 1493/1493 1517/1517
f 1493/1493 1518/1518 1517/1517
f 1493/1493 1494/1494 1518/1518
f 1494/1494 1519/1519 1518/1518
f 1494/1494 1495/1495 1519/1519
f 1495/1495 1520/1520 1519/1519
f 1495/1495 1496/1496 1520/1520
f 1496/1496 1521/1521 1520/1520
f 1496/1496 1497/1497 1521/1521
f 1497/1497 1522/1522 1521/1521
f 1497/1497 1498/1498 1522/1522
f 1498/1498 1523/1523 1522/1522
f 1498/1498 1499/1499 1523/1523
f 1499/1499 1524/1524 1523/1523
f 1499/1499 1500/1500 1524/1524
f 1500/1500 1525/1525 1524/1524
f 1501/1501 1502/1502 1526/1526
f 1502/1502 1527/1527 1526/1526
f 1502/1502 1503/1503 1527/1527
f 1503/1503 1528/1528 1527/1527
f 1503/1503 1504/1504 1528/1528
f 1504/1504 1529/1529 1528/1528
f 1504/1504 1505/1505 1529/1529
f 1505/1505 1530/1530 1529/1529
f 1505/1505 1506/1506 1530/1530
f 1506/1506 1531/1531 1530/1530
f 1506/1506 1507/1507 1531/1531
f 1507/1507 1532/1532 1531/1531
f 1507/1507 1508/1508 1532/1532
f 1508/1508 1533/1533 1532/1532
f 1508/1508 1509/1509 1533/1533
f 1509/1509 1534/1534 1533/1533
f 1509/1509 1510/1510 1534/1534
f 1510/1510 1535/1535 1534/1534
f 1510/1510 1511/1511 1535/1535
f 1511/1511 1536/1536 1535/1535
f 1511/1511 1512/1512 1536/1536
f 1512/1512 1537/1537 1536/1536
f 1512/1512 1513/1513 1537/1537
f 1513/1513 1538/1538 1537/1537
f 1513/1513 1514/1514 1538/1538
f 1514/1514 1539/1539 1538/1538
f 1514/1514 1515/1515 1539/1539
f 1515/1515 1540/1540 1539/1539
f 1515/1515 1516/1516 1540/1540
f 1516/1516 1541/1541 1540/1540
f 1516/1516 1517/1517 1541/1541
f 1517/1517 1542/1542 1541/1541
f 1517/1517 1518/1518 1542/1542
f 1518/1518 1543/1543 1542/1542
f 1518/1518 1519/1519 1543/1543
f 1519/1519 1544/1544 1543/1543
f 1519/1519 1520/1520 1544/1544
f 1520/1520 1545/1545 1544/1544
f 1520/1520 1521/1521 1545/1545
f 1521/1521 1546/1546 1545/1545
f 1521/1521 1522/1522 1546/1546
f 1522/1522 1547/1547 1546/1546
f 1522/1522 1523/1523 1547/1547
f 1523/1523 1548/1548 1547/1547
f 1523/1523 1524/1524 1548/1548
f 1524/1524 1549/1549 1548/1548
f 1524/1524 1525/1525 1549/1549
f 1525/1525 1550/1550 1549/1549
f 1526/1526 1527/1527 1551/1551
f 1527/1527 1552/1552 1551/1551
f 1527/1527 1528/1528 1552/1552
f 1528/1528 1553/1553 1552/1552
f 1528/1528 1529/1529 1553/1553
f 1529/1529 1554/1554 1553/1553
f 1529/1529 1530/1530 1554/1554
f 1530/1530 1555/1555 1554/1554
f 1530/1530 1531/1531 1555/1555
f 1531/1531 1556/1556 1555/1555
f 1531/1531 1532/1532 1556/1556
f 1532/1532 1557/1557 1556/1556
f 1532/1532 1533/1533 1557/1557
f 1533/1533 1558/1558 1557/1557
f 1533/1533 1534/1534 1558/1558
f 1534/1534 1559/1559 1558/1558
f 1534/1534 1535/1535 1559/1559
f 1535/1535 1560/1560 1559/1559
f 1535/1535 1536/1536 1560/1560
f 1536/1536 1561/1561 1560/1560
f 1536/1536 1537/1537 1561/1561
f 1537/1537 1562/1562 1561/1561
f 1537/1537 1538/1538 1562/1562
f 1538/1538 1563/1563 1562/1562
f 1538/1538 1539/1539 1563/1563
f 1539/1539 1564/1564 1563/1563
f 1539/1539 1540/1540 1564/1564
f 1540/1540 1565/1565 1564/1564
f 1540/1540 1541/1541 1565/1565
f 1541/1541 1566/1566 1565/1565
f 1541/1541 1542/1542 1566/1566
f 1542/1542 1567/1567 1566/1566
f 1542/1542 1543/1543 1567/1567
f 1543/1543 1568/1568 1567/1567
f 1543/1543 1544/1544 1568/1568
f 1544/1544 1569/1569 1568/1568
f 1544/1544 1545/1545 1569/1569
f 1545/1545 1570/1570 1569/1569
f 1545/1545 1546/1546 1570/1570
f 1546/1546 1571/1571 1570/1570
f 1546/1546 1547/1547 1571/1571
f 1547/1547 1572/1572 1571/1571
f 1547/1547 1548/1548 1572/1572
f 1548/1548 1573/1573 1572/1572
f 1548/1548 1549/1549 1573/1573
f 1549/1549 1574/1574 1573/1573
f 1549/1549 1550/1550 1574/1574
f 1550/1550 1575/1575 1574/1574
f 1551/1551 1552/1552 1576/1576
f 1552/1552 1577/1577 1576/1576
f 1552/1552 1553/1553 1577/1577
f 1553/1553 1578/1578 1577/1577
f 1553/1553 1554/1554 1578/1578
f 1554/1554 1579/1579 1578/1578
f 1554/1554 1555/1555 1579/1579
f 1555/1555 1580/1580 1579/1579
f 1555/1555 1556/1556 1580/1580
f 1556/1556 1581/1581 1580/1580
f 1556/1556 1557/1557 1581/1581
f 1557/1557 1582/1582 1581/1581
f 1557/1557 1558/1558 1582/1582
f 1558/1558 1583/1583 1582/1582
f 1558/1558 1559/1559 1583/1583
f 1559/1559 1584/1584 1583/1583
f 1559/1559 1560/1560 1584/1584
f 1560/1560 1585/1585 1584/1584
f 1560/1560 1561/1561 1585/1585
f 1561/1561 1586/1586 1585/1585
f 1561/1561 1562/1562 1586/1586
f 1562/1562 1587/1587 1586/1586
f 1562/1562 1563/1563 1587/1587
f 1563/1563 1588/1588 1587/1587
f 1563/1563 1564/1564 1588/1588
f 1564/1564 1589/1589 1588/1588
f 1564/1564 1565/1565 1589/1589
f 1565/1565 1590/1590 1589/1589
f 1565/1565 1566/1566 1590/1590
f 1566/1566 1591/1591 1590/1590
f 1566/1566 1567/1567 1591/1591
f 1567/1567 1592/1592 1591/1591
f 1567/1567 1568/1568 1592/1592
f 1568/1568 1593/1593 1592/1592
f 1568/1568 1569/1569 1593/1593
f 1569/1569 1594/1594 1593/1593
f 1569/1569 1570/1570 1594/1594
f 1570/1570 1595/1595 1594/1594
f 1570/1570 1571/1571 1595/1595
f 1571/1571 1596/1596 1595/1595
f 1571/1571 1572/1572 1596/1596
f 1572/1572 1597/1597 1596/1596
f 1572/1572 1573/1573 1597/1597
f 1573/1573 1598/1598 1597/1597
f 1573/1573 1574/1574 1598/1598
f 1574/1574 1599/1599 1598/1598
f 1574/1574 1575/1575 1599/1599
f 1575/1575 1600/1600 1599/1599
f 1576/1576 1577/1577 1601/1601
f 1577/1577 1602/1602 1601/1601
f 1577/1577 1578/1578 1602/1602
f 1578/1578 1603/1603 1602/1602
f 1578/1578 1579/1579 1603/1603
f 1579/1579 1604/1604 1603/1603
f 1579/1579 1580/1580 1604/1604
f 1580/1580 1605/1605 1604/1604
f 1580/1580 1581/1581 1605/1605
f 1581/1581 1606/1606 1605/1605
f 1581/1581 1582/1582 1606/1606
f 1582/1582 1607/1607 1606/1606
f 1582/1582 1583/1583 1607/1607
f 1583/1583 1608/1608 1607/1607
f 1583/1583 1584/1584 1608/1608
f 1584/1584 1609/1609 1608/1608
f 1584/1584 1585/1585 1609/1609
f 1585/1585 1610/1610 1609/1609
f 1585/1585 1586/1586 1610/1610
f 1586/1586 1611/1611 1610/1610
f 1586/1586 1587/1587 1611/1611
f 1587/1587 1612/1612 1611/1611
f 1587/1587 1588/1588 1612/1612
f 1588/1588 1613/1613 1612/1612
f 1588/1588 1589/1589 1613/1613
f 1589/1589 1614/1614 1613/1613
f 1589/1589 1590/1590 1614/1614
f 1590/1590 1615/1615 1614/1614
f 1590/1590 1591/1591 1615/1615
f 1591/1591 1616/1616 1615/1615
f 1591/1591 1592/1592 1616/1616
f 1592/1592 1617/1617 1616/1616
f 1592/1592 1593/1593 1617/1617
f 1593/1593 1618/1618 1617/1617
f 1593/1593 1594/1594 1618/1618
f 1594/1594 1619/1619 1618/1618
f 1594/1594 1595/1595 1619/1619
f 1595/1595 1620/1620 1619/1619
f 1595/1595 1596/1596 1620/1620
f 1596/1596 1621/1621 1620/1620
f 1596/1596 1597/1597 1621/1621
f 1597/1597 1622/1622 1621/1621
f 1597/1597 1598/1598 1622/1622
f 1598/1598 1623/1623 1622/1622
f 1598/1598 1599/1599 1623/1623
f 1599/1599 1624/1624 1623/1623
f 1599/1599 1600/1600 1624/1624
f 1600/1600 1625/1625 1624/1624
f 1601/1601 1602/1602 1626/1626
f 1602/1602 1627/1627 1626/1626
f 1602/1602 1603/1603 1627/1627
f 1603/1603 1628/1628 1627/1627
f 1603/1603 1604/1604 1628/1628
f 1604/1604 1629/1629 1628/1628
f 1604/1604 1605/1605 1629/1629
f 1605/1605 1630/1630 1629/1629
f 1605/1605 1606/1606 1630/1630
f 1606/1606 1631/1631 1630/1630
f 1606/1606 1607/1607 1631/1631
f 1607/1607 1632/1632 1631/1631
f 1607/1607 1608/1608 1632/1632
f 1608/1608 1633/1633 1632/1632
f 1608/1608 1609/1609 1633/1633
f 1609/1609 1634/1634 1633/1633
f 1609/1609 1610/1610 1634/1634
f 1610/1610 1635/1635 1634/1634
f 1610/1610 1611/1611 1635/1635
f 1611/1611 1636/1636 1635/1635
f 1611/1611 1612/1612 1636/1636
f 1612/1612 1637/1637 1636/1636
f 1612/1612 1613/1613 1637/1637
f 1613/1613 1638/1638 1637/1637
f 1613/1613 1614/1614 1638/1638
f 1614/1614 1639/1639 1638/1638
f 1614/1614 1615/1615 1639/1639
f 1615/1615 1640/1640 1639/1639
f 1615/1615 1616/1616 1640/1640
f 1616/1616 1641/1641 1640/1640
f 1616/1616 1617/1617 1641/1641
f 1617/1617 1642/1642 1641/1641
f 1617/1617 1618/1618 1642/1642
f 1618/1618 1643/1643 1642/1642
f 1618/1618 1619/1619 1643/1643
f 1619/1619 1644/1644 1643/1643
f 1619/1619 1620/1620 1644/1644
f 1620/1620 1645/1645 1644/1644
f 1620/1620 1621/1621 1645/1645
f 1621/1621 1646/1646 1645/1645
f 1621/1621 1622/1622 1646/1646
f 1622/1622 1647/1647 1646/1646
f 1622/1622 1623/1623 1647/1647
f 1623/1623 1648/1648 1647/1647
f 1623/1623 1624/1624 1648/1648
f 1624/1624 1649/1649 1648/1648
f 1624/1624 1625/1625 1649/1649
f 1625/1625 1650/1650 1649/1649
f 1626/1626 1627/1627 1651/1651
f 1627/1627 1652/1652 1651/1651
f 1627/1627 1628/1628 1652/1652
f 1628/1628 1653/1653 1652/1652
f 1628/1628 1629/1629 1653/1653
f 1629/1629 1654/1654 1653/1653
f 1629/1629 1630/1630 1654/1654
f 1630/1630 1655/1655 1654/1654
f 1630/1630 1631/1631 1655/1655
f 1631/1631 1656/1656 1655/1655
f 1631/1631 1632/1632 1656/1656
f 1632/1632 1657/1657 1656/1656
f 1632/1632 1633/1633 1657/1657
f 1633/1633 1658/1658 1657/1657
f 1633/1633 1634/1634 1658/1658
f 1634/1634 1659/1659 1658/1658
f 1634/1634 1635/1635 1659/1659
f 1635/1635 1660/1660 1659/1659
f 1635/1635 1636/1636 1660/1660
f 1636/1636 1661/1661 1660/1660
f 1636/1636 1637/1637 1661/1661
f 1637/1637 1662/1662 1661/1661
f 1637/1637 1638/1638 1662/1662
f 1638/1638 1663/1663 1662/1662
f 1638/1638 1639/1639 1663/1663
f 1639/1639 1664/1664 1663/1663
f 1639/1639 1640/1640 1664/1664
f 1640/1640 1665/1665 1664/1664
f 1640/1640 1641/1641 1665/1665
f 1641/1641 1666/1666 1665/1665
f 1641/1641 1642/1642 1666/1666
f 1642/1642 1667/1667 1666/1666
f 1642/1642 1643/1643 1667/1667
f 1643/1643 1668/1668 1667/1667
f 1643/1643 1644/1644 1668/1668
f 1644/1644 1669/1669 1668/1668
f 1644/1644 1645/1645 1669/1669
f 1645/1645 1670/1670 1669/1669
f 1645/1645 1646/1646 1670/1670
f 1646/1646 1671/1671 1670/1670
f 1646/1646 1647/1647 1671/1671
f 1647/1647 1672/1672 1671/1671
f 1647/1647 1648/1648 1672/1672
f 1648/1648 1673/1673 1672/1672
f 1648/1648 1649/1649 1673/1673
f 1649/1649 1674/1674 1673/1673
f 1649/1649 1650/1650 1674/1674
f 1650/1650 1675/1675 1674/1674
f 1651/1651 1652/1652 1676/1676
f 1652/1652 1677/1677 1676/1676
f 1652/1652 1653/1653 1677/1677
f 1653/1653 1678/1678 1677/1677
f 1653/1653 1654/1654 1678/1678
f 1654/1654 1679/1679 1678/1678
f 1654/1654 1655/1655 1679/1679
f 1655/1655 1680/1680 1679/1679
f 1655/1655 1656/1656 1680/1680
f 1656/1656 1681/1681 1680/1680
f 1656/1656 1657/1657 1681/1681
f 1657/1657 1682/1682 1681/1681
f 1657/1657 1658/1658 1682/1682
f 1658/1658 1683/1683 1682/1682
f 1658/1658 1659/1659 1683/1683
f 1659/1659 1684/1684 1683/1683
f 1659/1659 1660/1660 1684/1684
f 1660/1660 1685/1685 1684/1684
f 1660/1660 1661/1661 1685/1685
f 1661/1661 1686/1686 1685/1685
f 1661/1661 1662/1662 1686/1686
f 1662/1662 1687/1687 1686/1686
f 1662/1662 1663/1663 1687/1687
f 1663/1663 1688/1688 1687/1687
f 1663/1663 1664/1664 1688/1688
f 1664/1664 1689/1689 1688/1688
f 1664/1664 1665/1665 1689/1689
f 1665/1665 1690/1690 1689/1689
f 1665/1665 1666/1666 1690/1690
f 1666/1666 1691/1691 1690/1690
f 1666/1666 1667/1667 1691/1691
f 1667/1667 1692/1692 1691/1691
f 1667/1667 1668/1668 1692/1692
f 1668/1668 1693/1693 1692/1692
f 1668/1668 1669/1669 1693/1693
f 1669/1669 1694/1694 1693/1693
f 1669/1669 1670/1670 1694/1694
f 1670/1670 1695/1695 1694/1694
f 1670/1670 1671/1671 1695/1695
f 1671/1671 1696/1696 1695/1695
f 1671/1671 1672/1672 1696/1696
f 1672/1672 1697/1697 1696/1696
f 1672/1672 1673/1673 1697/1697
f 1673/1673 1698/1698 1697/1697
f 1673/1673 1674/1674 1698/1698
f 1674/1674 1699/1699 1698/1698
f 1674/1674 1675/1675 1699/1699
f 1675/1675 1700/1700 1699/1699
f 1676/1676 1677/1677 1701/1701
f 1677/1677 1702/1702 1701/1701
f 1677/1677 1678/1678 1702/1702
f 1678/1678 1703/1703 1702/1702
f 1678/1678 1679/1679 1703/1703
f 1679/1679 1704/1704 1703/1703
f 1679/1679 1680/1680 1704/1704
f 1680/1680 1705/1705 1704/1704
f 1680/1680 1681/1681 1705/1705
f 1681/1681 1706/1706 1705/1705
f 1681/1681 1682/1682 1706/1706
f 1682/1682 1707/1707 1706/1706
f 1682/1682 1683/1683 1707/1707
f 1683/1683 1708/1708 1707/1707
f 1683/1683 1684/1684 1708/1708
f 1684/1684 1709/1709 1708/1708
f 1684/1684 1685/1685 1709/1709
f 1685/1685 1710/1710 1709/1709
f 1685/1685 1686/1686 1710/1710
f 1686/1686 1711/1711 1710/1710
f 1686/1686 1687/1687 1711/1711
f 1687/1687 1712/1712 1711/1711
f 1687/1687 1688/1688 1712/1712
f 1688/1688 1713/1713 1712/1712
f 1688/1688 1689/1689 1713/1713
f 1689/1689 1714/1714 1713/1713
f 1689/1689 1690/1690 1714/1714
f 1690/1690 1715/1715 1714/1714
f 1690/1690 1691/1691 1715/1715
f 1691/1691 1716/1716 1715/1715
f 1691/1691 1692/1692 1716/1716
f 1692/1692 1717/1717 1716/1716
f 1692/1692 1693/1693 1717/1717
f 1693/1693 1718/1718 1717/1717
f 1693/1693 1694/1694 1718/1718
f 1694/1694 1719/1719 1718/1718
f 1694/1694 1695/1695 1719/1719
f 1695/1695 1720/1720 1719/1719
f 1695/1695 1696/1696 1720/1720
f 1696/1696 1721/1721 1720/1720
f 1696/1696 1697/1697 1721/1721
f 1697/1697 1722/1722 1721/1721
f 1697/1697 1698/1698 1722/1722
f 1698/1698 1723/1723 1722/1722
f 1698/1698 1699/1699 1723/1723
f 1699/1699 1724/1724 1723/1723
f 1699/1699 1700/1700 1724/1724
f 1700/1700 1725/1725 1724/1724
f 1701/1701 1702/1702 1726/1726
f 1702/1702 1727/1727 1726/1726
f 1702/1702 1703/1703 1727/1727
f 1703/1703 1728/1728 1727/1727
f 1703/1703 1704/1704 1728/1728
f 1704/1704 1729/1729 1728/1728
f 1704/1704 1705/1705 1729/1729
f 1705/1705 1730/1730 1729/1729
f 1705/1705 1706/1706 1730/1730
f 1706/1706 1731/1731 1730/1730
f 1706/1706 1707/1707 1731/1731
f 1707/1707 1732/1732 1731/1731
f 1707/1707 1708/1708 1732/1732
f 1708/1708 1733/1733 1732/1732
f 1708/1708 1709/1709 1733/1733
f 1709/1709 1734/1734 1733/1733
f 1709/1709 1710/1710 1734/1734
f 1710/1710 1735/1735 1734/1734
f 1710/1710 1711/1711 1735/1735
f 1711/1711 1736/1736 1735/1735
f 1711/1711 1712/1712 1736/1736
f 1712/1712 1737/1737 1736/1736
f 1712/1712 1713/1713 1737/1737
f 1713/1713 1738/1738 1737/1737
f 1713/1713 1714/1714 1738/1738
f 1714/1714 1739/1739 1738/1738
f 1714/1714 1715/1715 1739/1739
f 1715/1715 1740/1740 1739/1739
f 1715/1715 1716/1716 1740/1740
f 1716/1716 1741/1741 1740/1740
f 1716/1716 1717/1717 1741/1741
f 1717/1717 1742/1742 1741/1741
f 1717/1717 1718/1718 1742/1742
f 1718/1718 1743/1743 1742/1742
f 1718/1718 1719/1719 1743/1743
f 1719/1719 1744/1744 1743/1743
f 1719/1719 1720/1720 1744/1744
f 1720/1720 1745/1745 1744/1744
f 1720/1720 1721/1721 1745/1745
f 1721/1721 1746/1746 1745/1745
f 1721/1721 1722/1722 1746/1746
f 1722/1722 1747/1747 1746/1746
f 1722/1722 1723/1723 1747/1747
f 1723/1723 1748/1748 1747/1747
f 1723/1723 1724/1724 1748/1748
f 1724/1724 1749/1749 1748/1748
f 1724/1724 1725/1725 1749/1749
f 1725/1725 1750/1750 1749/1749
f 1726/1726 1727/1727 1751/1751
f 1727/1727 1752/1752 1751/1751
f 1727/1727 1728/1728 1752/1752
f 1728/1728 1753/1753 1752/1752
f 1728/1728 1729/1729 1753/1753
f 1729/1729 1754/1754 1753/1753
f 1729/1729 1730/1730 1754/1754
f 1730/1730 1755/1755 1754/1754
f 1730/1730 1731/1731 1755/1755
f 1731/1731 1756/1756 1755/1755
f 1731/1731 1732/1732 1756/1756
f 1732/1732 1757/1757 1756/1756
f 1732/1732 1733/1733 1757/1757
f 1733/1733 1758/1758 1757/1757
f 1733/1733 1734/1734 1758/1758
f 1734/1734 1759/1759 1758/1758
f 1734/1734 1735/1735 1759/1759
f 1735/1735 1760/1760 1759/1759
f 1735/1735 1736/1736 1760/1760
f 1736/1736 1761/1761 1760/1760
f 1736/1736 1737/1737 1761/1761
f 1737/1737 1762/1762 1761/1761
f 1737/1737 1738/1738 1762/1762
f 1738/1738 1763/1763 1762/1762
f 1738/1738 1739/1739 1763/1763
f 1739/1739 1764/1764 1763/1763
f 1739/1739 1740/1740 1764/1764
f 1740/1740 1765/1765 1764/1764
f 1740/1740 1741/1741 1765/1765
f 1741/1741 1766/1766 1765/1765
f 1741/1741 1742/1742 1766/1766
f 1742/1742 1767/1767 1766/1766
f 1742/1742 1743/1743 1767/1767
f 1743/1743 1768/1768 1767/1767
f 1743/1743 1744/1744 1768/1768
f 1744/1744 1769/1769 1768/1768
f 1744/1744 1745/1745 1769/1769
f 1745/1745 1770/1770 1769/1769
f 1745/1745 1746/1746 1770/1770
f 1746/1746 1771/1771 1770/1770
f 1746/1746 1747/1747 1771/1771
f 1747/1747 1772/1772 1771/1771
f 1747/1747 1748/1748 1772/1772
f 1748/1748 1773/1773 1772/1772
f 1748/1748 1749/1749 1773/1773
f 1749/1749 1774/1774 1773/1773
f 1749/1749 1750/1750 1774/1774
f 1750/1750 1775/1775 1774/1774
f 1751/1751 1752/1752 1776/1776
f 1752/1752 1777/1777 1776/1776
f 1752/1752 1753/1753 1777/1777
f 1753/1753 1778/1778 1777/1777
f 1753/1753 1754/1754 1778/1778
f 1754/1754 1779/1779 1778/1778
f 1754/1754 1755/1755 1779/1779
f 1755/1755 1780/1780 1779/1779
f 1755/1755 1756/1756 1780/1780
f 1756/1756 1781/1781 1780/1780
f 1756/1756 1757/1757 1781/1781
f 1757/1757 1782/1782 1781/1781
f 1757/1757 1758/1758 1782/1782
f 1758/1758 1783/1783 1782/1782
f 1758/1758 1759/1759 1783/1783
f 1759/1759 1784/1784 1783/1783
f 1759/1759 1760/1760 1784/1784
f 1760/1760 1785/1785 1784/1784
f 1760/1760 1761/1761 1785/1785
f 1761/1761 1786/1786 1785/1785
f 1761/1761 1762/1762 1786/1786
f 1762/1762 1787/1787 1786/1786
f 1762/1762 1763/1763 1787/1787
f 1763/1763 1788/1788 1787/1787
f 1763/1763 1764/1764 1788/1788
f 1764/1764 1789/1789 1788/1788
f 1764/1764 1765/1765 1789/1789
f 1765/1765 1790/1790 1789/1789
f 1765/1765 1766/1766 1790/1790
f 1766/1766 1791/1791 1790/1790
f 1766/1766 1767/1767 1791/1791
f 1767/1767 1792/1792 1791/1791
f 1767/1767 1768/1768 1792/1792
f 1768/1768 1793/1793 1792/1792
f 1768/1768 1769/1769 1793/1793
f 1769/1769 1794/1794 1793/1793
f 1769/1769 1770/1770 1794/1794
f 1770/1770 1795/1795 1794/1794
f 1770/1770 1771/1771 1795/1795
f 1771/1771 1796/1796 1795/1795
f 1771/1771 1772/1772 1796/1796
f 1772/1772 1797/1797 1796/1796
f 1772/1772 1773/1773 1797/1797
f 1773/1773 1798/1798 1797/1797
f 1773/1773 1774/1774 1798/1798
f 1774/1774 1799/1799 1798/1798
f 1774/1774 1775/1775 1799/1799
f 1775/1775 1800/1800 1799/1799
f 1776/1776 1777/1777 1801/1801
f 1777/1777 1802/1802 1801/1801
f 1777/1777 1778/1778 1802/1802
f 1778/1778 1803/1803 1802/1802
f 1778/1778 1779/1779 1803/1803
f 1779/1779 1804/1804 1803/1803
f 1779/1779 1780/1780 1804/1804
f 1780/1780 1805/1805 1804/1804
f 1780/1780 1781/1781 1805/1805
f 1781/1781 1806/1806 1805/1805
f 1781/1781 1782/1782 1806/1806
f 1782/1782 1807/1807 1806/1806
f 1782/1782 1783/1783 1807/1807
f 1783/1783 1808/1808 1807/1807
f 1783/1783 1784/1784 1808/1808
f 1784/1784 1809/1809 1808/1808
f 1784/1784 1785/1785 1809/1809
f 1785/1785 1810/1810 1809/1809
f 1785/1785 1786/1786 1810/1810
f 1786/1786 1811/1811 1810/1810
f 1786/1786 1787/1787 1811/1811
f 1787/1787 1812/1812 1811/1811
f 1787/1787 1788/1788 1812/1812
f 1788/1788 1813/1813 1812/1812
f 1788/1788 1789/1789 1813/1813
f 1789/1789 1814/1814 1813/1813
f 1789/1789 1790/1790 1814/1814
f 1790/1790 1815/1815 1814/1814
f 1790/1790 1791/1791 1815/1815
f 1791/1791 1816/1816 1815/1815
f 1791/1791 1792/1792 1816/1816
f 1792/1792 1817/1817 1816/1816
f 1792/1792 1793/1793 1817/1817
f 1793/1793 1818/1818 1817/1817
f 1793/1793 1794/1794 1818/1818
f 1794/1794 1819/1819 1818/1818
f 1794/1794 1795/1795 1819/1819
f 1795/1795 1820/1820 1819/1819
f 1795/1795 1796/1796 1820/1820
f 1796/1796 1821/1821 1820/1820
f 1796/1796 1797/1797 1821/1821
f 1797/1797 1822/1822 1821/1821
f 1797/1797 1798/1798 1822/1822
f 1798/1798 1823/1823 1822/1822
f 1798/1798 1799/1799 1823/1823
f 1799/1799 1824/1824 1823/1823
f 1799/1799 1800/1800 1824/1824
f 1800/1800 1825/1825 1824/1824
f 1801/1801 1802/1802 1826/1826
f 1802/1802 1827/1827 1826/1826
f 1802/1802 1803/1803 1827/1827
f 1803/1803 1828/1828 1827/1827
f 1803/1803 1804/1804 1828/1828
f 1804/1804 1829/1829 1828/1828
f 1804/1804 1805/1805 1829/1829
f 1805/1805 1830/1830 1829/1829
f 1805/1805 1806/1806 1830/1830
f 1806/1806 1831/1831 1830/1830
f 1806/1806 1807/1807 1831/1831
f 1807/1807 1832/1832 1831/1831
f 1807/1807 1808/1808 1832/1832
f 1808/1808 1833/1833 1832/1832
f 1808/1808 1809/1809 1833/1833
f 1809/1809 1834/1834 1833/1833
f 1809/1809 1810/1810 1834/1834
f 1810/1810 1835/1835 1834/1834
f 1810/1810 1811/1811 1835/1835
f 1811/1811 1836/1836 1835/1835
f 1811/1811 1812/1812 1836/1836
f 1812/1812 1837/1837 1836/1836
f 1812/1812 1813/1813 1837/1837
f 1813/1813 1838/1838 1837/1837
f 1813/1813 1814/1814 1838/1838
f 1814/1814 1839/1839 1838/1838
f 1814/1814 1815/1815 1839/1839
f 1815/1815 1840/1840 1839/1839
f 1815/1815 1816/1816 1840/1840
f 1816/1816 1841/1841 1840/1840
f 1816/1816 1817/1817 1841/1841
f 1817/1817 1842/1842 1841/1841
f 1817/1817 1818/1818 1842/1842
f 1818/1818 1843/1843 1842/1842
f 1818/1818 1819/1819 1843/1843
f 1819/1819 1844/1844 1843/1843
f 1819/1819 1820/1820 1844/1844
f 1820/1820 1845/1845 1844/1844
f 1820/1820 1821/1821 1845/1845
f 1821/1821 1846/1846 1845/1845
f 1821/1821 1822/1822 1846/1846
f 1822/1822 1847/1847 1846/1846
f 1822/1822 1823/1823 1847/1847
f 1823/1823 1848/1848 1847/1847
f 1823/1823 1824/1824 1848/1848
f 1824/1824 1849/1849 1848/1848
f 1824/1824 1825/1825 1849/1849
f 1825/1825 1850/1850 1849/1849
f 1/1 926/926 26/26
f 926/926 951/951 26/26
f 26/26 951/951 51/51
f 951/951 976/976 51/51
f 51/51 976/976 76/76
f 976/976 1001/1001 76/76
f 76/76 1001/1001 101/101
f 1001/1001 1026/1026 101/101
f 101/101 1026/1026 126/126
f 1026/1026 1051/1051 126/126
f 126/126 1051/1051 151/151
f 1051/1051 1076/1076 151/151
f 151/151 1076/1076 176/176
f 1076/1076 1101/1101 176/176
f 176/176 1101/1101 201/201
f 1101/1101 1126/1126 201/201
f 201/201 1126/1126 226/226
f 1126/1126 1151/1151 226/226
f 226/226 1151/1151 251/251
f 1151/1151 1176/1176 251/251
f 251/251 1176/1176 276/276
f 1176/1176 1201/1201 276/276
f 276/276 1201/1201 301/301
f 1201/1201 1226/1226 301/301
f 301/301 1226/1226 326/326
f 1226/1226 1251/1251 326/326
f 326/326 1251/1251 351/351
f 1251/1251 1276/1276 351/351
f 351/351 1276/1276 376/376
f 1276/1276 1301/1301 376/376
f 376/376 1301/1301 401/401
f 1301/1301 1326/1326 401/401
f 401/401 1326/1326 426/426
f 1326/1326 1351/1351 426/426
f 426/426 1351/1351 451/451
f 1351/1351 1376/1376 451/451
f 451/451 1376/1376 476/476
f 1376/1376 1401/1401 476/476
f 476/476 1401/1401 501/501
f 1401/1401 1426/1426 501/501
f 501/501 1426/1426 526/526
f 1426/1426 1451/1451 526/526
f 526/526 1451/1451 551/551
f 1451/1451 1476/1476 551/551
f 551/551 1476/1476 576/576
f 1476/1476 1501/1501 576/576
f 576/576 1501/1501 601/601
f 1501/1501 1526/1526 601/601
f 601/601 1526/1526 626/626
f 1526/1526 1551/1551 626/626
f 626/626 1551/1551 651/651
f 1551/1551 1576/1576 651/651
f 651/651 1576/1576 676/676
f 1576/1576 1601/1601 676/676
f 676/676 1601/1601 701/701
f 1601/1601 1626/1626 701/701
f 701/701 1626/1626 726/726
f 1626/1626 1651/1651 726/726
f 726/726 1651/1651 751/751
f 1651/1651 1676/1676 751/751
f 751/751 1676/1676 776/776
f 1676/1676 1701/1701 776/776
f 776/776 1701/1701 801/801
f 1701/1701 1726/1726 801/801
f 801/801 1726/1726 826/826
f 1726/1726 1751/1751 826/826
f 826/826 1751/1751 851/851
f 1751/1751 1776/1776 851/851
f 851/851 1776/1776 876/876
f 1776/1776 1801/1801 876/876
f 876/876 1801/1801 901/901
f 1801/1801 1826/1826 901/901
f 25/25 50/50 950/950
f 950/950 50/50 975/975
f 50/50 75/75 975/975
f 975/975 75/75 1000/1000
f 75/75 100/100 1000/1000
f 1000/1000 100/100 1025/1025
f 100/100 125/125 1025/1025
f 1025/1025 125/125 1050/1050
f 125/125 150/150 1050/1050
f 1050/1050 150/150 1075/1075
f 150/150 175/175 1075/1075
f 1075/1075 175/175 1100/1100
f 175/175 200/200 1100/1100
f 1100/1100 200/200 1125/1125
f 200/200 225/225 1125/1125
f 1125/1125 225/225 1150/1150
f 225/225 250/250 1150/1150
f 1150/1150 250/250 1175/1175
f 250/250 275/275 1175/1175
f 1175/1175 275/275 1200/1200
f 275/275 300/300 1200/1200
f 1200/1200 300/300 1225/1225
f 300/300 325/325 1225/1225
f 1225/1225 325/325 1250/1250
f 325/325 350/350 1250/1250
f 1250/1250 350/350 1275/1275
f 350/350 375/375 1275/1275
f 1275/1275 375/375 1300/1300
f 375/375 400/400 1300/1300
f 1300/1300 400/400 1325/1325
f 400/400 425/425 1325/1325
f 1325/1325 425/425 1350/1350
f 425/425 450/450 1350/1350
f 1350/1350 450/450 1375/1375
f 450/450 475/475 1375/1375
f 1375/1375 475/475 1400/1400
f 475/475 500/500 1400/1400
f 1400/1400 500/500 1425/1425
f 500/500 525/525 1425/1425
f 1425/1425 525/525 1450/1450
f 525/525 550/550 1450/1450
f 1450/1450 550/550 1475/1475
f 550/550 575/575 1475/1475
f 1475/1475 575/575 1500/1500
f 575/575 600/600 1500/1500
f 1500/1500 600/600 1525/1525
f 600/600 625/625 1525/1525
f 1525/1525 625/625 1550/1550
f 625/625 650/650 1550/1550
f 1550/1550 650/650 1575/1575
f 650/650 675/675 1575/1575
f 1575/1575 675/675 1600/1600
f 675/675 700/700 1600/1600
f 1600/1600 700/700 1625/1625
f 700/700 725/725 1625/1625
f 1625/1625 725/725 1650/1650
f 725/725 750/750 1650/1650
f 1650/1650 750/750 1675/1675
f 750/750 775/775 1675/1675
f 1675/1675 775/775 1700/1700
f 775/775 800/800 1700/1700
f 1700/1700 800/800 1725/1725
f 800/800 825/825 1725/1725
f 1725/1725 825/825 1750/1750
f 825/825 850/850 1750/1750
f 1750/1750 850/850 1775/1775
f 850/850 875/875 1775/1775
f 1775/1775 875/875 1800/1800
f 875/875 900/900 1800/1800
f 1800/1800 900/900 1825/1825
f 900/900 925/925 1825/1825
f 1825/1825 925/925 1850/1850
